Store,Dept,Error_Mean,Error_SD,Error_MAE,N,Shrunk_Error_SD,Safety_Stock_95
1.0,1.0,483.2239252096806,663.0476612658923,483.2239252096806,4,1988.6723924291853,3271.074997505407
1.0,2.0,251.99423555371868,2354.42555191365,1745.7209109471896,4,2550.8158741090824,4195.718742213714
1.0,3.0,5833.138338900011,15470.3432878949,9469.540369612287,4,11108.589582233755,18272.00386465253
1.0,4.0,-682.9625127433301,2054.500827276658,1832.4398299880868,4,2417.744529203855,3976.8358579030405
1.0,5.0,438.1155879566545,4184.758106409931,2845.340428427647,4,3534.275313050294,5813.3655673158255
1.0,6.0,-513.5989095106634,1294.2387946569954,742.8873651713757,4,2138.3472151763685,3517.2681725644297
1.0,7.0,604.2128266781701,594.6104311834462,647.6406438001122,4,1977.822683227952,3253.2288139743896
1.0,8.0,-237.38564700664574,1918.6639282431645,1205.3609965718897,4,2361.2787676650296,3883.9579452373264
1.0,9.0,3994.5621891353985,1878.752925655032,3994.5621891353985,4,2345.1776183657403,3857.4739114143035
1.0,10.0,-2198.8561567089982,1449.6844243779153,2198.8561567089982,4,2187.6458234816937,3598.357167239104
1.0,11.0,-26.692975205097355,1420.188082689993,1051.424607519154,4,2177.950614445211,3582.409967491393
1.0,12.0,700.5306019933746,600.3667151880281,768.2598885899702,4,1978.691961930347,3254.6586502008554
1.0,13.0,84.6695178673126,2962.601526820649,2395.1080838600083,4,2850.1764308924726,4688.123039805086
1.0,14.0,-910.8344460677577,1330.0618874832119,1020.266331106061,4,2149.310144237596,3535.300586192802
1.0,16.0,343.110865857524,1521.6012971999476,1255.1942000412846,4,2211.9306132144416,3638.3020917107683
1.0,17.0,87.51751479885161,507.17750427658603,426.1453310842794,4,1965.6083776472483,3233.1380691392756
1.0,18.0,-464.3188143945036,631.6707285926078,466.8038143945036,4,1983.558856836694,3262.663979939552
1.0,19.0,157.73190166291397,206.0696300629523,204.4488883628219,4,1938.100650139738,3187.8918837793544
1.0,20.0,-338.190275026045,669.9471877065026,601.1815729541617,4,1989.8282340475673,3272.976187783584
1.0,21.0,-212.7267469830458,566.1590511899946,425.08644825936153,4,1973.6437924501756,3246.35515032193
1.0,22.0,-885.509518148212,1019.8517425624021,1195.695318581862,4,2062.7773928028973,3392.966876145347
1.0,23.0,-190.07433056854734,2286.8276360755317,1737.8948119746483,4,2519.8793825130474,4144.832741806822
1.0,24.0,1438.6808835612617,3471.055187553372,3092.301897962291,4,3123.9580409114847,5138.453714037471
1.0,25.0,-154.06505169787602,1793.5147245191424,1267.641914159861,4,2311.568583751826,3802.1919689312685
1.0,26.0,-257.3447334591349,849.7402906644609,617.3837496359154,4,2023.8653771049585,3328.9623059926
1.0,27.0,165.49638556404835,283.42832906596095,200.31265569126987,4,1942.979051022809,3195.916139165597
1.0,28.0,6.249855253759456,66.22457050666776,48.82222238687081,4,1933.182513557458,3179.802268984148
1.0,29.0,-83.0724009108535,412.89122739085724,251.82242964736838,4,1954.5437745630304,3214.9384166254213
1.0,30.0,6.026963449073833,341.99683523702396,215.17793355027663,4,1947.6864998020098,3203.659203363754
1.0,31.0,67.56956031588135,2230.7069504726983,1579.7545641653026,4,2494.5998743883833,4103.25165118042
1.0,32.0,222.6597357551143,734.6507906187937,613.1253124061438,4,2001.2140505036796,3291.704189277224
1.0,33.0,806.5129004273474,2803.0139491397094,2222.2363961251685,4,2768.2928644547037,4553.4365585622
1.0,34.0,-450.8651681217384,422.59372090501006,450.8651681217384,4,1955.580351284269,3216.643433604964
1.0,35.0,-414.0851017854959,191.60436009320074,414.0851017854959,4,1937.3584849630429,3186.6711306966704
1.0,36.0,-235.4854841276764,223.10784152447496,250.40275142486473,4,1939.043665916214,3189.4430066995633
1.0,37.0,-208.69658693569272,231.80398538379762,208.69658693569272,4,1939.5536413502052,3190.28184164182
1.0,38.0,466.8421829522558,9860.708200708494,6836.645808959525,4,7235.453330207776,11901.261652830368
1.0,40.0,-367.7142297754508,2094.86497784119,1752.017387689466,4,2435.0013185926036,4005.220750518661
1.0,41.0,414.50102779376255,319.348973300568,414.50102779376255,4,1945.7630038699465,3200.495334103473
1.0,42.0,-426.6044517941252,539.4965595997346,507.2660524955129,4,1969.906102524917,3240.2071974919486
1.0,44.0,156.71922247588964,619.0695965286695,474.03792039610835,4,1981.571438663774,3259.3949679495554
1.0,45.0,-3.1943836781792534,2733.130726421601,3.1943836781792534,1,2733.130726421601,4495.599988287083
1.0,46.0,454.0618770719666,738.4185672870201,587.5797535193124,4,2001.9072840948559,3292.844457063995
1.0,48.0,461.07349725886314,612.0569741183963,537.228719617694,3,2104.5479830100053,3461.6733829474124
1.0,49.0,269.77945804082174,1037.3003986392916,884.557774425155,4,2067.123083506048,3400.1149012600335
1.0,52.0,-63.71222459716239,312.355984073127,231.63080034307677,4,1945.1953408971758,3199.561611603825
1.0,54.0,9.936614571564196,13.334824045768231,10.963385428435803,4,1932.63827257485,3178.90707222997
1.0,55.0,-568.6248569662114,1349.0711172933472,978.0057045357323,4,2155.2257941135763,3545.0309643470828
1.0,56.0,-111.21665033505184,341.94709388679854,238.535018797267,4,1947.6821330401292,3203.6520206796363
1.0,58.0,-147.53501521948033,2076.066810674999,1429.8367445286838,4,2426.938088425015,3991.9579171325586
1.0,59.0,27.773715747261882,96.29760679530969,75.57052157721671,4,1933.8144684514557,3180.84174228361
1.0,60.0,-50.37572095091613,151.146131686251,129.78070901516256,4,1935.5682267532688,3183.726417987144
1.0,67.0,-315.9901078675375,478.84198139091984,421.0620740303634,4,1962.0516316922258,3227.2877426550117
1.0,71.0,-567.2794629740134,757.2180705229312,798.9739484035055,4,2005.4155148043933,3298.61498307076
1.0,72.0,-3095.0283077249096,2450.5237104313555,3095.0283077249096,4,2595.6762146978313,4269.507436137396
1.0,74.0,-1174.3054445888542,562.2164121714031,1174.3054445888542,4,1973.0801886675506,3245.4281045959156
1.0,79.0,-63.540027320897025,7567.9376337694,5167.912404928163,4,5689.62580475786,9358.601640952655
1.0,80.0,-362.1300308714299,1022.0937296405996,905.0952777022094,4,2063.3321545355343,3393.879377993369
1.0,81.0,66.75504703002571,575.8501902000951,449.4304460054509,4,1975.0451905289856,3248.660245034663
1.0,82.0,523.1019458110877,643.8637670720337,636.0115066422186,4,1985.5180833044633,3265.886620701082
1.0,83.0,68.62703225126643,527.1214624415722,429.1391703750246,4,1968.2302461699458,3237.4506590882243
1.0,85.0,84.25929422780257,461.76759460468423,385.9206511803126,4,1960.0041937629705,3223.920006951118
1.0,87.0,-610.8653154519379,1641.7192331002063,1476.4800310889295,4,2254.4672993903678,3708.268714245737
1.0,90.0,-923.241180991794,2623.595819200587,2291.9811482888726,4,2678.9231596143877,4406.436475416023
1.0,91.0,-117.95032054019612,2103.687717397582,1567.5873378426513,4,2438.8015068921986,4011.4715040263486
1.0,92.0,1361.6976019545982,5419.964078559102,4528.469952039537,4,4292.203057905164,7060.04576740751
1.0,93.0,1308.9831571507584,3485.478428408105,3014.6042682738353,4,3131.977286205002,5151.644198743927
1.0,94.0,1015.8866128193167,4237.822092217328,3520.3942986144702,4,3565.749546238148,5865.136073930384
1.0,95.0,-2132.5032192450926,5701.710142565972,4500.666848084995,4,4470.989941699128,7354.124021667362
1.0,96.0,2615.47413304815,2530.1825883497595,2878.9580568456568,4,2633.612300443837,4331.906744369056
1.0,97.0,723.3898218067588,2123.154355307266,1642.7385713628246,4,2447.221688381549,4025.3214700886965
1.0,98.0,-304.83192438135393,572.5778366656568,560.7640475001945,4,1974.5694399983242,3247.877705048781
1.0,99.0,-10.812467368400583,36.329011989761895,20.90746736840058,4,1932.7859898113425,3179.150045462178
2.0,1.0,446.91763010487557,894.3368592812634,821.59792072454,4,2033.4505139760524,3344.728453139845
2.0,2.0,1239.2326806471465,1805.7166704313465,1590.7257037881864,4,2316.3134785239604,3809.996626306717
2.0,3.0,7593.8207977409975,14192.157825017532,11329.327997361368,4,10219.76876690261,16810.023722845133
2.0,4.0,264.741360041171,1323.0728377857506,1015.0594736301973,4,2147.1522188466643,3531.7511147868368
2.0,5.0,2130.948199829737,4939.503466054331,3767.278166237281,4,3991.7851932983954,6565.902353208049
2.0,6.0,158.03444727884664,1034.5935253056118,869.54704975487,4,2066.4446920150276,3398.999046555536
2.0,7.0,-1150.4040590735522,2695.00914844071,1649.5872408225796,4,2714.136868130363,4464.357871586937
2.0,8.0,735.7531950517769,2129.039384905979,1772.8027895953492,4,2449.7767520930042,4029.5241759015757
2.0,9.0,4582.941517382253,6883.550510000137,6878.597132489536,4,5237.0445478071415,8614.171718967009
2.0,10.0,-1467.3802011329808,1606.0428206424785,1767.1700092353585,4,2241.581708241651,3687.0738029093563
2.0,11.0,243.775863498523,2541.209845504395,1758.922831880186,4,2638.9155960922985,4340.629889451224
2.0,12.0,281.5155943259483,1381.9003143916098,861.1382355423552,4,2165.6006149132736,3562.0960259684366
2.0,13.0,-1168.4428874649038,948.6741760732014,1168.4428874649038,4,2045.7255754448147,3364.919132517791
2.0,14.0,328.81303318280607,536.8569433406514,516.2546445644521,4,1969.5454990076944,3239.614057488753
2.0,16.0,-306.5152597525894,2097.891938091553,1486.290577923609,4,2436.3039785317637,4007.3634354442734
2.0,17.0,310.79318913303086,375.8317988495187,377.7094911320555,4,1950.8015158821686,3208.782948861215
2.0,18.0,-287.868772127111,795.9572805515567,481.1792597224941,4,2012.9023275078325,3310.9296941003186
2.0,19.0,16.210855343546314,383.6258179433502,264.2505358212351,4,1951.5599319393925,3210.030432263678
2.0,20.0,-313.45203733509516,1058.4680869339786,848.5748939609366,4,2072.481394218962,3408.9285380705037
2.0,21.0,191.956317410235,562.3798698641634,484.88425441483014,4,1973.1034800205364,3245.466415462351
2.0,22.0,437.7123606286423,1376.4928091328743,1025.0122488206298,4,2163.878002719236,3559.262581053243
2.0,23.0,-250.3627493180611,2703.3406613860575,1967.4277121944433,4,2718.276503523241,4471.166965877169
2.0,24.0,963.0603892637173,5162.55009247374,4305.11304690778,4,4130.4919213702915,6794.0546179596795
2.0,25.0,-89.14258900605819,1702.8401943360059,1232.3595199835363,4,2277.023088942683,3745.369686499617
2.0,26.0,-554.7206780298625,776.9338863828781,772.4499037885889,4,2009.1826486807854,3304.8113668905553
2.0,27.0,157.18334820237203,438.59885188657097,269.95499005627687,4,1957.3416309609938,3219.5404808693006
2.0,28.0,15.774980572604505,69.90815358983316,56.32904944865922,4,1933.2473610027519,3179.9089335397384
2.0,29.0,209.55151022536825,179.21080736708,216.3418420559458,4,1936.7653550684747,3185.6955188383363
2.0,30.0,187.24970887504128,202.85061795385164,244.72556666598325,4,1937.9308476973745,3187.6125836161673
2.0,31.0,803.5068529756496,3009.8650740959993,2316.8205004340957,4,2874.829675995848,4728.674019429496
2.0,32.0,285.4122161560326,1065.7858434250068,835.0048190609423,4,2074.355686924861,3412.01147522577
2.0,33.0,-528.331450654252,3554.3511540203126,2990.9439650407658,4,3170.442847126833,5214.914416138923
2.0,34.0,-100.23219935087718,605.3719822592942,459.41752919860255,4,1979.4543193282354,3255.9126165318057
2.0,35.0,-797.486131618317,391.5861609873767,797.486131618317,4,1952.350287369905,3211.330451260137
2.0,36.0,-93.34085299100161,187.7158776427275,143.478085274855,4,1937.1681416992496,3186.3580438888544
2.0,37.0,-115.7603223059308,254.39583074969437,231.48099203078016,4,1940.968934116759,3192.6097910820845
2.0,38.0,1204.0671810566473,3640.3730778621507,3057.676309497054,4,3218.875557841078,5294.57913602034
2.0,40.0,-595.9543951571977,3051.7021949032655,2407.091662853236,4,2896.799082960991,4764.810478158085
2.0,41.0,532.0893548106069,275.9247490656659,532.0893548106069,4,1942.4389353151903,3195.0277278849467
2.0,42.0,-184.23888962029469,886.6181733426682,680.5805479654991,4,2031.7597487167816,3341.94739177081
2.0,44.0,273.55364687034194,269.7399845609256,280.1925058013919,4,1942.0045348789479,3194.313202751844
2.0,45.0,5.97,0.0,5.97,2,2231.591893351749,3670.6420196551276
2.0,46.0,-331.505579793321,395.0295055366496,401.1544782051815,4,1952.6970935035467,3211.900896586907
2.0,48.0,783.3266054316707,518.6363131451261,783.3266054316707,4,1967.1028433997342,3235.5962465526068
2.0,49.0,724.0787408245651,5122.320431507663,4035.679655872518,4,4105.372709678789,6752.737191502749
2.0,52.0,127.0919662758605,306.98064735024013,257.94172573023377,4,1944.7674263980052,3198.8577548878393
2.0,54.0,11.440000000000001,4.864894654563448,11.440000000000001,2,2231.5936609382793,3670.6449270762428
2.0,55.0,-324.71029867924835,2296.241256195573,1865.4977523854677,4,2524.1560445388964,4151.867224851286
2.0,56.0,183.75279476363522,383.41637448833256,374.5942323716884,4,1951.5393518880994,3209.9965810916656
2.0,58.0,2351.564382296943,7993.7613964761285,4765.661675840223,4,5973.701734749646,9825.864964729257
2.0,59.0,148.08436781265766,72.99459622757244,148.08436781265766,4,1933.3043964658405,3180.002748528065
2.0,60.0,127.3823725714658,155.66419608550024,127.3823725714658,4,1935.7472600591243,3184.0209015696255
2.0,67.0,-227.3343156045653,640.7227564200712,590.8522545339788,4,1985.0099770913498,3265.0508603535654
2.0,71.0,522.8932572094184,1157.0423606994182,958.8017940332554,4,2098.66035748555,3451.9891007493798
2.0,72.0,5119.494181552647,5076.089741440036,5622.164537826167,4,4076.5604761160257,6705.345284626465
2.0,74.0,-203.9865017393272,1673.1935098107099,1368.2943603344952,4,2266.007512011219,3727.2506748309356
2.0,79.0,132.7867246646465,5708.528732841234,3975.7088985936416,4,4475.3381917674005,7361.276256563052
2.0,80.0,-111.13229693247195,904.6718198408328,618.7187590930425,4,2035.735084597698,3348.4862374128857
2.0,81.0,107.1826082317275,1634.5246667894507,1121.2564931603265,4,2251.851954953193,3703.9668554625227
2.0,82.0,1326.7728486863152,517.9406876407662,1326.7728486863152,4,1967.0112002253138,3235.445506944776
2.0,83.0,-69.99138089289977,710.8441904420653,489.32993833686373,4,1996.9104925853717,3284.6254664264993
2.0,85.0,222.77739899907965,499.3676748960953,434.1314044050307,4,1964.6083124176432,3231.4931082191715
2.0,87.0,1459.4050886176983,2540.3248360770826,2454.977763264892,4,2638.4895149024114,4339.929048260662
2.0,90.0,-34.558886323455226,2056.3018278745385,1386.25379130086,4,2418.5099519156456,3978.09486622668
2.0,91.0,-482.62000561122113,2097.835852781886,1705.6445231718317,4,2436.279831313202,4007.3237168042415
2.0,92.0,-125.39233882757253,3104.455548195921,2228.047833328441,4,2924.6921050286905,4810.690416672777
2.0,93.0,3065.850911895137,4385.195075712849,3867.6677858372095,4,3653.7610362314394,6009.902092459252
2.0,94.0,-639.0608799231268,4009.9364496865865,2954.781199208708,4,3431.4424006702293,5644.220478417494
2.0,95.0,-3811.966547409953,8788.296424098378,6345.132214203339,4,6507.847478449776,10704.456528575107
2.0,96.0,-563.7394371059581,1941.2120656817663,1580.9855249735574,4,2370.4754640850365,3899.0851646997467
2.0,97.0,551.1856556890125,2483.110901817229,1974.645422957503,4,2611.1150222111473,4294.902014671479
2.0,98.0,-191.10466003620513,177.860796677939,218.66859516786462,4,1936.7031304132263,3185.5931683884655
2.0,99.0,14.722042104135472,34.66532141780705,25.41295789586453,4,1932.7707122443246,3179.1249161006576
3.0,1.0,696.6834040021934,671.67591675831,696.6834040021934,4,1990.1196075692267,3273.455454577483
3.0,2.0,-139.76576448281867,622.104458619382,413.213374268792,4,1982.04660958616,3260.176554564664
3.0,3.0,634.1184736650137,5343.500520723014,3580.165405209904,4,4243.995840165079,6980.751950462491
3.0,4.0,209.28154505233397,548.3444399731969,361.4176495614811,4,1971.1272400024545,3242.2157899008826
3.0,5.0,681.788687801688,2619.635640296357,2223.517739538366,4,2676.98472685415,4403.248037259745
3.0,6.0,136.9191077198136,972.4919471142028,661.9815772266558,4,2051.3098443326207,3374.104437451771
3.0,7.0,-235.15940987024533,886.5063084736828,710.4029057963166,4,2031.7353423457378,3341.907246862878
3.0,8.0,-187.44358326502766,380.06135315948524,339.0514797032017,4,1951.2111879388258,3209.4567994294684
3.0,9.0,828.8172677885213,292.9617880034007,828.8172677885213,4,1943.6859541783,3197.07889138481
3.0,10.0,756.4623612331552,1169.5297220677126,1133.9877865938452,4,2102.1183766036643,3457.6770360378778
3.0,11.0,41.51611082931436,532.4198672279354,378.9480986070896,4,1968.9431788054324,3238.6233289194765
3.0,12.0,49.897764327589925,109.59114901736326,87.13083083406025,4,1934.1682692636666,3181.4236928327937
3.0,13.0,51.23100690559431,792.0920078181657,556.6868203418148,4,2012.1398207579018,3309.67548210712
3.0,14.0,-262.662998587894,268.49594385079155,318.40369359165925,4,1941.9183349943164,3194.171416558965
3.0,16.0,-904.5492646993173,848.3794094309746,904.5492646993173,4,2023.5798958845583,3328.492731171798
3.0,17.0,-189.30558244612064,461.8855287385266,375.2201406972205,4,1960.018087846122,3223.942860684183
3.0,18.0,-511.82598245659034,620.4862694232143,539.3054528165906,4,1981.7929733265034,3259.7593600430414
3.0,19.0,-222.87180937359972,146.43343983827953,222.87180937359972,4,1935.3870827321261,3183.428462586967
3.0,20.0,-40.20902397140077,166.91981594640492,130.60112041734118,4,1936.216128517869,3184.792121554555
3.0,21.0,-126.3394358877677,111.4833064363205,141.3310152092775,4,1934.2223366670962,3181.512625797425
3.0,22.0,51.19576121468003,186.61320077044,137.57480613094572,4,1937.1148719696075,3186.2704229808455
3.0,23.0,219.59614918454417,674.8587510769843,529.2533533906858,4,1990.6579190829168,3274.340898223206
3.0,24.0,459.9065815465792,1879.5938477403542,1553.7482881942678,4,2345.5145064754192,3858.0280430433854
3.0,25.0,-3.0082061945020087,556.3865844108974,466.8463862700826,4,1972.2537360875112,3244.0687110721346
3.0,26.0,-333.28856861826296,457.07782933009514,466.0584349167365,4,1959.454478901587,3223.0158064675825
3.0,27.0,14.381990584888726,136.56810483294794,107.9627607476235,4,1935.0264100222937,3182.8352087720564
3.0,28.0,-51.41509918324479,62.88675558920537,51.41509918324479,4,1933.1267821509284,3179.710598977983
3.0,29.0,79.69808663725303,120.79381667064375,92.30126505483383,4,1934.5018368892454,3181.9723627515605
3.0,30.0,410.80692251130716,360.83167741322524,442.449855398548,4,1949.3849115983626,3206.4528421670416
3.0,31.0,263.513748342257,485.75636402469144,398.49923820815474,4,1962.9012727211164,3228.685277782989
3.0,32.0,-301.95651353581536,2008.9865889303155,1419.8530894754958,4,2398.5444213326273,3945.254490833192
3.0,33.0,536.1854604225018,1178.709687556844,864.8573650668341,4,2104.68050963207,3461.891369842383
3.0,34.0,176.48110582248216,303.41771804014854,307.40410337218657,4,1944.4878347948797,3198.3978676253732
3.0,35.0,-445.27084107744645,302.7534718442091,445.27084107744645,4,1944.4360663729203,3198.3127161487514
3.0,36.0,-139.52711289608567,138.4037961730281,139.52711289608567,4,1935.0916229606512,3182.942474510238
3.0,38.0,581.1592274484683,6067.977183549552,4481.037421417004,4,4705.866055668596,7740.460849614309
3.0,40.0,-112.4859844474604,614.3941262230547,490.1634106854408,4,1980.843723018964,3258.1979822318003
3.0,41.0,-27.937780125867306,239.6884494499872,175.0823304893198,4,1940.032747211965,3191.069900656229
3.0,42.0,801.3577246543857,886.9267574640086,995.8670428697726,4,2031.8270892001967,3342.058157009196
3.0,44.0,-107.11956388909823,303.34915594592985,256.9866071077071,4,1944.4824861801887,3198.3890699370995
3.0,46.0,-224.73288206182133,421.6220697663935,384.88972465019424,4,1955.4754840478015,3216.470942350712
3.0,49.0,-25.896057198922442,13.311789641796254,25.896057198922442,4,1932.638193177054,3178.9069416322172
3.0,52.0,-72.89910478125066,159.17075960436617,107.95696236990236,4,1935.8898339552925,3184.255414759846
3.0,54.0,-36.55767722684411,59.90533644046995,51.76270291618423,3,2066.424801398424,3398.966329402673
3.0,55.0,365.7959046313838,948.7424444066457,809.4209542497449,4,2045.7414051546893,3364.945170073492
3.0,56.0,-35.5570373321239,374.5474860454326,270.26302623875364,4,1950.6780086693989,3208.579797574336
3.0,59.0,-18.416732034366245,11.176370466656843,18.416732034366245,3,2066.065584791189,3398.3754706634018
3.0,60.0,-19.594251975278375,34.82917517470139,28.40214569451559,4,1932.7721851207941,3179.1273387668602
3.0,67.0,-117.55287774835074,177.41439106881703,140.03229160935564,4,1936.6826577769766,3185.559493898477
3.0,71.0,217.09089260659488,158.47307702577396,217.09089260659488,4,1935.8612145311301,3184.2083399962116
3.0,72.0,1474.7222106062372,2629.602975711152,2535.774048846447,4,2681.8664561811065,4411.277767448984
3.0,74.0,-91.78453461122604,457.46745856320547,324.40691520543555,4,1959.4999417394922,3223.090586181402
3.0,79.0,-319.223636517607,752.4904337092225,527.3840572521724,4,2004.5255573992767,3297.151133405122
3.0,81.0,120.58541557431784,121.02696203238277,133.04391205455784,4,1934.5091229105974,3181.9843471902072
3.0,82.0,747.598854438148,253.07388122340114,747.598854438148,4,1940.882525691257,3192.4676618699978
3.0,85.0,-195.25079084349954,365.33702773212997,355.42032644433107,4,1949.8044403916533,3207.1429056242964
3.0,87.0,409.78751564560025,351.9135747972989,409.78751564560025,4,1948.5695691758715,3205.1117232262
3.0,90.0,-81.20174249068344,44.50058840381695,81.20174249068344,4,1932.871422272852,3179.290569356351
3.0,91.0,-39.31761985119756,37.40522162151256,39.31761985119756,4,1932.79625391742,3179.1669284142868
3.0,92.0,-111.10403807216562,318.0093119893179,275.11677411656046,4,1945.653295196987,3200.3148793948476
3.0,94.0,-554.9961365747157,2733.130726421601,554.9961365747157,1,2733.130726421601,4495.599988287083
3.0,95.0,310.71540710397767,700.6526224978924,523.2488259296688,4,1995.1087270024964,3281.661825772591
3.0,96.0,366.2722013613711,148.2284346063869,366.2722013613711,4,1935.4554033270476,3183.540839965319
3.0,97.0,48.05948726650303,29.999499582597256,48.05948726650303,4,1932.7316856828672,3179.0607231194967
4.0,1.0,-815.6965003196101,2182.3530668702006,2004.1596477763478,4,2473.1223661787985,4067.9242939040037
4.0,2.0,847.4576724432336,3973.251098464267,2531.177370596488,4,3410.038699132121,5609.014522312349
4.0,3.0,3903.512714908574,10164.0156762887,6648.553320343105,4,7442.352391399922,12241.580324045124
4.0,4.0,-179.22710115735754,1480.3802833691095,1264.3691988272585,4,2197.900060409694,3615.223886041745
4.0,5.0,2941.375423998893,5229.835528012821,4036.500564045843,4,4172.600101721648,6863.316411134934
4.0,6.0,15.906090803573989,1712.463108653792,1215.7202551607397,4,2280.628582892234,3751.3001962994877
4.0,7.0,814.0931808094847,2909.924589823057,2576.0813690353516,4,2822.912032473449,4643.277095178904
4.0,8.0,-2476.232784740385,2373.130898807723,2762.8810603653055,4,2559.4680922591924,4209.950374619098
4.0,9.0,3650.34378054462,2330.6150167596174,3650.34378054462,4,2539.8592405933937,4177.696683836255
4.0,10.0,-451.1214474180615,2614.9650603027794,2182.1339629990634,4,2674.700528499797,4399.490865311911
4.0,11.0,-280.72231660224134,2048.792360673397,1723.7864103056381,4,2415.3212731294716,3972.849956360059
4.0,12.0,-336.3136189440129,679.1574602778381,562.0620231960893,4,1991.388764601341,3275.5430321249273
4.0,13.0,1576.0040899243395,3308.621215805361,3086.947988609274,4,3034.5492183673027,4991.389287994213
4.0,14.0,229.65623633949963,2569.6079695046596,1781.0699994359684,4,2652.629703205079,4363.187588276081
4.0,16.0,-1706.7202063869,1360.845670135108,1706.7202063869,4,2158.9238645254886,3551.1137488768386
4.0,17.0,-819.9901566301005,994.7264989794389,991.0814643867943,4,2056.633702860303,3382.861405460406
4.0,18.0,-936.0119140596646,276.7822051525074,936.0119140596646,4,1942.4999300899542,3195.1280553614424
4.0,19.0,-281.5733486853453,710.135607942847,586.9889436569417,4,1996.7844337056297,3284.4181180209466
4.0,20.0,241.63287291975348,831.8787663405358,718.4968801513583,4,2020.1517083622855,3322.853864491918
4.0,21.0,223.40312921370924,392.02042526867405,399.3856649830914,4,1952.3938615886013,3211.4021244718015
4.0,22.0,1305.4588787248904,1991.326557551071,1824.4960256343675,4,2391.169695621587,3933.124146499615
4.0,23.0,-2128.947705601682,3325.145531212425,2449.940909852745,4,3043.56668823371,5006.221706009898
4.0,24.0,-2341.838419383496,652.8604747300498,2341.838419383496,4,1986.9864578268537,3268.3018818599585
4.0,25.0,-709.1598994983542,995.7125191967439,1012.3533700462895,4,2056.8722600826472,3383.2537971728143
4.0,26.0,314.5913512778402,3023.7780688593202,2252.8073499446405,4,2882.1205194634445,4740.666389750708
4.0,27.0,67.45086103138715,287.6322413427037,194.0780940157374,4,1943.2879192196015,3196.424182139341
4.0,28.0,-66.7822380140461,230.09656813429726,186.82898359742566,4,1939.4519842441382,3190.1146305822003
4.0,29.0,-427.8363654021409,754.2684371032282,689.7238331299118,4,2004.8596513122827,3297.700668989672
4.0,30.0,-1180.8261973892957,1228.2979859799807,1180.8261973892957,4,2118.810929515933,3485.1338422387025
4.0,31.0,-668.1215010843495,2743.5529620295365,2294.5671866784664,4,2738.346802650361,4504.179670190413
4.0,32.0,-1226.3350815723506,2032.1179815822502,2000.0619477004666,4,2408.2677445396084,3961.2479342762163
4.0,33.0,-2190.890481568596,1812.3768557547708,2350.9228330480905,4,2318.9128309388234,3814.2721805540295
4.0,34.0,-1425.1959841608032,1535.105595628287,1647.3753896152166,4,2216.5911618337677,3645.9680120108505
4.0,35.0,-457.67368417207945,275.0033646774992,457.67368417207945,4,1942.3736018456664,3194.920263890639
4.0,36.0,-724.8775669346967,612.3613632119308,724.8775669346967,4,1980.5289706117205,3257.6802605931543
4.0,37.0,-703.5105387162444,957.0119487296616,916.5575728992981,4,2047.666408099866,3368.111518149758
4.0,38.0,-4965.3360307330695,4636.63830167303,5864.983389372112,4,3805.8125484744533,6260.00457385563
4.0,40.0,473.08205227891085,1733.3298418934307,1358.0443200254558,4,2288.496876610079,3764.2423877592046
4.0,41.0,1194.1020569897414,1439.2183140569337,1386.813139591634,4,2184.1878265417963,3592.6692684305267
4.0,42.0,-210.97125773192556,1378.80954665485,1042.0818360672433,4,2164.6153623284235,3560.475429680783
4.0,44.0,-37.199107022137696,443.85109780631836,330.25947209157744,4,1957.9335234800162,3220.51405742598
4.0,45.0,-21.670802334885753,19.220885906438465,21.670802334885753,3,2066.0909466292883,3398.4171871747853
4.0,46.0,-2146.751211609346,347.8770852397325,2146.751211609346,4,1948.2071288937377,3204.515562013579
4.0,48.0,1180.1874345803953,1751.710503182304,1619.1414143286274,4,2295.4839636413353,3775.7351232043916
4.0,49.0,30.21194041670674,653.9616802821749,563.2601476028083,4,1987.167512690784,3268.5996906095716
4.0,52.0,-252.46222461789262,185.51230839178862,252.46222461789262,4,1937.0620000757228,3186.1834564544256
4.0,54.0,13.097038088899936,83.8158989395427,57.44296191110006,4,1933.523813226115,3180.363656982016
4.0,55.0,-1128.413941431501,1523.916536216885,1323.670112619549,4,2212.727409450285,3639.6127048892367
4.0,56.0,-410.3193688430656,581.9574476769067,587.3995766883447,4,1975.940034340173,3250.1321321230503
4.0,58.0,-1849.2503591729733,1076.1694436417479,1849.2503591729733,4,2077.034453149256,3416.4176535657216
4.0,59.0,57.43754381792367,156.23371833773643,122.93364060133085,4,1935.770201038272,3184.0586361223823
4.0,60.0,10.335183410356692,71.44434946042557,47.684647724689555,4,1933.2754411593414,3179.95512128715
4.0,67.0,-618.7920807066721,329.8519092418829,618.7920807066721,4,1946.638878906458,3201.936020334035
4.0,71.0,-310.22266162496203,1351.6559581094045,911.1884646767969,4,2156.035412139898,3546.362667494124
4.0,72.0,-5311.590372270006,9365.337813407046,6231.709294040582,4,6898.5344794000175,11347.079459090904
4.0,74.0,-1729.8641932918417,3014.708241100439,2539.4663403182203,4,2877.3659262134847,4732.845779798832
4.0,79.0,-342.3012640418601,956.8976109489712,719.6046770640569,4,2047.6396906621192,3368.0675718753773
4.0,80.0,-973.6971268694524,1247.1045816589894,1205.9553779983707,4,2124.296754846732,3494.157221930889
4.0,81.0,-110.01729345425974,1083.5258975171594,769.3191871990466,4,2078.9458793220465,3419.5616698386857
4.0,82.0,873.3653447005217,1270.4690979060879,1213.325228987127,4,2131.2080255625187,3505.5252506345946
4.0,83.0,217.31072464340787,862.9210556549011,530.9254477816662,4,2026.6519577868369,3333.5458233339805
4.0,85.0,47.41857756454738,561.1257788189959,427.7524134356206,4,1972.9249488215578,3245.172757772187
4.0,87.0,1367.0102633541865,1421.1973679526166,1367.0102633541865,4,2178.279771561187,3582.9513827674427
4.0,90.0,-3878.2745669176766,1788.4572618981686,3878.2745669176766,4,2309.6085106946334,3798.967935654056
4.0,91.0,368.40181903781195,3910.096643456331,2954.508701080049,4,3373.341024035247,5548.652218328569
4.0,92.0,-2418.243519876887,5155.630652925002,4230.405179558518,4,4126.16837981012,6786.943024943156
4.0,93.0,908.5130637728143,2667.5379193511,1938.1448051598127,4,2700.533476823224,4441.982284056549
4.0,94.0,-4328.978892394069,3359.268606348724,4328.978892394069,4,3062.2450210025627,5036.944829410152
4.0,95.0,-512.3050509712411,4035.2041381339113,2727.241048174219,4,3446.2208289750465,5668.528829815315
4.0,96.0,298.247101576364,1403.9554592053257,1131.9795935392485,4,2172.682040605839,3573.7439347028403
4.0,97.0,-73.05787933284046,1369.5113910829452,1133.6658720175164,4,2161.6619784341647,3555.617545470531
4.0,98.0,-78.84834746113256,1251.7824904965184,918.4643889056119,4,2125.6720080040022,3496.4193120746017
4.0,99.0,181.86104418337493,503.758508287815,283.20895581662506,4,1965.1687207950151,3232.4148979712654
5.0,1.0,323.316717511751,268.31254062143313,323.316717511751,4,1941.9056603198567,3194.1505685747097
5.0,2.0,63.35620909645104,685.2379664461928,551.6845079400532,4,1992.430003584716,3277.255717843255
5.0,3.0,987.9291528683243,5514.683500847977,3609.488608038021,4,4352.110848900495,7158.585314708829
5.0,4.0,123.63322883387718,251.32328726905368,147.10509876014294,4,1940.7687861300728,3192.280576940256
5.0,5.0,99.40954949991715,1741.8872679750555,1250.692789537389,4,2291.743312638162,3769.5822998346625
5.0,6.0,-135.54135388216048,342.60963718075305,219.48846647748636,4,1947.7403486089972,3203.747776769234
5.0,7.0,301.9906698005941,591.1636841127067,446.5836960342647,4,1977.3060042800125,3252.378952732902
5.0,8.0,391.15352867648426,890.6265838746721,818.7029495107522,4,2032.6361306950805,3343.38891184641
5.0,9.0,3372.4677201115587,2118.915745153347,3372.4677201115587,4,2445.3841725553707,4022.2990255174263
5.0,10.0,583.7362392148443,739.3297856459582,749.740140541634,4,2002.0754355984152,3293.1210416745016
5.0,11.0,-10.555671359598819,722.2267075278747,548.904049301871,4,1998.9515983105273,3287.982786581513
5.0,12.0,133.26420298672508,241.99202398621415,170.71218701607916,4,1940.1757275286707,3191.305082348745
5.0,13.0,503.32549027865116,191.3528429996461,503.32549027865116,4,1937.3460555917618,3186.650686200238
5.0,14.0,-99.75231649684645,500.57446868705154,368.5385526317956,4,1964.7618642485904,3231.74567850523
5.0,16.0,-149.36356294821178,1663.6299117885947,1125.2198596832545,4,2262.4840387401186,3721.4550770414994
5.0,17.0,133.94650015634113,549.2740829595743,365.66440205338324,4,1971.2566532444412,3242.4286557413398
5.0,18.0,16.616666666666667,20.7253886171848,16.616666666666667,3,2066.0971798482924,3398.4274399076717
5.0,20.0,143.14641916395595,327.88146421053983,221.22430563993754,4,1946.4724275317537,3201.6622321866416
5.0,21.0,-140.50363065071858,120.84039187668937,149.5986952447952,4,1934.5032912893662,3181.9747550268744
5.0,22.0,261.247414404429,365.2759637001085,346.79398737319406,4,1949.7987200435473,3207.133496488967
5.0,23.0,58.623744697698385,217.80854511960177,165.41766237135016,4,1938.7423926397475,3188.947456258064
5.0,24.0,-310.42285860794175,1471.0734874873147,1107.3346657621673,4,2194.7734249003884,3610.0810282841085
5.0,25.0,5.752421955470709,500.7350090967388,360.73084831174856,4,1964.7823183555195,3231.779322517198
5.0,26.0,-270.12242681421725,151.41036199239502,270.12242681421725,4,1935.5785524525395,3183.74340225104
5.0,27.0,37.68010988340163,55.85488894235624,52.61139118866626,4,1933.018796640197,3179.532978618998
5.0,28.0,-22.608582546894763,23.481958621113737,27.646099123472535,4,1932.6865977300292,3178.9865600367393
5.0,29.0,-71.82851353801016,195.09090835965586,155.82232975534055,4,1937.532455242294,3186.9572863414783
5.0,30.0,-31.61997107351857,154.74453607556373,124.20675259621129,4,1935.7103914525942,3183.9602581084537
5.0,31.0,-0.7965775227459915,562.3128590189693,407.1048577192364,4,1973.0939307503781,3245.4507083106964
5.0,32.0,-21.204596441288686,754.123747231783,579.6599038269762,4,2004.83243612138,3297.6559039842073
5.0,33.0,-63.888140164919946,678.4239012426586,525.8361839757239,4,1991.2637391223666,3275.337383512375
5.0,34.0,107.14555927414665,480.07941223234553,308.87126060436697,4,1962.20281950659,3227.5364244798197
5.0,35.0,-264.5094046733078,205.05758992808438,264.5094046733078,4,1938.0469786484773,3187.80360203229
5.0,36.0,52.60398393104871,185.73286031083978,152.26607675247013,4,1937.072567446702,3186.2008382329077
5.0,38.0,-2627.1788325458783,5068.979022125458,4806.445211228545,4,4072.134077756885,6698.0645072311
5.0,40.0,111.13067213606882,636.7965573656918,516.7999546760238,4,1984.3781674850518,3264.0116260311033
5.0,41.0,336.79379794139834,186.56073033502062,336.79379794139834,4,1937.1123449367883,3186.2662663817473
5.0,42.0,-348.3774019385489,474.6324864436039,430.8461810615229,4,1961.5401557064167,3226.446439524655
5.0,44.0,33.44912029730014,361.8604765411511,243.77153721060452,4,1949.4802605043808,3206.6096771609314
5.0,46.0,31.25334612476354,276.7635447339617,191.3434071601764,4,1942.4986006949368,3195.1258687012264
5.0,49.0,-18.246646345612263,8.14864757758106,18.246646345612263,4,1932.6238599592023,3178.883365586848
5.0,52.0,-113.58768282862489,133.8831541342544,113.58768282862489,4,1934.9325914189885,3182.6808909021343
5.0,55.0,108.7652740653599,578.3758405010411,498.94204242941544,4,1975.4141566498345,3249.267140296764
5.0,56.0,-89.7000768201876,79.79016067748893,89.7000768201876,4,1933.4386513994707,3180.2235782425823
5.0,58.0,-433.92132833784416,460.14741577479174,433.92132833784416,2,2247.349756169398,3696.561397463741
5.0,59.0,-48.43630679460725,53.174636810649474,48.43630679460725,2,2231.8030586217114,3670.989355615311
5.0,60.0,-9.288113187820656,38.59165979149043,32.63017901106143,4,1932.8079164670414,3179.186111601331
5.0,67.0,162.54755310261157,149.50448657969724,182.23090953080623,4,1935.5044767730876,3183.621558601025
5.0,71.0,-72.64604040688796,119.59256158985538,103.67708640189984,4,1934.4645187360625,3181.9109798519466
5.0,72.0,-1046.0591569039161,931.7923202353239,1104.9248160137986,4,2041.8423660703338,3358.5318214939643
5.0,74.0,-151.65489459836567,489.23894509060574,390.9217316113072,4,1963.3336844641613,3229.396531806873
5.0,79.0,27.67958466898608,374.7837976299084,276.0551907686945,4,1950.7007026547876,3208.6171258585127
5.0,81.0,118.99407724379898,138.12306661471425,120.68247482003744,4,1935.0815937888667,3182.925977990653
5.0,82.0,154.98209524436186,230.9251633769006,244.4748706145591,4,1939.50122438612,3190.1956234083304
5.0,85.0,-201.67280885968034,168.97510093338266,201.67280885968034,4,1936.3052642139507,3184.9387367275453
5.0,87.0,27.03862453487409,811.3635369997061,603.4209067360939,4,2015.9754905358525,3315.9845974531704
5.0,90.0,109.8815804539098,402.4973638657421,240.82189641697516,4,1953.4594564040406,3213.1548719688376
5.0,91.0,-49.577194752424134,247.1156343175424,148.93285847566085,4,1940.4986091767794,3191.836175398713
5.0,92.0,-515.9998796684383,273.1835186736862,515.9998796684383,4,1942.245195976142,3194.70905503043
5.0,94.0,-537.0526306353364,2733.130726421601,537.0526306353364,1,2733.130726421601,4495.599988287083
5.0,95.0,-85.62364627517945,687.0057437023904,452.4791350683672,4,1992.7343600678369,3277.7563397084023
5.0,96.0,787.7338442091475,763.6247839496239,801.9538872536957,4,2006.6298087056289,3300.6123187983926
5.0,97.0,-73.10429292312944,48.824460286257526,73.10429292312944,4,1932.9236140665405,3179.376417217497
6.0,1.0,-529.9637444179316,382.0416978585813,529.9637444179316,4,1951.4045488586594,3209.7748498397673
6.0,2.0,492.2192182541294,1606.8455725670221,1007.9496544328322,4,2241.8693384972403,3687.5469125784834
6.0,3.0,5817.379423366724,13944.423918456414,7788.5793329425605,4,10047.809760971024,16527.176328251593
6.0,4.0,146.88930164071098,1132.3092842754634,898.677653607212,4,2091.904381534476,3440.8765092026597
6.0,5.0,2763.3952427927625,6337.802740147203,3499.859185342809,4,4880.458336095457,8027.639595312159
6.0,6.0,1477.6830928796296,1003.5366625919665,1477.6830928796296,4,2058.7726198971186,3386.37961090616
6.0,7.0,116.1174092444835,2298.294067991067,1541.0295332883397,4,2525.0900172739184,4153.40347329196
6.0,8.0,59.92984418521155,443.1304462681503,347.6929558796983,4,1957.8519045269586,3220.379806195015
6.0,9.0,9373.418162749196,9397.162916579755,10105.721626895607,4,6920.139971433077,11382.617331023554
6.0,10.0,-3129.3857458017883,3881.000089859352,3624.810441483507,4,3356.4985673464967,5520.948842357306
6.0,11.0,-77.97795506459079,2591.3202045966254,1992.768131155668,4,2663.1695374553765,4380.524072870151
6.0,12.0,-211.36870199091868,417.83525653695733,316.1676210268786,4,1955.0690357779151,3215.8023944398215
6.0,13.0,-98.37025015703148,1913.1343400122898,1417.1938566993322,4,2359.0343968077414,3880.266283692492
6.0,14.0,429.60887790141624,1267.1606742025965,1089.542644969023,4,2130.222962738343,3503.9049664754743
6.0,16.0,-1413.5329373186387,2222.1584490294717,1635.2402734695725,4,2490.782180390623,4096.972103361612
6.0,17.0,661.7319135039911,644.8466082913773,692.3988845122572,4,1985.6775563941344,3266.1489305910286
6.0,18.0,-2263.9741806524726,155.05560311585705,2263.9741806524726,2,2233.3867686749763,3673.5943268404635
6.0,19.0,34.87480847578445,171.97870730515663,147.4869074183955,4,1936.4374820112605,3185.156215650998
6.0,20.0,-191.0610588245686,782.0632320546979,632.6947017735888,4,2010.1774133943636,3306.447609237648
6.0,21.0,-377.99418664118275,750.7917547047695,641.4720269189243,4,2004.2070535055175,3296.6272411202735
6.0,22.0,-204.4001135255353,1301.70577017002,994.7875831165761,4,2140.6122348295353,3520.9937983560576
6.0,23.0,262.65765212535916,1531.430157085064,1254.4971405716788,4,2215.319603774978,3643.876485125971
6.0,24.0,792.1400495124392,3638.320177860469,3090.5903722286694,4,3217.7148167866358,5292.66988688699
6.0,25.0,-489.00574510830893,1075.3107050898122,871.3946908207295,4,2076.812061813805,3416.051852371002
6.0,26.0,-16.591485412720203,259.5291244780353,212.34119160351315,4,1941.3086995841495,3193.1686555434344
6.0,27.0,45.754096631013,247.43971335568565,182.88119968778074,4,1940.5192577574967,3191.8701392915973
6.0,28.0,69.21045805307993,100.10623071790873,76.10549830723788,4,1933.9111697720782,3181.000801801567
6.0,29.0,-249.235716060806,585.9137043974891,495.9842532153232,4,1976.5245301678724,3251.0935422051793
6.0,30.0,-316.2546184990979,411.292530397395,355.3413692737108,4,1954.3752343486346,3214.6611926424853
6.0,31.0,-122.68264462269553,1053.9499688968406,789.8889489005,4,2071.329778746919,3407.0342991844605
6.0,32.0,-636.9554950378772,2362.838409671939,1804.7335459337612,4,2554.7024208242815,4202.1115426745255
6.0,33.0,128.43545159051996,2796.1999918425254,2043.402763216215,4,2764.8452001956643,4547.765655501208
6.0,34.0,-657.6828111905866,813.089348430218,801.8462138426144,4,2016.3231209605947,3316.556398618146
6.0,35.0,-488.8231421150088,509.4746709150415,566.2959532992436,4,1965.905390400802,3233.626611644209
6.0,36.0,-479.69622922160045,239.73797845712073,479.69622922160045,4,1940.0358071469423,3191.0749338013748
6.0,37.0,-294.34572275441224,105.97466026208491,294.34572275441224,4,1934.0675009326242,3181.2579436779965
6.0,38.0,90.60973044162529,6763.09322664428,4867.800202006067,4,5157.976035228916,8484.115589275058
6.0,40.0,-1021.5666925593159,2275.921723959045,1907.235564305518,4,2514.9376991586273,4136.704396018059
6.0,41.0,919.2629878678255,829.3272768523781,923.0119087262475,4,2019.6271066512809,3321.990971464867
6.0,42.0,27.884549731255902,399.7022039951522,326.2459539114607,4,1953.172473130375,3212.6828264902742
6.0,44.0,58.43394127195711,382.6233062478203,290.5831273319311,4,1951.461524370117,3209.8685662164357
6.0,46.0,-1327.4711308556552,535.9029327631948,1327.4711308556552,4,1969.415588576223,3239.4003738443685
6.0,48.0,318.72282783588145,1102.2854542706978,738.8075503382674,4,2083.8710121318245,3427.6627924040667
6.0,49.0,-986.9530782493971,3013.7268978616635,2500.6448713118866,4,2876.8518716302333,4732.00023525312
6.0,52.0,1.9392814691839249,351.88205698899907,250.00091238406708,4,1948.5667232277008,3205.107042058029
6.0,54.0,79.29651801421085,81.28589649791488,79.29651801421085,4,1933.469803834461,3180.2748194382643
6.0,55.0,-1567.833943811714,1257.6548987953051,1640.9068515191943,4,2127.404452869,3499.268930294287
6.0,56.0,-368.9191813750497,357.70398002208833,368.9191813750497,4,1949.0966760314266,3205.9787368493508
6.0,58.0,1048.5540755330305,957.2196220760105,1225.8283807718851,4,2047.7149426369394,3368.191350359096
6.0,59.0,-10.208145352794276,22.778842787036258,17.598613523520328,4,1932.6823902789338,3178.979639395545
6.0,60.0,147.95040193994112,60.37674576321839,147.95040193994112,4,1933.0867697983483,3179.6447845147186
6.0,67.0,44.4204604774427,581.6424990208744,399.1434162329747,4,1975.8936667211012,3250.0558641766465
6.0,71.0,-292.80470496783664,426.1534948206117,364.4391905788316,4,1955.9665601509769,3217.278690660129
6.0,72.0,-1007.8767752804306,2604.3626202510623,2453.231082303788,4,2669.523199512494,4390.974916949224
6.0,74.0,-117.83120280483217,1951.2409609823574,1512.7361667332398,4,2374.5888965803347,3905.851159058858
6.0,79.0,137.94708060390076,1945.0581011025863,1337.1535090299822,4,2372.0512836334997,3901.6771571994573
6.0,80.0,324.3207379238811,512.6324336936196,507.1192993953464,4,1966.315790988888,3234.3016605400253
6.0,81.0,-138.05565505874392,670.6235334775604,442.96223424688696,4,1989.942146315289,3273.1635567903004
6.0,82.0,168.90985406626987,1313.0353367172472,1041.0828976326166,4,2144.0691876870537,3526.679979801947
6.0,83.0,483.2838464888389,366.04962049968054,483.2838464888389,4,1949.8712640040917,3207.252820685582
6.0,85.0,-122.57402604015681,486.23395452515564,407.4506536711748,4,1962.9603951994345,3228.782525605885
6.0,87.0,351.0528311178641,2428.4246438247596,1939.56478321545,4,2585.270761298058,4252.391988372704
6.0,90.0,-279.95989505868783,685.6798596249458,481.48073381992435,4,1992.5060147469007,3277.380745079063
6.0,91.0,-108.82229866783018,819.5382402033489,653.1402811302287,4,2017.6281241677652,3318.702937876644
6.0,92.0,-1206.4980755274155,1873.9787689718655,1757.7350345140585,4,2343.2669496097938,3854.3311409811818
6.0,93.0,1110.1533119269625,1755.9578339043262,1317.834879865386,4,2297.1059490323732,3778.4030517577025
6.0,94.0,-1144.209698067034,1710.2484878312896,1368.189006098566,4,2279.7975192809427,3749.9332183042275
6.0,95.0,905.9017920601,6325.876892313886,4267.298550242882,4,4872.715979021385,8014.904551197718
6.0,96.0,-471.2605671836227,2179.829186518958,1651.2868858091042,4,2472.0091878985572,4066.0932785723053
6.0,97.0,787.5501230329783,706.1530421039189,898.9196351349847,4,1996.0781155283587,3283.2563280052805
6.0,98.0,-217.73796563838323,381.84876411133826,350.1083363762041,4,1951.3856674634085,3209.743792708307
6.0,99.0,87.01155936348343,142.579270688629,87.01155936348343,4,1935.2431909375073,3183.1917816466994
7.0,1.0,-880.0320971733827,673.8523124045503,880.0320971733827,4,1990.4874411363198,3274.060486954431
7.0,2.0,-1041.6049846869118,800.1249499126552,1041.6049846869118,4,2013.7283211971019,3312.2883328159523
7.0,3.0,765.9581385295073,2075.665895458127,1525.4016200986393,4,2426.766622203076,3991.675880295503
7.0,4.0,-766.5412899415146,713.6882721333006,883.9596102352293,4,1997.417647550267,3285.459662109934
7.0,5.0,-657.2679979620743,2097.6598899542073,1828.451072297743,4,2436.20407413178,4007.1991073296117
7.0,6.0,-144.29286885628028,1372.5276873496105,932.6571697517389,4,2162.6182996834114,3557.190553945885
7.0,7.0,-464.6282680358536,2606.3091714584243,2014.4244531118475,4,2670.472904275399,4392.537042273021
7.0,8.0,277.76184347341496,419.82876495021947,295.28300306610345,4,1955.2825575335007,3216.1536064739294
7.0,9.0,1070.29394974989,4221.267275988131,3378.288276330355,4,3555.9176722077045,5848.964080271679
7.0,10.0,-1778.084923364042,1373.0537069407892,1778.084923364042,4,2162.7852470661196,3557.4651579538427
7.0,11.0,-3140.052283347534,904.215298153521,3140.052283347534,4,2035.633669539381,3348.3194244863853
7.0,12.0,-1967.7206703661097,755.3070440884304,1967.7206703661097,4,2005.0551486878699,3298.022233556966
7.0,13.0,-225.72821637227298,796.6451325387532,474.96257557508306,4,2013.0383795282637,3311.1534797595787
7.0,14.0,-490.7924796143143,813.658559087264,727.5465303701403,4,2016.4379259582765,3316.7452360349753
7.0,16.0,-2727.47491924291,1370.0270440932386,2727.47491924291,4,2161.825347854993,3555.8862642549134
7.0,17.0,-570.371085561045,713.8104778205595,614.1531152414152,4,1997.4394816810202,3285.4955760590947
7.0,18.0,47.9925,40.45591458612696,47.9925,4,1932.826977348835,3179.2174639618825
7.0,20.0,139.83430504177818,418.6629904324113,314.52181092654405,4,1955.1575725843272,3215.948024526967
7.0,21.0,-85.3798498329985,300.58006871562446,248.21419996764337,4,1944.267464293295,3198.0353904065682
7.0,22.0,-58.57169083991312,771.5873290516838,575.0954363583455,4,2008.1522071375691,3303.1164413808347
7.0,23.0,-346.1531044281701,1501.320965154044,1232.763312234326,4,2204.9907265248235,3626.8869939187175
7.0,24.0,-161.57892546985715,667.9965643728347,534.1341714542187,4,1989.5003113500359,3272.43680294519
7.0,25.0,-525.5173835337953,696.5838794795724,708.3849686205288,4,1994.396233056596,3280.4898775214956
7.0,26.0,133.4140818126341,296.99945626521384,230.77372731264063,4,1943.992315408127,3197.582810764848
7.0,27.0,-55.733385714982916,147.07993870485492,121.73043412540366,4,1935.411593961255,3183.4687799711005
7.0,28.0,31.359693036107107,89.07327688931636,76.6399732240279,4,1933.6413339042053,3180.5569612956147
7.0,29.0,-103.18341332291055,307.9050746195486,279.06307016347415,4,1944.840495090322,3198.977942191413
7.0,30.0,-174.33441931853767,72.84889167289116,174.33441931853767,4,1933.3016485701137,3179.998228641812
7.0,31.0,36.22477087255163,202.39169527243138,160.07687744067766,4,1937.9068561240395,3187.5731209897513
7.0,32.0,-685.0302541899325,446.46884976233594,685.0302541899325,4,1958.2310897233212,3221.003510340539
7.0,33.0,240.57595790595906,829.3549456509277,609.7520068571985,4,2019.6327876108471,3322.0003158118143
7.0,34.0,-80.60204599555323,838.2608188320114,576.7945901801097,4,2021.4703520085056,3325.02284027606
7.0,35.0,-227.98252928347642,95.57555774137468,227.98252928347642,4,1933.7965579330526,3180.812282102454
7.0,36.0,-170.80735683591163,227.13940773177893,194.7011823786555,4,1939.2776848938643,3189.827933663727
7.0,38.0,1116.409458556309,3150.0237559185307,2517.9141770141377,4,2948.9534779783285,4850.596823963812
7.0,40.0,-889.5980894562581,2445.709073788321,2096.928863926574,4,2593.40475449942,4265.771216591564
7.0,41.0,462.7685906792008,483.26292909169996,501.2688158885965,4,1962.5935170513733,3228.179064753397
7.0,42.0,-582.7860383234377,819.7103910583346,767.9676749939547,4,2017.6630904240276,3318.760452250078
7.0,44.0,-143.62500649172068,766.6091081076256,619.1418432353659,4,2007.1986812898515,3301.548030931824
7.0,45.0,56.714999999999996,71.7642672226227,56.714999999999996,2,2231.976496700457,3671.2746358681875
7.0,46.0,-978.5228575435458,587.6505479371033,978.5228575435458,4,1976.7823266865582,3251.517579743955
7.0,48.0,416.7459449028226,1892.73604616426,1613.0425017244665,4,2350.7927714028074,3866.7100162532106
7.0,49.0,-33.64921884654471,35.01307865402144,33.64921884654471,4,1932.7738464945533,3179.130071483514
7.0,52.0,-139.72394407153936,284.29830428644016,246.05630789069588,4,1943.042600347457,3196.0206685027347
7.0,54.0,9.321910857243367,10.704271052563765,10.385030254481393,3,2066.0645134131487,3398.373708403346
7.0,55.0,39.92403337975611,1059.8392827744444,721.6060685613156,4,2072.83174341548,3409.5048112170957
7.0,56.0,-265.4884143585278,773.9216548055467,623.1046447861854,4,2008.6012913824914,3303.855119229902
7.0,58.0,726.6875528418003,117.36052426504149,726.6875528418003,2,2232.6203310665774,3672.3336491604564
7.0,59.0,1.23,2733.130726421601,1.23,1,2733.130726421601,4495.599988287083
7.0,60.0,13.490766465642722,55.237800890956414,45.23089297295628,4,1933.0099304397195,3179.518395016986
7.0,67.0,18.229330194543877,190.53276935071602,151.97371418723822,4,1937.3056423685862,3186.5842123635207
7.0,71.0,-130.79880337926738,348.1480717757977,307.62124816510186,4,1948.2313322076352,3204.5553729222274
7.0,72.0,-2161.334894675925,5708.818753082284,4499.464909259492,4,4475.523160662552,7361.580503321115
7.0,74.0,-302.067712424011,868.8878963469189,618.4636836585023,4,2027.926249167859,3335.6418461338476
7.0,79.0,-376.4360728085835,930.1754762670982,848.1070609074618,4,2041.47373046515,3357.9254698817545
7.0,80.0,150.5435468951574,71.51693036520938,150.5435468951574,4,1933.2767829566892,3179.957328347384
7.0,81.0,-468.706037084351,233.71920169570473,468.706037084351,4,1939.6685584077434,3190.4708633807104
7.0,82.0,-845.2245139839911,226.50912448579757,845.2245139839911,4,1939.2408245477393,3189.7673037897125
7.0,83.0,-36.93575880926949,17.200170900638454,36.93575880926949,4,1932.6535402897332,3178.9321853861707
7.0,85.0,-82.99388419822372,412.00500676749147,344.1418020892814,4,1954.4502671226185,3214.7846105729127
7.0,87.0,50.52767883780052,1678.503474478148,1251.932004882031,4,2267.9701807502984,3730.478977624914
7.0,90.0,-929.7904002689797,567.8984534690283,929.7904002689797,4,1973.8936421654514,3246.7661165322943
7.0,91.0,-1095.3511027153895,458.70317564771375,1095.3511027153895,4,1959.644377311757,3223.328161556303
7.0,92.0,-1994.1823594428515,625.3469991815898,1994.1823594428515,4,1982.5567377877599,3261.0156407872755
7.0,93.0,-194.5538511712229,150.18663061909336,194.5538511712229,4,1935.530882177624,3183.6649916264478
7.0,94.0,301.94959036330965,341.6624217308927,361.3582608613401,4,1947.657153881669,3203.610933620245
7.0,95.0,-2170.3320300605174,513.6656965068722,2170.3320300605174,4,1966.450611568691,3234.523420659702
7.0,96.0,32.94963486164784,107.42537073416842,93.98086415090347,4,1934.1075174337184,3181.3237649649595
7.0,97.0,-645.7401532801039,214.98375657524335,645.7401532801039,4,1938.584739352535,3188.6881396767917
7.0,98.0,53.913958862692425,76.23649593484934,65.93772973637158,4,1933.366955730636,3180.105649361663
8.0,1.0,-689.0465175710278,393.4807177876414,689.0465175710278,4,1952.5407349118925,3211.6437095903193
8.0,2.0,281.9502311284796,1981.4030853709705,1660.5624652631432,4,2387.0443810733254,3926.3386079025913
8.0,3.0,4563.599062039855,15300.956542885278,9130.52533428157,4,10990.661369885202,18078.02921685111
8.0,4.0,391.67469875233746,1664.1295091189966,1401.206189923444,4,2262.6677386251945,3721.7572364637367
8.0,5.0,1540.7010556970426,5028.003547408345,2963.664642617614,4,4046.654373705566,6656.154123608638
8.0,6.0,-33.50626143933209,609.3250551661762,455.74226566181585,4,1980.0606796968536,3256.909990583367
8.0,7.0,109.94429955590476,2113.3089994013776,1471.158931635925,4,2442.957070300328,4018.306797570237
8.0,8.0,102.21287168470735,630.1307990131389,487.0221050832424,4,1983.313942820804,3262.261132232224
8.0,9.0,2412.755762275701,3230.378153879815,3248.6118810933053,4,2992.1018185193693,4921.56952839968
8.0,10.0,135.4038350414021,2705.4172871263027,2084.8971490277154,4,2719.3093116811583,4472.865784121665
8.0,11.0,-104.7197431389036,1981.780669290163,1450.9831227983636,4,2387.2011005445306,3926.596388493217
8.0,12.0,-264.9475040676091,973.9381668133564,734.8724371699757,4,2051.652884930298,3374.668689023052
8.0,13.0,157.17303238294699,1184.170649170817,937.3036626448556,4,2106.212678490411,3464.411563346127
8.0,14.0,649.3112066945869,655.2122783327412,777.4711363723673,4,1987.3734799211559,3268.938476555482
8.0,16.0,-1046.044343295433,266.2688073662911,1046.044343295433,4,1941.765001935885,3193.919206121673
8.0,17.0,474.5319286389408,591.3717547955251,581.4290253113254,4,1977.337113402746,3252.4301226862613
8.0,18.0,-95.5229594230078,513.5683290008446,440.16033149008376,4,1966.4378958236373,3234.502505120331
8.0,19.0,-221.03009892287434,78.12208109056834,221.03009892287434,4,1933.4045912927525,3180.1675543525125
8.0,20.0,37.370418199820506,394.1390865896723,276.2352167907284,4,1952.6071273156322,3211.7529153764126
8.0,21.0,-172.33914494272744,247.87335101322176,220.1969256408306,4,1940.5469288131624,3191.9156541278703
8.0,22.0,164.16843779667397,1675.015234102915,1096.5787656250595,4,2266.680348239106,3728.3573919407195
8.0,23.0,723.9375801364913,2419.657817742705,1966.7022647049553,4,2581.1574460572197,4245.626186880017
8.0,24.0,617.3172553778444,3403.9660480089465,2853.1574722536816,4,3086.82591213916,5077.376797349884
8.0,25.0,263.6091125333335,1476.5985807891027,1096.0679996145698,4,2196.6277491302735,3613.131120219179
8.0,26.0,-312.61243108828126,817.5408612612196,669.7515153283377,4,2017.222921189129,3318.0364382875828
8.0,27.0,48.17826306078709,284.0331661309568,190.37583079852376,4,1943.0232123127407,3195.988778023512
8.0,28.0,9.145935429384664,45.402213225297885,36.47707598522699,4,1932.8819064644929,3179.3078143169973
8.0,29.0,-129.40134736444406,416.8477146414618,321.599019333142,4,1954.9636294457857,3215.6290164521147
8.0,30.0,124.60778033379836,50.75801395613076,124.60778033379836,4,1932.94851763965,3179.41737995005
8.0,31.0,226.03412601724295,1094.4533272166316,944.9982630756494,4,2081.8059051176488,3424.265993641757
8.0,32.0,-324.74299070591974,682.9140904818568,472.57808358660986,4,1992.0310267022112,3276.599459270997
8.0,33.0,1037.788587387376,2353.634404143862,2272.543086376812,4,2550.450791142568,4195.118234172105
8.0,34.0,-162.15452081190642,1314.0004980809445,1110.6974452613854,4,2144.364809992325,3527.16623522298
8.0,35.0,-421.0726850034164,188.17838448337807,421.0726850034164,4,1937.1905781435964,3186.394948555714
8.0,36.0,12.755021914790063,209.5543301290034,150.65269867940236,4,1938.2874638434935,3188.199164977541
8.0,37.0,-158.86118327617686,384.9994458068832,234.3509815980172,4,1951.6951786820446,3210.252893358863
8.0,38.0,-3502.032266924143,4895.805572984596,3584.674910554095,4,3964.7771549090185,6521.478083306438
8.0,40.0,1166.7314578802507,1905.7705482911545,1277.7118176900913,4,2356.052307403619,3875.361183120228
8.0,41.0,388.74253695691976,265.0291380081552,388.74253695691976,4,1941.6802017457992,3193.779722221444
8.0,42.0,44.94422511976836,999.0490107384782,676.9421092667026,4,2057.681036211322,3384.5841155214566
8.0,44.0,-19.01207445165585,373.9908878139939,296.2701992994977,4,1950.6246117433473,3208.491967446852
8.0,46.0,-447.61210581017076,910.8554096122263,886.5455612121223,4,2037.11329396891,3350.7531900958224
8.0,49.0,-18.772935169144205,904.7173277485676,641.4440904642267,4,2035.745196585071,3348.502870151992
8.0,52.0,-213.73648958745594,145.90932734627654,213.73648958745594,4,1935.3672906604204,3183.3959075260364
8.0,54.0,9.586666666666666,7.303296059542796,9.586666666666666,3,2066.0581614424077,3398.3632603412348
8.0,55.0,-42.016054910315916,221.58990720146105,186.0670564081181,4,1938.956633692902,3189.2998514313867
8.0,56.0,-179.8752189055397,284.02884254181276,278.8802065351632,4,1943.022896301728,3195.9882582316513
8.0,58.0,-4.957217333766621,521.8295266792979,371.7909010886394,4,1967.5250471879906,3236.2907099850327
8.0,59.0,-2.7895899298194564,36.958263941410465,27.137533349678364,4,1932.7919547876113,3179.159856975028
8.0,60.0,1.6115489667625909,23.863858155417645,17.841700863040437,4,1932.6889366160208,3178.9904071618457
8.0,67.0,-143.79808736582572,432.83883589005706,368.47582644145905,4,1956.7004146731977,3218.485773932659
8.0,71.0,-475.16792466566943,491.6031083651812,475.16792466566943,4,1963.628934379428,3229.8821747008565
8.0,72.0,3626.709271186858,4504.660277958372,4070.4226384861695,4,3725.719245160984,6128.262813405946
8.0,74.0,-319.5803828083399,1692.2882753606232,1138.0269726772403,4,2273.08635720609,3738.8943390243467
8.0,79.0,709.3190499527991,3820.8558019529128,2775.808500754123,4,3321.8174714324014,5463.903515956354
8.0,80.0,78.63817011516312,290.24962434740536,191.44355100572648,4,1943.4824944083853,3196.7442298443266
8.0,81.0,-10.746210678548778,765.8551745220599,592.3471177269375,4,2007.054772054326,3301.311321303818
8.0,82.0,124.98483403665205,574.6722253603705,443.1567485047649,4,1974.87363321182,3248.378058359294
8.0,83.0,84.74041555630629,263.5940717920603,170.62811167181894,4,1941.5825249514617,3193.619058192009
8.0,85.0,-107.6933880568833,484.52214400425237,301.0112936233999,4,1962.7487454766524,3228.4343927917234
8.0,87.0,605.9770191878561,2283.244435704263,1949.9810643277306,4,2518.2542287152373,4142.15960168814
8.0,90.0,-146.14193757769863,1483.3053691779714,1177.0818202739592,4,2198.8858981245558,3616.8454447826207
8.0,91.0,-340.76130769115935,1602.4674628200598,1372.1897910253583,4,2240.3019369168555,3684.968766404098
8.0,92.0,976.3107068438057,1777.4891093760436,1727.0195275111128,4,2305.3710223801622,3791.9978876308332
8.0,93.0,1236.0703471716752,1606.9666048279873,1277.7653538692157,4,2241.9127142623393,3687.6182593630283
8.0,94.0,736.3722251019144,1319.9819708831662,1036.9576960247132,4,2146.2008260140146,3530.1862128353973
8.0,95.0,-104.05411422406905,1671.9404969992017,1267.3759168972101,4,2265.545033012565,3726.4899645726105
8.0,97.0,492.4229871200505,1054.0623742973512,859.8393869646252,4,2071.3583775652196,3407.0813400544685
8.0,98.0,-199.97888241185865,345.6879561365164,351.2498781011336,4,1948.012285732268,3204.1950735327487
8.0,99.0,-1.5865528743152162,12.563008736193034,8.346552874315217,3,2066.068998930958,3398.381086423584
9.0,1.0,294.99177249624836,818.6693712124074,689.8493408279423,4,2017.4517475111006,3318.4128240932196
9.0,2.0,-46.91925919323148,483.4293445002786,410.6513593864838,4,1962.6140092786761,3228.212771467801
9.0,3.0,3898.5406520025385,10628.278073303158,6098.3944790042515,4,7759.84208509318,12763.80439823619
9.0,4.0,169.7708405151725,1294.713697757264,943.0812746200218,4,2138.4909547236994,3517.504603080193
9.0,5.0,1018.5311859795693,3685.243516803105,2625.9949556448764,4,3244.304497565633,5336.406019755806
9.0,6.0,199.4790149573858,597.7655922190522,540.3835231270964,4,1978.298166474263,3254.010914316639
9.0,7.0,756.6833025870287,1571.959666833011,1507.3349673027747,4,2229.4686319681223,3667.1495654673026
9.0,8.0,488.9565178044804,697.6544759981956,752.0243996683503,4,1994.58333187538,3280.797627692171
9.0,9.0,2869.8001477152948,4209.032483110195,3612.8132150393676,4,3548.658761531365,5837.024234717986
9.0,10.0,429.66965339950866,1105.8551263693291,651.8451253661374,4,2084.8164341528,3429.217873244268
9.0,11.0,301.59663461931177,1074.1194410522482,738.0862286155061,4,2076.503809454279,3415.544822359419
9.0,12.0,369.9139927488711,669.6528277790864,410.79353451091697,4,1989.7786908928333,3272.894696545829
9.0,13.0,1002.8265578515484,1421.8638378604062,1160.9996676178316,4,2178.497227577418,3583.3090660844427
9.0,14.0,299.5864508012967,763.2671502509206,616.9462509948091,4,2006.561774573864,3300.5004126100025
9.0,16.0,-47.232569939384575,1321.7678641846371,995.1717284880438,4,2146.750317864316,3531.090046498346
9.0,17.0,304.78228272291676,678.8168716625214,498.0087454360216,4,1991.330699929517,3275.44752423888
9.0,18.0,-1093.3961804635246,1769.3164370150116,1112.1836799986802,4,2302.2254691929465,3786.8239130620727
9.0,19.0,86.09933640657107,286.41099316280327,172.79035864056561,4,1943.1977285796693,3196.2758317381313
9.0,20.0,-79.81771759061519,1320.5798381506327,1041.7328212676075,4,2146.384713493811,3530.4886808234914
9.0,21.0,-234.71413616376333,199.5159672196475,256.8684340842177,4,1937.7577491633804,3187.3278618647073
9.0,22.0,403.382036000143,956.2410503600746,820.8779938890236,4,2047.48632646272,3367.8153102157507
9.0,23.0,343.2302981154494,1117.106978883871,833.2623503461705,4,2087.813637514244,3434.1478340640506
9.0,24.0,-14.897118522443975,1485.7013806020923,1247.5679546250303,4,2199.6945424345663,3618.1755463088552
9.0,25.0,-145.42532118906752,666.9063124386605,441.2701120121767,4,1989.317420282696,3272.135973909739
9.0,26.0,87.11072186613546,807.5498546261651,594.5542632793636,4,2015.2097081217887,3314.7249974719416
9.0,27.0,-29.35400547547789,192.91463349120392,157.19940999401948,4,1937.4234982993412,3186.778068118681
9.0,28.0,7.890913665019919,25.781333477638157,19.711603815906255,4,1932.7012501762597,3179.0106611660653
9.0,29.0,21.525341525007377,288.0240930928031,218.07812598093454,4,1943.3169383700385,3196.4719143941884
9.0,30.0,51.479267372232755,321.5420696631643,265.7103286328582,4,1945.9435847774648,3200.7923632641628
9.0,31.0,-460.39570720934114,686.3173994151734,625.0980479609951,4,1992.6157608091276,3277.5612612875607
9.0,32.0,-300.36697165748524,150.02804537604004,300.36697165748524,4,1935.524732741644,3183.654876704372
9.0,33.0,345.47841973658115,1088.2875446834942,871.1087443283682,4,2080.1890956861466,3421.6065787842613
9.0,34.0,-274.71086941483054,280.6759318617379,294.4005501095535,4,1942.7792651812408,3195.58752069948
9.0,35.0,-206.64587916684962,77.92196673983541,206.64587916684962,4,1933.4005535080505,3180.160912787701
9.0,36.0,-44.865686487091075,73.60498777881335,58.30668632896363,4,1933.3159677010622,3180.0217815162873
9.0,38.0,808.2330444385188,5168.88913323259,3957.901831225743,4,4134.453920372062,6800.57152638772
9.0,40.0,344.6478079735316,482.6838116323388,510.396403753517,4,1962.5222584370595,3228.0618547631916
9.0,41.0,248.24475659651904,181.14102253187957,248.24475659651904,4,1936.8551362651988,3185.8431957654
9.0,42.0,-189.91186547788016,546.5798973963745,503.4186117712179,4,1970.8821821645886,3241.8127056274557
9.0,44.0,90.24186014158624,247.01024917158773,200.3038609421959,4,1940.4919003832094,3191.825140415277
9.0,46.0,-150.01289665142326,330.28313408239944,311.2019547888974,4,1946.675437299341,3201.996153539164
9.0,48.0,846.357057291217,814.6595179819267,846.357057291217,4,2016.639989927356,3317.077601687392
9.0,49.0,-5.7919236487301085,14.675002146427675,10.376793531666149,2,2231.6079771551676,3670.668475157516
9.0,52.0,100.17807583087227,306.7266732045132,190.71006870685477,4,1944.747389735358,3198.824797510612
9.0,54.0,32.56562933208745,16.057504990773193,32.56562933208745,2,2231.611150334086,3670.6736945723683
9.0,55.0,-81.80911328948469,888.434339682667,674.1274397912571,4,2032.156384685643,3342.599799882771
9.0,56.0,-55.89003322371187,437.66984703516613,328.1544992525245,4,1957.2376532646276,3219.3694527783105
9.0,59.0,0.0,0.0,0.0,4,1932.6152705220288,3178.86923721996
9.0,60.0,45.476506972285975,15.845023728007058,45.476506972285975,4,1932.6477475844906,3178.9226572339426
9.0,67.0,0.2857820532591404,308.5878116116713,229.88162614449618,4,1944.8945993530278,3199.0669357841584
9.0,71.0,-69.02902143492335,547.9122267300464,438.8713389604062,4,1971.06714445629,3242.11694152381
9.0,72.0,-685.534456349119,6127.97805016215,3973.38849034919,4,4744.582097033361,7804.143070674345
9.0,74.0,172.0130763615864,441.9808634962265,371.2973125691849,4,1957.721973545623,3220.166088749112
9.0,79.0,556.2589607916352,682.2310569906647,556.2589607916352,4,1991.914002013198,3276.4069707868307
9.0,81.0,25.87618560219505,131.78717836064118,94.45480769244534,4,1934.860644605979,3182.5625489258077
9.0,82.0,-293.4091246147177,909.5265473698346,717.2727050344279,4,2036.8164016523876,3350.2648456921766
9.0,85.0,-51.25247460532401,376.01108197028805,321.51114302086876,4,1950.8187898257409,3208.8113619699516
9.0,87.0,817.7637951719753,1371.343857478311,1349.9672913889153,4,2162.2427642558273,3556.5728531357745
9.0,90.0,-12.986360562947425,154.48055211269894,103.52381240720013,4,1935.6998487227963,3183.9429168611077
9.0,91.0,-83.95393470023487,259.0111373686389,233.2202434105385,4,1941.2741095722242,3193.1117600368625
9.0,92.0,1122.3449278588005,762.5840764188091,1122.3449278588005,4,2006.4319127891429,3300.2868089824015
9.0,95.0,790.649504277797,2237.8095318689234,1784.1849918235966,4,2497.778519868533,4108.480057727236
9.0,96.0,83.87116911948624,125.4577858124894,126.92032247846987,4,1934.6502556962125,3182.216489964508
10.0,1.0,367.90737924162477,1039.530589155872,836.5219521674089,4,2067.6831736874756,3401.036167626375
10.0,2.0,-3430.626987272437,5563.284263020066,3430.626987272437,4,4382.929120969023,7209.276861297125
10.0,3.0,-14944.084970620865,13824.955501659348,14944.084970620865,4,9964.92343649892,16390.840456818976
10.0,4.0,-1988.9628063289547,2275.6658942964427,2353.7246159003535,4,2514.821945006634,4136.5139973813175
10.0,5.0,4456.3450434016595,8588.592077140216,6686.20180642487,4,6373.143550683037,10482.888284423376
10.0,6.0,802.7750250811771,2221.3273764945006,1730.7741914433002,4,2490.4115002619355,4096.362388807502
10.0,7.0,-1076.448916240135,1209.9388100702793,1185.3794680061346,4,2113.5225917676103,3476.4353007128293
10.0,8.0,-1097.601773114955,2217.2760658188718,2021.6031366678144,4,2488.605705989107,4093.3921215483115
10.0,9.0,-237.71506736862284,6311.586115672248,4658.523086430196,4,4863.441315738094,7999.649087657444
10.0,10.0,-518.3211787739856,3195.899189371588,2202.304671701262,4,2973.531166503543,4891.023524076594
10.0,11.0,499.1293603669801,1194.2890923039545,946.8971270893144,4,2109.067329852946,3469.1070469934753
10.0,12.0,-124.42072106932119,479.55755133409946,413.0218149580305,4,1962.1390130099635,3227.4314721324204
10.0,13.0,-1571.2588610124621,3893.372260752319,2887.911917340374,4,3363.655089965787,5532.720274544005
10.0,14.0,-2162.164558969417,1866.562241737223,2201.0171466101247,4,2340.305340120062,3849.4597268703824
10.0,16.0,61.0577978750016,1544.743506281865,1190.5049981559396,4,2219.936493225635,3651.470592484118
10.0,17.0,-298.3309256454013,2008.4860523555371,1630.63235259652,4,2398.334817140488,3944.9097226175277
10.0,18.0,-540.3811956456501,1332.0599387982504,839.033477205643,3,2242.548464597909,3688.663975608326
10.0,19.0,-174.69228703831868,261.5944394303061,186.62012518767415,4,1941.4472975657523,3193.3966289361615
10.0,20.0,-90.33519482906195,1119.0189936141855,744.4962485306069,4,2088.325534462859,3434.9898296166057
10.0,21.0,20.81836152391088,474.54765610641385,324.78450618848046,4,1961.5298934283362,3226.4295595793337
10.0,22.0,-323.69161398445976,405.2103014688268,458.28574953306816,4,1953.739869599626,3213.6161106306413
10.0,23.0,-3825.531803280859,2070.681709596715,3825.531803280859,4,2424.6367057941115,3988.172479565114
10.0,24.0,-4200.928407103807,5434.5033053993,4275.956045013662,4,4301.385227116131,7075.14909173745
10.0,25.0,-1256.5473415221736,1443.7547746520518,1407.126398769355,4,2185.6842655150886,3595.130691503258
10.0,26.0,-1056.4691917099299,1308.269557669044,1355.3697625162658,4,2142.612051122814,3524.283203439294
10.0,27.0,-84.74137425228423,227.930232769197,149.71062760499103,4,1939.3240779611963,3189.9042434687935
10.0,28.0,53.93516644992616,158.65063356794315,128.50063641125405,4,1935.8684861376016,3184.22030072449
10.0,29.0,-363.07885991769035,862.699837806088,728.7155999771039,4,2026.6048674890376,3333.4683666868514
10.0,30.0,-964.6229009834178,305.4830204856795,964.6229009834178,4,1944.6495112892353,3198.6638017935065
10.0,31.0,-1491.0184642235652,1216.5221992695915,1491.0184642235652,4,2115.4112873180943,3479.54192843925
10.0,32.0,-1128.7570922435734,1586.4268273306202,1351.7429616933541,4,2234.5864993533105,3675.567708198086
10.0,33.0,-3384.0448769996215,3677.4862195529304,3384.0448769996215,4,3239.9003428123815,5329.161829836264
10.0,34.0,-4105.348576350974,2042.326279674979,4105.348576350974,4,2412.5816255995264,3968.3436371838598
10.0,35.0,-718.8264288950322,587.3130358574189,718.8264288950322,4,1976.7321732847279,3251.4350847390506
10.0,36.0,-459.1774281523672,488.777824498144,484.690645121169,4,1963.2762578698657,3229.3020734649626
10.0,37.0,-227.95869924215538,381.80919787945624,369.3441038670568,4,1951.3817964836126,3209.73742551315
10.0,38.0,-2047.377675190557,8470.913180850848,6049.512167973964,4,6293.9007652338505,10352.545501367546
10.0,40.0,23.330337652991147,4245.540419211962,3085.5773881000605,4,3570.337310316236,5872.682274313825
10.0,41.0,2828.5612145649516,2603.9012259786755,2828.5612145649516,4,2669.298143928767,4390.604733456065
10.0,42.0,438.20186773624755,793.8501154958349,671.0426914904665,4,2012.486220273647,3310.2452586069676
10.0,44.0,-65.97177827627502,403.00908179742675,254.59583594724745,4,1953.5122072463578,3213.2416393831477
10.0,46.0,-2814.6425010548573,1635.1916065418209,2814.6425010548573,4,2252.0940430868654,3704.3650550072357
10.0,47.0,0.0,2733.130726421601,0.0,1,2733.130726421601,4495.599988287083
10.0,48.0,1447.2523001213444,1226.8742621399435,1529.4599911788991,4,2118.398454353111,3484.4553809711074
10.0,49.0,162.33266829219792,3740.5911280867117,2635.1461376845327,4,3275.8224581951085,5388.248451611312
10.0,50.0,-362.7766649893015,492.80212844362876,362.7766649893015,4,1963.7792016299134,3230.1293423328293
10.0,52.0,-600.134044316318,588.4074806105612,600.134044316318,4,1976.8949050149754,3251.7027546157683
10.0,54.0,117.57510149331964,92.09503307290281,117.57510149331964,4,1933.7121118235993,3180.6733806130383
10.0,55.0,2.6005307524087584,3066.509113816631,2105.6569136196927,4,2904.606833362334,4777.653084724066
10.0,56.0,412.0679727198843,176.11288641453137,412.0679727198843,4,1936.623261823415,3185.4617962488346
10.0,58.0,-369.4504226452201,720.5247075086601,594.6539508287395,4,1998.6444683635343,3287.4776027742564
10.0,59.0,-27.436691784666237,93.93507509746934,81.47094850037496,4,1933.7563659938442,3180.746172245473
10.0,60.0,122.57477431395607,50.13350287487425,122.57477431395607,4,1932.9403684310043,3179.403975694652
10.0,67.0,-98.07246214735824,626.1700655572614,539.8098346470615,4,1982.686626614233,3261.229288894601
10.0,71.0,-1068.9067739465963,1793.9177264478396,1546.8959995726318,4,2311.7249378952565,3802.4491486111797
10.0,72.0,-6894.823202776202,9884.949137479418,7174.740407465379,4,7251.972939078887,11928.433991397835
10.0,74.0,-1547.6607907306807,3601.938042667509,3077.990096635074,4,3197.1832314496237,5258.8984342783415
10.0,79.0,350.52597991077255,8846.086840082413,5889.821670247257,4,6546.87925465214,10768.658087227923
10.0,80.0,141.8723235126152,402.6350014315477,244.58090548674005,4,1953.473638430738,3213.1781993268883
10.0,81.0,-76.7120976144979,356.9785665800071,273.7911821405032,4,1949.0301773840479,3205.8693563080224
10.0,82.0,-559.4875179427145,1631.6862840981241,1342.3329471801026,4,2250.822482718685,3702.273524323746
10.0,83.0,132.56050385568648,64.19240064227172,132.56050385568648,4,1933.1482395318378,3179.745893228797
10.0,85.0,348.8189296076984,506.940027368154,439.21625434965125,4,1965.5777470069575,3233.0876862194973
10.0,87.0,902.8046736969145,2605.213396174548,2210.3944896430703,4,2669.9382396712094,4391.657597259617
10.0,90.0,116.68136183314346,535.2582756052287,453.7824210286053,4,1969.3279296899427,3239.256187807336
10.0,91.0,-637.1922688008985,820.4736539897493,898.5503665545589,4,2017.8182010033956,3319.01558644913
10.0,92.0,-2201.4210133135384,2740.6382720779648,2516.1867448524026,4,2736.8870734913744,4501.778629388888
10.0,93.0,109.56429211117802,193.05386735817206,161.09377450288537,4,1937.4304327396915,3186.789474258042
10.0,94.0,-1649.6597608614318,2298.0162149651724,1649.6597608614318,2,2596.2078537527636,4270.381904565131
10.0,95.0,-1756.8209314317319,2071.4096821412295,1878.1780217974847,4,2424.9475910809183,3988.683840356684
10.0,96.0,1222.9135723265076,1195.3193395637416,1222.9135723265076,4,2109.359131495271,3469.5870179832036
10.0,97.0,97.12841149883798,281.9657568441193,181.7039381761797,4,1942.8726483923936,3195.741122413041
10.0,98.0,135.96992060781798,2733.130726421601,135.96992060781798,1,2733.130726421601,4495.599988287083
11.0,1.0,48.11885614091307,488.11844983492404,373.64417489902416,4,1963.1942324664565,3229.1671536826625
11.0,2.0,-92.50782794299266,1809.817455803298,1355.8925983081335,4,2317.913155301573,3812.6278604563236
11.0,3.0,8209.789027769853,15510.167919997388,12964.309630363907,4,11136.321485890796,18317.618786965082
11.0,4.0,373.06350394212586,759.2934989711033,680.6964187441145,4,2005.807840408653,3299.2603012638724
11.0,5.0,2231.8731131898367,5979.484626512083,3895.0932717554624,4,4648.883735177952,7646.733273083162
11.0,6.0,-805.7047171560164,903.3090181774047,805.7047171560164,4,2035.4324786185484,3347.9884948705444
11.0,7.0,2294.029004079467,2861.6352132347565,2495.125684309117,4,2798.1207677059792,4602.499093409418
11.0,8.0,-181.00016964107817,845.5069654269369,729.9232181942152,4,2022.978694437405,3327.50384279092
11.0,9.0,-25.893112546419616,834.8816492563332,574.754625525954,4,2020.7710083004017,3323.872522241299
11.0,10.0,-2266.8645243672063,1302.4513569053274,2266.8645243672063,4,2140.838983297716,3521.36676639635
11.0,11.0,-356.25572856005283,2265.602886588984,1893.6346400353236,4,2510.2748860862034,4129.034751024085
11.0,12.0,-386.8966758120496,784.1504115926735,624.5526755871128,4,2010.5839245988748,3307.1162606667845
11.0,13.0,-133.3984238332505,1017.5661253433428,772.4740750457149,4,2062.212936041782,3392.0384273945697
11.0,14.0,930.3047953139021,1743.1971437275038,1243.2455682184927,4,2292.241244896531,3770.401325515817
11.0,16.0,5.693990462024431,1165.4517295762744,837.409616223878,4,2100.985637942606,3455.813846742848
11.0,17.0,1105.95336643569,2607.926742601489,2220.4224558298315,4,2671.2623853232653,4393.835623038014
11.0,18.0,-1261.00751247973,89.67680643803743,1261.00751247973,4,1933.6552817556176,3180.5799034695983
11.0,19.0,-278.55239391231066,220.5731880383225,285.2098548843643,4,1938.8986692180767,3189.2045083547364
11.0,20.0,-324.2308811589701,341.33606513857865,331.83807553007136,4,1947.62854223722,3203.5638716531
11.0,21.0,-89.81466581400582,310.2194500445457,277.1005978803614,4,1945.0243796538655,3199.280405382698
11.0,22.0,385.5215117520311,825.9996837572099,707.3902620314657,4,2018.94515097326,3320.8692541944542
11.0,23.0,597.2885831074291,3258.5502231000055,2525.5770627859038,4,3007.337121456037,4946.629371692763
11.0,24.0,607.68060555444,4258.047300213784,3649.0814127023614,4,3577.7765706209047,5884.918768607795
11.0,25.0,-214.01826144865709,947.6656761429,592.9166155658481,4,2045.491848119817,3364.534685279551
11.0,26.0,-1095.7727469238514,1113.1332720220869,1267.305008849822,4,2086.7521713170045,3432.401877539635
11.0,27.0,241.69587104434697,347.7007693518639,241.69587104434697,4,1948.1913911006982,3204.4896756476173
11.0,28.0,-34.51330225571124,58.665510089699644,51.46345441597529,4,1933.0604245320364,3179.6014504078726
11.0,29.0,-180.53968844701217,255.6279054456225,238.34940137007857,4,1941.0498697550747,3192.742918360317
11.0,30.0,-260.6006562762989,553.1718802757614,477.8962580001687,4,1971.801548944225,3243.3249294094394
11.0,31.0,-727.8131066827189,564.7089006198969,727.8131066827189,4,1973.4360529479036,3246.0134492481566
11.0,32.0,-41.810753805075365,1475.45752445422,1096.8833797617563,4,2196.2443482202116,3612.500481841687
11.0,33.0,-301.8275651678341,3080.8513185462552,2234.6333855150388,4,2912.185469256557,4790.118831462023
11.0,34.0,-851.0284765552406,2901.1241259607473,2314.7264583067845,4,2818.379389111886,4635.821560305961
11.0,35.0,-696.7375783031284,636.7250992474077,818.7617467147472,4,1984.3667024672493,3263.992767754988
11.0,36.0,-654.0575696334324,153.59317437283002,654.0575696334324,4,1935.6645410457609,3183.884840900477
11.0,37.0,-146.2771969626881,268.61245657605684,186.24057343081563,4,1941.9263914393991,3194.18466823188
11.0,38.0,-3565.151189697004,12530.689808440144,8963.434208157494,4,9068.853032303907,14916.935802474938
11.0,40.0,459.82499531241956,521.4434307544924,459.82499531241956,4,1967.4738650344107,3236.2065228340816
11.0,41.0,312.4617958253514,519.1668137302812,456.3615180590318,4,1967.172812463196,3235.711335420416
11.0,42.0,-234.6523123836837,346.56390461326873,312.0021164639411,4,1948.090104139265,3204.323073421741
11.0,44.0,21.929441200338715,459.3015647059814,336.39523107287096,4,1959.7144556096982,3223.443430098842
11.0,46.0,-91.37580486445313,667.305191251326,460.20804097337805,4,1989.384299975854,3272.245981215599
11.0,47.0,29.0,41.012193308819754,29.0,2,2231.717510156676,3670.8486409123175
11.0,49.0,176.9218502390779,1485.838957569044,1171.0126907032384,4,2199.7410047025687,3618.2519699388954
11.0,52.0,-163.9076401021498,644.3082304019188,389.5978555963802,4,1985.59017214952,3266.005196299336
11.0,54.0,37.523842116704614,65.61407572055973,46.39615788329539,2,2231.9134050071925,3671.1708592676905
11.0,55.0,138.19076519261853,945.5533610518349,774.1651786728398,4,2045.003022773596,3363.7306391358734
11.0,56.0,-19.16571021421288,204.2909054927864,173.36714042782336,4,1938.0064940263915,3187.7370107548168
11.0,58.0,-1210.3663774656352,821.5947768747702,1210.3663774656352,4,2018.0462761168005,3319.3907366266317
11.0,59.0,64.60838815821376,90.38538192686148,83.59874662550081,4,1933.6717773417408,3180.607036294262
11.0,60.0,61.46187190779027,32.09439386181665,61.46187190779027,4,1932.7485115538475,3179.0883992144054
11.0,67.0,-444.95418283077447,521.2585198321907,532.5647627313667,4,1967.4493655755814,3236.166224810368
11.0,71.0,73.74166229712046,798.1538819693164,544.3644022275475,4,2013.3371782953493,3311.644959995348
11.0,72.0,1943.14955449244,4902.537650647211,4293.665287927077,4,3968.9343017819874,6528.315981418211
11.0,74.0,701.5638221505151,2751.064899966138,2166.253019165005,4,2742.112475039597,4510.3736500777595
11.0,77.0,-327.29201828482667,2733.130726421601,327.29201828482667,1,2733.130726421601,4495.599988287083
11.0,79.0,429.91984377097197,4189.066939055407,2960.3905715894607,4,3536.82664175083,5817.562129582448
11.0,80.0,-50.17725128103757,521.4362425438969,410.06193539389915,4,1967.4729124880178,3236.2049560346923
11.0,81.0,-131.693836503473,446.3774334047292,336.8760609691499,4,1958.2206694806976,3220.9863705666653
11.0,82.0,516.895799680281,3427.9510090136664,2502.082789325311,4,3100.068683747804,5099.159218261251
11.0,83.0,229.80657697991637,212.73367302284993,229.80657697991637,4,1938.4606242257878,3188.483988460402
11.0,85.0,-95.02687772386918,181.74740367472484,175.2255804259991,4,1936.8835388908094,3185.8899139271507
11.0,87.0,543.3199032575849,1393.252950214781,1169.6034729938892,4,2169.2345828646635,3568.0733713335057
11.0,90.0,-535.4089072768929,221.21074995048193,535.4089072768929,4,1938.9349864814349,3189.264244937092
11.0,91.0,-689.7289804887878,255.63940318291543,689.7289804887878,4,1941.0506268731872,3192.744163708791
11.0,92.0,97.71729825114016,1339.1353168948249,912.9157504430113,4,2152.12534075793,3539.9311723998544
11.0,93.0,-57.128270961430644,1355.2952315768268,1068.0995167800893,4,2157.177407220458,3548.241082244343
11.0,94.0,-689.6250813632323,1310.0874039921823,1271.1927663026327,4,2143.167349253068,3525.1965875828814
11.0,95.0,-923.0374189413233,2705.6189229875476,1668.4001678798923,4,2719.409616455212,4473.030770793067
11.0,96.0,-432.3087590309333,712.7388873402496,594.5126051194857,4,1997.2481429753395,3285.1808518950797
11.0,97.0,265.35066476094016,756.9505267362143,668.3678849549788,4,2005.3650126144244,3298.5319143604206
11.0,98.0,-435.98932365954215,177.11741675388996,435.98932365954215,4,1936.6690665970063,3185.537138396808
11.0,99.0,30.49275865062006,49.19360835728431,34.61724134937994,4,1932.9282939122547,3179.3841148786933
12.0,1.0,206.36817777874603,433.70976579603473,369.11910783004987,4,1956.796837775542,3218.6443758222717
12.0,2.0,-304.2654222938363,2226.0881700309596,1888.8651338056006,4,2492.536068792351,4099.8569930604635
12.0,3.0,2671.5310818636945,6896.04158333336,5187.886952398959,4,5245.25466906864,8627.676166701696
12.0,4.0,-202.1823278347283,588.6090204210789,420.6507336727436,4,1976.9249033070187,3251.752097415238
12.0,5.0,1757.904941736343,2824.633951208875,1974.0502812221448,4,2779.258941339555,4571.4741498996755
12.0,6.0,-158.56575343020586,568.8403482408489,459.51731963427596,4,1974.0292436406103,3246.989161110529
12.0,7.0,-1110.9154871255105,2064.7701127129276,1941.6681622678752,4,2422.1146944418656,3984.0241400451596
12.0,8.0,-1637.1233088660247,771.8172896426458,1637.1233088660247,4,2008.1963918278996,3303.1891187289802
12.0,9.0,-135.93103686808536,2177.996293200987,1683.9978445066354,4,2471.201268705881,4064.764369757948
12.0,10.0,-673.9909675620884,1201.2547625127465,967.2238064232597,4,2111.0443590992377,3472.358970719827
12.0,11.0,313.92799964970254,1549.0579333075063,1142.8228137439964,4,2221.439178601655,3653.942289975031
12.0,12.0,71.04185851354794,491.56520022828346,395.0423287487448,4,1963.6241893225574,3229.8743697768527
12.0,13.0,-342.20610534191655,1061.9812975758578,928.6528613572918,4,2073.3798306280946,3410.4063344566507
12.0,14.0,873.0160299568133,725.1107997797212,873.0160299568133,4,1999.473585680373,3288.8413794000267
12.0,16.0,47.3486580211179,418.08491847708,361.8883937551377,4,1955.095722307204,3215.846289874313
12.0,17.0,564.0154225899146,1111.9346280394875,833.6975530763589,4,2086.4326234919718,3431.876268140645
12.0,18.0,-711.6815672450151,222.489325374292,711.6815672450151,4,1939.0081314444476,3189.3845576947965
12.0,19.0,-537.3054170715963,446.917893959657,537.3054170715963,4,1958.2823049360381,3221.0877518689313
12.0,20.0,-377.13306535536617,408.88547614620853,435.9431918341468,4,1954.1226804263315,3214.245778407384
12.0,21.0,-346.62800649654434,440.51634404130715,422.07550925738394,4,1957.556923447871,3219.894605497196
12.0,22.0,197.31201905587568,478.46764222027815,395.52404479645975,4,1962.0059699656497,3227.2126357984403
12.0,23.0,685.2818027737267,2098.1710065623456,1759.2155400659867,4,2436.4241359509547,4007.5610768110346
12.0,24.0,1883.9265114971508,4875.399722491664,4473.400940907535,4,3952.1845871480787,6500.765152552224
12.0,25.0,565.1705789777279,2181.4613753948283,1514.9262103106066,4,2472.7289883900908,4067.2772450214857
12.0,26.0,450.2693332366862,1131.1294081782528,741.477835253304,4,2091.5852009606915,3440.351503878217
12.0,27.0,24.173908022976775,212.35165330549478,157.38844731700522,4,1938.43968082211,3188.4495396269017
12.0,28.0,18.1040642802119,119.14845560797842,84.71117531920936,4,1934.4508164054773,3181.888441523786
12.0,29.0,967.168578541558,1062.6267744755362,1153.765920470933,4,2073.545180306201,3410.678310474399
12.0,30.0,11.159452504583669,501.4708280809825,393.4289953579612,4,1964.876148657479,3231.9336596296944
12.0,31.0,492.4988958912071,1122.8897918318903,1016.9843875864791,4,2089.3641439813855,3436.6981902501398
12.0,32.0,157.50967681649263,1071.9830720512311,837.5188951433674,4,2075.951742511644,3414.636753046507
12.0,33.0,645.1763232605308,4249.69549201074,3385.091995585607,4,3572.8080932598573,5876.74635060005
12.0,34.0,424.49287503637606,4688.7818707305405,3689.997802152562,4,3837.62159409974,6312.325797922248
12.0,35.0,-57.71764821903548,493.2091086628536,364.4756265565227,4,1963.8302870383015,3230.213370352101
12.0,36.0,-543.5950495161596,470.39511232443607,562.536422406579,4,1961.0297205050956,3225.6068483324384
12.0,38.0,2622.9005414196963,3300.0583710419264,3315.2613765358565,4,3029.883563768892,4983.714969105915
12.0,40.0,1789.274591709027,623.8684271924403,1789.274591709027,4,1982.3238108539983,3260.6325100754634
12.0,41.0,253.10482226550403,416.08822445596167,393.91091683634625,4,1954.8827302731977,3215.4959491546656
12.0,42.0,166.13190272215866,653.0814871387774,510.1284887723348,4,1987.0227724605052,3268.361614116832
12.0,44.0,3.762290831065002,917.7984683353071,663.0816292013469,4,2038.670841036937,3353.315127039814
12.0,45.0,139.0,2733.130726421601,139.0,1,2733.130726421601,4495.599988287083
12.0,46.0,523.8427467269858,1050.0468773994805,878.8378788428427,4,2070.3383796430803,3405.4035927727546
12.0,52.0,-175.5107280260911,678.6597086838473,514.5422843855517,4,1991.3039155162521,3275.403467799575
12.0,54.0,41.370000000000005,29.394428043423467,41.370000000000005,4,1932.7270371304207,3179.0530769311454
12.0,55.0,-340.5488155378398,943.8479155823736,770.6009958571813,4,2044.6090647675242,3363.0826358807194
12.0,56.0,74.0283191488287,263.28134909815293,225.40900854081727,4,1941.5613094224982,3193.5841617522456
12.0,58.0,1711.8576703513259,3159.7270354476273,2605.055564870859,4,2954.139342198377,4859.126811535037
12.0,59.0,-16.240852567683348,47.48040981108009,41.11312406815394,4,1932.906872695332,3179.3488801123444
12.0,60.0,-23.157487878351695,98.01960124576908,80.41046120377365,4,1933.85772614459,3180.912894857056
12.0,67.0,-143.26285388376368,433.6712495478825,273.6339484150069,4,1956.7925695374931,3218.6373551954366
12.0,71.0,157.4951103866524,523.6458466171382,430.7692781521264,4,1967.7663149354457,3236.6875601145007
12.0,72.0,-137.89195305124485,4311.422288766842,3164.0431672370305,4,3609.5959413614,5937.2569759776125
12.0,74.0,734.6156073176253,1737.339746506166,1517.8429248865432,4,2290.016698901995,3766.742272968384
12.0,79.0,41.92061704188018,1561.3498719205272,1302.249603506054,4,2225.737741767448,3661.012797188966
12.0,80.0,274.275,44.563127882439595,274.275,4,1932.8721427032538,3179.2917543589106
12.0,81.0,158.9922049648601,270.7419313818395,214.1473631762035,4,1942.0742469223774,3194.4278688593213
12.0,82.0,273.06804087706087,1021.0094746018124,605.623649766419,4,2063.0637308305018,3393.4378602885868
12.0,83.0,122.51953868122251,76.84728091743307,122.51953868122251,4,1933.3790461642889,3180.125536355308
12.0,85.0,-248.25908325544282,174.42382279425425,248.25908325544282,4,1936.5468284640099,3185.3360745603973
12.0,87.0,365.87675370399666,2284.8780586438693,1639.5939929299948,4,2518.994969286565,4143.378011503519
12.0,90.0,-36.91779158027248,896.8226048188081,672.1409308932266,4,2033.9978309014812,3345.6287093697283
12.0,91.0,-239.4957455238041,231.3246591373263,255.357413406864,4,1939.525027633682,3190.2347762664162
12.0,92.0,9.154589647010653,1937.992642149755,1632.2657790699395,4,2369.157977925539,3896.9180928118385
12.0,93.0,128.22414978169857,113.40119141598119,128.22414978169857,4,1934.2780821180331,3181.6043189045845
12.0,94.0,7.19,2.1147340258292533,7.19,3,2066.0530931892986,3398.3549238067258
12.0,95.0,-527.845765647302,1826.977135916367,1485.2626372790892,4,2324.6342747700164,3823.6831181911666
12.0,96.0,-2.7516648155761985,19.27682271558095,12.736664815576198,4,1932.6633389708459,3178.9483027823385
12.0,97.0,199.82674618451745,267.8597101461545,217.9095444225935,4,1941.8744027394575,3194.0991544302206
12.0,98.0,-198.7737076489882,70.22853333735911,198.7737076489882,4,1933.2531668931238,3179.9184833795744
13.0,1.0,-204.70707556559682,498.99067290165675,365.9845197369232,4,1964.560416397612,3231.4143262769066
13.0,2.0,2063.6999051561725,4112.454728113809,3376.810365293888,4,3491.5818376844254,5743.141049513114
13.0,3.0,13777.438517342955,55701.71663714472,46564.592174781865,4,39434.44712362831,64863.89337812608
13.0,4.0,837.362329223648,2648.389362473546,1560.4766958838845,4,2691.0936236939906,4426.455107399041
13.0,5.0,9826.29971191959,20397.348783431527,13242.20966987823,4,14552.007438162364,23935.922214086164
13.0,6.0,-4.041479289222025,1250.719052581495,903.4783479136513,4,2125.358995111205,3495.9044516826016
13.0,7.0,2319.0809846420652,3368.8122809202964,2597.125869772275,4,3067.482661058517,5045.559980652855
13.0,8.0,255.18647350026185,504.9403322460488,426.0237467492898,4,1965.3203691559575,3232.664337327783
13.0,9.0,-813.4508022694336,2091.8750227952933,1838.9029251164447,4,2433.7157474430614,4003.106174150633
13.0,10.0,409.70120068695906,2416.8336664992194,1828.359715277289,4,2579.8341554481685,4243.449567522208
13.0,11.0,444.4397665907936,1627.7620052570314,1234.6603958218811,4,2249.4013329626464,3699.935940993085
13.0,12.0,-208.84235275367064,622.687258615546,382.0311373295326,4,1982.1381119578944,3260.327062572686
13.0,13.0,1435.1188817301354,3141.9552355866076,2734.923168226813,4,2944.6465212432513,4843.512510556997
13.0,14.0,1906.5416698690378,1796.075200661447,1906.5416698690378,4,2312.5623985247325,3803.826648765002
13.0,16.0,-1478.1450428831477,686.7761440170441,1478.1450428831477,4,1992.6947884335912,3277.691250162289
13.0,17.0,1211.7253057334929,1289.1391279916534,1211.7253057334929,4,2136.806408993214,3514.733771925639
13.0,18.0,-738.6447163763501,2733.130726421601,738.6447163763501,1,2733.130726421601,4495.599988287083
13.0,19.0,-493.6068957929706,637.2380934883184,514.2791105912943,4,1984.4490363199675,3264.1281948912524
13.0,20.0,1265.5106174280395,1370.8378388266765,1460.2455266080656,4,2162.0823236025103,3556.308951745256
13.0,21.0,153.43674492053333,213.38112076342716,180.54035905407454,4,1938.496204588511,3188.5425129490754
13.0,22.0,1791.1807203436715,1358.111204627123,1791.1807203436715,4,2158.062743740738,3549.697331230798
13.0,23.0,1415.2754834464113,3449.783869577765,2527.5105493069723,4,3112.1545844084294,5119.0387557978565
13.0,24.0,3306.024095106229,4589.090222609021,4213.699431472924,4,3776.887120298645,6212.426478409528
13.0,25.0,1957.1817064371025,717.5866939907278,1957.1817064371025,4,1998.1158914215175,3286.6081710740573
13.0,26.0,173.19500819562745,1086.981459065417,721.77050155095,4,2079.847621829764,3421.0449042730816
13.0,27.0,606.3990426125271,684.5255206677431,618.7899113947807,4,1992.3075510768053,3277.0543013914885
13.0,28.0,-75.86743376829963,140.01832802791225,113.75347891219161,4,1935.1496970381388,3183.0379978672254
13.0,29.0,338.86253442931206,589.1186906488074,584.9841430808353,4,1977.0008092286703,3251.876951545774
13.0,30.0,178.01358554530634,744.9430112263625,475.97595202554385,4,2003.1155305779132,3294.831845673903
13.0,31.0,1163.2055809088995,2593.035859635023,2007.786777030148,4,2664.0043672132942,4381.897245625349
13.0,32.0,466.15311135145294,496.79422656768753,466.15311135145294,4,1964.282066209033,3230.95648095966
13.0,33.0,2695.5712307693743,3662.9064263965442,3013.1747685803543,4,3231.631712946803,5315.561144011947
13.0,34.0,2023.5159332873436,3204.06214116974,2513.2093281474345,4,2977.920228295839,4898.242888284567
13.0,35.0,-500.97850300723655,203.70768421365077,500.97850300723655,4,1937.9757981354614,3187.6865205072877
13.0,36.0,-966.4262575508681,280.5854110037603,966.4262575508681,4,1942.7727273896473,3195.5767669892653
13.0,37.0,44.71748793965719,117.10171980259204,100.83651464467164,4,1934.388324573248,3181.7856516068887
13.0,38.0,694.4795307588283,7240.562531043963,5263.165582103087,4,5472.465136191716,9001.404127630425
13.0,40.0,588.0329715522748,1859.6950383994267,1644.6280878102698,4,2337.570234619413,3844.9608786675453
13.0,41.0,125.059821731336,905.6568702601587,710.4884467134817,4,2035.954068042707,3348.846433126651
13.0,42.0,49.09968148481289,245.89838673537758,189.71309650431635,4,1940.4212924399858,3191.709000683774
13.0,44.0,159.329636003622,127.98143401602434,159.329636003622,4,1934.7329034213828,3182.352433375014
13.0,45.0,19.598802937897997,24.64231260933077,24.201197062102,3,2066.115610150454,3398.457755057028
13.0,46.0,-549.8637924880004,1758.1498192959104,1376.2985848108638,4,2297.9441197296455,3779.7817198691155
13.0,48.0,-182.53077412905355,479.39141656523253,371.2079668608635,4,1962.1187142966514,3227.3980837202066
13.0,49.0,10.755023497598131,2756.2401768228615,1935.243758671955,4,2744.709773367886,4514.645825653321
13.0,50.0,222.56666661164502,931.5661650417258,732.4303762304318,4,2041.7907688546857,3358.446951626665
13.0,52.0,-321.34287535128055,186.46697967927344,321.34287535128055,4,1937.107831564957,3186.258842545721
13.0,54.0,28.293333333333333,19.94938929725252,28.293333333333333,3,2066.093906220123,3398.4220552685038
13.0,55.0,-180.14401391334286,2753.160414730553,1989.2194413575917,4,2743.1638519189096,4512.10301115099
13.0,56.0,254.11857244913807,373.73642552555134,316.88460836678445,4,1950.6002260169157,3208.451856496285
13.0,58.0,1857.1139031739426,2996.660586922301,2563.1645230062836,4,2867.9241831787826,4717.315494523459
13.0,59.0,-17.173282676910517,229.24674951583185,175.72340541332113,4,1939.4016654465165,3190.0318635254284
13.0,60.0,146.43007231342793,255.60383710260228,259.7097189314553,4,1941.048284980495,3192.740311638102
13.0,67.0,217.35522684736452,514.9904350429222,417.3425068874699,4,1966.6238475996836,3234.8083685735987
13.0,71.0,-270.6995610040658,736.8486532729271,647.6255720956005,4,2001.6180336842485,3292.36868247701
13.0,72.0,-1094.1825654959703,5739.520419750441,4496.85397672127,4,4495.113914932643,7393.804426536989
13.0,74.0,2958.839860398666,1743.35725386387,2958.839860398666,4,2292.3021269358937,3770.5014675590787
13.0,79.0,1480.9607012252436,3052.6062793536803,2834.465619889821,4,2897.275329034107,4765.5938332387705
13.0,80.0,627.9013480310896,436.3983190553788,627.9013480310896,4,1957.0956875666848,3219.1359399851467
13.0,81.0,415.3834438860231,1228.3636187725576,1030.4991039266115,4,2118.8299539644377,3485.1651346718263
13.0,82.0,1018.7184675107574,1982.94747604355,1895.7581133454287,4,2387.6855174475295,3927.3931833930715
13.0,83.0,57.49353707815021,440.4875338053334,295.20791423342575,4,1957.553681913701,3219.8892736479597
13.0,85.0,-625.4621937210283,341.82351186579103,625.4621937210283,4,1947.6712865591735,3203.6341798060967
13.0,87.0,455.79489415922035,1298.7569119037971,942.5309021961093,4,2139.716462983794,3519.5203847866687
13.0,90.0,-1485.682410169582,4244.470926665876,3412.200324313453,4,3569.7014591574566,5871.636392229105
13.0,91.0,-104.59412744950168,2791.2769274849366,2218.3579659000934,4,2762.3568246716077,4543.672641995246
13.0,92.0,1011.4816120232208,5819.951557690488,4761.6137625298215,4,4546.528329482497,7478.373612786902
13.0,93.0,60.796040061610256,1478.8399071876413,1117.4529120695734,4,2197.3815143029465,3614.37095359732
13.0,94.0,-5192.308169659711,3302.1259420124366,5192.308169659711,4,3031.0096753904786,4985.5672578910335
13.0,95.0,-2063.501980695626,4460.504093308889,3685.8807561700814,4,3699.0607141634773,6084.413432005498
13.0,96.0,-61.7369572110897,352.6418747357984,253.2465343181707,4,1948.6354019578737,3205.2200085164486
13.0,97.0,255.37215538360215,1060.4791681299357,792.8994633587245,4,2072.995373095105,3409.773958089104
13.0,98.0,-291.4238350302944,1174.7625410841986,952.408429778046,4,2103.5767867663485,3460.075907283552
13.0,99.0,30.783793994637538,41.758738703202674,30.783793994637538,4,1932.8408315182023,3179.2402520426144
14.0,1.0,-1174.5837361142057,742.8771636681807,1174.5837361142057,4,2002.7318901951842,3294.200813398926
14.0,2.0,-516.3972215582071,3700.685074887798,2709.278954373196,4,3253.0811234280013,5350.842284637918
14.0,3.0,-1936.0678833534075,5059.184887719554,4222.61370839403,4,4066.0395531671716,6688.039906355166
14.0,4.0,-1845.57294227682,3218.2545727973034,1912.1386693570385,4,2985.5624313553235,4910.813193704859
14.0,5.0,2562.208789031287,4860.547287558038,3211.2197882921937,4,3943.026978242583,6485.702226329817
14.0,6.0,-248.92144727566358,747.3321936782056,652.073660511912,4,2003.5604527213234,3295.5636774752024
14.0,7.0,157.64320491488797,857.273013775364,640.6494104769317,4,2025.453108301617,3331.573891410048
14.0,8.0,-2413.0045102541226,4077.3589237996375,3088.935549707454,4,3470.9407486442637,5709.189479341176
14.0,9.0,-2411.7659167812667,2380.9930453897123,2411.7659167812667,4,2563.1164087789734,4215.951321278927
14.0,10.0,-1066.6239065509421,2056.916973331684,1760.7486399438671,4,2418.7714859913744,3978.525051499714
14.0,11.0,-10.890510123734202,2874.299409343311,2143.59106549999,4,2804.6034177991346,4613.162103927401
14.0,12.0,-270.4049052669095,346.9156926347017,321.78970147152427,4,1948.1214111941385,3204.374568944499
14.0,13.0,-1931.2212796120439,1987.2399617557041,1931.2212796120439,4,2389.4692123261057,3930.3271003834725
14.0,14.0,-537.719184229918,1418.4178905377814,1164.00705055875,4,2177.3737483385253,3581.461107183545
14.0,16.0,-127.88005076902846,2158.613429374654,1471.6093649104096,4,2462.6830394090985,4050.753129403931
14.0,17.0,159.81198844429855,2593.433307101927,1999.1045366014187,4,2664.1978047899806,4382.21542212495
14.0,18.0,-1391.4344421415803,419.038423126309,1391.4344421415803,4,1955.1977863845452,3216.014170342109
14.0,19.0,53.74596797842281,501.15406144333946,390.3151917527418,4,1964.8357388101203,3231.867191345702
14.0,20.0,-25.51107174644585,1264.7237935191654,1089.1922298788686,4,2129.4987487203857,3502.713740421348
14.0,21.0,-307.4530033394999,838.6713545810834,677.0515651198934,4,2021.555491286937,3325.1628819269836
14.0,22.0,882.6152672225871,781.8348992918518,937.3619515048158,4,2010.1330027464064,3306.3745602222803
14.0,23.0,-795.8180242306007,1504.164303961753,1298.0849043140333,4,2205.9594081739824,3628.480333442698
14.0,24.0,-35.74723245867699,607.8181578350187,509.74049963316793,4,1979.8290937229688,3256.5290655542713
14.0,25.0,-810.7858725227534,622.0989110106697,810.7858725227534,4,1982.045738976592,3260.175122539358
14.0,26.0,-3.3043413899956704,617.8415031319661,460.8414634920807,4,1981.3797832195417,3259.0797227969847
14.0,27.0,136.58063276409945,516.5217594592228,443.53843324520386,4,1966.8246357650596,3235.1386357156666
14.0,28.0,93.01331297319503,143.60680130279619,122.48658797439977,4,1935.2811786779575,3183.2542659193587
14.0,29.0,49.597880860468194,713.253933020027,534.5338845144538,4,1997.3400737829306,3285.3320646173747
14.0,30.0,-486.80765373731583,627.5051515935661,605.1561821581677,4,1982.8976628896326,3261.57641267761
14.0,31.0,50.59449245752171,565.5651258168211,409.028719583044,4,1973.5586486408336,3246.2151012183213
14.0,32.0,-353.1645825196647,835.0066900010485,789.6267975533901,4,2020.7968403647576,3323.915012206047
14.0,33.0,-153.4907459126748,873.864392376369,697.4699012689039,4,2028.9951384827402,3337.4000126002397
14.0,34.0,-224.2443085613013,1230.4826327897738,884.219211951593,4,2119.4446297682703,3486.1761863971597
14.0,35.0,-421.0217166619376,682.2903295317819,557.3895168286164,4,1991.924152858544,3276.4236674416147
14.0,36.0,365.9140309948565,428.058508352851,378.348869713436,4,1956.1745390280407,3217.620785470397
14.0,38.0,531.1376719903237,12012.239808717484,9500.40419309906,4,8711.024876265907,14328.360862190475
14.0,40.0,10836.70104004126,21164.767217369536,17819.427313950044,4,15090.019465414052,24820.87324845462
14.0,41.0,-112.6915308582926,708.3462497390236,459.92673038857845,4,1996.4666259706432,3283.895370815381
14.0,42.0,-139.2536013853362,561.9801474952044,433.53778419994046,4,1973.046534409237,3245.372748267066
14.0,44.0,-263.3988092297344,885.2473428263122,555.1491338990767,4,2031.4608568331948,3341.455758372026
14.0,46.0,-279.39960537153274,845.1439446987632,697.7710174422136,4,2022.9028467737712,3327.3790844862956
14.0,49.0,716.9113054610634,1379.7871551225858,1150.7916865486632,4,2164.92680720979,3560.9877109234935
14.0,50.0,195.30877457732817,417.96768736310315,348.82218916918356,4,1955.0831894563373,3215.8256751691088
14.0,51.0,7.173333333333333,4.501081351556904,7.173333333333333,3,2066.0547306413832,3398.3576171757263
14.0,52.0,-76.02678636874276,267.819676281986,215.42873208993848,4,1941.8716418334216,3194.0946131439136
14.0,54.0,23.858708769169738,21.552938026760636,23.858708769169738,3,2066.1008085712783,3398.4334086258364
14.0,55.0,362.63231671444623,2375.541386330227,1605.212516429415,4,2560.58591399289,4211.7890277520555
14.0,56.0,-56.72946217635496,527.3856982712666,343.23237956684756,4,1968.265637871441,3237.5088732567924
14.0,58.0,1069.8071362314445,5756.296581052263,4174.245063160528,4,4505.8269993833455,7411.425882351565
14.0,59.0,30.69397636467813,106.7785344623855,89.2268945427104,4,1934.0896079463075,3181.294306479635
14.0,60.0,74.15385070264028,103.15057287135039,89.70046661421361,4,1933.9911592860963,3181.132372843818
14.0,67.0,-390.134748575869,506.756754172835,511.4752322552488,4,1965.554117241453,3233.048818714003
14.0,71.0,-338.2845562753887,2414.3422183886582,1848.070858983629,4,2578.6674771288112,4241.530552457128
14.0,72.0,4839.989712447221,6656.761216093953,5472.33124230202,4,5088.343220332259,8369.57980113745
14.0,74.0,-243.377959073664,1292.8167348324582,916.6210204674962,4,2137.917056105396,3516.560623856375
14.0,79.0,-482.62081916256193,3422.838031472327,2675.590422798242,4,3097.242625094394,5094.510765435213
14.0,80.0,-1675.816522146346,1670.642147993279,1902.8854757286408,4,2265.066086713748,3725.7021680158864
14.0,81.0,-3399.261100857452,5207.180773574706,3399.261100857452,4,4158.409261748773,6839.974556536064
14.0,82.0,-2560.962538700913,5740.228833833668,3780.056610733167,4,4495.56618416887,7394.5483432305555
14.0,83.0,-61.85898706050648,2051.2275173544517,1564.0751405338515,4,2416.35447478862,3974.549421856481
14.0,85.0,284.15674745125796,571.2446348631512,459.6773100097688,4,1974.376357304985,3247.5601122803405
14.0,87.0,-96.12869766356926,1225.7135547703488,939.5151861085487,4,2118.0624738257407,3483.902742182077
14.0,90.0,-7281.561570807735,9148.422726778299,8057.007612856312,4,6751.431031845898,11105.115819844446
14.0,91.0,-3502.0528880247693,4308.335571056744,3502.0528880247693,4,3607.7526911183027,5934.225099129874
14.0,92.0,-15507.460004754677,24691.91102643734,15633.453770906832,4,17566.45202801647,28894.242330951933
14.0,93.0,-4555.901163956332,5267.979270915906,4700.692687584367,4,4196.522915850071,6902.665938720957
14.0,94.0,-4394.292470823559,3640.201643859102,4394.292470823559,4,3218.778617400114,5294.419683184423
14.0,95.0,-16609.222474233877,21789.86563133706,16609.222474233877,4,15528.493935334389,25542.09957062871
14.0,96.0,1.98,2733.130726421601,1.98,1,2733.130726421601,4495.599988287083
14.0,97.0,-1286.652472028556,3388.533915036033,2458.9636770839043,4,3078.3246791931556,5063.393513505089
14.0,98.0,-714.823976094513,1660.136386518849,1325.5063703922838,4,2261.2006091403887,3719.3440232094467
14.0,99.0,237.35357845947362,732.2582424242548,422.7514215405263,4,2000.7755622892998,3290.982940347426
15.0,1.0,-598.1068783196251,375.409223505797,598.1068783196251,4,1950.76083270132,3208.71603098364
15.0,2.0,-1255.9017391375537,1496.1117485575069,1703.8976403460974,4,2203.2196817250965,3623.973884456393
15.0,3.0,535.6738424723189,2382.3102619665046,1926.8544226508056,4,2563.7283155573236,4216.957818362652
15.0,4.0,-616.4512632084347,483.98286317444257,641.1119788247693,4,1962.682218235596,3228.324965217981
15.0,5.0,87.60311658992305,3344.241847121824,2399.0284519344905,4,3054.010240630396,5023.399821047845
15.0,6.0,-486.40672085880374,681.6982645270698,656.2081928696643,4,1991.8227947748123,3276.2569482299677
15.0,7.0,1129.5390650392992,702.5819866287359,1129.5390650392992,4,1995.4479466582245,3282.2197924536486
15.0,8.0,119.17253116776283,820.2746681480413,632.2148255097864,4,2017.7777502633,3318.949050902571
15.0,9.0,-845.080469466734,1978.4907643315908,1366.6488541025928,4,2385.8362550953984,3924.351417505984
15.0,10.0,-209.045451351486,794.228089534166,583.6468464612717,4,2012.5607849099813,3310.367906519484
15.0,11.0,-1088.626721173252,563.585153813325,1088.626721173252,4,1973.2754234151726,3245.7492371786484
15.0,12.0,-22.142575871733015,173.89963058841394,128.3755125237351,4,1936.5232569257535,3185.297302830203
15.0,13.0,-284.72239541200906,756.8512756321692,694.6215081151586,4,2005.3462819592917,3298.5011051743904
15.0,14.0,-739.5613496139499,1835.8410253495192,1508.4235673209937,4,2328.1232611339806,3829.4219900663174
15.0,16.0,300.9349515992644,1953.020211330949,1462.3267160723872,4,2375.320137747442,3907.0539437447505
15.0,17.0,-258.52788990286354,1781.2352827574646,1404.6897332768403,4,2306.816280097955,3794.375125029824
15.0,18.0,-1101.4013540749347,1452.3637188956147,1101.4013540749347,3,2274.3317821389833,3740.942880742312
15.0,19.0,-122.62514373181307,253.34288492504646,217.03367637726706,4,1940.900072782215,3192.4965242662024
15.0,20.0,-238.14190701020812,140.36452723668452,238.14190701020812,4,1935.1622371543228,3183.058624522813
15.0,21.0,-219.8838547896289,409.7723476718142,306.81599141453785,4,1954.2155644434852,3214.398559019885
15.0,22.0,260.79355645349096,525.6887562892842,518.4846542948208,4,1968.038647511634,3237.135507340181
15.0,23.0,-689.7312522272341,2023.5513565405536,1731.6418484818614,4,2404.658360377518,3955.311025646141
15.0,24.0,27.299855303685263,926.4640517608193,660.0307610797815,4,2040.6297075798616,3356.5371757776575
15.0,25.0,213.3651993779929,522.3120430955861,436.86005205383003,4,1967.5890625423483,3236.3960058728285
15.0,26.0,-263.25936409079293,1124.5107738702618,865.8381830415509,4,2089.7999962030053,3437.415103357686
15.0,27.0,-126.09720966304263,211.228217364318,191.26655454070323,4,1938.378307699606,3188.3485898237536
15.0,28.0,-56.90037609925676,48.53292670983118,61.323493025426075,4,1932.9199430763929,3179.370378976038
15.0,29.0,-258.6608324131587,594.5308647064874,457.53149929895903,4,1977.8107236030592,3253.2091421420077
15.0,30.0,-384.1928029845259,225.35623653029634,384.1928029845259,4,1939.1736643546094,3189.656835102456
15.0,31.0,516.3731395687765,811.0876835510215,636.46835124142,4,2015.9199882582184,3315.8933043304996
15.0,32.0,-175.34341166416266,627.8291410386623,511.23104878062236,4,1982.94894009493,3261.6607561747232
15.0,33.0,503.70776887560305,476.97473221119526,503.70776887560305,4,1961.824210126612,3226.913667467965
15.0,34.0,-642.1067481393607,1507.6389591992574,1274.3020108331998,4,2207.145078943078,3630.430588307615
15.0,35.0,-338.4340493471417,323.8817769531533,382.8898193397131,4,1946.1375816154675,3201.1114596667685
15.0,36.0,51.28306641147506,200.91065175489226,152.32827874375343,4,1937.8297987308435,3187.4463728570695
15.0,38.0,-816.0760056473864,9932.408138288964,8290.141485614206,4,7284.323406921836,11981.645775762887
15.0,40.0,346.5872286057702,960.4856815565033,684.7646130726307,4,2048.4794741691862,3369.4488928228307
15.0,41.0,733.4331372244661,457.4216853323286,733.4331372244661,4,1959.4945988598868,3223.081797926505
15.0,42.0,-292.15982151409014,275.46556197895035,345.9396319564072,4,1942.4063482631857,3194.9741269542656
15.0,44.0,59.25984660654751,264.40391745844244,189.1629362666198,4,1941.637581949479,3193.7096188948867
15.0,46.0,-947.5789947666112,740.0313226707035,947.5789947666112,4,2002.2050252463682,3293.3341976769525
15.0,49.0,541.3100263146516,700.6729549694381,751.6872500638947,4,1995.1122972824703,3281.6676983605553
15.0,50.0,-79.97561186012592,753.8647635366425,627.1995939147088,4,2004.7837351460166,3297.575798008245
15.0,52.0,51.7368159573781,245.25848938728535,187.21655231367356,4,1940.3807995244647,3191.642395764813
15.0,54.0,28.92,0.0,28.92,2,2231.591893351749,3670.6420196551276
15.0,55.0,-226.69694347988764,1539.9463412234668,1112.0112478758465,4,2218.2694044634673,3648.728475487216
15.0,56.0,405.5675897926228,398.203020810487,454.8366541651617,4,1953.0193564699334,3212.430971996
15.0,58.0,-149.77998638981046,260.4084043563354,269.2300261945504,4,1941.367572713792,3193.2654932242567
15.0,59.0,-26.313327742890827,59.64595754931788,51.1495923977614,4,1933.075426355868,3179.626126212213
15.0,60.0,26.107964011248846,95.6082568077766,71.56560709393924,4,1933.7973661270319,3180.8136114632525
15.0,67.0,-188.44377096470055,489.49616473933963,384.94433324970316,4,1963.3657406357572,3229.4492595169886
15.0,71.0,-508.27636454408344,687.8833207369509,678.3833485214129,4,1992.8857256072115,3278.005313864838
15.0,72.0,-3738.050267854873,5092.157417855775,4770.2549046123695,4,4086.5676756866183,6721.805663135781
15.0,74.0,-143.32304250418792,882.8652111506971,635.10823395328,4,2030.9424596440483,3340.603070875257
15.0,79.0,412.5234384765772,293.809687496635,412.5234384765772,4,1943.7499453603516,3197.1841475127003
15.0,80.0,-13.121932156501382,33.22783009710247,19.443279578240897,4,1932.758088380803,3179.1041516929577
15.0,81.0,-49.36043008278557,165.1075092207071,129.72581403218078,4,1936.1384322035105,3184.6643224900813
15.0,82.0,-383.17594487096494,514.7993512943902,485.8519494345169,4,1966.5988329858983,3234.7672231953875
15.0,83.0,54.692462757603465,41.52023980017232,57.398241804999316,4,1932.8382625071004,3179.2360263953856
15.0,85.0,-117.35276583769826,727.7155849875699,473.3925035721419,4,1999.9466918325186,3289.6195697703165
15.0,87.0,554.8044039838323,1256.4906066594244,1189.2027170378997,4,2127.0604378264898,3498.703075903888
15.0,90.0,-189.88130889840545,19.575785881199504,189.88130889840545,4,1932.6648414951226,3178.9507742148444
15.0,91.0,-284.9805710514296,143.78691933205928,284.9805710514296,4,1935.2878656521455,3183.265265013105
15.0,92.0,-139.74037446145485,858.3196324838153,680.3192384807171,4,2025.6747220638633,3331.938413610661
15.0,93.0,-42.82811312280754,47.97679720816517,43.04475223790584,4,1932.91300124711,3179.3589606829646
15.0,94.0,-78.36066079472478,131.0811041314544,80.36066079472478,3,2067.8339612268,3401.284191057332
15.0,95.0,-1070.1643019157136,749.7282030289421,1070.1643019157136,4,2004.0079772953593,3296.299789893955
15.0,96.0,-175.55430509463713,625.3116015084933,539.0218165350782,4,1982.5511552909531,3261.0064583971557
15.0,97.0,-271.56596728882363,126.04496025976826,271.56596728882363,4,1934.669338636031,3182.2478786072816
15.0,98.0,-60.700998067131145,88.48733565473573,93.64962294551555,4,1933.62788254115,3180.534835772306
16.0,1.0,-425.33930911992593,363.63429112252317,425.33930911992593,4,1949.6452838131927,3206.881116348962
16.0,2.0,-1552.5266238927707,804.7940056104798,1552.5266238927707,4,2014.6584027045913,3313.8181807569067
16.0,3.0,-883.9713082122098,2592.988483980497,2011.6564999108905,4,2663.981310535544,4381.859320765326
16.0,4.0,-552.2891709352116,645.1050415063323,594.9960010970653,4,1985.7195273107875,3266.2179666055117
16.0,5.0,1106.4622184817613,1810.465014783905,1448.0741146239893,4,2318.1659924891437,3813.0437406213273
16.0,6.0,-405.7552320357463,1589.7734703519545,1234.4906773241448,4,2235.775397344819,3677.523271371494
16.0,7.0,-102.48694817855267,818.8377729841915,545.549266464559,4,2017.4859189317256,3318.4690310783726
16.0,8.0,9.473960548904415,611.0318532970924,427.5597461161801,4,1980.3236469644992,3257.3425332473234
16.0,9.0,1807.0890087871385,7118.755824593988,4922.548427027629,4,5391.970329012424,8869.00195209081
16.0,10.0,-166.3931417372737,1171.79500000014,961.2667363691994,4,2102.7490446716647,3458.714392696931
16.0,11.0,-518.839765344484,1145.944998877777,1069.2090506977388,4,2095.6136939048256,3446.9777851085246
16.0,12.0,-127.85349265631953,430.3292404968527,353.1021855265583,4,1956.4236278138314,3218.030500063138
16.0,13.0,281.0514237847492,498.02811010522066,470.1796561424999,4,1964.4382869111525,3231.213441148146
16.0,14.0,-611.2391177757418,1522.3063676513377,1342.8213976534903,4,2212.173167351697,3638.701057763165
16.0,16.0,925.126309734397,953.0783297950205,996.8399628876521,4,2046.748869602074,3366.6023016237973
16.0,17.0,374.6129693774344,704.8466910535678,601.7946477501866,4,1995.8472418498154,3282.876574597761
16.0,18.0,-69.37892381140934,127.89272903948448,75.31892381140933,3,2067.7483931376373,3401.1434440755215
16.0,19.0,365.8851412596412,115.58906609636463,365.8851412596412,4,1934.3428341313877,3181.710826488603
16.0,20.0,138.26256783846952,168.17503819450675,146.47071736653038,4,1936.2704371008706,3184.8814512242793
16.0,21.0,-540.583262728972,297.04338474788057,540.583262728972,4,1943.9956713084969,3197.588330729743
16.0,22.0,615.2552895848974,847.243894686788,817.9451133026862,4,2023.3420107329737,3328.1014449174163
16.0,23.0,-451.10468053091927,954.0344335301168,615.4273270666504,4,2046.9715762646779,3366.9686214855274
16.0,24.0,82.81121221494527,427.0715274343483,279.58272289287993,4,1956.0666728482156,3217.443361393286
16.0,25.0,-199.42974835359223,618.7224837124078,447.89084029117544,4,1981.5172317647302,3259.3058055350575
16.0,26.0,-186.70580955542067,492.0535484393029,356.36061788728665,4,1963.685344224168,3229.9749606385726
16.0,27.0,70.12979581683035,113.93988124612419,100.65213697126674,4,1934.2939104810637,3181.6303542449236
16.0,28.0,26.40084094063343,46.640676236152835,42.07788794683979,4,1932.8966501587242,3179.3320655359285
16.0,29.0,-73.59743736038513,140.9752954567139,117.82427254557876,4,1935.1844358663823,3183.0951381548575
16.0,30.0,-25.288043165701197,204.6183667020894,157.70681402478806,4,1938.0237671016446,3187.7654224352955
16.0,31.0,-269.00784840690824,256.39008937501956,319.71638061910255,4,1941.1001320951477,3192.8255925526855
16.0,32.0,-453.9244722741216,691.7016414427546,511.1671944757534,4,1993.5464289156234,3279.0920740980187
16.0,33.0,90.99966795493026,504.8201124134436,391.9003817276533,4,1965.304927181402,3232.638937539928
16.0,34.0,61.519835977336015,435.4873426197557,341.13868965594406,4,1956.9942249904425,3218.969048898615
16.0,35.0,-324.3546956619158,135.63784164621836,324.3546956619158,4,1934.993694020256,3182.7813957374456
16.0,36.0,-378.4649755736958,288.3676113823463,378.4649755736958,4,1943.342410256647,3196.513811919262
16.0,38.0,-2466.6002132624,8210.158060622989,7258.471154922239,4,6118.688542004835,10064.347040503068
16.0,40.0,-1334.92376384416,995.560018814532,1356.2956439098862,4,2056.835350577661,3383.193086439668
16.0,41.0,-277.5683721161725,517.2819888789259,447.28952848753767,4,1966.9245313087645,3235.302949263046
16.0,42.0,-20.480155042755882,480.85953930723,377.4820097654457,4,1962.2983290331558,3227.6935236709996
16.0,44.0,-41.440843270720734,720.4374073572708,486.4590926001206,4,1998.6287331104713,3287.451720586185
16.0,46.0,-1374.1755525081376,468.597425545796,1374.1755525081376,4,1960.8145137847712,3225.252864777968
16.0,48.0,95.52584089789652,417.49910980291787,263.88356353879163,4,1955.0331294374653,3215.7433337655016
16.0,52.0,-34.594230708688144,453.23789368641746,385.9594285185988,4,1959.0084425524012,3222.2821419608717
16.0,54.0,38.92,34.15796246850798,38.92,3,2066.1736398487033,3398.5532054166642
16.0,55.0,-246.49959273153695,1738.453287841074,1466.5311082292649,4,2290.4391938791246,3767.437215363884
16.0,56.0,198.70917826816907,380.65313810533513,289.0701712291206,4,1951.2688665659723,3209.5516723285277
16.0,58.0,367.7865238545351,2733.130726421601,367.7865238545351,1,2733.130726421601,4495.599988287083
16.0,59.0,5.563527308611266,2.480503682571845,5.563527308611266,3,2066.0532675173918,3398.355210550922
16.0,60.0,4.457501789648898,31.86756494241443,22.050368469577062,4,1932.7466348962075,3179.08531238728
16.0,67.0,83.83322178938556,382.0588199392885,244.99867967991895,4,1951.4062249571807,3209.777606776499
16.0,71.0,140.22954479762893,433.8508427329357,378.6924747126109,4,1956.8124745935604,3218.6700960991034
16.0,72.0,-2575.568841216702,332.7036324376313,2575.568841216702,4,1946.8815160079803,3202.335122850507
16.0,74.0,-667.1550516992006,1594.8316264111452,1276.2253832100855,4,2237.5758628827634,3680.4847736417832
16.0,79.0,-688.6408247855063,426.88632724331217,688.6408247855063,4,1956.0464595833546,3217.410113531267
16.0,80.0,260.48001444520014,137.5557016158299,260.48001444520014,4,1935.0613864625705,3182.8927398967035
16.0,81.0,-420.7606910717162,201.5977125411472,420.7606910717162,4,1937.8654759053443,3187.5050565869465
16.0,82.0,-806.758947061694,420.2317971813672,806.758947061694,4,1955.3258463836853,3216.224810296162
16.0,83.0,111.94465952159624,67.3583244032807,111.94465952159624,4,1933.2020990543497,3179.834484259746
16.0,85.0,-442.9473032046121,594.8322796421991,544.8022301371091,4,1977.8560373058253,3253.283676550353
16.0,87.0,515.9395704723497,1742.1480676488054,1449.8801064647819,4,2291.842431028182,3769.7453350779847
16.0,90.0,-240.2455519936259,572.0536236848473,467.2954358144982,4,1974.4934687256923,3247.7527434254484
16.0,91.0,191.0336547921704,634.4888420116982,399.7890453393168,4,1984.0085254790633,3263.4036190368797
16.0,92.0,-240.53835949378754,302.1982452762942,296.4437596619455,4,1944.3928804588259,3198.24168164132
16.0,93.0,214.74006864060814,137.21201020236194,214.74006864060814,4,1935.0491858675894,3182.872671703798
16.0,94.0,-863.3531804419811,567.9846536481137,863.3531804419811,2,2255.557115378187,3710.061302026011
16.0,95.0,-974.2968781205764,872.6978461780101,1084.9432747662122,4,2028.7440817453548,3336.987061015181
16.0,96.0,-10.072475130946074,77.93574511486253,61.88665441603111,4,1933.4008311879456,3180.1613695304836
16.0,97.0,154.6262453118693,189.2103688974859,154.6262453118693,4,1937.2408383327293,3186.4776192101003
16.0,98.0,-56.78561083554557,21.939716814895267,56.78561083554557,4,1932.6775363318873,3178.9716553631406
17.0,1.0,-382.0024655827101,734.2126342347875,506.7623612644411,4,2001.1336487076337,3291.5719400913845
17.0,2.0,1295.4632065442656,2887.344340537441,2078.840517056118,4,2811.2951560218166,4624.16903381359
17.0,3.0,6435.539358202119,5298.887210383996,6435.539358202119,4,4215.9346078942535,6934.595330785096
17.0,4.0,1416.4564262337308,2595.083292536672,2118.0247601854308,4,2665.001019034781,4383.536591988729
17.0,5.0,3310.808660832258,7230.557638730588,3930.363457856011,4,5465.847021949806,8990.518298416042
17.0,6.0,40.597614450932724,343.76913798699275,242.14570173457741,4,1947.8424972186776,3203.9157962803547
17.0,7.0,995.4948162698006,2015.079242119518,1298.9792871159502,4,2401.0984902467912,3949.4555603501385
17.0,8.0,153.67972338670643,320.5803040311962,266.2526025973193,4,1945.8642423153012,3200.6618565275016
17.0,9.0,1334.7767526611042,2384.429988184491,1908.5359840899728,4,2564.713428071776,4218.578184255004
17.0,10.0,-343.958022597993,494.5997171920644,523.5437894031825,4,1964.0051486638647,3230.500992131123
17.0,11.0,314.2518097088473,3229.427471116438,2228.6753541640223,4,2991.588654787902,4920.725449174756
17.0,12.0,-265.51920189505427,656.2027203188537,404.06638547880766,4,1987.536864798202,3269.2072207630804
17.0,13.0,2184.145765455585,2708.670859602319,2297.3006622849243,4,2720.928278489589,4475.528747548426
17.0,14.0,2918.42165995926,4040.0293516927613,2918.42165995926,4,3449.0462979096774,5673.176312640281
17.0,16.0,-863.705220482588,2121.9970357308935,1749.8164320046274,4,2446.7197415479122,4024.495841018852
17.0,17.0,219.66259651625933,2296.369045543934,1585.2496766606218,4,2524.214170889846,4151.962834190466
17.0,19.0,-309.6023288751094,344.5869983392289,350.0534662191342,4,1947.9147526437482,3204.0346458783492
17.0,20.0,1627.4055610756168,2988.3976813354084,1627.4055610756168,4,2863.6099830040325,4710.219266718626
17.0,21.0,175.4428050875175,250.4247410673944,175.4428050875175,4,1940.7107098494278,3192.1850499593975
17.0,22.0,1734.83738725739,3636.4181456389947,1961.6158696934956,4,3216.6395895128203,5290.901295405857
17.0,23.0,542.0934247346977,1095.0560204306896,778.1659152068478,4,2081.9643675614825,3424.5266411672324
17.0,24.0,286.0711103275787,2574.527033740558,1693.4843186957771,4,2655.013466554438,4367.108530067068
17.0,25.0,20.526391248314894,494.18339332263423,376.8321811785229,4,1963.9527481517653,3230.4148009587425
17.0,26.0,703.8439970989284,297.3986677213796,703.8439970989284,4,1944.022831048072,3197.63300452589
17.0,27.0,306.6799994458447,33.664763163816346,306.6799994458447,4,1932.7618689311864,3179.110370144968
17.0,28.0,-31.31347828632599,251.14727102158892,170.62212683857118,4,1940.7573933198682,3192.26183743507
17.0,29.0,190.32438371395915,393.7253196821084,336.56947059491335,4,1952.5653887986246,3211.684261625329
17.0,30.0,116.12011839965976,383.588155107885,341.65351830723034,4,1951.5562303516826,3210.024343693708
17.0,31.0,-651.7636709045662,338.7590579082026,651.7636709045662,4,1947.4035620570178,3203.193812187702
17.0,32.0,545.030929045721,398.5295669107122,545.030929045721,4,1953.0526597370472,3212.4857509957014
17.0,33.0,-104.7689917989544,1419.4630177884214,1053.836526138886,4,2177.7142634628267,3582.021204720784
17.0,34.0,820.1848207546668,2118.7547502092575,1392.5866366670193,4,2445.3144234682954,4022.184298478574
17.0,35.0,-178.00778999404628,341.2979252210622,244.06279387787282,4,1947.625200272125,3203.5583746096922
17.0,36.0,-1212.2064594228225,523.0960632820892,1212.2064594228225,4,1967.6932000608083,3236.5672968477693
17.0,38.0,-5762.335485726635,7619.007310741489,7313.095157230735,4,5723.6035837941345,9414.490114036227
17.0,40.0,1690.1219087684203,3629.269701554617,2397.535111513569,4,3212.6003590808027,5284.257352579661
17.0,41.0,77.59185395580485,61.85677557117931,77.59185395580485,4,1933.110166078738,3179.6832679713752
17.0,42.0,-572.0580341252669,251.6263097831827,572.0580341252669,4,1940.7884180771705,3192.312868619644
17.0,44.0,-435.2769248812683,326.5254409382992,440.131579338959,4,1946.3584499379629,3201.4747557281034
17.0,45.0,-0.9279519959073351,9.945746315063165,7.291218453660169,3,2066.062888838464,3398.371036215784
17.0,46.0,732.7946550938414,1020.8006478003123,1028.6553061049144,4,2063.0120613146455,3393.3528714980275
17.0,48.0,478.0351429957361,1996.1658521466948,1268.0569280647126,4,2393.186335932329,3936.4412246289953
17.0,49.0,14.140548684423445,42.4934169875874,30.40976817138479,4,1932.8488376224807,3179.2534209122746
17.0,51.0,-163.91988875912207,2733.130726421601,163.91988875912207,1,2733.130726421601,4495.599988287083
17.0,52.0,-376.62100456206804,241.5889939026885,376.62100456206804,4,1940.1506139582027,3191.2637742012753
17.0,54.0,16.14029736585963,28.215187736056897,21.806369300807035,3,2066.1351968382355,3398.4899722914656
17.0,55.0,-154.24815549409755,1384.8426975530956,1037.3092223675096,4,2166.5401986434504,3563.641503674842
17.0,56.0,46.61658875354041,297.8435229627865,243.88739725458836,4,1944.056883411691,3197.6890156796953
17.0,58.0,387.93551243110716,1026.212931604916,737.0012237276285,4,2064.3542027354492,3395.5604976819186
17.0,59.0,-17.119934307443316,80.4791087973689,65.18834616430075,4,1933.452928656745,3180.247062240993
17.0,60.0,-3.4798322529593477,30.896105879972968,24.030556251614932,4,1932.7387481328685,3179.0723398159967
17.0,67.0,-135.55451287241385,373.41150308794676,312.33601131293653,4,1950.5691116118223,3208.400677854217
17.0,71.0,1223.541905537821,1024.7804421994215,1223.541905537821,4,2063.9983675410585,3394.975200871828
17.0,72.0,3766.3554163852077,10349.370160111854,8207.399312845928,4,7568.998159555977,12449.894075134665
17.0,74.0,2363.375717046306,2939.7160687687256,2363.375717046306,4,2838.303554298493,4668.5938956771315
17.0,79.0,-152.29566042905753,1721.0567141731049,1380.800017138974,4,2283.8607423735575,3756.616625545228
17.0,80.0,172.58434489179004,126.12362598997126,172.58434489179004,4,1934.6719019956236,3182.2520949586046
17.0,81.0,667.4554457302652,1333.4169206073898,855.049700060465,4,2150.34930323796,3537.0098506435297
17.0,82.0,714.2425693598179,986.3533698497466,857.552549120157,4,2054.6163313285306,3379.543124579461
17.0,83.0,41.079322778331004,106.28686017652811,87.27817157026314,4,1934.076066802448,3181.2720332800445
17.0,85.0,-295.6742720817389,232.26357285519282,307.6233167334059,4,1939.5811319696488,3190.327059686919
17.0,87.0,665.2603415303229,1955.550827513372,1571.9955598228871,4,2376.3609370945846,3908.765906325827
17.0,90.0,717.881933493517,3794.09698561794,2481.3403193401036,4,3306.4463933341644,5438.620342396314
17.0,91.0,83.39881373894377,1304.2959061782449,930.0777195462401,4,2141.4004037759028,3522.290220906141
17.0,92.0,3915.9298671281304,5583.004844251035,4246.874856446442,4,4395.449161271257,7229.870494997834
17.0,93.0,119.03809964422317,784.1467357523566,531.2759259765621,4,2010.5832077908321,3307.115081622476
17.0,94.0,-408.4299177920561,2733.130726421601,408.4299177920561,1,2733.130726421601,4495.599988287083
17.0,95.0,-480.41502937138284,4153.549347340271,3349.656666306979,4,3515.819658948725,5783.008717729099
17.0,96.0,309.06244118217546,226.7239895617177,309.06244118217546,4,1939.2533789003244,3189.787953862096
17.0,97.0,204.05205049382198,803.8984020773898,487.47086745182355,4,2014.4796112858091,3313.524095043255
17.0,98.0,-8.992571781174927,27.569991374173078,23.79505778556611,4,1932.7135939055017,3179.0309647938793
18.0,1.0,176.767937692553,1516.688064702145,1073.2566523020946,4,2210.242775502253,3635.5258457281698
18.0,2.0,9604.10299874863,8676.419274041009,9604.10299874863,4,6432.350075464649,10580.274351449605
18.0,3.0,7078.782263585586,22164.090348353642,13194.094569973642,4,15791.087748120663,25974.027956005226
18.0,4.0,2365.2539451855764,4103.905424635058,3201.4659513348042,4,3486.5486732626377,5734.862230758893
18.0,5.0,1962.9744368739825,1482.8644386515882,1962.9744368739825,4,2198.737195656561,3616.6008509888034
18.0,6.0,-457.54928740986213,859.176007333097,715.1999118108716,4,2025.856236173573,3332.23697775236
18.0,7.0,1288.542635178448,2308.6103491295094,1826.807029607564,4,2529.791030087045,4161.135951267976
18.0,8.0,2328.0871900979027,5653.83236463694,3824.2594661680423,4,4440.485557634773,7303.948774901186
18.0,9.0,-7.135016834439284,5274.622858413782,4433.05749883148,4,4200.6933871809215,6909.525753615603
18.0,10.0,1846.7473335058517,1262.0579449161103,1846.7473335058517,4,2128.7078033440553,3501.4127510503704
18.0,11.0,479.87482386893225,1935.7695804504901,1376.7163765137448,4,2368.2490827937986,3895.423093357877
18.0,12.0,80.08854158301051,876.2672463624893,615.8665804068551,4,2029.5132242433858,3338.2521878427096
18.0,13.0,5654.340918539367,5592.774535675975,5654.340918539367,4,4401.654835094154,7240.077920093103
18.0,14.0,2363.4359984782086,3269.6361162161033,2648.846267759164,4,3013.3472999452447,4956.515235579362
18.0,16.0,1797.6782009592098,837.1593351093879,1797.6782009592098,4,2021.2421082184417,3324.647412650144
18.0,17.0,249.8320811664671,3331.748717202407,2448.707340799855,4,3047.1751740168925,5012.157136938169
18.0,18.0,-1112.5438839799806,65.12348655862581,1112.5438839799806,4,1933.1638104686604,3179.7715051407044
18.0,19.0,-164.9527836897865,184.37912778693078,206.89554348522398,4,1937.0079027295342,3186.0944742383385
18.0,20.0,348.27476856686076,1696.4893642836792,1078.372170436475,4,2274.6515920946563,3741.468921307836
18.0,21.0,399.1187725888524,552.673042223475,463.36710257067557,4,1971.7316069017127,3243.2098849871363
18.0,22.0,2004.4986635055102,1004.9199283367169,2004.4986635055102,4,2059.1099570054703,3386.934481072338
18.0,23.0,3529.5462912171897,6458.91554264819,5692.925028931713,4,4959.213322431908,8157.180020228184
18.0,24.0,1785.4598630096134,3109.498182619385,2894.756629370593,4,2927.36934084368,4815.094077713268
18.0,25.0,2943.2106252745825,3047.3096267231135,3191.678992198047,4,2894.4860967734176,4761.005954438366
18.0,26.0,1224.160712924371,2380.328611053444,2159.3786462715025,4,2562.807821931786,4215.443741084101
18.0,27.0,424.1243081883894,828.6338306105054,582.9400092484973,4,2019.4847849070452,3321.756873027667
18.0,28.0,87.61414245030377,244.3824464659691,162.03197822527474,4,1940.3255329777219,3191.5514903849544
18.0,29.0,1238.1264609732134,1075.2286697272232,1417.028413113616,4,2076.790824795945,3416.0169205851494
18.0,30.0,847.7049187496639,971.8293814236332,971.414437195376,4,2051.152836127541,3373.846181936184
18.0,31.0,-878.3348009947712,940.7170321215043,878.3348009947712,4,2043.8874849454605,3361.8957426932634
18.0,32.0,-162.3992568949045,1143.951248848142,811.8829662806709,4,2095.0689758873204,3446.0818037017657
18.0,33.0,1779.054361632479,3103.663745100913,3074.676288171075,4,2924.271893169622,4809.999229672301
18.0,34.0,991.8348302412223,1288.3534665565708,1043.309577231198,4,2136.569472600669,3514.3440462410044
18.0,35.0,-41.81278571441692,390.604062659741,318.3210498402615,4,1952.2519178472028,3211.168647793939
18.0,36.0,-162.7340474965552,55.33520017992989,162.7340474965552,4,1933.011323309931,3179.5206860846047
18.0,38.0,-2972.4414579363092,3715.2982424841275,3344.102520831364,4,3261.398825528359,5364.523687105593
18.0,40.0,3736.7124536110823,9326.458975784462,5559.183055754522,4,6872.148157406839,11303.677821658517
18.0,41.0,-12.717381649716927,272.420213253652,229.9962185967484,4,1942.1915894549427,3194.6208801496073
18.0,42.0,-191.49381007639727,509.73500243906057,458.9943702210396,4,1965.9391318682044,3233.6821114192444
18.0,44.0,9.85165628216555,1000.0352801769494,735.3661058095677,4,2057.9205681109825,3384.9781104353838
18.0,46.0,2526.143166399433,3656.9060497987793,3299.9543663531836,4,3228.2321342156283,5309.969334605868
18.0,47.0,187.56307227520904,2733.130726421601,187.56307227520904,1,2733.130726421601,4495.599988287083
18.0,49.0,178.7640230532843,2385.5904356804804,1588.5839041952368,4,2565.2529402107753,4219.465602753622
18.0,50.0,311.53892559672704,823.5862596802227,711.9122809683414,4,2018.4521167027876,3320.0582849864563
18.0,52.0,12.376585329388377,539.4768039142486,399.7723899822655,4,1969.9033973359458,3240.2027478520577
18.0,54.0,29.16878399504335,23.841687144118332,29.16878399504335,4,1932.6887998014251,3178.990182121862
18.0,55.0,694.1344426225955,1759.7878287196947,1418.8481755025591,4,2298.570944067188,3780.812754154184
18.0,56.0,858.2536743258421,493.80661661293385,858.2536743258421,4,1963.9053620682162,3230.3368577873493
18.0,58.0,299.1830922646509,3872.7502429508245,3011.7694949152665,4,3351.730747836522,5513.106477143673
18.0,59.0,81.81672316711462,102.10328066573928,89.1873943725511,4,1933.9633718910727,3181.08666664633
18.0,60.0,105.30554979711027,46.713542002937444,105.30554979711027,4,1932.8975299684575,3179.3335126941593
18.0,67.0,221.98771105384606,611.3167251290611,514.4164755383523,4,1980.3676055384753,3257.4148386671636
18.0,71.0,872.8026922285137,1826.8719723523998,1551.2360958205124,4,2324.592950505165,3823.615145824245
18.0,72.0,1263.8516579172028,6872.855457930635,5572.729556443905,4,5230.0165254670455,8602.611650930607
18.0,74.0,4040.2191426030813,1787.974777422243,4040.2191426030813,4,2309.421721168309,3798.6606942242047
18.0,79.0,1053.7013559363877,1908.8430448447211,1450.089684859151,4,2357.2956260895594,3877.406260370253
18.0,80.0,288.4987716085579,86.68055868214662,288.4987716085579,4,1933.5869629995077,3180.4675291158223
18.0,81.0,2088.76152442494,1121.510757043926,2088.76152442494,4,2088.9937704401023,3436.0889799874335
18.0,82.0,-473.8646860111321,1893.3940527256984,1532.5975243564562,4,2351.0576988460866,3867.145783119168
18.0,83.0,859.9306096664989,434.549652319543,859.9306096664989,4,1956.8900030457644,3218.797619054903
18.0,85.0,909.1215200866204,280.2003646197688,909.1215200866204,4,1942.7449410618626,3195.531062547229
18.0,87.0,1842.5901928683033,1097.2651223181167,1842.5901928683033,4,2082.545835793976,3425.4830712984067
18.0,90.0,2770.4894406581398,536.4511160271501,2770.4894406581398,4,1969.490209114613,3239.523113707585
18.0,91.0,5693.839266819658,4371.019411454617,5693.839266819658,4,3645.2581707625955,5995.916123353344
18.0,92.0,3293.435361445494,4670.934103214342,3493.205500371112,4,3826.723726915796,6294.400401558702
18.0,93.0,549.320948872368,1434.6757502608477,944.0568448202341,4,2182.693070050894,3590.210612795057
18.0,94.0,1365.5779614237108,922.7572840943642,1365.5779614237108,4,2039.7897652771812,3355.1555936346635
18.0,95.0,5557.00708740343,8313.321662777611,8312.35994882817,4,6187.944757208057,10178.26337726902
18.0,96.0,2.1678428279657584,11.890096054192117,8.912157172034242,3,2066.0672922933977,3398.3782792546026
18.0,97.0,1037.9518048280013,1025.3901509072543,1095.4537313079943,4,2064.149767978025,3395.2242324296944
18.0,98.0,600.6616751430697,500.87401604791984,601.3868430570271,4,1964.8000340571355,3231.808462253255
19.0,1.0,-305.26114782808736,668.5174049564664,463.152461914799,4,1989.587782486563,3272.58068016136
19.0,2.0,120.71003858582844,3125.6650985875235,2255.9189716619258,4,2935.9654184133387,4829.233367081277
19.0,3.0,546.4018283149126,7655.216344363809,6303.217945993125,4,5747.71001559424,9454.141665815489
19.0,4.0,-651.2867883745439,959.0536592171293,824.0303981512207,4,2048.1439755260903,3368.897046662897
19.0,5.0,2909.405404724136,7079.968854892649,4388.332234987124,4,5366.3750592909455,8826.901479856633
19.0,6.0,-579.6345662285709,631.8333010718984,579.6345662285709,4,1983.5847458645776,3262.7065636009647
19.0,7.0,-810.9648818606565,2038.371202983614,1777.4608770518407,4,2410.9086180175655,3965.591784594754
19.0,8.0,-385.79603055677944,1889.5744783177151,1384.6092846012725,4,2349.520725256487,3864.617686535786
19.0,9.0,4167.728144971057,3294.0994707860245,4505.5029112939665,4,3026.6396292871273,4978.37917170799
19.0,10.0,-520.2021721193323,2596.9708098659485,1990.5640550618227,4,2665.9201933859226,4385.048499254005
19.0,11.0,1280.0442758659,4712.445961667536,3819.5559577365466,4,3852.0871296835003,6336.119486592991
19.0,12.0,201.88212383588984,350.87537735999166,359.4888100639562,4,1948.4759554774323,3204.95774239479
19.0,13.0,-259.6529251669526,1316.241636246624,1002.8842319359828,4,2145.051935583269,3528.2964562434154
19.0,14.0,-583.6042040276097,2498.6876424172215,1617.9915750787059,4,2618.5342753225896,4307.105600061106
19.0,16.0,1723.3861230340162,501.8075695013412,1723.3861230340162,4,1964.9191337709947,3232.0043638495654
19.0,17.0,995.3309545839611,3142.8074234711034,2677.0367177991766,4,2945.101192551365,4844.260378307218
19.0,18.0,-3271.178696301615,4559.083804696455,3271.178696301615,2,3450.857491197671,5676.155460489147
19.0,20.0,-58.761583855185336,1217.056944283753,871.1912087354378,4,2115.565075025958,3479.79488670831
19.0,21.0,-255.6366756780908,194.75240606954011,255.6366756780908,4,1937.515427987574,3186.929278999795
19.0,22.0,792.6676647270938,2230.135799808613,1764.6564245220857,4,2494.344528458115,4102.8316445008895
19.0,23.0,307.15236429058314,2719.8433073867823,2295.6359848786615,4,2726.4951113514344,4484.685372771865
19.0,24.0,344.9703114967904,1207.956061012879,730.7626958187991,4,2112.955443572772,3475.5024249475305
19.0,25.0,369.52468674013335,1135.4580873299208,932.7769956475581,4,2092.7575869881334,3442.2799072876423
19.0,26.0,185.14777108733506,754.4611498744717,639.7529136017465,4,2004.8959068215709,3297.7603039956216
19.0,27.0,151.38751281132113,399.4893556588143,350.4013563318997,4,1953.15069989422,3212.647012703814
19.0,28.0,-67.35946023951772,41.658919027590606,67.35946023951772,4,1932.8397545120517,3179.2384805251413
19.0,29.0,-57.55605732160029,1121.7164504606046,849.1273722803198,4,2089.048989725206,3436.1798076288137
19.0,30.0,-229.53784620701845,508.97861308300406,418.4868674760296,4,1965.8411426518887,3233.5209335013856
19.0,31.0,624.626607742331,716.9836197758838,696.0334018806371,4,1998.0076424699678,3286.430117393487
19.0,32.0,-107.89043139751357,855.6865346774703,687.486305386296,4,2025.1176525498718,3331.0221158001077
19.0,33.0,809.8254452626995,1728.0434895902326,1612.8256500002342,4,2286.4970883017822,3760.953028707167
19.0,34.0,297.5543210303863,860.1047058101236,693.1570149584709,4,2026.053265917087,3332.561062840596
19.0,35.0,-321.69932850559246,536.2439060753127,388.2165026178187,4,1969.4619943670882,3239.476704577785
19.0,36.0,-281.32931602321406,229.02337575367233,281.32931602321406,4,1939.3884698986271,3190.010158780623
19.0,37.0,-261.8646966608088,384.8869418766209,367.8142028305168,4,1951.684083777009,3210.234643864074
19.0,38.0,-3120.8892428921863,1525.1038760343379,3120.8892428921863,4,2213.1363943965166,3640.2854252614143
19.0,39.0,8.94,6.321534623807735,8.94,2,2231.594877900836,3670.646928801518
19.0,40.0,-78.19107827621883,1323.9307324461718,888.6870571986019,4,2147.4166051357297,3532.1859915333225
19.0,41.0,1561.5912903677893,1740.4246835165322,1561.5912903677893,4,2291.1876447274553,3768.668307456356
19.0,42.0,-125.43607466308595,940.5665909612151,715.3984182355816,4,2043.8528664928733,3361.8388004059657
19.0,44.0,-406.13518574299746,427.1472005169643,433.4061454960786,4,1956.0749344822336,3217.4569505719655
19.0,46.0,905.1518922285659,1528.4153243435526,1322.1553219911666,4,2214.2783216432026,3642.1637284348403
19.0,47.0,-129.34863575417245,2733.130726421601,129.34863575417245,1,2733.130726421601,4495.599988287083
19.0,49.0,783.0676589891268,1332.371790283163,1316.2510188813499,4,2150.0253667401494,3536.4770225202037
19.0,50.0,279.4429908357388,256.22627232193025,280.9291577430497,4,1941.0893166387089,3192.807802709935
19.0,52.0,-111.6883795129599,291.57193442855936,247.78020253573783,4,1943.5814570858975,3196.9070089633656
19.0,54.0,48.66,57.476112139450294,48.66,4,1933.0425591766643,3179.572064513292
19.0,55.0,-231.1501384328244,3469.2937268936744,2327.968420757247,4,3122.9795493385536,5136.844238624794
19.0,56.0,144.03174113299428,315.82625161635076,301.7620809208888,4,1945.4754931532682,3200.0224210583574
19.0,58.0,3023.2474749025387,1828.4655100040693,3023.2474749025387,4,2325.2193110526487,3824.6454172425524
19.0,59.0,-25.980795061291232,83.42642683590476,50.807479428549456,4,1933.5153912504131,3180.349804064737
19.0,60.0,39.78269781650903,124.72580335457505,74.62668143328145,4,1934.6265910676811,3182.177565114438
19.0,67.0,-731.3733270677103,924.6223719069355,851.0275695968758,4,2040.2120108386623,3355.85012577793
19.0,71.0,-91.49923845067565,2865.1609420760624,1942.4004802425422,4,2799.9241768044412,4605.4654374059
19.0,72.0,4382.89553818405,11479.049586315065,8464.504111289752,4,8343.817560708945,13724.358577353494
19.0,74.0,1323.0223259830318,6041.472417193842,4282.424768678972,4,4688.7840926739145,7712.363520827056
19.0,79.0,-750.7792735397961,2040.9970000462415,1490.438844296741,4,2412.019104599674,3967.418372477016
19.0,80.0,-642.009087937483,665.2135256440813,789.1260909437178,4,1989.0340120784383,3271.6698088970575
19.0,81.0,-195.788959833224,632.8525633367491,465.62599469665656,4,1983.7472034802927,3262.9737825993993
19.0,82.0,587.4661720250006,1584.7641429393827,1317.804584587102,4,2233.9965260107574,3674.5972884057833
19.0,83.0,56.643751239475705,188.04432907602114,111.4618047053566,4,1937.1840693913832,3186.384242611029
19.0,85.0,-61.186082619416084,410.3825121831393,321.5339019506482,4,1954.2795826103813,3214.503859533895
19.0,87.0,1018.425120862099,1529.144188056419,1571.4445300181687,4,2214.5299180160778,3642.577567641292
19.0,90.0,-1357.1608624479995,1615.5735244792174,1357.1608624479995,4,2245.003494508201,3692.702140460544
19.0,91.0,-1880.8779947114672,1034.2313508022185,1880.8779947114672,4,2066.354042110409,3398.8499407311415
19.0,92.0,-2741.06642279707,5872.533504423747,4952.73155119794,4,4580.2103296840705,7533.775572981442
19.0,93.0,-1104.5025114963955,1328.9116403747382,1498.1543567109238,4,2148.9543638282953,3534.715379496165
19.0,94.0,-1609.2098391088712,1656.2364682367445,1818.7332618427554,4,2259.77021026776,3716.991226435816
19.0,95.0,-462.101043805309,3342.9486061973607,2720.9557029047537,4,3053.3022247549247,5022.2352385671375
19.0,96.0,-86.07404483801383,1713.7869004961112,1240.942382516011,4,2281.125720781511,3752.1179153597595
19.0,97.0,-268.5742335354007,1089.1811651262958,755.123472078576,4,2080.422935147532,3421.9912104704454
19.0,98.0,-598.4523360560538,620.9101173050694,663.9000491742604,4,1981.8593468611318,3259.8685347922083
19.0,99.0,-8.217494586714338,80.3125525794813,53.26749458671434,4,1933.4494658267772,3180.241366392561
20.0,1.0,-81.37967978264805,838.8275892443694,688.3095518502023,4,2021.5879021436824,3325.216193042254
20.0,2.0,122.86635862837284,2556.7630834659635,1924.4661074166943,4,2646.41654248573,4352.967848332028
20.0,3.0,1867.4308338362634,5766.086733304071,5076.749378677204,4,4512.081547561784,7421.713698607811
20.0,4.0,-1323.2161654961346,1138.22457012713,1426.205671110747,4,2093.508865487672,3443.5156504524593
20.0,5.0,1029.0235457861017,6094.7155683969795,4556.26903766714,4,4723.111338269001,7768.8268152473875
20.0,6.0,-622.3297888309794,278.9013782923893,622.3297888309794,4,1942.6514801326643,3195.377332998859
20.0,7.0,-329.7771889684009,1164.7753688532246,835.2890692128749,4,2100.798089726501,3455.50535737936
20.0,8.0,19.477058193006087,1466.3505499552662,1177.3517899956641,4,2193.1925933515254,3607.480791777362
20.0,9.0,-462.2702691411614,3339.8046264025093,2869.6680450731,4,3051.581435112741,5019.404791482971
20.0,10.0,-1976.9285275561397,2707.6262436000216,2614.3215500635833,4,2720.4083740076076,4474.67358077557
20.0,11.0,-724.3717056282849,498.273362563209,724.3717056282849,4,1964.4693827532558,3231.2645892568125
20.0,12.0,-332.2149950598118,374.4070305922591,365.44632635291373,4,1950.6645268044915,3208.557621879945
20.0,13.0,38.81626941996001,1482.4619134124173,1265.282203669878,4,2198.601475077768,3616.3776105025236
20.0,14.0,-718.4215591972488,1552.6758357492436,1302.4888583808925,4,2222.701713976651,3656.018975865748
20.0,16.0,-118.17598158825513,1601.8415136413257,1121.1690129142144,4,2240.0781015998755,3684.6005900711234
20.0,17.0,132.89111006085614,777.2229985189872,634.3348610905728,4,2009.2385569086507,3304.903327741936
20.0,18.0,1489.9301111490647,1058.0228272882102,1489.9301111490647,4,2072.3677123971997,3408.7415481136595
20.0,19.0,0.0,2733.130726421601,0.0,1,2733.130726421601,4495.599988287083
20.0,20.0,-894.8284886424792,493.2362436809717,894.8284886424792,4,1963.8336945615308,3230.2189752290437
20.0,21.0,-453.42256123928655,792.5511663963285,719.3186199891788,4,2012.2302203110419,3309.824176139977
20.0,22.0,-656.9785954437043,922.092638368813,966.0705841291197,4,2039.6394781239928,3354.9083932656577
20.0,23.0,-995.1664930031529,3845.008330512331,2331.9887516329745,4,3335.7227574709423,5486.7756761306455
20.0,24.0,-1593.690916981009,4617.543694513432,3568.5906769135845,4,3794.187221161511,6240.882612060439
20.0,25.0,-64.90435599106831,3317.5237640684577,2264.862347256923,4,3039.405163257181,4999.376606558605
20.0,26.0,906.0636262849612,2126.4945712300373,1685.4663549599936,4,2448.6713467899986,4027.705945979675
20.0,27.0,-72.54871256739096,449.6864180460961,281.7945762623323,4,1958.5991731700742,3221.6089537329512
20.0,28.0,-125.59518063278726,81.25430827984543,125.59518063278726,4,1933.4691399559374,3180.2737274552674
20.0,29.0,130.06919395286582,856.3100214150246,571.5734160746626,4,2025.2494192673737,3331.2388527633025
20.0,30.0,-60.299403649331225,318.76079721657027,253.68200672458784,4,1945.7147804280066,3200.416013600094
20.0,31.0,102.30893724872044,1610.8831694510852,1187.2258596545269,4,2243.3176495238745,3689.9291722235967
20.0,32.0,540.693303673545,823.4418894793844,775.1775955247981,4,2018.4226654815448,3320.009842038377
20.0,33.0,92.88485340639363,4058.646431629111,2671.6335172953704,4,3459.9576893862145,5691.12395448555
20.0,34.0,-541.5944812013768,2745.3656414794145,1933.497720891437,4,2739.2550148832024,4505.673546375644
20.0,35.0,-1050.3557860005603,843.3051023283383,1145.21850260676,4,2022.5191053884853,3326.747886076897
20.0,36.0,-380.70374312591105,443.5033209853736,439.09410637921667,4,1957.8941191283716,3220.4492430352598
20.0,37.0,-28.299574070146036,506.0707624225168,327.0575743614902,4,1965.4657443324695,3232.9034582141376
20.0,38.0,4384.075142967773,11738.677673268228,8949.292231664815,4,8522.515974892503,14018.291312053796
20.0,40.0,1188.1631949153489,1045.690026939659,1202.5560285121792,4,2069.235511022239,3403.5895353217124
20.0,41.0,1454.3468751750647,616.2746337098134,1454.3468751750647,4,1981.1357843247436,3258.678380329904
20.0,42.0,-192.8307433153832,91.6574976366063,192.8307433153832,4,1933.7017175074952,3180.6562834844945
20.0,44.0,29.25654384604809,1054.5090719829368,784.3832374721999,4,2071.4720551583823,3407.268323055885
20.0,46.0,-521.0337723964549,1518.849380148118,1130.3505159042506,4,2210.9847361850093,3636.7462624482564
20.0,47.0,-6.507490220314063,2733.130726421601,6.507490220314063,1,2733.130726421601,4495.599988287083
20.0,48.0,365.7048929399443,821.1014792919124,674.8206619957263,4,2017.945887159172,3319.22561148557
20.0,49.0,-1467.993853517708,4021.8936659431133,2860.809515558414,4,3438.4322174403264,5655.717703883514
20.0,50.0,-13.402854765125312,1024.904109344576,712.8888213492073,4,2064.029069691276,3395.0257014149684
20.0,52.0,33.14002367355636,500.627781063769,410.2701876394243,4,1964.7686559596148,3231.7568498757414
20.0,54.0,51.2046132268371,38.898335030232026,51.2046132268371,3,2066.2095562455784,3398.6122826323312
20.0,55.0,-113.42091783283149,3528.9581016260345,2551.3813825944303,4,3156.2278791891667,5191.532874569654
20.0,56.0,502.82910285387084,286.3185585210611,502.82910285387084,4,1943.190917622796,3196.264628711015
20.0,58.0,344.9908364156803,2508.8189183140857,2047.0396229986545,4,2623.373394372266,4315.065242581217
20.0,59.0,49.008406285414054,98.83382604663082,81.73090681346676,4,1933.8784466559532,3180.9469770653236
20.0,60.0,105.86597057384196,141.25268900003525,115.9108745403538,4,1935.1945496331382,3183.111773820788
20.0,67.0,-483.706464964469,734.5284682053541,746.3493799916869,4,2001.1915998117188,3291.6672611751246
20.0,71.0,-50.796358081733615,1139.0713176230295,828.0598134259512,4,2093.739123475192,3443.8943911383662
20.0,72.0,-1077.9698194910252,4758.737938607019,4012.5645674365824,4,3880.4374969871405,6382.75169107779
20.0,74.0,246.00283286018748,1544.4312840056161,1329.9562695251916,4,2219.827871561791,3651.291925746379
20.0,77.0,-207.7195762921692,2733.130726421601,207.7195762921692,1,2733.130726421601,4495.599988287083
20.0,79.0,498.94252504637916,3738.5667595527625,2521.762324652467,4,3274.6667756691454,5386.347523016877
20.0,80.0,-195.9385145569213,1891.966442277978,1270.961628577592,4,2350.4829914738652,3866.2004736135336
20.0,81.0,621.7713409567186,1545.804404324505,1416.0125504954958,4,2220.3057023908787,3652.077887518673
20.0,82.0,-104.13729876068373,604.7226396557063,440.34338494830354,4,1979.3550766123335,3255.7493767906058
20.0,83.0,-380.2858057071546,345.6658123393421,380.2858057071546,4,1948.0103210109137,3204.191841853703
20.0,85.0,-140.06687835205082,745.2388789943382,603.6294767796161,4,2003.1705562026673,3294.922354772355
20.0,87.0,855.7926748384743,1573.0763731412226,1454.2045712454856,4,2229.8624221513096,3667.7972926783764
20.0,90.0,-3033.513842104352,3033.2619960536244,3300.7924457097324,4,2887.099054796448,4748.855351650104
20.0,91.0,-1531.6289156375096,2208.9739755660207,2327.697484279135,4,2484.9114262321123,4087.3155720910454
20.0,92.0,-1879.0469289155662,10515.034942698063,8473.735993691305,4,7682.316168118542,12636.28561251772
20.0,93.0,143.74914447113952,3612.748012674411,2523.1886849707644,4,3203.2758053899115,5268.919826621494
20.0,94.0,-2293.6935832614417,1599.4469477838209,2293.6935832614417,4,2239.22242156567,3683.193121663351
20.0,95.0,-2782.0173611379287,4542.203672896559,3023.1684472825436,4,3748.440860796983,6165.636545295016
20.0,96.0,0.0,2733.130726421601,0.0,1,2733.130726421601,4495.599988287083
20.0,97.0,-8.18250999221982,472.4716338549256,345.78844003021277,4,1961.2793034786519,3226.0173757917178
20.0,98.0,-204.36728192115243,520.6548384500923,327.13023105751836,4,1967.3694402057993,3236.0347592759963
20.0,99.0,21.540004253016555,85.52587625842725,71.12319625621824,4,1933.5612536482574,3180.425240996172
21.0,1.0,-557.1434167216198,393.0431818139661,557.1434167216198,4,1952.4966722737731,3211.5712330001957
21.0,2.0,577.6486003771606,2953.8099962089123,2390.4699524420976,4,2845.610396858077,4680.612582162826
21.0,3.0,5951.081232087012,16241.279671253453,10937.406050587708,4,11645.79685825707,19155.6312010442
21.0,4.0,951.6789048792061,1307.0604217565733,1131.92207154872,4,2142.243043381439,3523.67623971752
21.0,5.0,961.8995154861527,1892.971550894134,1275.125532956075,4,2350.8875834676155,3866.865968221889
21.0,6.0,-86.42470281996884,1074.0713019975617,828.732233937868,4,2076.4913591783384,3415.524343477882
21.0,7.0,342.1022094981954,1896.209891440635,1500.3296913131599,4,2352.1921180153604,3869.011736604231
21.0,8.0,65.53296623113965,939.9223367103253,768.1424926434493,4,2043.704671271863,3361.59504095919
21.0,9.0,973.1182678636842,1444.555918876827,1526.258567920744,4,2185.94892100341,3595.566011043116
21.0,10.0,-1485.1626487223803,669.622797620682,1485.1626487223803,4,1989.7736377290782,3272.886384831099
21.0,11.0,-106.77876152306999,796.6355968930825,554.2446695811523,4,2013.0364927078529,3311.1503762161824
21.0,12.0,44.22720119924918,113.6613667501181,88.2671621004962,4,1934.2857175196964,3181.6168780227035
21.0,13.0,577.7160432607425,1086.069861626813,994.7278915002253,4,2079.609496040537,3420.653222205001
21.0,14.0,168.94281026729732,839.0087483710029,685.7688082983459,4,2021.625490484445,3325.278020360888
21.0,16.0,-432.96254646795,393.40447145519187,480.1052659277018,4,1952.5330529687337,3211.6310739182527
21.0,17.0,11.683733708982572,719.2098620509929,467.21415549608514,4,1998.4076652902027,3287.0880963802133
21.0,18.0,3.985,5.635641046056784,3.985,2,2231.594265382915,3670.645921299194
21.0,19.0,118.95726867459894,257.8645881360744,220.51875720154294,4,1941.1977891915672,3192.9862241819287
21.0,20.0,-379.8576723753181,786.6536376488579,660.8534923626912,4,2011.0727875111893,3307.920368601187
21.0,21.0,-73.6702859545644,185.0136724371063,156.11085784139027,4,1937.0381548511807,3186.144234550352
21.0,22.0,-89.51005651878927,516.277686536384,428.750781217703,4,1966.7925942159266,3235.085932057362
21.0,23.0,810.3027641410254,2892.885046361785,2420.8845089048345,4,2814.141739427271,4628.851246852471
21.0,24.0,4373.268231523003,7384.772214505056,6313.423406874192,4,5567.982768823723,9158.516652103
21.0,25.0,816.775019295781,2748.421257756591,2425.503914447957,4,2740.786655122776,4508.192870378893
21.0,26.0,-74.62355229714262,1670.0237842856118,1209.2739852309976,4,2264.83807454192,3725.327121368066
21.0,27.0,69.94330964080336,407.8909798310569,348.8419520277547,4,1954.0187587555818,3214.0748424703324
21.0,28.0,-10.764010212032645,140.67882257258742,96.99373852126129,4,1935.1736483879527,3183.077394331837
21.0,29.0,49.259152868003866,373.54513753783397,251.4147193972442,4,1950.5819051616402,3208.4217213710363
21.0,30.0,62.244348703663036,294.5481281015241,238.54602592190213,4,1943.8058245974546,3197.2760606785205
21.0,31.0,262.2666557375911,3023.2045764205864,2042.07631046897,4,2881.8196923645523,4740.17157320601
21.0,32.0,-494.74956672221606,433.64453057083614,533.390222784652,4,1956.789608849642,3218.632485297286
21.0,33.0,2324.5770102919914,4616.697595972326,3828.6880354816303,4,3793.6723804492212,6240.035774447527
21.0,34.0,1094.5938925885193,1613.4134714557258,1119.9527804035142,4,2244.2266594068305,3691.4243604265116
21.0,35.0,-259.40251680342,240.56915666839845,304.7475241494906,4,1940.0872514979853,3191.1595522287744
21.0,36.0,-68.70798670725048,77.77553944749577,68.70798670725048,4,1933.3976055439575,3180.1560638182705
21.0,38.0,1813.159676841683,3253.4909874042223,2898.092297178887,4,3004.597075551926,4942.122397249372
21.0,40.0,441.4976810453081,1048.7383319496935,992.488192845718,4,2070.006721801948,3404.8580641698613
21.0,41.0,238.027653894938,786.2757446750962,551.9989835709002,4,2010.99889537193,3307.7988268479235
21.0,42.0,53.16848026024036,701.8860104994578,484.1725680326349,4,1995.325479645453,3282.018352143509
21.0,44.0,104.9142012557985,485.097722078541,375.517122641569,4,1962.8198296934513,3228.5513159235443
21.0,46.0,-724.9790504978719,738.7090422795104,872.2487607980165,4,2001.960865858194,3292.93259122176
21.0,47.0,42.0,2733.130726421601,42.0,1,2733.130726421601,4495.599988287083
21.0,49.0,-544.7541038662307,1866.5544350588032,1408.077848889589,4,2340.302226930056,3849.4546061285096
21.0,52.0,-306.9299624176645,517.4837796630464,471.23312122148064,4,1966.9510708103826,3235.34660285854
21.0,54.0,9.318758350629151,14.953505335948464,13.294574982704182,3,2066.0758212060223,3398.392308067467
21.0,55.0,135.71442118191976,690.5493529303119,573.0101422402561,4,1993.3466804023756,3278.7635170315243
21.0,56.0,170.893717713211,149.1392962032617,170.893717713211,4,1935.490389718052,3183.5983874574563
21.0,58.0,54.3563564450709,542.8317606375382,374.4370557009802,3,2096.3919082867124,3448.257833857117
21.0,59.0,213.65905769310547,67.9563030128752,213.65905769310547,4,1933.2125629155537,3179.8516957797997
21.0,60.0,55.116143989921696,51.993202963208056,55.116143989921696,4,1932.9649325407124,3179.4443800595986
21.0,67.0,82.48068061593017,482.2182004371004,391.812438890571,4,1962.4650265090922,3227.9677166188976
21.0,71.0,-64.31367403336742,1459.4994301046975,1226.4469538972899,4,2190.906451013576,3603.720422261058
21.0,72.0,1656.6454125003984,3536.460260954423,3265.8755809351405,4,3160.4236064980037,5198.434231851294
21.0,74.0,638.4098632497307,1426.2827878242044,1211.188723597581,4,2179.9410724321715,3585.683979530539
21.0,79.0,-479.9990705262235,1881.7960042224486,1157.445813616706,4,2346.3972137318783,3859.4799672757085
21.0,80.0,7.5566666666666675,7.446054883851807,7.5566666666666675,3,2066.0583798292782,3398.3636195556705
21.0,81.0,535.3321396405429,514.7450419829872,535.3321396405429,4,1966.5917250354655,3234.755531657338
21.0,82.0,-190.47232199990685,2236.0650414907695,1795.709383415544,4,2496.9972404356986,4107.194967418476
21.0,83.0,111.379356797676,67.53091127407424,111.379356797676,4,1933.2051096155544,3179.839436192263
21.0,85.0,-139.66261857900918,354.1992155283676,283.2841901314889,4,1948.7766229086878,3205.4522963095965
21.0,87.0,-1066.9673841148813,728.0912833282241,1066.9673841148813,4,2000.0150605143463,3289.7320262445905
21.0,90.0,412.18706355478935,561.0290929076492,473.1956936210345,4,1972.9112005864135,3245.1501439377457
21.0,91.0,39.823095163558264,539.8789870905749,421.7955161440327,4,1969.9584879397605,3240.293363831553
21.0,92.0,807.3170453190387,2395.422897971377,2094.7821925814123,4,2569.8301916503606,4226.994511385493
21.0,93.0,101.67275154703813,62.37575554725962,101.67275154703813,4,1933.1185042037594,3179.696982966558
21.0,94.0,-212.2070003608885,328.39376657792013,287.6470003608885,3,2077.2076610069303,3416.702555138633
21.0,95.0,-636.901399515571,750.1432452936068,848.5837635553344,4,2004.0856339200545,3296.427523674742
21.0,97.0,182.5859621826911,257.40757345014407,182.5859621826911,4,1941.1674614235835,3192.9363394427633
21.0,98.0,61.882323397994284,48.78893359140847,61.882323397994284,4,1932.9231655385136,3179.3756794545448
22.0,1.0,-1476.1355790551343,1026.9546555817608,1476.1355790551343,4,2064.5386206524354,3395.863838161548
22.0,2.0,-1290.784858477682,2578.8607714284494,1884.031647626447,4,2657.1155833085627,4370.566204434366
22.0,3.0,593.162821629413,8752.316586332252,6847.089147671354,4,6483.558019910692,10664.503924600407
22.0,4.0,76.80372781943879,3104.64036157,2216.0933196817605,4,2924.7901926804398,4810.851756502517
22.0,5.0,59.72986732194204,3814.2133564804103,2780.5943431832056,4,3317.998424989336,5457.6217435629815
22.0,6.0,-25.433011144952616,1589.670806734042,1338.920741117976,4,2235.7388981601057,3677.463235555138
22.0,7.0,-1034.10915115409,1486.0632548661974,1482.6522712117867,4,2199.816761138685,3618.376578187606
22.0,8.0,697.4061784802798,1759.9535396545782,1458.172789944747,4,2298.63438039334,3780.9170976253354
22.0,9.0,-1130.8533189113705,3340.6593463239133,2477.4251547001704,4,3052.04918340868,5020.174168964047
22.0,10.0,-39.70793239920749,1471.1802581292163,1048.9907209535122,4,2194.8092080655915,3610.1398863531767
22.0,11.0,-242.52653642343375,1436.5480203052168,1022.7474962846145,4,2183.3087026749913,3591.223238349673
22.0,12.0,-67.5231923566023,338.71103489267114,273.30997210297164,4,1947.3993854456169,3203.1869422732907
22.0,13.0,1604.6749157542454,713.7879425168105,1604.6749157542454,4,1997.435455101397,3285.4889529249976
22.0,14.0,16.61048692565828,2121.1290434312828,1820.1325194607766,4,2446.343392350875,4023.876801677105
22.0,16.0,-241.74996142870805,859.8886302256127,678.4661360023383,4,2026.007406711677,3332.4856311602484
22.0,17.0,-611.8773262211421,786.6845098111344,706.3528154695628,4,2011.078825616571,3307.9303004007243
22.0,18.0,310.9438891959281,275.2240612057078,359.84611080407194,4,1942.3892312788948,3194.9459720205723
22.0,19.0,209.3234334564872,179.2118662030267,218.43751886093682,4,1936.7654040561856,3185.6955994159503
22.0,20.0,245.7542693384803,626.7346566831798,493.10948865960654,4,1982.7758190977684,3261.3759974746404
22.0,21.0,-416.8529205238867,353.24001276264715,451.2965144500829,4,1948.6895692139403,3205.3091057240517
22.0,22.0,1041.7482669655442,722.415588248599,1041.7482669655442,4,1998.9857240428755,3288.0389184161386
22.0,23.0,-522.9503393277628,4286.935092853837,3517.2189589131212,4,3594.983731399323,5913.222029423713
22.0,24.0,1310.0022684540086,3319.2826276448377,2949.7114259114164,4,3040.3651696707984,5000.955676589941
22.0,25.0,595.024076182674,1053.9771907548018,815.6349949085366,4,2071.336704442478,3407.0456909399195
22.0,26.0,789.9311278604773,1878.8925458560025,1446.356623649769,4,2345.2335455752714,3857.565903487746
22.0,27.0,146.12066835496347,248.66273636791502,234.6561525754575,4,1940.597424012493,3191.9987113396332
22.0,28.0,113.99086365590932,183.4609527647015,168.99501350659375,4,1936.9643116096902,3186.0227732267604
22.0,29.0,-142.1908861963616,759.6233940103522,657.274356561461,4,2005.8702934683583,3299.363027405643
22.0,30.0,124.05808841909925,343.469180094972,287.9064524032499,4,1947.816039232784,3203.8722767662957
22.0,31.0,-14.40407772361425,1316.256089760191,979.7244801967978,4,2145.0563700682387,3528.3037503221017
22.0,32.0,-242.20368427721746,1184.515278226698,988.617963563752,4,2106.3095703222666,3464.5709362271773
22.0,33.0,1133.9993844003625,2540.576435281714,2104.6479549488427,4,2638.610637363782,4340.128276980553
22.0,34.0,749.5257217399794,2521.9363988803143,1922.749766020279,4,2629.6546130345023,4325.396927879471
22.0,35.0,-36.98054266507779,849.4591540199867,634.6117460185453,4,2023.80636698008,3328.8652429746667
22.0,36.0,-30.665141112395844,459.5066142856813,384.47980035010016,4,1959.7384897330255,3223.4829627137674
22.0,38.0,805.6956177594657,9801.144695434057,6815.555783858075,4,7194.874596146378,11834.515574932379
22.0,40.0,2150.3997552570418,1905.5249542598901,2150.3997552570418,4,2355.952983297526,3875.1978095040768
22.0,41.0,-103.51104938679492,287.12573320843876,244.8220359037154,4,1943.2504669213838,3196.36257859078
22.0,42.0,47.47362243394923,297.4056048475488,207.97838984410578,4,1944.0233616786354,3197.633877335497
22.0,44.0,-50.60192756967581,361.96121368668236,297.1684399065707,4,1949.489611144851,3206.6250575958234
22.0,46.0,395.5608506376029,718.990824497564,591.8665944965833,4,1998.368256030599,3287.023273916619
22.0,49.0,-18.908582534558057,30.940988145871128,21.878582534558056,2,2231.6633915958428,3670.7596238012457
22.0,52.0,284.8118993586098,212.37051246634564,284.8118993586098,4,1938.44071385677,3188.451238817709
22.0,54.0,33.78606039222831,47.46959749175077,46.75393960777169,4,1932.9067399121843,3179.3486617035023
22.0,55.0,-540.7579869033727,2017.630996584287,1619.2504686356403,4,2402.169686563334,3951.217521496581
22.0,56.0,746.8048854630572,279.21084566220816,746.8048854630572,4,1942.6737070395113,3195.4138930072018
22.0,58.0,1197.6167097950229,2697.7860819842163,2031.4050688234556,4,2715.5159097174906,4466.626193143241
22.0,59.0,40.31768819218015,144.9006275968024,122.23223249080658,4,1935.329398266328,3183.33358008418
22.0,60.0,111.79763082801614,189.60671738435656,160.18026781424086,4,1937.260214192603,3186.5094896634887
22.0,67.0,293.8703007331401,712.4647906901355,594.8997864319822,4,1997.1992446527472,3285.1004213118117
22.0,71.0,-684.6558317243962,1391.1973124835483,922.7450846080137,4,2168.5748234694734,3566.988163699412
22.0,72.0,979.9627664968684,2936.3886307429366,2356.351192144655,4,2836.5808430631982,4665.760287853566
22.0,74.0,564.050473196834,2736.3459224861485,2366.644666486658,4,2734.7387969618267,4498.245028947566
22.0,79.0,-694.7641862429605,1556.8072732631797,1124.2916094997577,4,2224.14617930061,3658.394909892868
22.0,80.0,-232.0087894089736,178.10662458012823,232.0087894089736,4,1936.7144262163686,3185.6117483312332
22.0,81.0,-571.2296257259081,1051.4231175324328,790.3547724018067,4,2070.687583846425,3405.9779825731725
22.0,82.0,-2437.0944450954876,3261.274046516481,3030.472507058962,4,3008.8130528658517,4949.057062825328
22.0,83.0,257.36006709906104,195.6526427604409,257.36006709906104,4,1937.5607763795454,3187.0038704668054
22.0,85.0,288.1299225579505,351.9957694026239,304.0042863848014,4,1948.5769922416735,3205.123933082907
22.0,87.0,-258.12025496195884,1903.3253425919827,1515.5138923123382,4,2355.0637918602924,3873.735219743489
22.0,90.0,17.67978625514661,1902.9635751576254,1506.825399154508,4,2354.917613854735,3873.494778320867
22.0,91.0,-684.783924051826,861.3015646418612,915.0473906652896,4,2026.3074733322665,3332.979196829452
22.0,92.0,-1753.7092536727741,5838.526187490207,3936.687311225409,4,4558.420319020549,7497.934194910237
22.0,93.0,78.82605448835545,225.5534001634705,164.427755989935,4,1939.185125772572,3189.675687457362
22.0,94.0,-675.5161511496702,598.776253220691,676.0161511496702,4,1978.450981087335,3254.2622719872015
22.0,95.0,-3440.045955042795,7552.091947757303,4266.0200223126485,4,5679.088674914778,9341.269604712603
22.0,96.0,-26.036605445005456,2733.130726421601,26.036605445005456,1,2733.130726421601,4495.599988287083
22.0,97.0,-193.3673865307171,521.7630022861252,358.49155238117896,4,1967.5162258879213,3236.2762002376194
22.0,98.0,-48.096792136211974,118.32450531284474,112.16462579108706,4,1934.4255292292075,3181.846847820183
23.0,1.0,627.732506706905,239.10891340674155,627.732506706905,4,1939.9969897116362,3191.0110848021227
23.0,2.0,2173.3386065050036,4750.677809316004,4485.416331723278,4,3875.496304709719,6374.624153038809
23.0,3.0,4454.650806813458,7595.473483364895,7472.1291348816585,4,5707.942755678666,9388.730344109434
23.0,4.0,565.5030998950351,1453.6043725268266,1302.3097145323482,4,2188.9460065907265,3600.4957781416974
23.0,5.0,1790.9221921097505,8117.090734046771,5371.040165752393,4,6056.284568630251,9961.7016385617
23.0,6.0,-418.09631522381574,1046.0035378876737,851.7552700909152,4,2069.3147379003753,3403.7198519395674
23.0,7.0,1753.87668683223,1984.0665622903812,1763.7369720195902,4,2388.1502979616503,3928.1576793074596
23.0,8.0,1290.3815826551127,1025.2637557571236,1290.3815826551127,4,2064.1183755515417,3395.1725964831344
23.0,9.0,953.000291808572,4932.380781880654,3211.5515368812394,4,3987.379073098987,6558.654930417269
23.0,10.0,-238.8372768857471,1572.9174050456913,1324.0652728872674,4,2229.8063515477684,3667.7050647427764
23.0,11.0,-1970.7411278357504,3391.7810236053324,2892.8609192988242,4,3080.11217975897,5066.333690293946
23.0,12.0,231.9149252407501,293.0920904125071,335.11386559152106,4,1943.6957762433196,3197.0950472440813
23.0,13.0,2529.243828706136,2564.7994140021456,3086.449354395483,4,2650.3018320349493,4359.358580938818
23.0,14.0,1147.51950691001,4998.210778489881,3926.7660252890983,4,4028.1580501466356,6625.730378717463
23.0,16.0,1316.5314328207096,727.5066987787885,1316.5314328207096,4,1999.9086934755146,3289.55706803498
23.0,17.0,-1513.501206052635,2850.2607096577794,2238.00354749094,4,2792.3099470446273,4592.941143969028
23.0,18.0,-147.35451731258047,482.6221934827997,286.72585204022454,4,1962.5146813912013,3228.0493916318305
23.0,19.0,-188.27396303600426,295.1349029993031,269.74015556953367,4,1943.8503258582277,3197.349258738707
23.0,20.0,-511.21353303793285,1878.582649481624,1538.6114269350433,4,2345.1094152132077,3857.3617272114907
23.0,21.0,-224.44773727007214,1047.7646423799144,816.5040220362598,4,2069.760168900177,3404.452520735148
23.0,22.0,2003.961766440053,3725.5939240429716,3043.1997916874398,4,3267.2659560078496,5374.174257954581
23.0,23.0,855.6503617475846,7263.107121030434,5766.033484854719,4,5487.382282075529,9025.94064914118
23.0,24.0,376.9133295326651,4348.360316421478,3399.624089963139,4,3631.6828750001673,5973.586748881576
23.0,25.0,783.868370287466,1813.5351336533622,1716.0809590268818,4,2319.3655650527567,3815.0168619033775
23.0,26.0,392.7734833213999,644.7065280466159,610.9318754937367,4,1985.6548132814764,3266.111521499685
23.0,27.0,250.52392827233496,841.9809811960077,753.3454161689534,4,2022.2432519859797,3326.294147607279
23.0,28.0,-20.68713647824154,148.095731558454,127.16381726487634,4,1935.450324009338,3183.5324852311614
23.0,29.0,429.4409792613278,1565.0207350834564,1356.680932660397,4,2227.0264332682527,3663.1325060780864
23.0,30.0,-608.9617049481362,912.83973937182,647.7954190981304,4,2037.5573559394936,3351.4836070387278
23.0,31.0,389.8564823048207,1589.3492375216695,1329.2135045325033,4,2235.624584598293,3677.275206478381
23.0,32.0,-563.1087031612315,1358.8328487270512,1113.038978660462,4,2158.2898645095775,3550.07091165118
23.0,33.0,1150.075201081649,3598.0940224308233,2975.358541068305,4,3195.0183224797233,5255.337475907181
23.0,34.0,2266.913174939078,2981.0315820741503,2919.115721678212,4,2859.768597372293,4703.90074962974
23.0,35.0,45.4691624013476,392.12679718628476,301.3980463051962,4,1952.4045421968065,3211.419692508946
23.0,36.0,-64.93620488413353,363.9305278629174,249.78371225679768,4,1949.6729208793524,3206.9265752774736
23.0,38.0,-624.837666335743,3989.130948044448,3109.1926141924796,4,3419.2959281375356,5624.241309017426
23.0,40.0,2402.9953073820325,1755.799394545711,2491.351764846633,4,2297.045393717433,3778.303447128292
23.0,41.0,-86.89850517664445,624.4710060361969,456.72664474818293,4,1982.418674888043,3260.7885475259286
23.0,42.0,-126.42176706588953,422.2555478375952,373.5446856608037,4,1955.5438265850112,3216.5833558209165
23.0,44.0,-203.29921699240094,897.0852891142864,740.8581686718758,4,2034.0557494394213,3345.723976886927
23.0,45.0,-30.236414061851587,8.986087659242868,30.236414061851587,3,2066.061004498095,3398.3679367516934
23.0,46.0,-462.2115146785527,2954.733482142685,2053.417451676456,4,2846.0897313862843,4681.401017300071
23.0,49.0,-809.7860673698151,3151.30970264876,2288.5616040357245,4,2949.640351781729,4851.726630830593
23.0,50.0,503.805118999715,967.474245819501,605.9480204290908,4,2050.123165084708,3372.1525237868136
23.0,52.0,34.225773907272355,615.5228085668032,421.76451790238605,4,1981.0189165648867,3258.4861499712297
23.0,54.0,-79.8764995138541,94.42351341019027,105.33649951385411,4,1933.768260107011,3180.765736320655
23.0,55.0,-653.773304348862,1090.5315716934094,936.6163803367895,4,2080.776619025931,3422.572968680624
23.0,56.0,1686.0395578513771,823.2040848273472,1686.0395578513771,4,2018.3741641462689,3319.9300644411364
23.0,58.0,261.03287974686384,359.1325168237141,309.6673847994563,4,1949.2280180048208,3206.194775170659
23.0,59.0,-56.57404012766659,77.00510736479855,85.8261449612412,4,1933.382185998171,3180.1307009224574
23.0,60.0,32.3304515000557,59.87488656375487,45.5202134263222,4,1933.0789649870605,3179.6319467425647
23.0,67.0,347.20849726713186,170.06069364604718,347.20849726713186,4,1936.3527838740083,3185.0168996127427
23.0,71.0,2099.3348385193967,3297.6510225598845,3265.6585163421178,4,3028.5727524941617,4981.558876426425
23.0,72.0,842.5275636275583,7533.547140069018,6054.455350733417,4,5666.759924302068,9320.990614551507
23.0,74.0,2101.0816111094227,7895.609089455589,6267.4626600237625,4,5908.072717105113,9717.914837023385
23.0,79.0,-925.688063196515,1609.755256248005,1052.0036666251226,4,2242.912788399044,3689.2632349340074
23.0,80.0,105.81632294059517,112.51013860863885,120.13159901001637,4,1934.2520646233784,3181.5615239341373
23.0,81.0,-144.17930335153324,406.41161257152186,360.6183329779951,4,1953.864627672917,3213.8213193999854
23.0,82.0,207.21077478729148,2292.4575183811676,1626.5720283720175,4,2522.4358308282303,4149.037725090165
23.0,83.0,-103.09757088396886,203.87504383441302,180.2335825292904,4,1937.9845976178904,3187.7009943678763
23.0,85.0,392.74275966898676,666.0111056907978,651.7288941463485,4,1989.1674590910325,3271.889309699729
23.0,87.0,-490.9206606741809,2976.443636716203,1965.2755117968863,4,2857.378194276901,4699.968886428409
23.0,90.0,1110.8811830734985,1130.9523213341215,1110.8811830734985,4,2091.537319872742,3440.272746497041
23.0,91.0,1600.4856646348835,2118.2100657325445,1600.4856646348835,4,2445.078470139613,4021.796189790099
23.0,92.0,2163.152802834309,2825.7932214350876,3124.033795241594,4,2779.848098189752,4572.443226681566
23.0,93.0,289.63641145208976,457.07254229541525,332.08914652857175,4,1959.453862257321,3223.014792178025
23.0,95.0,3034.97070793465,729.8341338319323,3034.97070793465,4,2000.3326511628104,3290.254416374603
23.0,96.0,510.0455070448743,1158.4658660064263,832.0804678105897,4,2099.052968651802,3452.6348886501714
23.0,97.0,206.49669094176647,317.30332004314994,298.05593712872974,4,1945.5956625954266,3200.22008220114
23.0,98.0,-61.20253474457659,68.30157087863411,61.20253474457659,4,1933.218646751365,3179.8617027991995
24.0,1.0,-161.10554536964764,984.230844082795,718.9678918996046,4,2054.1073392295984,3378.705907079443
24.0,2.0,-11.403351293878586,2157.659361336334,1823.6622957479321,4,2462.264962110311,4050.0654534426744
24.0,3.0,2296.6568010745377,4298.677418995693,3337.3205800649685,4,3601.9877234863907,5924.742571211266
24.0,4.0,-1241.5426555240902,1835.4340714638745,1534.0057226637728,4,2327.962821696292,3829.1580906753293
24.0,5.0,-287.2022386647277,4780.606419530212,3407.1185569184727,4,3893.85421569448,6404.820229505345
24.0,6.0,102.57385124301334,1288.4055481251794,1064.361158158436,4,2136.5851754785735,3514.369875176679
24.0,7.0,-349.7239277851404,592.833379179616,507.6967861232788,4,1977.5559389280738,3252.790058645266
24.0,8.0,362.34543873593793,2304.893372333884,1798.5165090544906,4,2528.0958274498353,4158.347591061744
24.0,9.0,2392.6114936824724,5846.66560285018,5407.125202123976,4,4563.633543529833,7506.509186152445
24.0,10.0,203.9167664682609,2617.869753514133,1949.5612117246892,4,2676.1208506039125,4401.827087276304
24.0,11.0,-1324.7599315497118,1474.5188954875616,1455.4558970435946,4,2195.9291360218945,3611.982003914026
24.0,12.0,394.6682128226289,542.9204903096825,577.1781563954846,4,1970.3763887272876,3240.980749457623
24.0,13.0,311.87463575819856,2620.0570857414527,2187.407751698256,4,2677.1909439049973,4403.58723412377
24.0,14.0,644.3162661447532,1271.8548853704083,845.6502244669646,4,2131.6212629299844,3506.2049656172626
24.0,16.0,-493.06866357184026,894.469074311053,530.330145687115,4,2033.4795908256297,3344.7762803013325
24.0,17.0,248.21888136242978,1360.593769663576,973.2280088352536,4,2158.844479548864,3550.983172210112
24.0,18.0,-405.62895787213154,392.1603777593988,476.7198686760193,4,1952.4079145499106,3211.4252395361805
24.0,19.0,-71.74075158182461,89.05717065786162,96.51575158182462,4,1933.640962970563,3180.5563511640676
24.0,20.0,-100.08750811457276,651.4539666297186,419.04507961699346,4,1986.755626435655,3267.922198008931
24.0,21.0,-168.76859857140767,523.2572359775564,434.32233230864244,4,1967.7146265036429,3236.6025402099785
24.0,22.0,450.71497857429995,2222.4203911923278,1880.3703162769084,4,2490.8990307615168,4097.164305117987
24.0,23.0,-1866.4849126016106,3758.583098729986,3174.2070249262997,4,3286.1033518263366,5405.15901678894
24.0,24.0,422.73829308281165,1393.9149150458024,1163.6316930906842,4,2169.447205868008,3568.42310505173
24.0,25.0,350.9569222862783,2265.3351905272007,1868.9330695233684,4,2510.154088213588,4128.836056205186
24.0,26.0,-523.2528100853388,586.6693661791467,690.4259693623371,4,1976.636602024119,3251.2778840044057
24.0,27.0,-116.0941175576271,187.28788821600662,156.1800955235144,4,1937.1474286669923,3186.3239739826204
24.0,28.0,107.9264818949997,175.02349927411944,107.9264818949997,4,1936.573880982601,3185.38057199372
24.0,29.0,-194.1831449811616,368.49145936883633,267.66121117658804,4,1950.1012183137627,3207.631061865877
24.0,30.0,-373.00492007416244,449.7141338559663,494.37883960620195,4,1958.602354984249,3221.6141873515367
24.0,31.0,327.31230752149213,311.5239541954513,378.88451700905216,4,1945.1286257915488,3199.451875020362
24.0,32.0,128.88763183966535,618.9211194022356,474.7983948152512,4,1981.5482481827164,3259.356823002677
24.0,33.0,352.311283305841,1819.6765303486454,1520.506870878601,4,2321.769394536369,3818.97080954807
24.0,34.0,-90.80817531236289,984.0708805478632,725.5865980815329,4,2054.0690185157014,3378.642875114202
24.0,35.0,-439.5038425544451,566.0451277185189,439.5038425544451,4,1973.6274539947683,3246.3282759542944
24.0,36.0,-162.59678638381732,289.3120729945364,286.20076261010433,4,1943.412596862831,3196.6292586130066
24.0,37.0,117.444903201702,487.3339589320804,390.81329183993887,4,1963.0967825400617,3229.006862817786
24.0,38.0,-2652.6847353961,10298.024327351977,8294.881189802336,4,7533.900338285708,12392.16329652017
24.0,40.0,1485.2575202314638,2891.3948666235597,2219.0927431038235,4,2813.3758940503258,4627.591543306519
24.0,41.0,-4.337162219848437,524.6326983749253,388.2601656598325,4,1967.8977407266395,3236.903736303821
24.0,42.0,168.74915773623889,486.3491543809434,324.68562287066106,4,1962.9746645941368,3228.8059966715155
24.0,44.0,-9.106000410828756,710.8441537744652,532.0055355322863,4,1996.9104860590528,3284.62545569166
24.0,46.0,414.2270712370246,1501.70885908305,1172.2988437931417,4,2205.1227930841383,3627.1042240778056
24.0,49.0,-82.64570413037802,1328.0452533090581,983.4821287978381,4,2148.686547934178,3534.2748615513715
24.0,50.0,-258.46662408942393,283.81070070785455,318.718556484274,4,1943.0069584983673,3195.962042877988
24.0,52.0,-333.2301035170527,347.4435801474955,334.12755455289914,4,1948.1684487096563,3204.4519387725013
24.0,54.0,11.92,16.22925753076831,11.92,4,1932.6493417728252,3178.925279440407
24.0,55.0,-207.33600868079816,3690.4752296220054,2857.7274267590965,4,3247.276627280425,5341.294738096951
24.0,56.0,1058.3915925687588,706.0507516964952,1058.3915925687588,4,1996.0600231056499,3283.2265686181677
24.0,58.0,185.17905044874317,1743.8393292527114,1270.981219198331,4,2292.485460581857,3770.8030245715836
24.0,59.0,145.99192338625681,113.82123541633173,149.64247226051742,4,1934.2904178718316,3181.624609413961
24.0,60.0,87.68755894150735,55.593682711379884,87.68755894150735,4,1933.0150316626205,3179.5267857819763
24.0,67.0,122.11321980296748,560.981175343052,440.82977163385135,4,1972.9043877997663,3245.1389379009192
24.0,71.0,-441.62019042611746,1523.1232800519253,1217.180654902274,4,2212.4543039287846,3639.1634862816563
24.0,72.0,-1622.1878638320068,7263.803452216728,6259.9496098730615,4,5487.8431172977935,9026.69865562795
24.0,74.0,100.69930778946264,2123.302742841905,1528.3526053942865,4,2447.286058623902,4025.4273497152985
24.0,79.0,-786.4070238697595,962.2031959386711,987.9971721111497,4,2048.8824463575825,3370.1117230884747
24.0,80.0,699.922509613476,4366.00904138037,2753.1200735963484,4,3642.254694356574,5990.975844293436
24.0,81.0,-339.8832986470634,1082.5636420763544,792.4303031088048,4,2078.6952165788384,3419.1493663163783
24.0,82.0,-1673.927339305641,2329.9389350278843,1753.442007307849,4,2539.5490750001995,4177.1865068353345
24.0,83.0,101.46070577695502,455.93609859249165,294.4477841702909,4,1959.3214761377994,3222.797036389172
24.0,85.0,166.52776509150078,408.49613609085475,342.04367294315216,4,1954.0819661558503,3214.1788093919145
24.0,87.0,-553.5879943754508,1637.5881142932428,1473.5565232547897,4,2252.9645358709454,3705.7968882203645
24.0,90.0,-1230.664855430372,2893.6685044208907,2436.5991876688095,4,2814.5444552526883,4629.51365543854
24.0,91.0,-1758.0154996536767,1937.0072269856093,1873.218921736072,4,2368.7550068658797,3896.255264402802
24.0,92.0,-4780.491094935642,5417.644885805141,4780.491094935642,4,4290.738845257333,7057.6373519230965
24.0,93.0,401.7478460087914,1232.9714749249088,894.0324500840252,4,2120.167708659904,3487.365545334635
24.0,94.0,-2759.5502767159887,1794.1840624219888,2759.5502767159887,4,2311.828282718998,3802.619135719337
24.0,95.0,-2504.0364624514914,6960.723429327664,5195.606283307752,4,5287.80078233385,8697.658295418665
24.0,96.0,-286.8860163864533,1328.0024287489741,1110.8759590346394,4,2148.6733137535175,3534.2530932613117
24.0,97.0,-533.2528727345516,736.1951481961588,779.4515340552252,4,2001.4977971431085,3292.170910966224
24.0,98.0,43.05337793614717,847.0446553515188,560.7933735586744,4,2023.3003009772724,3328.0328384744716
24.0,99.0,-3.8579207566875766,31.160773854681832,18.897920756687576,4,1932.7408726387885,3179.0758343172647
25.0,1.0,-786.3482915300388,759.862344514798,786.3482915300388,4,2005.9155453709154,3299.4374601616905
25.0,2.0,634.0890321524694,2686.857312224712,2315.6747294573597,4,2710.092782910326,4457.705943345059
25.0,3.0,-938.4833364243077,8548.750544713674,5933.345581646772,4,6346.303626657497,10438.740538042866
25.0,4.0,368.3696917762236,983.3177122902665,810.9698644057034,4,2053.8886643406004,3378.346218895151
25.0,5.0,1092.2142174594348,2497.5214047607865,1355.218139553722,4,2617.9779157727976,4306.190470037742
25.0,6.0,363.3369234585957,274.77360455209424,363.3369234585957,4,1942.3573437280304,3194.8935216668783
25.0,7.0,1146.3338721888977,1445.4793006795062,1501.7874949602192,4,2186.254099641986,3596.067985233646
25.0,8.0,258.38387912984126,782.2981342694911,572.3759499893922,4,2010.2231143073889,3306.5227805501922
25.0,9.0,-81.66733252981021,968.7356836985437,651.4903685472841,4,2050.4209802599994,3372.642386158053
25.0,10.0,-775.6593844167828,2300.295882654746,1862.6707968902692,4,2526.0012584585393,4154.902331659511
25.0,11.0,36.89571673531782,588.0199135400779,383.88366801786333,4,1976.8372449988833,3251.6079123291693
25.0,12.0,-312.81295935513754,285.04841157728197,317.85212649221853,4,1943.0975483300626,3196.111049891217
25.0,13.0,564.5327864081037,1718.0713084797194,1476.1343085713443,4,2282.736580152327,3754.767543238355
25.0,14.0,-227.47801597742182,1630.6174296232011,1103.5379655740335,4,2250.4351545313234,3701.6364261499443
25.0,16.0,985.8779070119467,1478.1144913056912,1371.0670703355922,4,2197.1374578207156,3613.9695164073414
25.0,17.0,679.8148850386492,1637.7383679800478,1179.292038802982,4,2253.0191443553936,3705.8867111840714
25.0,18.0,-124.91981532481834,308.7386856281036,280.69981532481836,4,1944.906571498132,3199.0866282104553
25.0,20.0,133.53405974808754,220.88630431823148,224.3748451562907,4,1938.9164921606648,3189.233824486495
25.0,21.0,112.99249758202063,111.80124185625665,115.75615406741986,4,1934.2315121761499,3181.5277181667707
25.0,22.0,171.66355960807732,881.3532475709111,745.5335323844006,4,2030.6140838073663,3340.062940689287
25.0,23.0,44.11781741015966,1725.4301151628758,1337.2065128776003,4,2285.5100798312883,3759.3295442446433
25.0,24.0,-125.15498106153473,762.833912024782,557.4708427451183,4,2006.479397482678,3300.3649143527873
25.0,25.0,-33.92990917309794,847.0566652577462,577.0544539519667,4,2023.3028149374281,3328.036973570952
25.0,26.0,29.827677528242248,651.0188097972663,469.17729612385574,4,1986.6843053716054,3267.8048852980514
25.0,27.0,33.55811659162603,159.63106803330854,128.06951411789126,4,1935.9087847302262,3184.2865860107295
25.0,28.0,-10.938401850165008,67.96362297422736,54.88073858567623,4,1933.2126915781475,3179.8519074109336
25.0,29.0,374.6365035058142,645.6055618096522,535.1067687556928,4,1985.8008597477021,3266.3517465593595
25.0,30.0,110.555617370763,710.7109366008006,532.5093910454029,4,1996.8867773504155,3284.5864583362677
25.0,31.0,2.7739823682487668,367.954814353043,308.7625056485864,4,1950.0505523082538,3207.5477237029527
25.0,32.0,-250.4288954531147,457.6543633990699,422.81312764875486,4,1959.5217636005063,3223.126479948638
25.0,33.0,-50.819773610187326,885.5691678759825,616.6090578946149,4,2031.5309890329545,3341.5711155751665
25.0,34.0,-642.6501266866817,914.1756332851802,871.1588870566411,4,2037.8567977414689,3351.976144972768
25.0,35.0,-229.83544775059255,198.2831390726175,229.83544775059255,4,1937.6944768139222,3187.223788111215
25.0,36.0,181.8631225203515,323.1094420584459,257.9906689617226,4,1946.0733900931368,3201.0058740084432
25.0,37.0,-212.62863854014142,289.1073272900419,308.62586309464393,4,1943.3973621473633,3196.6041997360144
25.0,38.0,1506.9133606801151,3714.635682062118,2704.528081052369,4,3261.021451796888,5363.902962554666
25.0,40.0,1192.7472969081664,614.7183989568127,1192.7472969081664,4,1980.8940251469658,3258.2807218694875
25.0,41.0,-25.751450060784464,822.6050207913288,563.1364087814561,4,2018.2520392583494,3319.729186876301
25.0,42.0,-0.6668188340267989,505.72971190108035,361.5584574431691,4,1965.4218515638593,3232.831261034492
25.0,44.0,75.95859282193749,221.80162406702135,168.10114175813248,4,1938.9687372606911,3189.319760028764
25.0,46.0,-376.0796981076719,888.838124827506,749.1180552427932,4,2032.2446678312072,3342.7450127349507
25.0,49.0,85.90505177462956,2907.3169064773115,2092.9521751506913,4,2821.5682839866445,4641.066825606674
25.0,50.0,-93.38334522604293,212.57385811650502,162.6782786475029,4,1938.4518581672855,3188.4695695772803
25.0,52.0,245.08868289540953,466.99402903854235,380.07767669140753,4,1960.6232415825739,3224.938250002449
25.0,54.0,13.44,12.105668093913692,13.44,2,2231.6028382173904,3670.660022357074
25.0,55.0,-278.91771188725875,733.6482000577769,665.4666979121689,4,2001.0301408471944,3291.401684811723
25.0,56.0,306.93619809685174,290.20689392813347,336.1497358274711,4,1943.4793038508647,3196.738981844217
25.0,58.0,524.5064130998712,883.1265464613721,739.618025220151,3,2145.418765716975,3528.8998381193173
25.0,59.0,-53.25347957462981,49.658868165768844,60.548256189269765,4,1932.9342424016104,3179.393899272985
25.0,60.0,118.98787070525378,55.546974484665405,118.98787070525378,4,1933.0143602783023,3179.5256814530453
25.0,67.0,-324.8817284852928,451.4076794097493,402.4423977657241,4,1958.7971386465679,3221.934577964973
25.0,71.0,602.9903183514334,1285.5978571226763,734.9771645096464,4,2135.739382268853,3512.97866914802
25.0,72.0,414.9697817053093,3055.8089454060373,2578.788803173018,4,2898.9629075355056,4768.369652857562
25.0,74.0,316.4606616844958,1751.5657184016236,1452.9687509717378,4,2295.4287217848505,3775.644258436393
25.0,79.0,34.58566311376444,885.5277370246364,606.7476229534109,4,2031.5219591170855,3341.5562626852984
25.0,80.0,145.1008530032576,93.92022396016479,145.1008530032576,4,1933.7560053143463,3180.745578980493
25.0,81.0,331.92687040450664,404.8911394799621,331.92687040450664,4,1953.7067848757717,3213.5616911026127
25.0,82.0,-211.52577561472845,741.901767825472,585.8697689718492,4,2002.551098076205,3293.903436826299
25.0,83.0,29.67995028857738,60.768421175686775,43.80527634162055,4,1933.0929062931837,3179.6548781505053
25.0,85.0,292.7259775870971,521.2935566427864,512.3538180866205,4,1967.454007074518,3236.1738593967284
25.0,87.0,-117.71293954217276,818.8866709402479,708.5935069399509,4,2017.495842319566,3318.4853535988536
25.0,90.0,150.80129939636026,170.34195094983045,184.61617745239073,4,1936.3651447962059,3185.0372315204518
25.0,91.0,-125.11875464711284,339.47801867596394,250.59781286958605,4,1947.4661605370743,3203.296777524665
25.0,92.0,802.672301279892,1633.4317671517958,1216.3821929757742,4,2251.4554076919344,3703.314593261584
25.0,93.0,209.85270513642322,163.30656212903637,209.85270513642322,4,1936.0620600776558,3184.538701521871
25.0,94.0,-412.26747377189054,472.6666431340428,486.2424026641427,4,1961.302797025675,3226.056019237749
25.0,95.0,-837.5177907865545,1610.5835587353988,1315.9250379842306,4,2243.2100846085114,3689.752243682429
25.0,97.0,171.47079500072005,160.66505609993027,202.0915124292983,4,1935.951552591317,3184.356932882162
25.0,98.0,643.7484802256467,43.43946784907972,643.7484802256467,4,1932.8593527565424,3179.270716768674
26.0,1.0,-112.18516774295722,770.1379449437302,633.2958098924705,4,2007.8740027641202,3302.6588359081334
26.0,2.0,209.9270999264454,2560.7772937657182,2067.019274896039,4,2648.3564635426196,4356.158734518453
26.0,3.0,1111.6241713568702,884.8677390817159,1111.6241713568702,4,2031.3781631416462,3341.319739353556
26.0,4.0,-550.5667209735893,1470.1838364316106,1164.5526509223073,4,2194.475345112658,3609.5907306641393
26.0,5.0,-577.0220422861785,2594.639616078575,1649.246720117154,4,2664.7850105622256,4383.181289669194
26.0,6.0,-350.42332643809436,541.5348399046958,456.1390549058101,4,1970.1857210096302,3240.6671289706915
26.0,7.0,212.1466922390764,1551.3583703875179,990.4386027564442,4,2222.2417016473796,3655.2623229175038
26.0,8.0,625.4246713870562,2112.164042798237,1895.1761179447767,4,2442.46192512797,4017.4923562376166
26.0,9.0,-182.5871636825077,1555.4344360516197,1276.227485631901,4,2223.6658755942954,3657.604880599498
26.0,10.0,518.0991509640203,815.9652318975228,681.6578645739942,4,2016.9039178125772,3317.5117244266517
26.0,11.0,-263.2081346174796,1641.797637261023,1056.367938863213,4,2254.4958471269965,3708.315671093872
26.0,12.0,432.56270117819713,222.09819679217037,432.56270117819713,4,1938.9857112325767,3189.3476797279836
26.0,13.0,311.83420188537275,1435.3999320299358,1212.4417952764725,4,2182.9311180819946,3590.602166962401
26.0,14.0,-15.612935082050171,1067.3357828081544,799.2756661983613,4,2074.754110849351,3412.6668242630317
26.0,16.0,257.14983348915644,1007.4763200046146,854.1128613629505,4,2059.734461414858,3387.961699415166
26.0,17.0,-44.61619480079207,936.9651809006002,609.5901569529478,4,2043.025613878833,3360.478090943356
26.0,18.0,-62.70864427549131,363.88841115042896,269.8570973749009,4,1949.668990300591,3206.920110050742
26.0,19.0,-191.33400161641933,509.31320442310425,367.26978071469466,4,1965.8844711617212,3233.592202557934
26.0,20.0,-296.5414401736733,346.99259483406297,296.5414401736733,4,1948.1282591990118,3204.385832910152
26.0,21.0,419.8011323185899,350.8165830125305,419.8011323185899,4,1948.470662163849,3204.949035668744
26.0,22.0,79.50123040263406,1078.5027555002537,899.865192307554,4,2077.639497281892,3417.4128626017537
26.0,23.0,-91.670122484064,754.516273287529,505.5430922824339,4,2004.9062789025288,3297.7773645506045
26.0,24.0,-457.06790783046074,676.537754620796,547.2853260217113,4,1990.942854671778,3274.8095755599916
26.0,25.0,185.50529872439347,487.16931460309604,396.94661287501503,4,1963.0763496105697,3228.973253639602
26.0,26.0,311.8982856054223,639.8559845048911,517.6461353396031,4,1984.8701782001501,3264.820911640332
26.0,27.0,27.146699095314176,68.41663688060777,56.6041526384349,4,1933.2206811318674,3179.8650490573477
26.0,28.0,40.730494391549044,45.27670230556555,43.84665891642028,4,1932.8804344140815,3179.3053930095393
26.0,29.0,168.22568352761004,237.5643830427295,201.43259772588817,4,1939.9021114221641,3190.855023903566
26.0,30.0,-5.875102486047126,248.12940982570765,183.33457559329827,4,1940.5632908681853,3191.942567313419
26.0,31.0,-297.17827666044457,369.3678442206312,311.88276311785637,4,1950.1841159303478,3207.767416311183
26.0,32.0,310.5630132883224,507.39849524115397,436.13114233103,4,1965.636894327492,3233.184974904203
26.0,33.0,460.0783221731433,1098.9419327767425,917.6818632395318,4,2082.9878707430044,3426.210154087555
26.0,34.0,47.463457400132484,1256.34127406527,906.0996233241258,4,2127.016333344647,3498.6305304869643
26.0,35.0,-106.37185123329994,395.14427480655894,286.05616601543386,4,1952.7087040342537,3211.919994210451
26.0,36.0,-77.7441081553375,114.85176565916048,84.86957960749262,4,1934.3208751115849,3181.6747071152363
26.0,38.0,-4948.74719523951,5145.379390785831,5490.917053435227,4,4119.7653235854,6776.4109346883515
26.0,40.0,1048.2062788944786,1499.4456057168363,1048.2062788944786,4,2204.3525911493152,3625.8373546318267
26.0,41.0,-22.699548147735953,199.68313967720997,149.4678226678145,4,1937.7663589789684,3187.3420237511045
26.0,42.0,-234.69027307073145,209.9545462662315,243.3424668420472,4,1938.3091186918211,3188.2347840333537
26.0,44.0,-103.80033136124052,237.96810493494667,214.45492233133223,4,1939.9268525741118,3190.8957194770815
26.0,46.0,-169.1955244061869,354.06321831477396,227.7824187325964,4,1948.7642661791194,3205.4319712981487
26.0,48.0,433.36264751866355,426.146874140307,452.94844006744614,3,2084.8027568867496,3429.1953761435984
26.0,49.0,-495.6640404148586,866.6896468253432,696.6214003493671,4,2027.4558579194895,3334.868121382881
26.0,52.0,-117.96959609065283,240.5191233424021,232.7069732559233,4,1940.0841497733115,3191.154450345695
26.0,54.0,-8.11901571462313,55.51586663960986,35.76901571462313,4,1933.013913446902,3179.524946480796
26.0,55.0,-819.2086968179815,1179.4698339948582,1071.1912827888386,4,2104.8934245008377,3462.2415836365076
26.0,56.0,396.4565814437755,316.62345270439914,396.4565814437755,4,1945.5402820954805,3200.1289893849416
26.0,59.0,58.01725965761726,94.84156269347848,83.7427239400611,4,1933.778489088656,3180.782561498214
26.0,60.0,102.03190942678012,40.72421810262237,102.03190942678012,4,1932.8297945822776,3179.2220978985283
26.0,67.0,43.78292422843606,184.21408225781806,149.32783133011253,4,1937.0000510856935,3186.08155943349
26.0,71.0,-279.9654827874996,814.0221697329911,663.6544229332625,4,2016.5113017941005,3316.865928544661
26.0,72.0,-3970.296009705201,5928.7121640655505,6183.439014583512,4,4616.255597995452,7593.064763297857
26.0,74.0,733.5588432652612,1906.9166119240533,1407.8812507404637,4,2356.5159168295236,3876.1237527659155
26.0,79.0,-80.47121331330573,1152.810118412065,710.9034441599501,4,2097.495499020571,3450.0730790783746
26.0,80.0,-925.7911171524347,1263.0903447141625,1159.430253958516,4,2129.013948594514,3501.9163151759617
26.0,81.0,-631.2855717095617,887.7846777804466,756.0326147393816,4,2032.014419463061,3342.366287871506
26.0,82.0,-572.1547000479713,680.0083016337426,764.3237466945448,4,1991.5339387016074,3275.78182227029
26.0,83.0,100.87117518913112,56.17475116704425,100.87117518913112,4,1933.0234311019808,3179.5406016302722
26.0,85.0,-108.20859487134533,517.5220831119658,367.69434399196007,4,1966.9561096041793,3235.354890936792
26.0,87.0,1536.9142126949391,618.5395609031589,1536.9142126949391,4,1981.4886772464965,3259.2588375321748
26.0,90.0,-2103.786787071678,3287.3232068576226,2834.8720185780057,4,3022.953641230258,4972.316260883749
26.0,91.0,-785.1932797433383,1825.342686899874,1527.3059563119368,4,2323.992200108331,3822.6269993551196
26.0,92.0,-863.73094082026,3694.0932602666785,3153.593341189251,4,3249.332899477796,5344.677004878797
26.0,93.0,-504.8694914126554,1342.0145896651634,983.2740270165632,4,2153.0219142619085,3541.4059045797017
26.0,94.0,-1875.1734421608871,2020.1574632278734,2421.743307025108,4,2403.231131616885,3952.9634432427238
26.0,95.0,-113.31623904129083,5009.337380159602,3807.5725969495616,4,4035.0628592361563,6637.0877789917695
26.0,96.0,-142.41523061315002,1598.708575457495,1255.9508529320037,4,2238.9587621203746,3682.7594404684764
26.0,97.0,-415.7389068506682,1006.4703569535753,849.0532487885293,4,2059.4885465979323,3387.557205536625
26.0,98.0,-408.21145508786753,652.1421672052504,547.3844461317037,4,1986.8685127553142,3268.107879481256
26.0,99.0,18.611537812152278,16.23746524869948,18.611537812152278,3,2066.0799748271597,3398.39914016626
27.0,1.0,-1467.3580187487696,1236.16315000303,1523.5405870277355,4,2121.0967565313094,3488.8936930955283
27.0,2.0,665.809662512951,5109.1688172728955,3981.335814341419,4,4097.170338849947,6739.245492095328
27.0,3.0,2253.9674707180748,4824.467433400529,3804.431587997635,4,3920.8092011504564,6449.157235097033
27.0,4.0,-985.8788617467271,3403.167248474594,2422.6269933774947,4,3086.385498345922,5076.652381124716
27.0,5.0,808.5828702541285,4012.244659997927,2809.586646218003,4,3432.7911951786223,5646.4390479566355
27.0,6.0,-125.84542367484221,1349.9044332056976,880.9909751127949,4,2155.486667379117,3545.4600626840825
27.0,7.0,-200.72430583771893,1816.6027907565062,1201.2662503808042,4,2320.565584840708,3816.9907188040033
27.0,8.0,665.7137606091546,2818.7474470426137,2224.3370815617436,4,2776.269145626836,4566.556373577766
27.0,9.0,1309.1109390507654,4583.571112005373,3901.814528797372,4,3773.534663052669,6206.912176949285
27.0,10.0,-306.27302807168235,1675.8404228105333,1135.0667659923565,4,2266.985298853486,3728.8589910648234
27.0,11.0,-1291.7107943574338,1983.3311517935192,2113.859581669916,4,2387.84484686343,3927.6552569606956
27.0,12.0,-24.85700658920439,191.19898498160518,149.35061900049516,4,1937.3384603068025,3186.638193068225
27.0,13.0,238.71163587094998,2458.3964265018903,1897.8208321574857,4,2599.395752626669,4275.625531590228
27.0,14.0,-434.86253446114097,1990.6236512988971,1519.2918958891696,4,2390.877045021389,3932.6427790984503
27.0,16.0,2537.903468614426,2854.8015098244728,2932.232573377667,4,2794.6283499068313,4596.75457732566
27.0,17.0,-1210.5545111830465,955.7587826925355,1210.5545111830465,4,2047.3737346175692,3367.6301131108894
27.0,18.0,-1439.017444847671,336.4295881235923,1439.017444847671,4,1947.201637668128,3202.8616761242665
27.0,19.0,41.40630026074939,264.1827980973829,192.34724252165324,4,1941.6225326412484,3193.6848649856606
27.0,20.0,-591.8427608683451,1532.3952302278615,1071.4931030588605,4,2215.653256867483,3644.4252956253213
27.0,21.0,79.51189391774892,476.3677420830563,355.7844538075981,4,1961.75046749162,3226.792371627337
27.0,22.0,270.6536507383262,1767.1433274282035,1170.2640593068954,4,2301.3907868269453,3785.4509827450033
27.0,23.0,797.6921242582121,2809.479123841129,2421.3123137354214,4,2771.567833827001,4558.823403812377
27.0,24.0,926.1933122225032,824.258017024017,1030.2877055483664,4,2018.5892160539045,3320.283793351394
27.0,25.0,598.2530569709747,1246.5192413397465,883.0709498629863,4,2124.124971222278,3493.8746630131554
27.0,26.0,442.79392212871016,2036.5042602333713,1299.3247267132324,4,2410.11962043988,3964.2939990674417
27.0,27.0,68.19134625168954,376.63531480907426,299.1454830012251,4,1950.8789977944812,3208.9103952657056
27.0,28.0,-31.734334193259755,251.0320743901198,203.80963386225278,4,1940.7499413992616,3192.2495801164328
27.0,29.0,-264.3189084709643,959.132540929234,762.8905889531197,4,2048.1624445804146,3368.9274255538885
27.0,30.0,417.9515769131367,351.40908833981524,417.9515769131367,4,1948.5240459226682,3205.036844138058
27.0,31.0,873.6184439639721,758.9014717859236,940.6675935379301,4,2005.7336577408164,3299.1382816336245
27.0,32.0,245.90296511376573,712.4424041393145,565.9545146926116,4,1997.1952517124703,3285.093853509515
27.0,33.0,-555.3830399930766,1906.8062865899856,1225.2287684893354,4,2356.4712795076625,3876.050330905155
27.0,34.0,-346.96175285925665,588.6942874277757,578.51242968424,4,1976.9375978720175,3251.772978116519
27.0,35.0,-319.83792931225423,57.76758173522488,319.83792931225423,4,1933.0469033638842,3179.579210065397
27.0,36.0,-485.9983933854179,493.11787202851724,485.9983933854179,4,1963.8188311837475,3230.194527148188
27.0,37.0,51.38194261335002,571.0488009908496,417.89032384481845,4,1974.348031733888,3247.5135208619863
27.0,38.0,822.3902578632114,4441.827149740145,3841.469044988764,4,3687.806393771135,6065.901722289281
27.0,40.0,4613.163591506531,3863.3560335225725,4914.53977824705,4,3346.30568010942,5504.183034816292
27.0,41.0,208.12660594003358,536.5210614212913,434.4179146677272,4,1969.4997356001977,3239.538783381951
27.0,42.0,83.24956480992978,1524.7436173171227,1186.8018346674485,4,2213.0122758650905,3640.081268444826
27.0,44.0,152.83986207838575,644.9846030780723,516.6632783586674,4,1985.6999654929805,3266.1857902785423
27.0,46.0,-25.276382127303805,2247.7232880894553,1904.739315483108,4,2502.2253643036975,4115.794465924906
27.0,47.0,-41.09246994538295,2733.130726421601,41.09246994538295,1,2733.130726421601,4495.599988287083
27.0,49.0,-513.7741248320535,2103.209116811999,1678.4002098204937,4,2438.595103410053,4011.132000510126
27.0,50.0,84.78126615480778,914.9840078430428,658.3278842991824,4,2038.0381868746213,3352.274503546323
27.0,52.0,238.61726884116194,1058.4675599584812,878.315873263654,4,2072.481259649207,3408.9283167229537
27.0,54.0,19.669999999999998,18.42932084116685,19.669999999999998,4,1932.6592052889894,3178.941503480744
27.0,55.0,-469.6985461586976,3764.8134531864453,2667.40310417776,4,3289.6674531784756,5411.021441824828
27.0,56.0,658.7664815578032,430.6298577607322,658.7664815578032,4,1956.4567005309493,3218.0848998418423
27.0,58.0,427.10549135265046,1344.8773490101887,1157.7176580280527,4,2153.9148836003874,3542.874708434855
27.0,59.0,20.309338874168212,98.2784050280508,67.46554119498066,4,1933.8642936623974,3180.923697462541
27.0,60.0,48.3967058687793,50.789292610955094,54.737765571688904,4,1932.9489284450572,3179.418055664814
27.0,67.0,236.42391485098597,937.4012981538592,743.4120235322084,4,2043.125639980372,3360.642619239263
27.0,71.0,-22.945946357215234,3197.885015866277,2092.956678333838,4,2974.5984722657886,4892.779085830691
27.0,72.0,-1985.2378635478526,5490.036740230556,4613.540737163854,4,4336.502448793914,7132.91178118261
27.0,74.0,-680.5251387332173,4808.947740870777,3575.1520293413832,4,3911.264625548623,6433.457805300644
27.0,79.0,172.63430087394045,2456.7267472198696,1800.2403741799226,4,2598.606345545184,4274.327072489106
27.0,80.0,-458.0068588601416,2345.6373115203996,2007.1804361277946,4,2546.76441439982,4189.054684016486
27.0,81.0,-30.422806431646677,2256.88238492605,1629.6383836044588,4,2506.344117145465,4122.569211475204
27.0,82.0,-877.0828946738075,2730.1217458801702,1853.1910049057224,4,2731.626650462839,4493.126003491102
27.0,83.0,5.185390437128262,1434.995012623919,1104.5339404740698,4,2182.798004164081,3590.383214051723
27.0,85.0,185.20552708070056,884.9285785038653,679.8185938562737,4,2031.3914143712852,3341.3415356866894
27.0,87.0,141.5894974095254,1403.3628210006495,917.5687178777289,4,2172.4905955005615,3573.4290355270623
27.0,90.0,-3198.5715480825966,8206.764483407702,5903.854548653784,4,6116.411809788152,10060.602149258859
27.0,91.0,751.3350831588195,3835.1467328293174,2988.4760787523464,4,3330.0415935871774,5477.430993111129
27.0,92.0,-3341.031120310494,15161.043089607812,9483.749795578391,4,10893.283048113977,17917.856131099263
27.0,93.0,1068.7172895174426,4422.316753831825,2970.6704411184674,4,3676.0637262520027,6046.58675303035
27.0,94.0,-3533.148417688484,6194.125778672118,5132.094491347918,4,4787.337346047401,7874.469197086303
27.0,95.0,-2949.3595129165114,13284.761315864507,8334.912120750145,4,9590.487130151418,15774.947540260975
27.0,96.0,718.7214086577014,2497.300750561246,2050.9371813438347,4,2617.8726674977556,4306.017352030809
27.0,97.0,84.16171751380716,1903.327902762796,1393.1689552127918,4,2355.064826405559,3873.736921419023
27.0,98.0,-114.37834002159434,857.4189716941368,555.2251343292592,4,2025.4839990396,3331.624702152458
27.0,99.0,3.2262754013674595,41.418152921321344,31.86372459863254,4,1932.8371673657978,3179.234225048242
28.0,1.0,-862.4928566393532,744.1415136057366,862.4928566393532,4,2002.9665698634744,3294.586827102485
28.0,2.0,-590.8820769212562,2152.5882949647303,1800.4788110140016,4,2460.044708468632,4046.4134611874065
28.0,3.0,274.0888340075744,3323.5357816093933,2624.4888914018666,4,3042.687435421837,5004.775463833282
28.0,4.0,2.630581278684076,1583.6106720789473,1350.6705833221286,4,2233.5875098630236,3673.9245167117015
28.0,5.0,1975.2750191697346,2933.559123910641,2399.9264960176474,4,2835.1166379171455,4663.351884708481
28.0,6.0,-162.80974042975316,346.9525508111167,215.67155514281257,4,1948.1246931631724,3204.379967303168
28.0,7.0,-769.1323547173952,1529.4969880316164,1516.6782844773088,4,2214.651733806882,3642.777936786616
28.0,8.0,302.37961268531944,835.6442479814166,693.4648875554394,4,2020.9286079540634,3324.131750603231
28.0,9.0,1247.3264966783981,1640.8041688306594,1613.6499522489821,4,2254.1341894574443,3707.7207971643943
28.0,10.0,-2.7237324467059807,2312.7042708040094,1989.4447462347398,4,2531.659990194672,4164.210117079635
28.0,11.0,-33.62936863674486,870.3166468471053,660.5401492090909,4,2028.2325598275283,3336.1456823333788
28.0,12.0,-144.28866800511605,467.6627669914355,363.58723185948406,4,1960.7029391700257,3225.0693408682287
28.0,13.0,-268.41396061959495,1393.0622220690886,1077.829638417401,4,2169.173335889266,3567.9726290238837
28.0,14.0,66.45125971816651,894.6680094144203,735.0838342826637,4,2033.523348129968,3344.8482546620794
28.0,16.0,-327.7796747777254,881.9798073740809,725.4650941577713,4,2030.7501013573149,3340.286669649649
28.0,17.0,171.07179666183993,1716.0999708747145,1157.259863885492,4,2281.9950348046405,3753.5478096836637
28.0,18.0,-935.2136149994108,833.3775485646422,949.1736149994108,3,2136.8725039243122,3514.842488412779
28.0,19.0,-127.65978957449659,95.94059718255203,127.65978957449659,4,1933.8055959555,3180.827148326457
28.0,20.0,-39.3116183206987,355.1877184839178,280.69444997850337,4,1948.8665786902498,3205.600260403164
28.0,21.0,-411.48111164040665,383.46005035561444,446.82893284238526,4,1951.543642597905,3210.0036386812517
28.0,22.0,66.20979753649362,875.7625378038125,564.8857183533491,4,2029.4042956407727,3338.0730162356226
28.0,23.0,525.112501427252,2427.7099805433622,2008.6518364719386,4,2584.935136259682,4251.839934311036
28.0,24.0,1624.0272996854824,3188.995593274882,2495.2859447277847,4,2969.822929202723,4884.924016502744
28.0,25.0,1327.1035413056584,2326.493424913517,2251.6238856792584,4,2537.9691905020927,4174.587828088459
28.0,26.0,-264.26106187463756,458.2419969776675,322.5773166910526,4,1959.5904285722502,3223.2394237764556
28.0,27.0,152.25076249401866,119.12758875943886,152.37841330919002,4,1934.450173836678,3181.8873845921657
28.0,28.0,88.53881193033911,75.00144653236399,95.00205772798577,4,1933.342802595005,3180.065920988918
28.0,29.0,160.39892476661998,215.40280007090675,224.3710418926289,4,1938.6079972480584,3188.7263955105986
28.0,30.0,-152.93098584479162,296.168381883243,246.80487085104255,4,1943.9289182139873,3197.4785316601287
28.0,31.0,56.74471434640725,1042.9655699136981,809.284381153747,4,2068.5478901557094,3402.458499645434
28.0,32.0,-41.949754456512665,407.42578857680155,307.964001336479,4,1953.9702327450254,3213.995024285867
28.0,33.0,1998.489882770735,4443.341650977405,3464.603094553365,4,3688.7185169798795,6067.402031457411
28.0,34.0,921.4747113613121,1826.4874124999837,1428.6545281886238,4,2324.4418508247045,3823.366608966808
28.0,35.0,90.25179003319937,498.2314538513103,371.0222353413363,4,1964.4640680496882,3231.255847347373
28.0,36.0,-325.29982548606364,352.451291660557,325.29982548606364,4,1948.6181617627226,3205.191650918925
28.0,37.0,-372.35234068552836,116.29230893776305,372.35234068552836,4,1934.363909509783,3181.745492401196
28.0,38.0,680.1368834716213,7114.535837567873,4879.158869719411,4,5389.184713467682,8864.420022258746
28.0,40.0,926.1386453148771,749.15460938039,926.2045214181126,4,2003.9007206528163,3296.1233684164536
28.0,41.0,148.66981159374157,631.1309386698358,494.7654105497264,4,1983.4729427769032,3262.5226638866993
28.0,42.0,232.6765142408551,53.79446157805899,232.6765142408551,4,1932.989577287775,3179.48491706119
28.0,44.0,4.173019775580769,113.48512131957963,77.59884682890993,4,1934.2805433120072,3181.608367208419
28.0,46.0,526.8618070428283,986.2354575499869,797.8286811400822,4,2054.5880299270098,3379.496572916522
28.0,49.0,-707.1222599295002,1077.0988189079499,834.2554738942258,4,2077.275310762005,3416.8138290836305
28.0,52.0,-42.97996022580048,177.05871017935937,154.10412646617044,4,1936.6663825450482,3185.53272352421
28.0,54.0,22.237341773493075,5.891708476798285,22.237341773493075,3,2066.0562296153166,3398.360082768437
28.0,55.0,-632.8105102916704,2404.191343831257,1437.6818122847633,4,2573.9210929497253,4233.723445225253
28.0,56.0,95.06983747413153,58.34848497319848,95.06983747413153,4,1933.0556269037547,3179.593559011593
28.0,58.0,4051.4788114953435,2688.851977210941,4051.4788114953435,4,2711.081751170652,4459.332651374995
28.0,59.0,78.08727586202632,111.53074769673735,102.5844379927203,4,1934.2237041500218,3181.514875106675
28.0,60.0,48.66316123518854,45.77756852526543,51.813376662215944,4,1932.8863331155758,3179.3150955100864
28.0,67.0,261.1992610614351,327.0050802396881,356.50504230873946,4,1946.3987117510678,3201.5409805174168
28.0,71.0,50.26817881925467,1080.1538525830076,816.2740607985163,4,2078.068323342592,3418.118218703027
28.0,72.0,662.9407473840474,5965.051496976224,4450.587343694078,4,4639.603589170532,7631.468791264218
28.0,74.0,12.862469051083735,675.8458480372958,538.1967221610435,4,1990.8253537187936,3274.6163036913053
28.0,79.0,-632.9266206606335,3327.688314832148,2572.6932389589565,4,3044.9559182671505,5008.506786069073
28.0,80.0,-811.1094992797143,1951.3118763733505,1224.1072493345955,4,2374.618033135598,3905.89908442746
28.0,81.0,122.06494509175991,2943.6106177055854,2189.2893137770616,4,2840.3210237910544,4671.912337689235
28.0,82.0,-61.71303001876868,1444.832480079042,1187.0449393631684,4,2186.040308777634,3595.7163305550075
28.0,83.0,728.490420389327,3003.459160830146,1824.4659119161392,4,2871.4778859051307,4723.160815342
28.0,85.0,194.13646457988614,349.972708292794,294.102820592335,4,1948.3947834383644,3204.824226271922
28.0,87.0,940.8963103838096,879.967003235732,1113.540028352917,4,2030.3134603422134,3339.568459092284
28.0,90.0,-908.8862602782501,10128.686244098011,7111.534577572456,4,7418.230536963992,12201.903404287388
28.0,91.0,-413.51985229688216,10508.02606281629,6531.380155273673,4,7677.519628908033,12628.396007600499
28.0,92.0,30.16115146543234,26478.774658741764,18040.322625367833,4,18822.79882212174,30960.74891194484
28.0,93.0,1407.963452305692,15008.492052928003,10423.661906479225,4,10787.14135604315,17743.268583925797
28.0,94.0,358.56859085466385,5257.578694563509,3811.79580335583,4,4189.996258783413,6891.930543172997
28.0,95.0,-2977.4707712894487,11919.314458382963,8589.678725345195,4,8646.96654109194,14222.994277243104
28.0,96.0,613.264414972271,976.1581700173866,839.1339044235756,4,2052.1803454620604,3375.536284391795
28.0,97.0,535.3198309191275,6504.749667236129,4273.610528354392,4,4989.076658116129,8206.300836241244
28.0,98.0,-298.2947985661051,156.14830086190827,298.2947985661051,4,1935.7667550058723,3184.0529679034908
28.0,99.0,-0.8275951312958085,51.35383851330512,35.92759513129581,4,1932.956386528149,3179.430323119838
29.0,1.0,134.2237597860567,1888.550732586572,1286.493948249151,4,2349.109132976068,3863.9406774805134
29.0,2.0,831.8995810201232,3920.7745196553756,3247.3267784182626,4,3379.5322458654473,5558.835872011236
29.0,3.0,216.8800428108284,5821.637909956569,4881.160447591697,4,4547.607696490176,7480.149013524296
29.0,4.0,105.13066262171606,1783.194846668904,1350.8965649482157,4,2307.5731222321433,3795.6200195592737
29.0,5.0,251.61562755154318,2740.722518316426,1907.0367574642223,4,2736.92925466814,4501.848011250479
29.0,6.0,90.70706025941683,1109.7200550790508,775.7065372828642,4,2085.8430152284377,3430.9064488498907
29.0,7.0,1378.2150465751092,3200.545184469542,2706.7926541784136,4,2976.0286495211235,4895.131518076311
29.0,8.0,302.32581051392935,2723.0838650909513,1697.9297927239413,4,2728.111920727277,4487.344787537809
29.0,9.0,-1124.3922875975836,2497.1233843646846,1705.587401078304,4,2617.7880705330986,4305.878202406663
29.0,10.0,35.82628392132892,1157.6150530165044,778.3405635696013,4,2098.8182601978992,3452.2488275984933
29.0,11.0,-320.30815325338585,693.4049739288157,678.3072126065401,4,1993.8422737993958,3279.5786956281063
29.0,12.0,-98.56277372857221,284.15244553744185,242.9615144808805,4,1943.0319323179917,3196.003121155776
29.0,13.0,1251.2534630162409,2368.1066658902396,1826.2196154117228,4,2557.1402727210384,4206.121452208877
29.0,14.0,88.87590833809031,1686.8538647750843,1376.0166081233558,4,2271.0657772086333,3735.5707806869846
29.0,16.0,54.538606522594364,743.3055250827463,527.82423114226,4,2002.811357982624,3294.3315262773226
29.0,17.0,-598.3797667568867,999.3029827079832,882.9591318093051,4,2057.7426975886638,3384.68553946162
29.0,18.0,-1331.9634612409297,371.72152599223193,1331.9634612409297,2,2241.887897011931,3687.577438618683
29.0,19.0,-2.7198405507106713,2733.130726421601,2.7198405507106713,1,2733.130726421601,4495.599988287083
29.0,20.0,8.55395326268308,924.1975471542387,640.5255785869376,4,2040.1157655726036,3355.691816402976
29.0,21.0,-128.48471230375912,577.478407334266,490.7162561064199,4,1975.2828757733903,3249.051202470995
29.0,22.0,-56.193362610640406,940.7558507175909,646.3123509043542,4,2043.896418408874,3361.9104369329602
29.0,23.0,384.3717024299858,3569.2967321577903,2506.3653315366173,4,3178.8270423146764,5228.705190002716
29.0,24.0,263.96599928708224,1733.676576956396,1407.2943990319943,4,2288.6281962342764,3764.4583893193553
29.0,25.0,409.34182624003165,1386.0405490057642,1101.5829909860088,4,2166.9231609817257,3564.2714206659402
29.0,26.0,-216.7522434869178,835.9103061490075,719.856337671638,4,2020.9836228475476,3324.222242050315
29.0,27.0,62.12095893636334,207.17604729989358,152.53183008708467,4,1938.1596273636333,3187.988892679986
29.0,28.0,65.09645205773764,88.67477324646165,76.70575660867955,4,1933.6321758700878,3180.541897669981
29.0,29.0,-129.81510889761307,705.1908416539474,546.5833855689232,4,1995.9080252935594,3282.976554465662
29.0,30.0,-66.95914498434581,548.6391582598663,448.85344499158623,4,1971.1682441747537,3242.283235762409
29.0,31.0,-276.72841829437914,448.3973654984601,450.072897115159,4,1958.4513990773205,3221.365886980516
29.0,32.0,348.4581625133822,1115.894228516895,863.3070384128894,4,2087.489340924545,3433.6144136422763
29.0,33.0,822.5835667718591,1819.6894908238035,1436.4616130694437,4,2321.774473406543,3818.979163546097
29.0,34.0,391.6711953014071,2356.5850311607096,1505.6145318866768,4,2551.812745559575,4197.358449834661
29.0,35.0,280.3737541473696,525.9726914910543,431.1231726888967,4,1968.0765787824685,3237.197898728588
29.0,36.0,294.34446667885356,211.38359356609254,294.34446667885356,4,1938.3867765926882,3188.362519913256
29.0,38.0,757.6924813244095,8987.167505784615,6985.636893300774,4,6642.258025127476,10925.542203778452
29.0,40.0,1377.5546224896634,4704.0963089455045,4000.3619813630785,4,3846.981001483149,6327.720653102965
29.0,41.0,91.95810660431744,115.77519433795895,105.10836749744851,4,1934.3483997633234,3181.719981138479
29.0,42.0,218.92040325875166,578.4975234299599,516.3463364030086,4,1975.431972041111,3249.2964440077208
29.0,44.0,-84.3858464746591,336.83717437311543,255.37424040757895,4,1947.2368692264347,3202.9196268807304
29.0,46.0,205.76555236135573,2353.329045373963,1652.2639908493638,4,2550.3098991603542,4194.886487484152
29.0,49.0,2.2258186620157807,3.866716330164698,2.7341813379842193,2,2231.5930100054024,3670.643856386939
29.0,52.0,15.460010098760023,200.40047455010955,147.53430559488768,4,1937.803385009658,3187.4029261519763
29.0,54.0,7.44608318476364,6.553622573840387,7.44608318476364,3,2066.0570840110604,3398.3614881243752
29.0,55.0,-259.93527650299836,560.946791111016,475.7329146736589,4,1972.8994994889647,3245.130897345168
29.0,56.0,429.55657405559816,232.80492359588268,429.55657405559816,4,1939.6135826705734,3190.380436340032
29.0,58.0,-177.05370124687482,427.9525694403825,302.60816387750134,2,2245.228313342941,3693.071934536273
29.0,59.0,30.71200887886379,77.06285379140523,66.23320817744994,4,1933.383336426631,3180.1325932088826
29.0,60.0,39.1087634693079,130.23008646123643,76.08742709140078,4,1934.8079288561914,3182.4758392335725
29.0,67.0,96.90014750510318,974.7716072611258,795.2530601465396,4,2051.8507808844565,3374.994198901009
29.0,71.0,238.54001530820972,821.0513596650687,671.7739251315537,4,2017.9356906152543,3319.208839663325
29.0,72.0,1582.5142417545721,5681.683471438064,3751.170299668722,4,4458.224458084314,7333.126669643746
29.0,74.0,220.8283043943518,2072.3150591571543,1377.1876849333405,4,2425.334334903065,3989.319977335243
29.0,79.0,-521.7751742406326,966.4653027969075,751.9877226025401,4,2049.885210105701,3371.761122676543
29.0,80.0,-7.013584142085368,10.848109627288377,7.013584142085368,3,2066.064834941984,3398.3742372712168
29.0,81.0,-30.70733954206389,698.4707396940797,475.20185246714345,4,1994.7261644043606,3281.032566295511
29.0,82.0,-1386.654152189852,805.9966698682249,1386.654152189852,4,2014.8987815208654,3314.2135687246973
29.0,83.0,16.92665687156378,163.4478491181314,116.84069217541654,4,1936.0680214149518,3184.548507049144
29.0,85.0,28.545832388754604,396.0360743073315,331.5108504487528,4,1952.7990347015525,3212.0685749361824
29.0,87.0,-473.3911414338229,1408.1309102505002,1203.0141140266608,4,2174.0326846798753,3575.965546506739
29.0,90.0,54.32050297279011,1195.7442469117996,877.7481469231848,4,2109.479541466631,3469.7850747613165
29.0,91.0,-357.72891167607656,536.2689159411068,392.4544995482737,4,1969.4653992790174,3239.4823051595213
29.0,92.0,-648.4328435900707,2557.0848196198735,2109.051484151959,4,2646.5719660005725,4353.22349726413
29.0,93.0,342.8096445371522,411.01485128072983,378.3752942835702,4,1954.346025616138,3214.613148552899
29.0,94.0,-80.99613662293993,94.16799504610286,84.2987846860461,4,1933.7620302147923,3180.7554890598435
29.0,95.0,-1587.7177262543319,2735.032125543165,2387.007139021209,4,2734.0815912718326,4497.164021784726
29.0,97.0,98.34781246934898,248.62714283887652,203.63007313089003,4,1940.5951437466408,3191.9949606360756
29.0,98.0,16.005813152020046,122.97087842205252,99.381045584785,4,1934.5704180320963,3182.085168693119
29.0,99.0,21.68132278486256,2733.130726421601,21.68132278486256,1,2733.130726421601,4495.599988287083
30.0,1.0,322.4984999549813,516.6043417544337,533.6413842764271,4,1966.8354803629866,3235.1564734918993
30.0,2.0,832.6834058834875,379.41177225217757,832.6834058834875,4,1951.1479775549326,3209.3528276002608
30.0,3.0,-221.2417072344569,1114.2971322069857,843.8268352396628,4,2087.062728639772,3432.9126988783655
30.0,4.0,1045.4892180130832,548.6564201532336,1045.4892180130832,4,1971.170646479552,3242.287187202169
30.0,5.0,377.27891881591387,295.11148353101265,377.27891881591387,4,1943.848548038368,3197.346334485263
30.0,6.0,8.91,1.3717871555019028,8.91,2,2231.5920338941687,3670.642250826836
30.0,7.0,39.11786313549454,128.30119330468426,106.57347339485679,4,1934.7434925479495,3182.3698509382534
30.0,8.0,1045.552223715426,820.6939488681189,1125.4986772022899,4,2017.8629940383237,3319.089264435094
30.0,9.0,-13.081584222475499,30.946417642114948,25.068776198750378,4,1932.7391505936268,3179.073001805035
30.0,10.0,92.49864450113901,102.97438104015926,101.10492539080875,4,1933.986464645044,3181.1246508464556
30.0,11.0,110.96119298462008,286.7993233850426,186.84900012880604,4,1943.2263660731844,3196.3229362232064
30.0,12.0,53.38171819795144,41.437919245027224,53.38171819795144,4,1932.8373791994538,3179.2345734835994
30.0,13.0,1528.560866279628,554.2530431533518,1528.560866279628,4,1971.9533467547628,3243.5746145886656
30.0,14.0,197.59533864126604,105.87628458700881,197.59533864126604,4,1934.0648069994731,3181.2535125522822
30.0,16.0,127.48429270738256,128.2637381912496,156.9903825170635,4,1934.7422508236934,3182.367808483607
30.0,17.0,-28.98027974865191,2733.130726421601,28.98027974865191,1,2733.130726421601,4495.599988287083
30.0,20.0,37.20866404871798,14.898882691582868,37.20866404871798,4,1932.643984857962,3178.916468099565
30.0,21.0,11.927609930221792,169.56042597305859,142.1962092365478,4,1936.33084799138,3184.9808182966412
30.0,22.0,53.7,30.094721574832136,53.7,4,1932.73242586455,3179.0619406100222
30.0,23.0,14.133333333333335,9.791860565456053,14.133333333333335,3,2066.062573815209,3398.37051804864
30.0,25.0,76.77,18.699270930529174,76.77,4,1932.6605018009761,3178.9436360531877
30.0,28.0,28.572499999999998,11.484950660175542,28.572499999999998,4,1932.6323333476462,3178.8973030705624
30.0,31.0,27.365000000000002,17.686321456613488,27.365000000000002,4,1932.655734174679,3178.935794005781
30.0,32.0,54.25,16.25576820700886,54.25,4,1932.6494531743035,3178.9254626795328
30.0,38.0,-1205.4677169014467,8535.452305273084,6757.355750655872,4,6337.34761644418,10424.009212160478
30.0,40.0,778.1611561645086,534.899303088673,778.1611561645086,4,1969.2791615404121,3239.175971339701
30.0,41.0,-24.710192713478754,37.06681000781413,26.210192713478754,2,2231.694504468439,3670.8107999225804
30.0,42.0,59.384035936683325,10.909660881258255,59.384035936683325,4,1932.6306667869073,3178.894561822087
30.0,46.0,323.3025154627421,69.04843718793168,323.3025154627421,4,1933.2319124186788,3179.8835228801945
30.0,52.0,10.084999999999999,4.610556727048625,10.084999999999999,4,1932.6180203215538,3178.873760237682
30.0,56.0,89.0,19.519221295943137,89.0,3,2066.0921453258243,3398.4191588551303
30.0,59.0,21.41,9.334834403101821,21.41,4,1932.626542667155,3178.887778248754
30.0,60.0,162.72058540616035,178.8212485029923,162.72058540616035,4,1936.7473514408168,3185.665905506085
30.0,67.0,106.04254374069512,108.78582419573867,106.04254374069512,4,1934.1455378610751,3181.3863030027956
30.0,72.0,-18.04373348095478,41.82334850443408,35.1720681714221,4,1932.8415300005834,3179.241400943892
30.0,74.0,-105.70340289147931,114.51226608437052,105.70340289147931,4,1934.3108109600234,3181.658153059038
30.0,79.0,856.5303837367403,695.5364291304078,910.3451793069146,4,1994.2134404267447,3280.1892104013045
30.0,80.0,1538.8404290164106,222.38247968316247,1538.8404290164106,4,1939.0020029618202,3189.374477237919
30.0,81.0,543.0375774568447,357.14631491219905,543.0375774568447,4,1949.0455430755374,3205.8946306213993
30.0,82.0,371.5779144962721,444.46111604764786,413.99773739983607,4,1958.002713403149,3220.627864721994
30.0,83.0,111.8744572678898,151.61696072675,168.25628049795938,4,1935.5866385271786,3183.756702660238
30.0,85.0,45.59084503930731,31.62936830300268,45.59084503930731,4,1932.7446785140964,3179.0820944250686
30.0,87.0,-6.227487576154978,98.13042428226224,63.40747541756499,4,1933.860536321025,3180.917517185957
30.0,90.0,1484.473745492809,488.0433064591563,1484.473745492809,4,1963.1848915333287,3229.151789214928
30.0,91.0,256.67186748971744,629.3278477176518,496.6516878072698,4,1983.1864647106183,3262.0514494003282
30.0,92.0,1978.2906261545268,1635.6292741697844,2100.111083913127,4,2252.252948741664,3704.6264315498743
30.0,93.0,1782.2482378525638,528.0232488563452,1782.2482378525638,4,1968.351101689264,3237.6494487275118
30.0,94.0,1575.5778506588413,1392.2542288423306,1575.5778506588413,4,2168.9139454389633,3567.5459697009064
30.0,95.0,1167.812198222844,1798.2287661235941,1560.027625579518,4,2313.3990428614184,3805.2028062366685
30.0,96.0,722.8796758310318,429.2315464726562,722.8796758310318,4,1956.3030552801854,3217.832175893859
30.0,97.0,779.303139418058,702.6645207785554,779.303139418058,4,1995.4624772807463,3282.243693200805
30.0,98.0,800.6336782702124,221.05824334632376,800.6336782702124,4,1938.926289813673,3189.2499401915816
30.0,99.0,-96.87902886625585,10.08143472599244,96.87902886625585,3,2066.0631706846953,3398.3714998115797
31.0,1.0,-1126.062798409935,787.2796959026509,1126.062798409935,4,2011.1952773525547,3308.1218464610215
31.0,2.0,-1604.1592129069359,1952.1770404825002,1682.7520667807803,4,2374.973554073485,3906.4838643316
31.0,3.0,2689.194843935671,16674.20641349996,10917.27956968409,4,11947.785633491108,19652.358533286544
31.0,4.0,-252.03666818596685,921.9881562537959,797.6450715374485,4,2039.6158618698453,3354.8695479843677
31.0,5.0,396.3112827720274,3034.8632584758,2038.7022553727224,4,2887.9403184065472,4750.239107150399
31.0,6.0,226.16996463357123,603.0826156819868,441.82420080154475,4,1979.1048745642177,3255.3378310442918
31.0,7.0,-380.89350582359066,2981.7742506432246,2142.799123416338,4,2860.15569939023,4704.5374757879445
31.0,8.0,-447.3534126230461,456.9387604826389,559.2439070888868,4,1959.4382611530887,3222.9891306451436
31.0,9.0,311.8407291286044,1291.6998527930668,991.5804552066888,4,2137.5794812609306,3516.005362649088
31.0,10.0,-1385.8931436517232,1182.544807845346,1385.8931436517232,4,2105.755896379238,3463.660223633838
31.0,11.0,461.33931932518,2064.0581766087253,1514.8018294575145,4,2421.8112771369288,3983.525062990654
31.0,12.0,-218.0197376980866,277.23149743641204,299.68503242198494,4,1942.5319651013087,3195.1807482660583
31.0,13.0,219.12871588590497,1409.104431432859,1131.8253396720138,4,2174.348047851768,3576.484272763834
31.0,14.0,-217.01948507411407,652.7111221120788,376.0243329743503,4,1986.9619242248552,3268.261527675729
31.0,16.0,198.72974368640075,1033.479748861229,839.7436858464177,4,2066.1660096681653,3398.540654886532
31.0,17.0,-94.59714083347171,876.6280907612806,670.8407238232608,4,2029.5911382864329,3338.380345039006
31.0,18.0,-467.7282887067139,121.14617516719215,467.7282887067139,2,2232.687732396194,3672.4445144819374
31.0,19.0,-72.15387411033359,44.2438225206422,72.15387411033359,4,1932.8684750314887,3179.2857215757053
31.0,20.0,-311.57012409051777,684.9610208363266,642.54147551296,4,1992.3823889724347,3277.177398775548
31.0,21.0,-450.97407550556716,25.981205891675756,450.97407550556716,4,1932.7025884457048,3179.012862423416
31.0,22.0,-378.79724727915664,1060.6093214511293,800.5186713969438,4,2073.0286660414145,3409.8287201125927
31.0,23.0,660.5741391684896,1647.876261062777,1353.4441427587644,4,2256.7121814139377,3711.961216584284
31.0,24.0,1913.616577374883,2073.008596443379,2142.7075272502198,4,2425.6306611516534,3989.8073906399945
31.0,25.0,-373.4187114727058,1416.596246329968,1128.6915290066433,4,2176.7807070104723,3580.4856410041652
31.0,26.0,-66.61614089991667,418.9065955331917,315.9342418403173,4,1955.1836618961245,3215.990937626101
31.0,27.0,104.1783643947087,88.84156173865996,104.1783643947087,4,1933.6360038541422,3180.548194143437
31.0,28.0,-1.3332976357197737,58.71656194661989,48.11777888959564,4,1933.0611995429297,3179.6027251873516
31.0,29.0,286.32943420791776,263.9375071430078,310.8561263901713,4,1941.6058528170354,3193.657429116307
31.0,30.0,-82.7361912005382,276.9436208032507,206.786769275432,4,1942.5114332756814,3195.146976418207
31.0,31.0,1067.5077928819007,1931.3950924641815,1570.853880699313,4,2366.462610195288,3892.4846074247675
31.0,32.0,-20.304629379272,499.5265238171111,425.16741304357515,4,1964.6285037770724,3231.5263200499617
31.0,33.0,489.8619369918091,1330.9309555481573,1224.991101133986,4,2149.579118821426,3535.7430100125725
31.0,34.0,-278.0428607201634,1425.143317995537,1069.5146884623496,4,2179.568425690875,3585.0710301865456
31.0,35.0,-69.75041998495328,145.9276799989099,113.65136671431435,4,1935.3679825164688,3183.3970455279673
31.0,36.0,-106.52942236953513,88.29165136094862,106.52942236953513,4,1933.6234100012744,3180.5274790988697
31.0,37.0,-396.59035144203244,241.64833648651518,396.59035144203244,4,1940.1543090997386,3191.269852168233
31.0,38.0,-3403.4602017143116,4828.360176080952,4752.115673601293,4,3923.2044018680926,6453.096989684714
31.0,40.0,-787.7906256588394,1964.5325448932363,1516.6467102441493,4,2380.062151253047,3914.8538618584976
31.0,41.0,310.68538216097375,470.10327752739596,370.017272944817,4,1960.9947296272712,3225.549293460139
31.0,42.0,-221.59051838010419,1189.7767929842269,978.7297894619892,4,2107.7917810867493,3467.008955979043
31.0,44.0,-61.533344744910664,398.97937117327507,311.63441817278465,4,1953.0985774317296,3212.5612788823414
31.0,46.0,-1067.8172249576482,674.8201231806325,1067.8172249576482,4,1990.6513715815977,3274.330128541914
31.0,49.0,745.5171506970646,1721.9313464004388,1402.590326606316,4,2284.1903521189183,3757.158785330363
31.0,52.0,21.2129639099158,97.5112258998794,83.12826872850388,4,1933.8448757444799,3180.891757829827
31.0,54.0,16.5,20.53655277791285,16.5,3,2066.096371726833,3398.426110666158
31.0,55.0,88.9378020227391,1111.298593659645,773.713832346104,4,2086.26318234059,3431.59756224824
31.0,56.0,155.17876253890145,141.02093147296299,155.17876253890145,4,1935.1860983925255,3183.097872767014
31.0,58.0,-832.1647167446743,2671.911382686023,2010.820371374415,4,2702.694396767511,4445.536681064462
31.0,59.0,-4.252313250146983,27.406204766679902,21.842614425445277,4,1932.7124291742916,3179.029048981524
31.0,60.0,98.77369335972631,141.04568950434773,110.59470646364221,4,1935.1870005554536,3183.0993566929783
31.0,67.0,-189.82182494234803,479.6107827621017,353.90445977596164,4,1962.1455183868939,3227.442172525259
31.0,71.0,-437.0457124281761,1113.9866917257116,901.7094943993343,4,2086.979865385848,3432.776400954607
31.0,72.0,-1998.79427662522,3512.0599817691627,3380.9440091441356,4,3146.789545175708,5176.008196635237
31.0,74.0,443.797392767603,1767.6150028275256,1391.1010940086744,4,2301.5718939380126,3785.7488774335093
31.0,79.0,48.20943186966724,8370.002019985917,5742.786947571885,4,6226.031536310999,10240.910554015394
31.0,80.0,246.95686022646805,724.6310708115124,543.2877207993879,4,1999.3866255048456,3288.69834263991
31.0,81.0,-256.68843182335604,255.03457774878243,256.68843182335604,4,1941.0108453531845,3192.678728931329
31.0,82.0,18.86871214581879,757.9378252841793,533.5556544951596,4,2005.5514596622022,3298.8385924631925
31.0,83.0,188.05532557613697,806.8885180398827,675.3408964220689,4,2015.0772501636839,3314.5071235191344
31.0,85.0,91.5188612503286,234.05889551191905,162.10839976776214,4,1939.6890387737576,3190.50455058503
31.0,87.0,299.43025688819944,437.5084466136998,374.66891769179165,4,1957.2196106426331,3219.3397753060835
31.0,90.0,-1560.3757291702714,664.5010771514271,1560.3757291702714,4,1988.9149364974455,3271.4739469957804
31.0,91.0,-1338.7865782925965,1375.2095652101673,1536.5977104017384,4,2163.4700039468316,3558.5914827926617
31.0,92.0,-1079.5226974601865,798.0973201170137,1079.5226974601865,4,2013.325967160786,3311.6265193199993
31.0,93.0,237.8597261945706,868.9067379858452,533.7400110873186,4,2027.930285664065,3335.6484855792723
31.0,94.0,-3013.5332855284214,1471.8290107285952,3013.5332855284214,4,2195.026674613794,3610.497586993728
31.0,95.0,-3038.4195926412976,3488.847857692564,3151.2429942060953,4,3133.852496675287,5154.728645487272
31.0,96.0,-1114.9526623586053,1038.6087692287624,1134.7344820378976,4,2067.45154033036,3400.6551646588005
31.0,97.0,-428.00539661779294,1192.4089272258902,938.554819838997,4,2108.535346803305,3468.2320127447965
31.0,98.0,-93.80482506331077,571.0416732010992,451.0822257845982,4,1974.3470009400803,3247.5118253570527
31.0,99.0,-2.176780348889414,12.099038615928658,7.271780348889415,4,1932.634206781679,3178.900384595326
32.0,1.0,-271.7685222334376,1150.6371659374213,996.150510853503,4,2096.8988358223637,3449.0916554527344
32.0,2.0,277.2249729655068,1839.7662715480044,1486.5271055665198,4,2329.6720264487353,3831.9694823115883
32.0,3.0,4185.278013303694,6327.465553828355,5039.745180014452,4,4873.747218649847,8016.600789440851
32.0,4.0,208.25715717410458,1981.0235805846442,1389.461058872479,4,2386.8868840544446,3926.0795483598513
32.0,5.0,1451.3482860301237,6087.632307264256,4489.03079782704,4,4718.541653739924,7761.310353075712
32.0,6.0,153.65609231087672,442.77546720156255,361.32881536251114,4,1957.8117481087695,3220.3137547649117
32.0,7.0,-1368.7977423878747,4070.2489995567685,2995.3705904834933,4,3466.7658188939404,5702.322330999088
32.0,8.0,-315.2170243548826,1029.6158785451994,874.6524907378771,4,2065.2012523071776,3396.9537702421835
32.0,9.0,3788.780872693531,1136.7799163103434,3788.780872693531,4,2093.1163543669068,3442.8700271118496
32.0,10.0,38.58289361707648,2259.5211184357327,1634.953946315567,4,2507.53257729256,4124.5240544586395
32.0,11.0,-124.861960831734,649.589430877812,498.0272693095176,4,1986.4503513073298,3267.4200651068877
32.0,12.0,-199.76450758528267,321.3305127902711,264.81689646056657,4,1945.9261119271625,3200.7636229829695
32.0,13.0,360.19509652429406,1388.5240280836492,1000.5656024994569,4,2167.717987224758,3565.5787934945884
32.0,14.0,-123.39257245118779,1811.9552520933114,1473.3497514951146,4,2318.7480893036227,3814.0012046778597
32.0,16.0,-144.89434952132206,557.6909209682335,365.23383867184066,4,1972.4379243768694,3244.3716738479275
32.0,17.0,-230.20468214208222,1526.3815526201947,1042.8641166289494,4,2213.5767675742695,3641.0097746800534
32.0,18.0,26.91,2733.130726421601,26.91,1,2733.130726421601,4495.599988287083
32.0,19.0,104.86452018157712,342.0894807862763,265.6442333207539,4,1947.6946347636856,3203.672584184971
32.0,20.0,13.453662261767931,349.0929609322051,251.50136747117085,4,1948.3158705767248,3204.694426165241
32.0,21.0,-566.4174835121579,445.62690732143784,616.6360028538196,4,1958.135198120745,3220.845782690247
32.0,22.0,600.3325146995448,1156.3470623650444,830.8739224889214,4,2098.4687389082233,3451.673916237473
32.0,23.0,100.85493408893672,2724.538021873404,2293.197634216489,4,2728.8377562933006,4488.538680801153
32.0,24.0,-178.73759615448137,1138.8523275869943,843.1518511633268,4,2093.6795590252323,3443.7964163368124
32.0,25.0,-177.49911416922214,644.5301859939118,508.2962249460584,4,1985.6261894383865,3266.064439467561
32.0,26.0,-99.87537933268277,1309.8458922794132,922.3719368888933,4,2143.0935384661957,3525.0751796423865
32.0,27.0,82.25829061322878,240.48158047596382,196.35704437599554,4,1940.081822792287,3191.150622802517
32.0,28.0,5.387133537477325,105.5015377342487,71.90672503107623,4,1934.054567763557,3181.236670507949
32.0,29.0,-75.56449700388418,406.2011837581839,311.104696868436,4,1953.8427482011466,3213.785330871488
32.0,30.0,-324.28359518310003,108.03636071915126,324.28359518310003,4,1934.124533600061,3181.351754067885
32.0,31.0,710.1178390196986,957.0538683365163,822.0920725446673,4,2047.6762042139082,3368.1276313234703
32.0,32.0,362.27949547474077,429.7199306724195,362.27949547474077,4,1956.3566631019735,3217.9203529139604
32.0,33.0,-103.47471348929741,1016.185734597426,770.3121149215127,4,2061.8725730399997,3391.4785800766076
32.0,34.0,-711.5424198754986,1501.3533646209917,1145.2877299448533,4,2205.0017565943845,3626.9051367686407
32.0,35.0,-80.04997488791639,326.20956150553104,251.3398255750992,4,1946.331966254408,3201.431193945153
32.0,36.0,-190.13225137672202,369.46465916720933,282.88624945526306,4,1950.1932855595892,3207.7824990090985
32.0,37.0,-92.7753277819927,318.1893585094817,197.10226397150905,4,1945.668013251303,3200.3390884398705
32.0,38.0,1157.2080874814073,2986.2236789494177,2451.994049263614,4,2862.475801507155,4708.353704169866
32.0,40.0,2024.6507052535344,1816.7889344701723,2233.7495133898665,4,2320.638446648156,3817.1105658122497
32.0,41.0,2475.9537664605486,801.897356194239,2475.9537664605486,4,2014.0807999657286,3312.868108796951
32.0,42.0,61.35340137244111,858.0860347098105,727.0635903453222,4,2025.6252381269685,3331.8570197775834
32.0,44.0,461.2731165595484,778.6177185939912,610.2518743418633,4,2009.5085368589978,3305.3474052424685
32.0,45.0,17.94,2733.130726421601,17.94,1,2733.130726421601,4495.599988287083
32.0,46.0,994.2783322065516,2292.312052801363,1642.529076065146,4,2522.3697305439055,4148.92899979775
32.0,47.0,0.0,2733.130726421601,0.0,1,2733.130726421601,4495.599988287083
32.0,49.0,221.07648384347817,1223.9495922117012,962.0893849800357,4,2117.5523809324127,3483.0637140364047
32.0,52.0,244.763493160272,393.11997226993986,302.3428381954627,4,1952.5044020830512,3211.583947405022
32.0,54.0,37.620000000000005,25.212790404871892,37.620000000000005,4,1932.6974999349832,3179.0044925681
32.0,55.0,635.0314601937878,2890.061062435851,1958.7116574797572,4,2812.6905724161793,4626.464289530965
32.0,56.0,668.5514936097452,912.0302947753694,945.2778901641777,4,2037.3761098896193,3351.1854838162217
32.0,58.0,258.7013553227977,1556.8864853658392,989.9707514140905,4,2224.1739023764153,3658.440510294656
32.0,59.0,31.722661864492224,50.43137181432328,44.07697410456255,4,1932.9442427257109,3179.4103483423523
32.0,60.0,62.50806673314527,145.11004202614353,134.42553687449447,4,1935.3372434806677,3183.3464843134407
32.0,67.0,464.82827522446587,370.82187101733456,475.9944632965007,4,1950.322079521055,3207.9943462237447
32.0,71.0,1140.4316378746046,1161.8077953669463,1395.3066769769355,4,2099.9762999954633,3454.1536335596707
32.0,72.0,3061.296817132943,4171.718524890686,3355.4473699240534,4,3526.5591600472258,5800.673625062616
32.0,74.0,654.6909830487521,752.2947459672487,797.1716871385606,4,2004.4888316625509,3297.090724943866
32.0,79.0,-628.5049505459306,798.1440396584028,628.5049505459306,4,2013.3352273965832,3311.641751052437
32.0,80.0,619.9469499014385,413.8437927897407,619.9469499014385,4,1954.6445012508625,3215.1040972832325
32.0,81.0,-273.64826781783495,701.3185106492175,513.7458676690408,4,1995.2257041609485,3281.854236075941
32.0,82.0,1229.8586524127531,939.8517528410243,1229.8586524127531,4,2043.688440666558,3361.568343989187
32.0,83.0,97.07768857894371,350.3920907145567,311.2540865256508,4,1948.4324705959386,3204.8862161297475
32.0,85.0,-52.5690491460054,408.0435765809602,318.82616332821834,4,1954.0346885481397,3214.101044647398
32.0,87.0,969.1035155230891,1614.6174029728345,1668.6439584113352,4,2244.6595427472525,3692.1363901590516
32.0,90.0,54.51999926287681,2440.140100706515,1844.9554275883893,4,2590.7805077607277,4261.45471482541
32.0,91.0,-420.3465634448967,1081.1929460281028,873.4509160664111,4,2078.33848954529,3418.5626025614147
32.0,92.0,-630.6648650192001,5163.1172667820965,3903.7493069462435,4,4130.846370796989,6794.637635384753
32.0,93.0,-21.998201498073286,1162.3342003742887,915.2371170604611,4,2100.1219442058127,3454.3931969673085
32.0,94.0,-1113.0138921770122,1484.4109830460484,1503.9208458595967,4,2199.2589131679792,3617.4589999297036
32.0,95.0,475.5716105999054,2823.348508342853,2254.6230290547937,4,2778.605798532034,4570.399825583808
32.0,96.0,94.14990389546574,56.31861956520841,94.14990389546574,4,1933.0255242261546,3179.544044513161
32.0,97.0,325.441534706496,766.901435977231,628.7948129754559,4,2007.25451552784,3301.639870080688
32.0,98.0,449.3553094916854,861.6175266475715,856.672256941388,4,2026.3746358874694,3333.089669401973
32.0,99.0,37.25852735270956,49.74775825337617,47.86147264729044,4,1932.9353852574982,3179.3957791036373
33.0,1.0,-200.49158872972703,212.63200514875618,200.49158872972703,4,1938.4550468508999,3188.4748144950886
33.0,2.0,-180.6866961270573,172.59885301609646,180.6866961270573,4,1936.4650696271726,3185.20159324109
33.0,3.0,-333.069984752353,166.58763689904887,333.069984752353,4,1936.2018242525078,3184.768593131794
33.0,4.0,191.37893700256018,495.459094369533,333.9389710759033,4,1964.1134491041178,3230.679130503074
33.0,5.0,-29.22038626838293,24.7431232945407,29.22038626838293,4,1932.6944649711497,3178.9995004968305
33.0,7.0,-68.27044475875428,85.03901702695613,79.28135300242336,4,1933.5505168118545,3180.4075804718723
33.0,8.0,398.1531600457914,292.51627072572774,398.1531600457914,4,1943.6524041542452,3197.023706506059
33.0,9.0,-0.39989056122990085,35.058326535881875,29.026948833378505,4,1932.7742566023283,3179.130746050775
33.0,10.0,22.855175116226505,59.78670827250657,52.15432629241456,4,1933.0776003818278,3179.629702166698
33.0,11.0,15.170877499225334,42.265499990006454,35.17467112247818,4,1932.846338977736,3179.249311007404
33.0,12.0,9.993333781371302,23.823642858694758,19.49604854080767,4,1932.6886885462086,3178.9899991233156
33.0,13.0,378.59775044686216,317.0204579557569,405.062725603191,4,1945.5726070327403,3200.182159175234
33.0,14.0,-103.3552933841049,135.24341043511947,118.98428579552521,4,1934.9798897890375,3182.7586897976585
33.0,16.0,-42.20953296104642,78.24656832908475,62.864824169624654,4,1933.4071083407584,3180.1716945280546
33.0,17.0,41.9570993052898,51.97218079804882,52.44195203788482,4,1932.964649869052,3179.443915106093
33.0,18.0,-116.20582579716815,2733.130726421601,116.20582579716815,1,2733.130726421601,4495.599988287083
33.0,20.0,-30.022975538562008,27.75038204691977,31.85976087220056,4,1932.7148847429125,3179.0330880324764
33.0,21.0,-52.74553986529006,68.97500123132168,70.64486207140672,4,1933.2306016749178,3179.8813668985654
33.0,22.0,-2.706005373422059,34.3279903793989,24.205640104733384,4,1932.7677018505558,3179.1199644435483
33.0,23.0,3.36,0.0,3.36,2,2231.591893351749,3670.6420196551276
33.0,25.0,-6.990190589142044,12.714049459483643,8.990190589142044,2,2231.603965945675,3670.661877305033
33.0,26.0,38.831263082191114,66.45866987994353,50.07058082460395,4,1933.18653038346,3179.8088760749665
33.0,31.0,30.767092608182065,21.384006158958,30.767092608182065,4,1932.6744220676792,3178.9665328543624
33.0,32.0,8.289590551857726,3.740204723584278,8.289590551857726,3,2066.0540802710852,3398.3565474117827
33.0,38.0,2319.1993932791274,3525.0498530270834,2713.0962953427816,4,3154.0434393042315,5187.93979070206
33.0,40.0,808.5889505268044,881.8750899140152,814.8319900927256,4,2030.7273625379553,3340.2492676201528
33.0,41.0,-110.19922486535809,26.786496361085273,110.19922486535809,3,2066.127046985715,3398.476566976988
33.0,42.0,52.70853559364754,30.018825600020083,52.70853559364754,4,1932.7318357185864,3179.060969906294
33.0,46.0,111.30971999731764,293.1975485577827,262.7025789992963,4,1943.7037287341611,3197.1081279274854
33.0,52.0,4.0,0.8660254037844386,4.0,3,2066.0527071426213,3398.3542888164484
33.0,55.0,26.473481486148543,22.897836996630108,26.99165578520624,4,1932.683093350924,3178.9807958460583
33.0,60.0,76.30649630463118,41.401732744177075,76.30649630463118,4,1932.8369914692869,3179.233935724228
33.0,67.0,170.0199656546573,116.82787056923483,170.0199656546573,4,1934.3800452666496,3181.7720333594016
33.0,74.0,-26.781080387093574,115.62897699503586,88.17902619054183,4,1934.3440267996264,3181.7127882532814
33.0,79.0,437.6939943482521,554.6161807155469,469.13190136967205,4,1972.004395991724,3243.6585831112347
33.0,80.0,-785.3964254376808,391.4184902853659,785.3964254376808,4,1952.3334759009722,3211.3027988544886
33.0,81.0,-162.17242881539823,386.89287948951664,304.7486502896418,4,1951.8823822030822,3210.5608157494194
33.0,82.0,-59.78407406250358,179.555776716192,154.4776819196661,4,1936.781330540702,3185.7217961517717
33.0,83.0,-321.41691315631493,252.72401737562947,347.44242922046834,4,1940.8597317514145,3192.430169175376
33.0,87.0,64.95117940370955,155.17951235039774,126.35073629782903,4,1935.7278022443104,3183.9888963123562
33.0,90.0,-686.5991433365834,1270.7640531633228,928.4030273931912,4,2131.2959492433174,3505.6698722198516
33.0,91.0,-280.59419553285807,983.5521409853661,807.9828572110309,4,2053.9447876886525,3378.4385335877514
33.0,92.0,-1795.7986572984973,1903.8645214340618,1999.4035913548705,4,2355.2816905505397,3874.09363119445
33.0,93.0,-3750.8755407394683,1483.1395935701657,3750.8755407394683,4,2198.8299868026797,3616.7534788420453
33.0,94.0,-3395.771223736846,257.5673262491782,3395.771223736846,4,1941.1780566528435,3192.95376704404
33.0,95.0,-596.5484778638356,571.9912033583415,638.6259726900817,4,1974.4844269364587,3247.737871005633
33.0,96.0,322.26269417812046,495.01228928814595,425.1330585992996,4,1964.0571191103581,3230.586475908532
33.0,97.0,171.6908216914578,480.6255966140585,411.6991239721508,4,1962.2696720673346,3227.646387156831
33.0,98.0,-826.698133402095,262.2906704636067,826.698133402095,4,1941.4942651888155,3193.4738838013063
33.0,99.0,-51.46635972505987,2733.130726421601,51.46635972505987,1,2733.130726421601,4495.599988287083
34.0,1.0,174.43988246172285,645.8492182925584,518.0112133677621,4,1985.8404745194134,3266.4169070602898
34.0,2.0,-575.4334442257423,2590.068610264668,1925.3999866288723,4,2662.560701053426,4379.522626106182
34.0,3.0,1076.7268557636166,6246.772835927529,4062.082375711819,4,4821.419626592978,7930.529559856472
34.0,4.0,-586.6740290633497,693.0351112004066,756.2817525645496,4,1993.7779757368207,3279.472934726674
34.0,5.0,1748.2284424465183,2898.989312460419,1849.2893289986027,4,2817.28083455214,4634.014598853958
34.0,6.0,-20.745252690865243,548.1473089777548,406.0494181506521,4,1971.0998249770892,3242.170696196977
34.0,7.0,-1013.492939043409,196.9762754058948,1013.492939043409,4,1937.6278307227433,3187.1141650464174
34.0,8.0,669.2561420808888,1030.8559977118643,1006.7603059667199,4,2065.5105489597954,3397.4625179630457
34.0,9.0,1099.4846305145616,2889.833640223414,2053.7801936696237,4,2812.5737355558144,4626.272109997432
34.0,10.0,-784.328855800858,936.2064554543119,827.6649667626762,4,2042.851694928464,3360.1920197270465
34.0,11.0,-452.81245304864433,1142.8906625327975,997.5464826102566,4,2094.779539022487,3445.6057224248707
34.0,12.0,-200.90188788590217,320.5411422480105,265.7148097855768,4,1945.8610165661278,3200.656550642274
34.0,13.0,432.6334193752282,1385.076709718666,1237.8658855753256,4,2166.614993430415,3563.764530151458
34.0,14.0,475.70797394106535,822.7149606256474,853.4268652352087,4,2018.2744454294527,3319.7660417481065
34.0,16.0,-179.98522702842638,963.7009267356351,807.1187973975975,4,2049.2343745776116,3370.690593497616
34.0,17.0,389.3521444949197,311.37302809250053,404.3096686820495,4,1945.1165428237664,3199.4320003069806
34.0,18.0,101.32183262639427,163.6257464563745,122.12532117157588,4,1936.0755347626903,3184.560865406422
34.0,19.0,4.838311451768426,48.25468897053226,35.954440545728495,4,1932.916460005128,3179.364649833635
34.0,20.0,122.3463408954874,548.0243591280545,377.829450108175,4,1971.0827311287042,3242.1425793184626
34.0,21.0,-384.70633321165906,430.59215271251645,395.71740935114303,4,1956.452551135277,3218.078074693321
34.0,22.0,-4.553075790557159,417.91164614902084,340.6633977208271,4,1955.077199460018,3215.8158225019374
34.0,23.0,-1215.2627902506842,475.27439372905144,1215.2627902506842,4,1961.617867608825,3226.5742642291884
34.0,24.0,-454.95665313212044,792.5210721429855,786.9492677328574,4,2012.2242938475492,3309.8144279750063
34.0,25.0,213.22965355033375,1075.8198643244632,814.0054134497864,4,2076.9439024905046,3416.2687109862513
34.0,26.0,-326.1427902443887,905.2419132066782,773.019373655104,4,2035.8617940734528,3348.69465595365
34.0,27.0,57.42266986034545,110.73159930311219,79.26264125815334,4,1934.2007464058756,3181.477112977949
34.0,28.0,31.029775589401602,68.6142460032545,61.63045842658635,4,1933.2241828697033,3179.8708089035276
34.0,29.0,97.78770553288922,259.3961102661624,183.63972391810233,4,1941.2998106592247,3193.154034563032
34.0,30.0,108.20138164567766,301.9932987590847,242.1551022413787,4,1944.3769593632383,3198.2154937694977
34.0,31.0,-2.200023644730777,150.4672174823294,115.7100918973207,4,1935.541778320316,3183.6829141862745
34.0,32.0,-164.37084112452715,1085.6523810871379,749.8536998682752,4,2079.5005001526256,3420.473939923447
34.0,33.0,-147.36338943667658,652.2487760394079,495.48751976314577,4,1986.886010010989,3268.136659905714
34.0,34.0,-615.2656079602068,368.57280588858805,615.2656079602068,4,1950.1089047730713,3207.6437049663496
34.0,35.0,-320.61945198666854,326.52934273405384,323.29698136308934,4,1946.3587772268763,3201.47529407046
34.0,36.0,128.74299288605383,46.07774115599063,128.74299288605383,4,1932.889899339834,3179.320961426992
34.0,37.0,-111.5215990509825,243.89537671952246,157.3922578026747,4,1940.2948902802154,3191.501087632821
34.0,38.0,-2714.5405653315447,3237.023082207204,3689.724579394575,4,2995.690404769166,4927.472227508287
34.0,40.0,-659.6215854739057,952.9025215909345,985.9504451559806,4,2046.7079400056361,3366.534978428647
34.0,41.0,29.598038447638885,900.1587361594858,671.445364227362,4,2034.734542636227,3346.840492338643
34.0,42.0,31.857978244700917,120.51185933498508,88.20587974687169,4,1934.4930441785316,3181.957900029452
34.0,44.0,-256.6070948761503,1047.769631179684,706.1245171754658,4,2069.761431630742,3404.454597742098
34.0,46.0,-203.3734879167937,697.0092985017035,594.4763405655435,4,1994.4705475273013,3280.61211394817
34.0,48.0,1307.5380076135843,578.9070568745857,1307.5380076135843,4,1975.491957489205,3249.3951112895825
34.0,49.0,-656.4297992340964,608.6309925602545,702.7064184754297,4,1979.9539455268587,3256.734428496731
34.0,52.0,-67.9966842991881,548.6658335465465,440.2395648652953,4,1971.1719565541707,3242.2893420831574
34.0,54.0,5.88,2733.130726421601,5.88,1,2733.130726421601,4495.599988287083
34.0,55.0,268.67859578561865,1536.9204198917566,980.5017679518191,4,2217.2198746166473,3647.0021525120806
34.0,56.0,38.61756353083864,199.4444745714492,152.41583944096573,4,1937.754069296069,3187.3218090216137
34.0,59.0,20.659947991760347,101.84891639562618,85.12161448189185,4,1933.9566656831832,3181.0756359159595
34.0,60.0,15.972557956351794,59.43644414738134,49.631484770346454,4,1933.0721997125138,3179.620818856189
34.0,65.0,7191.838885384064,1778.1582670959003,7191.838885384064,4,2305.629023775439,3792.4222621616127
34.0,67.0,235.36797050464202,696.0845448562366,567.4998705006001,4,1994.3090609654241,3280.3464921911627
34.0,71.0,177.64023970955128,616.8819690962725,546.3915808972779,4,1981.2302909437312,3258.8338298849167
34.0,72.0,-192.2951020774417,2368.9091891169983,1656.687583015755,4,2557.51190749846,4206.73273702042
34.0,74.0,-80.1986537693092,301.4603555945268,183.53538806233337,4,1944.3356080812086,3198.1474769632723
34.0,79.0,2.572647568906177,263.05677350557767,227.37247680970268,4,1941.5460893057668,3193.5591268880376
34.0,80.0,-451.1130105869629,385.70647830010535,493.3269770004531,4,1951.7649775411662,3210.367702265446
34.0,81.0,-138.59154616836304,672.648250678186,441.3908887815446,4,1990.2838034876197,3273.7255328293822
34.0,82.0,614.4977652642406,451.4166092753963,614.4977652642406,4,1958.7981676068064,3221.936270453953
34.0,83.0,34.05778654159292,453.0461469120065,325.54252422787374,4,1958.9862657688138,3222.245664397954
34.0,85.0,28.400293071796398,379.65166239706895,320.62722645169316,4,1951.1713087874584,3209.391204062702
34.0,87.0,808.7966036441153,1172.8270656337472,956.5077311366831,4,2103.0367202682096,3459.187576945293
34.0,90.0,-940.0461769368358,1696.8784475928728,1559.315158835734,4,2274.796697906768,3741.7075991291795
34.0,91.0,390.75995471880924,1422.1214942338772,1258.5528854251843,4,2178.5813172879116,3583.4473813497375
34.0,92.0,367.23203500782984,1332.689128153012,1151.6173095073973,4,2150.1237034188407,3536.6387719628115
34.0,93.0,1326.1506522781901,1259.4829184187158,1398.0872336519542,4,2127.945110840314,3500.158233519343
34.0,94.0,-1034.4104393302841,1225.6846896679513,1294.6818342056686,4,2118.05412185292,3483.8890044092914
34.0,95.0,306.85852834348407,2377.0977307401863,1856.8472854704414,4,2561.3079851122952,4212.976729051727
34.0,96.0,-450.31991965456837,887.6239569190684,573.255617637993,4,2031.9793129614452,3342.308542814994
34.0,97.0,84.7538252755312,918.801773072334,706.4706227137522,4,2038.896793110276,3353.6867851271627
34.0,98.0,-27.826436083695853,443.1108329908103,306.50497219219847,4,1957.8496849890798,3220.376155380085
34.0,99.0,2.1868487148262323,25.634817030223264,17.89315128517377,4,1932.7002757222913,3179.009058331921
35.0,1.0,-875.6140267747514,1459.3807200419615,1497.843223162191,4,2190.8669121765547,3603.6553866615786
35.0,2.0,3101.7145685614832,1138.4254882812033,3101.7145685614832,4,2093.56348841851,3443.605497178363
35.0,3.0,-1539.48521374769,4606.181217811134,3737.6680892890636,4,3787.275338487151,6229.513576774455
35.0,4.0,-223.5058184153213,910.0057607189447,630.7558541880853,4,2036.9234217627738,3350.440878108902
35.0,5.0,-1313.5271078369428,3419.502994897228,2987.2820576208346,4,3095.4001599002495,5091.480179878093
35.0,6.0,259.29858382107443,1869.2260122014795,1615.5464559003603,4,2341.368131285693,3851.207862773863
35.0,7.0,949.4080689801885,2385.5225034688983,1828.4214933747808,4,2565.2213532428723,4219.413646814902
35.0,8.0,503.80497022348663,1174.6460761179312,1046.3845214236871,4,2103.5442676408215,3460.0224180819837
35.0,9.0,905.1974020505681,3119.3834832638013,2493.562226371167,4,2932.623133251942,4823.735797211247
35.0,10.0,222.7675040136396,927.8150561502569,700.6061559887899,4,2040.9365921224712,3357.041955930624
35.0,11.0,62.04006644685478,443.78215122509033,365.70916320078277,4,1957.9257091953002,3220.5012040714228
35.0,12.0,162.11796086606665,449.47950662193665,357.08825867110346,4,1958.5754254793162,3221.569892257676
35.0,13.0,2471.5772722516485,1521.9167345447065,2471.5772722516485,4,2212.039117488329,3638.4805653592116
35.0,14.0,321.5162283973741,2625.839533733605,2079.9218021755887,4,2680.0220917585907,4408.244057939189
35.0,16.0,-744.4722525029443,455.30811317634203,744.4722525029443,4,1959.2484586741505,3222.676933349258
35.0,17.0,-130.90220656208612,538.0705163600411,379.8835106463598,4,1969.7110763111718,3239.886407916919
35.0,18.0,-734.8518131980109,172.37564210859938,734.8518131980109,4,1936.455128540579,3185.1852416087504
35.0,20.0,339.58985684593426,947.6056962359462,805.1911615602121,4,2045.4779543237175,3364.511832018645
35.0,21.0,-106.86062821628218,298.57232850250045,243.4936381203803,4,1944.112780043544,3197.780957457333
35.0,22.0,1508.1476250397263,897.3037824578136,1508.1476250397263,4,2034.1039361009762,3345.803236891956
35.0,23.0,-1747.0002204121902,1190.6116748666159,1747.0002204121902,4,2108.0274817988684,3467.3966491502474
35.0,24.0,2064.656367541709,1680.3730931221771,2064.656367541709,4,2268.662304068067,3731.6174191744435
35.0,25.0,429.0352934189832,670.4694342756566,532.1789692506045,4,1989.9161829091934,3273.120850787616
35.0,26.0,686.1632443134213,582.7819507446529,686.1632443134213,4,1976.06153368558,3250.3319807620146
35.0,27.0,219.39387982552273,199.20578277208293,219.39387982552273,4,1937.7417928609202,3187.301616082733
35.0,28.0,121.67041814309644,108.75814473574495,121.67041814309644,4,1934.1447595457055,3181.3850227879366
35.0,29.0,-190.6810702738428,910.79798857455,622.2450806369045,4,2037.1004569855306,3350.7320751371517
35.0,30.0,238.58224591966837,495.86005513879047,411.5098355544651,4,1964.164041264389,3230.762347201391
35.0,31.0,689.9267974675854,1618.8750577814808,1304.6719650435257,4,2246.1923359784732,3694.6576106647917
35.0,32.0,-267.1813417996739,658.1189758505876,542.7902597979339,4,1987.8536357192518,3269.7282625614816
35.0,33.0,425.5749545638314,1783.5869852113603,1408.7873619683573,4,2307.7246479514424,3795.8692571882393
35.0,34.0,821.6102254947709,1007.3586294739284,1027.7271469329698,4,2059.7056799559323,3387.914358128063
35.0,35.0,-96.45764513651488,380.5615097018292,260.9120871230691,4,1951.259930195924,3209.536973307842
35.0,36.0,-781.5874164836016,277.94347964849635,781.5874164836016,4,1942.5828355039307,3195.2644226323155
35.0,38.0,-934.3745140394667,4443.987297099464,3647.840182351839,4,3689.107389633112,6068.041670051502
35.0,40.0,1313.285395755769,713.1210197558286,1313.285395755769,4,1997.3163440636365,3285.293032702527
35.0,41.0,229.02665514186793,470.61457404666015,385.89188361076145,4,1961.056047773111,3225.650152834721
35.0,42.0,431.4617856718519,1502.5744224734738,949.1937134140117,4,2205.417586624057,3627.589116301143
35.0,44.0,222.03802989874941,355.70829860049224,304.51935228773914,4,1948.914051645573,3205.6783464659093
35.0,46.0,998.3638284635517,1404.9875728725167,1480.7899754782293,4,2173.015605976643,3574.2926009128328
35.0,49.0,12.622499999999999,17.549826922223478,12.622499999999999,4,1932.655112033038,3178.9347706738463
35.0,51.0,-21.235697667218123,2733.130726421601,21.235697667218123,1,2733.130726421601,4495.599988287083
35.0,52.0,383.69096893469305,203.5407311419342,383.69096893469305,4,1937.9670271890157,3187.6720935842145
35.0,54.0,29.04631671436595,29.77877574700514,31.773683285634053,4,1932.7299789669094,3179.0579158215633
35.0,55.0,-169.89673768669923,1859.7475172209556,1463.3866640628523,4,2337.5911100446306,3844.9952156864288
35.0,56.0,80.06455828782437,112.91801951240998,89.50187702360755,3,2067.374653592995,3400.528697229981
35.0,58.0,334.5670247765952,2107.9661499520944,1434.179924216036,4,2440.64795259924,4014.5086369445444
35.0,59.0,54.4682344756513,144.0370186224223,125.9667655243487,4,1935.2971645775106,3183.2805603842185
35.0,60.0,54.81530432227231,45.98133311872781,60.79374457700496,4,1932.888751416548,3179.3190732612115
35.0,67.0,75.7687348268322,614.625645416247,459.3224727103483,4,1980.879634368682,3258.257051145633
35.0,71.0,-2314.5110150513437,1309.0311637393563,2314.5110150513437,4,2142.844622849576,3524.6657498875843
35.0,72.0,-772.895277014195,7097.14134728803,6011.866964970268,4,5377.704848310998,8845.537324418863
35.0,74.0,-1375.6244000180523,1876.5711996010805,1839.7159795344523,4,2344.3040582315793,3856.0370328592685
35.0,78.0,-342.31078763098606,2733.130726421601,342.31078763098606,1,2733.130726421601,4495.599988287083
35.0,79.0,1533.4789703787465,1613.8907302098683,1533.4789703787465,4,2244.3982330200683,3691.7065739065347
35.0,80.0,-36.8063869136357,85.83754758173072,69.67360136028068,4,1933.5681591664559,3180.4365995628264
35.0,81.0,304.0414942251575,626.2195464261638,584.9107312114049,4,1982.6944404062945,3261.242141438813
35.0,82.0,46.533614717019645,1692.5643739371171,1129.2730695165396,4,2273.189139472452,3739.0634008079587
35.0,83.0,850.4903260995384,449.9770515678022,850.4903260995384,4,1958.6325478056779,3221.663850123372
35.0,85.0,310.7644414163804,103.39047864501143,310.7644414163804,4,1933.9975644742049,3181.1429084407096
35.0,87.0,262.4276139380099,1933.1129159575603,1621.767310551134,4,2367.163821279783,3893.6379970203575
35.0,90.0,183.7209255370908,1304.638169127625,925.6235510224678,4,2141.5046486121096,3522.4616884030665
35.0,91.0,290.9188439059535,953.4884862889259,657.7723297379989,4,2046.8443835811524,3366.7594081387087
35.0,92.0,-38.41798629100231,3376.947422965499,2261.897599513388,4,3071.9519417776696,5052.911293253617
35.0,93.0,118.10166313815859,270.92888791365647,259.45073679585533,4,1942.0872830560422,3194.4493113910617
35.0,94.0,-140.9539544820983,115.47338020476012,140.9539544820983,2,2232.587529971718,3672.279696160609
35.0,95.0,2283.304207946854,4676.341071837766,4414.62146121345,4,3830.0241114036517,6299.829050953886
35.0,96.0,3.9200000000000004,4.978031739553295,3.9200000000000004,2,2231.5937441075407,3670.645063877504
35.0,97.0,243.79439403571973,738.9586134988357,590.5518896066869,4,2002.0069180916921,3293.008340405059
35.0,98.0,-30.03302453757833,75.67899091879248,41.61302453757833,4,1933.3560041255148,3180.0876355742585
36.0,1.0,-180.27469792795642,240.31158216686535,221.94360909916333,4,1940.0712904727768,3191.13329867857
36.0,2.0,70.56496031189363,498.24843065261246,329.74591966174194,4,1964.4662209309759,3231.2593885219676
36.0,3.0,99.98423248794094,487.5109851352098,336.9181014632844,4,1963.1187595682247,3229.0430118122695
36.0,4.0,-242.08529298920803,57.29644507499103,242.08529298920803,4,1933.0398922847014,3179.567677866374
36.0,5.0,93.74528279890164,53.21859903827832,93.74528279890164,4,1932.9816071284106,3179.471807315652
36.0,6.0,-226.62235263373825,2733.130726421601,226.62235263373825,1,2733.130726421601,4495.599988287083
36.0,7.0,19.72709446946609,68.38527787972636,55.26865408933545,4,1933.2201263617856,3179.8641365417666
36.0,8.0,-70.29113910429476,245.1849666726577,203.2145402726859,4,1940.3761536867203,3191.634754041749
36.0,9.0,83.94402753746674,161.9515750049158,131.46851442584148,4,1936.0051498325672,3184.4450924988264
36.0,10.0,120.58346168159103,82.91694002778436,120.58346168159103,4,1933.5044332317214,3180.3317797279474
36.0,11.0,94.49664694554569,92.89947781496181,105.84166501194609,4,1933.7313516474,3180.7050273069985
36.0,12.0,26.1840540745011,30.373375464989525,35.81594592549891,4,1932.7346053774436,3179.0655255897104
36.0,13.0,-102.60109699556142,373.6549857802657,275.65879924310593,4,1950.5924248940782,3208.439024791092
36.0,14.0,-72.92774116428973,196.48032159489588,121.69660368285031,4,1937.6026533430304,3187.07275194208
36.0,16.0,32.6590131220411,136.98863596012436,109.30706970772013,4,1935.041272698348,3182.8596556986704
36.0,17.0,-79.65198413110483,38.727900697541706,79.65198413110483,4,1932.8092790032733,3179.188352773994
36.0,18.0,-733.082870996712,2733.130726421601,733.082870996712,1,2733.130726421601,4495.599988287083
36.0,20.0,18.42681549562731,28.79065760794479,27.347284847661307,4,1932.722492971426,3179.045602454741
36.0,21.0,44.411310377379294,30.337822048624584,44.411310377379294,4,1932.7343261758099,3179.0650663438905
36.0,22.0,34.92017576145686,64.19726102226204,37.75196428356582,3,2066.4800346692978,3399.0571800485986
36.0,25.0,12.0,14.142135623730951,12.0,2,2231.6068303220245,3670.666588784861
36.0,26.0,81.60688455581034,68.51374555039574,81.60688455581034,4,1933.2224006874135,3179.8678774745244
36.0,31.0,165.5,65.78373659195714,165.5,4,1933.1749879033027,3179.789890384616
36.0,32.0,-5.79118648727942,15.261042284407836,10.79118648727942,2,2231.6092874001147,3670.670630318669
36.0,38.0,968.0465483538574,1787.013621671579,1544.033887393647,4,2309.0497235605,3798.0488126097825
36.0,40.0,10.0606018526164,255.2262682005353,218.57439437886705,4,1941.0234434042059,3192.6994508812436
36.0,42.0,62.356795490891336,17.206837151212582,62.356795490891336,4,1932.653569959528,3178.9322341886405
36.0,44.0,3.77,2733.130726421601,3.77,1,2733.130726421601,4495.599988287083
36.0,46.0,230.29054470848814,257.641999176823,278.6426350658395,4,1941.1830113940441,3192.9619168680742
36.0,49.0,-157.55713048500647,2733.130726421601,157.55713048500647,1,2733.130726421601,4495.599988287083
36.0,60.0,38.627336150383044,6.050084173078629,38.627336150383044,4,1932.620005488452,3178.8770255466543
36.0,67.0,26.428434909243663,49.01437386480231,47.88299729755215,4,1932.92601727992,3179.3803701517404
36.0,71.0,0.0,2733.130726421601,0.0,1,2733.130726421601,4495.599988287083
36.0,74.0,13.829140207594293,53.42599197836696,35.22879297737674,4,1932.984467646952,3179.4765124499495
36.0,79.0,-1435.5551094229822,2942.1557301716416,2357.835072111151,4,2839.567212471972,4670.672428407005
36.0,80.0,-95.5844974062361,1010.4140799971708,717.1128461057483,4,2060.453855436515,3389.144997280896
36.0,81.0,-5.677081962124248,318.5783752174865,267.7601510136137,4,1945.6998418134904,3200.391441765825
36.0,82.0,-158.80621804585985,1088.6418381805213,754.4909704185422,4,2080.281786146643,3421.7590410243924
36.0,83.0,-146.411680797617,111.42222519686763,146.411680797617,4,1934.2205768703955,3181.5097311894388
36.0,87.0,-133.2076262676089,185.21180411205248,192.23361525717416,4,1937.0476220387961,3186.1598066882384
36.0,90.0,-440.59872453043226,829.7944711182457,831.8702336789001,4,2019.7230542834675,3322.1487912756666
36.0,91.0,-220.18744083353954,624.6365341810382,531.0853326870827,4,1982.4447492355957,3260.831436011071
36.0,92.0,-1950.3044549474525,2223.8105330154917,2513.073316070617,4,2491.5193009949285,4098.184558861105
36.0,93.0,-1010.0657871904027,1160.9688114969467,1272.757034079978,4,2099.7442878810866,3453.7720075918414
36.0,94.0,-1760.8856931748114,1735.1232356257378,1940.095535494379,4,2289.1762940540643,3765.3599300061574
36.0,95.0,-668.5688581733766,2851.042384868711,2323.6354625771482,4,2792.7089221782257,4593.597399664592
36.0,96.0,401.5033619482474,580.2801844701905,556.5338956002042,4,1975.6933795757159,3249.726421139128
36.0,97.0,43.326250333028156,378.29970949987865,259.04085021857304,4,1951.0400095740683,3209.175236075341
36.0,98.0,-1269.9475010479064,530.7552995508515,1269.9475010479064,4,1968.7184607900622,3238.2537006768534
37.0,1.0,60.65520643101354,468.44013106494936,363.84873844840513,4,1960.7957216525663,3225.221954471153
37.0,2.0,1008.6876946955808,1154.4894929687293,1344.5993771607382,4,2097.957287111092,3450.8326528939506
37.0,3.0,331.5599678317492,1298.3095475018195,821.6420754694336,4,2139.5807122943793,3519.297094772824
37.0,4.0,338.41435037463725,584.0802972740499,444.60433940900566,4,1976.2531924545513,3250.6472313832946
37.0,5.0,526.2581351707788,737.3584097882446,627.4106915174818,4,2001.7118913813893,3292.5230646505693
37.0,6.0,-4.993031801446402,18.9390844642326,12.895174316166516,3,2066.0898313204552,3398.4153526550062
37.0,7.0,-133.08504362430665,181.78898840976896,159.1739682634202,4,1936.8854901641598,3185.8931234861984
37.0,8.0,346.4006062349699,659.056674517838,520.3627088572184,4,1988.0089622454398,3269.983751961444
37.0,9.0,-1.472751657361453,49.154085127079675,41.396815649926936,4,1932.9277911751578,3179.3832879497563
37.0,10.0,124.3200716597223,128.66824943625844,139.87474044176201,4,1934.755680457207,3182.3898982650007
37.0,11.0,-201.39138303996242,284.1705630656866,215.67044627861344,4,1943.0332571295503,3196.005300276873
37.0,12.0,54.167544812385664,44.528945841956805,54.167544812385664,4,1932.8717488141401,3179.2911064689733
37.0,13.0,855.1923302603573,798.4077063942066,903.8204699159432,4,2013.3874978924855,3311.7277283672042
37.0,14.0,141.47196248154106,121.28119061363168,141.47196248154106,4,1934.5170837842877,3181.997441662171
37.0,16.0,-24.10575774870034,330.4280455808281,279.480888151874,4,1946.6877331786209,3202.0163784607944
37.0,17.0,20.09442676658672,54.97295662745031,44.633945841079665,4,1933.0061554053873,3179.5121856380724
37.0,20.0,20.099564966997743,39.45717361978122,27.900435033002257,2,2231.7081652081215,3670.833269839794
37.0,21.0,-148.7896478851378,111.44833383388024,148.7896478851378,4,1934.2213289621507,3181.51096827029
37.0,22.0,69.81,2.531442276647834,69.81,2,2231.5923719487646,3670.6428068771643
37.0,23.0,27.428575371474892,33.17451702409988,28.367661036854155,4,1932.757630471246,3179.1033984987625
37.0,24.0,5.97,2733.130726421601,5.97,1,2733.130726421601,4495.599988287083
37.0,25.0,39.49128497733484,45.5163042140059,42.28903173382158,4,1932.8832481113766,3179.31002112974
37.0,27.0,14.6325,3.8568845372053,14.6325,4,1932.617194799348,3178.8724023744876
37.0,28.0,26.468948955825354,41.68460465169779,34.99072689636536,4,1932.8400314013104,3179.238935967443
37.0,31.0,57.17085216855762,36.735745633711886,57.17085216855762,4,1932.7898337270317,3179.156368140841
37.0,32.0,87.06925815546947,25.644685526574584,87.06925815546947,4,1932.7003411814292,3179.0091660026214
37.0,38.0,-3705.4359660563023,5675.343001542283,5102.728549413518,4,4454.184647770277,7326.481772996505
37.0,40.0,260.83703207479994,845.425803678301,709.0259350858887,4,2022.9617343433574,3327.475945918712
37.0,42.0,74.53170056850738,45.15517990225217,74.53170056850738,4,1932.8790130245961,3179.303055031889
37.0,44.0,-3.5382391001558506,5.987175937329404,4.233572705442546,2,2231.594570532877,3670.646423226215
37.0,46.0,471.93962318217723,568.2137182288558,658.0450384126459,4,1973.9390058070856,3246.8407330827677
37.0,49.0,25.555,10.577717145017633,25.555,4,1932.6297441323143,3178.8930441903326
37.0,52.0,11.547250759050693,9.291181402890468,11.962749240949309,4,1932.6264374888553,3178.8876052458463
37.0,56.0,60.873453090716986,81.77035289394874,66.08946926552103,4,1933.480017781703,3180.2916198864314
37.0,59.0,66.91911212826068,6.642763094761562,66.91911212826068,4,1932.620978620925,3178.878626207132
37.0,60.0,-24.599241834555187,157.4578141382951,113.47744924625596,4,1935.8197915796654,3184.1402053042557
37.0,67.0,115.36319149242502,122.32620567422519,115.36319149242502,4,1934.5499823349771,3182.0515549625934
37.0,71.0,-357.55998152951065,2733.130726421601,357.55998152951065,1,2733.130726421601,4495.599988287083
37.0,72.0,-82.82254326803502,79.60730249323025,98.83174700301294,4,1933.434882575583,3180.2173790789416
37.0,74.0,-29.099243084200936,159.697137528251,122.65896081071637,4,1935.9115092695465,3184.2910674791124
37.0,79.0,-74.38726192939475,866.9195340960053,736.0107740458334,4,2027.504999538485,3334.94895215312
37.0,80.0,444.39050560094984,296.7064270919246,444.39050560094984,4,1943.9699421014107,3197.546009950149
37.0,81.0,63.03781484228284,452.79665132453556,370.3874778828881,4,1958.9574236262233,3222.198223295105
37.0,82.0,352.88345467386875,517.4909953045224,528.6309631492588,4,1966.9520199958022,3235.34816412962
37.0,83.0,83.79521991051251,248.88170684195856,152.34282269264963,4,1940.6114592713343,3192.0217972860432
37.0,85.0,82.00607753605976,68.23229433610227,82.00607753605976,4,1933.2174235843518,3179.8596908685017
37.0,87.0,188.40166615211868,175.47988933411827,207.39421650983448,4,1936.5945315515305,3185.4145391569223
37.0,90.0,626.1823604495603,421.73850901921963,626.1823604495603,4,1955.4880385340668,3216.49159264298
37.0,91.0,600.6548304750895,349.6552842913833,600.6548304750895,4,1948.3662881428068,3204.777355681673
37.0,92.0,819.2139152996951,730.3946038957811,819.2139152996951,4,2000.4349333469888,3290.422655596221
37.0,93.0,1240.4924655325603,899.9482995741556,1240.4924655325603,4,2034.6879993768434,3346.7639354896355
37.0,94.0,-136.53396181983226,1073.1996077711035,769.4293285318472,4,2076.265995221942,3415.153652756819
37.0,95.0,1883.5242233994104,1875.5836454701084,2090.244921811649,4,2343.908869694469,3855.387005560673
37.0,96.0,162.1891782248731,348.94189469306,300.26628839663863,4,1948.3023396770138,3204.6721698157753
37.0,97.0,414.3092756879232,747.7046797729047,570.2142997158662,4,2003.629937870785,3295.6779703753136
37.0,98.0,-277.96640759952857,275.6933245570941,277.96640759952857,4,1942.422505135689,3195.000702644603
38.0,1.0,381.85419843102727,171.96749560015104,381.85419843102727,4,1936.436984160969,3185.1553967601403
38.0,2.0,247.10929625532344,213.83178624568856,277.37165175768905,4,1938.5210342576747,3188.583354120455
38.0,3.0,-152.4604482592647,202.2345086433138,219.04860027825794,4,1937.8986511420137,3187.559624995307
38.0,4.0,-18.955413438036885,658.6652570418336,457.0372797406826,4,1987.9440998860925,3269.877062874419
38.0,5.0,-76.34141053587979,89.28291961674522,86.9767199254348,4,1933.6461681813919,3180.5649129739786
38.0,6.0,-29.273127232501352,45.038767748646364,38.584238617260596,4,1932.8776549888232,3179.3008212618224
38.0,7.0,-68.06669016664549,25.028297855150218,68.06669016664549,4,1932.6963009489352,3179.00252041155
38.0,8.0,119.1661686753946,336.21148400926216,210.22270778642223,4,1947.1828021130398,3202.8306943931643
38.0,9.0,22.83102629204735,26.938450960435187,26.066920442969057,4,1932.709141056928,3179.0236405097526
38.0,10.0,20.720418322353453,76.26205558842327,66.87591667140771,4,1933.3674597489792,3180.106478398063
38.0,11.0,46.63630903770988,120.71181847157862,90.9190652605532,4,1934.499277698054,3181.9681532566474
38.0,12.0,3.5074886462968013,25.07088592698077,20.869022375540062,4,1932.69657693998,3179.002974376421
38.0,13.0,106.78752222305502,365.95246111290686,309.25747492139,4,1949.8621453200817,3207.237821785115
38.0,14.0,73.0958337770472,52.785916540276205,73.0958337770472,4,1932.9756750532151,3179.462049920251
38.0,16.0,58.954798883758684,166.08213296024564,135.8778469006513,4,1936.1801107591325,3184.7328776134623
38.0,17.0,-71.06601505080663,210.23745497452472,147.21270845571763,4,1938.3244510638608,3188.260003541113
38.0,20.0,10.618682348160325,31.039694677280632,25.363812284866185,4,1932.739898480332,3179.074231969194
38.0,21.0,21.86937341891985,157.92082049000345,123.76063539341612,4,1935.838649430022,3184.1712237078114
38.0,22.0,40.734641883141144,32.02906873079878,40.783646215276654,4,1932.7479697251827,3179.087507985561
38.0,23.0,19.124656771175985,17.82526720192557,22.20574031642553,4,1932.6563724393286,3178.936843857705
38.0,25.0,72.37533814885111,5.425922949131328,72.37533814885111,4,1932.6190789120496,3178.8755014640983
38.0,26.0,10.97,2733.130726421601,10.97,1,2733.130726421601,4495.599988287083
38.0,27.0,15.8935382852821,18.52624512440904,15.8935382852821,3,2066.0882271340934,3398.4127140032506
38.0,28.0,34.31031754565316,24.070107777180244,34.922993525264864,4,1932.6902154507682,3178.9925106578185
38.0,31.0,53.252579870340206,43.705830933758875,53.252579870340206,4,1932.8623550795694,3179.275655150594
38.0,32.0,44.47637190217476,27.379320498579276,44.47637190217476,4,1932.71223865593,3179.0287356067056
38.0,33.0,6.0,0.0,6.0,2,2231.591893351749,3670.6420196551276
38.0,38.0,4025.2168601190915,14358.776086128486,11418.723654903211,4,10335.483884639489,17000.358153947753
38.0,40.0,998.6355036808341,1264.822319777533,1049.647301574571,4,2129.528007366572,3502.7618666116477
38.0,42.0,32.0602160735573,46.554127900300415,45.002052840062376,4,1932.8956069242884,3179.330349567983
38.0,44.0,5.88,4.115361466505706,5.88,2,2231.593158233204,3670.6441001999765
38.0,46.0,0.5400450263739458,286.9462457359732,213.6905310756472,4,1943.2372108998734,3196.34077437572
38.0,49.0,7.458776939117094,4.079411552314691,7.458776939117094,3,2066.054355378017,3398.3569999224173
38.0,52.0,16.955559450524976,12.24209666576409,16.955559450524976,4,1932.6346572283965,3178.901125514243
38.0,56.0,14.74,2733.130726421601,14.74,1,2733.130726421601,4495.599988287083
38.0,59.0,56.95020348066335,10.193811181948675,56.95020348066335,4,1932.6287125953968,3178.8913474630926
38.0,60.0,28.915280017119358,64.60659121356713,41.612202120467316,4,1933.1551385414086,3179.757241089712
38.0,67.0,56.0998984378964,132.39981397716906,122.71954086829243,4,1934.8815568983878,3182.5969465858243
38.0,72.0,6.172784961662067,87.35705317631934,60.802877710376414,4,1933.6021853589118,3180.492567668899
38.0,74.0,33.80801061903708,156.68596208646056,100.40203202990236,4,1935.788477394267,3184.088698052828
38.0,79.0,45.153939884820375,380.9030621959884,295.8201710536582,4,1951.2932519870187,3209.5917827767807
38.0,80.0,-359.11624429920766,497.95771565276056,544.2587690911255,4,1964.4293642541572,3231.1987646834255
38.0,81.0,127.36971572394532,669.1975550794431,537.1223753523986,4,1989.7021052703055,3272.768724406842
38.0,82.0,-155.43182627498982,300.7782248195973,197.07395661235887,4,1944.2827865610877,3198.0605932943204
38.0,83.0,190.94883542528135,464.90660310330765,280.5831389609508,4,1960.3751831370093,3224.5302301685665
38.0,85.0,-58.14349828312143,52.46339112496863,67.56110879632577,4,1932.971284721814,3179.4548284677226
38.0,87.0,-27.845667173712627,192.3684739392169,151.67596749023164,4,1937.3963452886417,3186.733405390549
38.0,90.0,-582.6930598100535,2743.61379122519,1959.8674392867342,4,2738.377275240843,4504.2297931413905
38.0,91.0,-102.9871851234393,2478.7229774122943,1657.927229997359,4,2609.0296248281215,4291.471841222375
38.0,92.0,-67.41931391953403,5817.287550892997,3878.109266542553,4,4544.823319859888,7475.569121525168
38.0,93.0,555.0396676140808,2866.3782095559213,1905.5457893304138,4,2800.5470544098057,4606.489979894231
38.0,94.0,-109.71746471792903,826.2631614722306,686.9723746447035,4,2018.9990564282036,3320.957920777531
38.0,95.0,-898.7722349502583,3333.189135265152,2486.030970210959,4,3047.9627113171446,5013.452520522848
38.0,96.0,-148.81895933992837,642.5570301844715,521.3691968663525,4,1985.3064127168577,3265.5384535673397
38.0,97.0,277.20346541419894,922.9740302265459,650.6984584564243,4,2039.8387961040576,3355.2362421680837
38.0,98.0,170.6916115820643,701.1028614943161,433.02848794622037,4,1995.187809468746,3281.79190485403
39.0,1.0,-253.77592453648322,606.4143857707817,506.67370623010174,4,1979.6138480748743,3256.1750179693177
39.0,2.0,-192.67117704631892,3131.7954527817874,2704.8148481589633,4,2939.230028916974,4834.603173508765
39.0,3.0,13159.725371965273,14666.334984737954,13381.765850068066,4,10549.203416662756,17351.895501346597
39.0,4.0,-7.712195316731595,1598.6727406766554,1185.7328030041408,4,2238.945968474058,3682.7383967929313
39.0,5.0,2362.276043268911,7618.905493109316,4547.189732708158,4,5723.535816287043,9414.378646406398
39.0,6.0,-236.89005715730036,761.1271422846963,550.8936422648442,4,2006.1552899055866,3299.831804829086
39.0,7.0,3036.5156711465934,4119.156235758146,4271.540177792795,4,3495.529406420084,5749.634222265601
39.0,8.0,-444.9553491400202,746.9766174056138,605.9432799821025,4,2003.4941520579243,3295.454622588541
39.0,9.0,765.5771844318915,1170.8420979891036,1215.0532834027126,4,2102.483624922367,3458.2778160596345
39.0,10.0,1086.9132734029617,1000.0329456767633,1086.9132734029617,4,2057.920000892748,3384.977177444413
39.0,11.0,1165.8670307803532,685.2514444504978,1165.8670307803532,4,1992.4323212886509,3277.2595301269785
39.0,12.0,77.61224218938423,207.73498479996087,191.60551919381078,4,1938.1895407337886,3188.0380957953803
39.0,13.0,388.27188793384266,1432.7146734322116,1041.5197108741559,4,2182.0489113649396,3589.151066044132
39.0,14.0,508.851102227658,2277.2513422289326,1860.6661453921624,4,2515.5394295650926,4137.69415445958
39.0,16.0,-796.7869044705326,3043.658015325424,2160.322383032418,4,2892.5644056757465,4757.845053866481
39.0,17.0,103.47528058323314,838.4315637574769,655.586540743504,4,2021.50575745095,3325.0810770464777
39.0,18.0,-516.0054978017247,1086.6498616741278,1012.4139360284961,4,2079.760982611496,3420.9023954406766
39.0,19.0,-52.60508662945063,2733.130726421601,52.60508662945063,1,2733.130726421601,4495.599988287083
39.0,20.0,728.1950555605572,708.8542658073678,728.1950555605572,4,1996.5567782889586,3284.04365818314
39.0,21.0,-36.25134873724778,378.2039967836536,313.66848245302504,4,1951.030731548455,3209.15997508126
39.0,22.0,701.8456283290225,1077.0300206997413,932.6896365348566,4,2077.2574747967997,3416.7844915315723
39.0,23.0,1690.2010841636966,3590.020622850962,3451.337031368348,4,3190.4742312237126,5247.863110923534
39.0,24.0,1875.540040864374,2573.7808361667444,2230.758962108803,4,2654.651705999212,4366.513486905717
39.0,25.0,79.47374752286987,547.175492396778,437.81336316115585,4,1970.9648128758572,3241.9486210525833
39.0,26.0,-9.574723495489707,957.4139024768859,690.7189564620276,4,2047.7603556527176,3368.266048122809
39.0,27.0,289.4074552498686,233.96697896895168,289.4074552498686,4,1939.6834941502345,3190.495430490918
39.0,28.0,-62.03876536353114,54.03222024873189,62.672808519942194,4,1932.992892968683,3179.490370870957
39.0,29.0,354.74188815869707,784.231395284323,643.0797954715651,4,2010.5997176289795,3307.1422378896327
39.0,30.0,458.4245192669373,455.7858204126913,458.4245192669373,4,1959.3039939987796,3222.768280829398
39.0,31.0,1823.9728910335593,1880.691617794232,2132.7957964252428,4,2345.9544463769275,3858.751679786022
39.0,32.0,-57.278735638511534,442.5005507694493,355.36243372800936,4,1957.7806701902457,3220.26263613791
39.0,33.0,147.96360666087867,1365.318211498152,1051.2875771505483,4,2160.335319615728,3553.4353859012986
39.0,34.0,308.86540936034726,2054.95471089944,1469.5067286293088,4,2417.937388721808,3977.1530835806375
39.0,35.0,-184.56115028683945,348.49538404924016,262.2789888568082,4,1948.2623797134586,3204.606441524789
39.0,36.0,-319.5601403830204,250.946008877318,319.5601403830204,4,1940.744376145571,3192.2404260887147
39.0,38.0,-4480.622810548872,5072.723411728252,5252.818127980712,4,4074.4647734153864,6701.898160438307
39.0,40.0,3390.9149977066954,707.8031588858295,3390.9149977066954,4,1996.3703162788495,3283.7369554695233
39.0,41.0,429.2001036436182,300.47239396030307,429.2001036436182,4,1944.2591426096092,3198.021702454975
39.0,42.0,-280.3675772720243,392.5116103834334,364.25486429299156,4,1952.443204295027,3211.4832860014294
39.0,44.0,355.1593756598113,394.54773846931016,432.3892192270091,4,1952.6483920103378,3211.820789759164
39.0,45.0,-21.530508151964884,2733.130726421601,21.530508151964884,1,2733.130726421601,4495.599988287083
39.0,46.0,-610.916777974513,809.1484379032084,717.5742256236899,4,2015.5302977468573,3315.252320479499
39.0,49.0,490.0362322918031,2167.1813702507034,1699.8221142388443,4,2466.442646735535,4056.9371331507336
39.0,52.0,147.96794626280928,317.90025515425856,207.5940363497299,4,1945.6443842512706,3200.300222193466
39.0,54.0,-24.90235165875467,23.012486758986885,24.90235165875467,2,2231.6314443299525,3670.7070752250747
39.0,55.0,-349.5348688742256,1016.6238356897254,688.8945680248476,4,2061.980551678696,3391.6561891321007
39.0,56.0,-237.7067660340461,211.2671301296954,259.5458930815834,4,1938.3804280872093,3188.3520775509937
39.0,58.0,1046.5879285919614,2331.0162701873955,2028.118083638482,4,2540.0433480147763,4177.999513596065
39.0,59.0,-79.30329273813956,126.68978510531686,106.66191381216336,4,1934.6903976295407,3182.282517569136
39.0,60.0,15.328365393362489,109.57080438172707,72.69531283170853,4,1934.167692947373,3181.422744876848
39.0,67.0,-372.49198291238145,794.6681944893375,704.9743067875665,4,2012.6476476326914,3310.510782983981
39.0,71.0,198.98785024482186,1483.7656042395206,1140.356418602234,4,2199.0411474133607,3617.1008071383935
39.0,72.0,3776.660652151175,5967.885209830285,5763.40550750689,4,4641.425290006343,7634.4652224912215
39.0,74.0,198.45808003830552,2707.336307842888,2215.3560166715006,4,2720.2640911751773,4474.43625663534
39.0,77.0,-296.66879865139373,2733.130726421601,296.66879865139373,1,2733.130726421601,4495.599988287083
39.0,79.0,948.1881365744266,3512.228197927739,2855.300882514388,4,3146.8834171310355,5176.162602261426
39.0,80.0,190.23431867202999,583.2691936270164,461.28380432953963,4,1976.1334114811402,3250.4502092147395
39.0,81.0,53.33744606282016,1660.6086567419347,1274.741895554078,4,2261.3739936768666,3719.6292153931295
39.0,82.0,2265.0914708758055,2100.3495827598467,2596.9172214756063,4,2437.362502533151,4009.1045524871706
39.0,83.0,217.85431433395502,339.7345434585456,347.6842530266256,4,1947.4885272741474,3203.3335675332623
39.0,85.0,-78.8008257206115,292.10283297010795,238.69653648738534,4,1943.6213150635892,3196.972569502535
39.0,87.0,472.3141789753399,1626.157869465505,1270.385199506185,4,2248.8211338537417,3698.981598384449
39.0,90.0,-178.74778721001712,3544.9486613639324,2487.7723864075197,4,3165.1749224502432,5206.2494511281275
39.0,91.0,311.483329952096,2299.158119384317,1503.4944549170195,4,2525.4832830213604,4154.050337882996
39.0,92.0,2404.5867464947914,5578.500776657147,3328.7314132344727,4,4392.588899662377,7225.165783316437
39.0,93.0,2148.4119719169084,2531.340349857419,2813.7571748378523,4,2634.1685153503513,4332.8216364754
39.0,94.0,-25.681024083209195,2069.9317982055472,1574.4375078162957,4,2424.316523984886,3987.645827354925
39.0,95.0,2401.695073371957,7665.996437384792,5002.543165400697,4,5754.889440541243,9465.950768978992
39.0,96.0,56.53209311491628,1402.4183797090948,1064.899979402704,4,2172.185636571579,3572.927422726654
39.0,97.0,782.2917594856954,2638.9542656547333,1812.727639451441,4,2686.455209372304,4418.825594778711
39.0,98.0,84.340894917887,147.19228464513634,104.17797848097916,4,1935.4158644034262,3183.4758042233943
39.0,99.0,50.10075446619436,61.01169710078851,63.47541272039656,4,1933.0967377362401,3179.6611803135133
40.0,1.0,-402.035429491194,907.4525959732047,765.6352318383642,4,2036.3538226016099,3349.503970862753
40.0,2.0,-98.62659434553552,1734.631552238105,1231.8034314402203,4,2288.9899726440312,3765.053458559086
40.0,3.0,-324.3600001597656,1896.7151797809734,1465.4979086269173,4,2352.3958043791695,3869.3467708585026
40.0,4.0,127.90648146528292,1338.745767029128,978.1312836322431,4,2152.004158505308,3539.731845332107
40.0,5.0,-20.164334499278993,2420.1932415303745,1757.8741779115362,4,2581.4084231344686,4246.039007435811
40.0,6.0,-510.2316002269881,202.82664605892595,510.2316002269881,4,1937.9295931562351,3187.610520079624
40.0,7.0,330.97387661263065,1049.725408995756,854.2951722305656,4,2070.2568683621334,3405.2695186466517
40.0,8.0,728.1221340186439,850.1051697241942,872.3468982140021,4,2023.941991177325,3329.0883249274075
40.0,9.0,732.742822369657,1681.0412921330817,1405.3186703828414,4,2268.9098035803813,3732.0245196449428
40.0,10.0,315.94399972905467,2015.4851724440741,1623.4513476807397,4,2401.2688362667545,3949.735754618912
40.0,11.0,409.28912318513767,2934.1454653672317,2338.227651020881,4,2835.4200023669296,4663.850874823996
40.0,12.0,100.59744851247251,1060.7348040829306,744.8473021649611,4,2073.0607675973615,3409.881522473323
40.0,13.0,242.0556665915392,280.3480097767357,256.37022590273773,4,1942.7555912023063,3195.548580469365
40.0,14.0,-18.410564050040193,1787.8826124769623,1318.9215696570345,4,2309.386044353273,3798.6020110855948
40.0,16.0,1159.1751011453753,1594.6642972725965,1308.85563077986,4,2237.5162333160597,3680.3866917327173
40.0,17.0,98.37255912113801,665.160901860451,438.16857632829783,4,1989.025212644837,3271.655335116783
40.0,18.0,15.94,2733.130726421601,15.94,1,2733.130726421601,4495.599988287083
40.0,20.0,-13.784250232875252,313.6280645408557,269.7423483606427,4,1945.2976803792153,3199.729945072038
40.0,21.0,-241.41217668209651,363.649018812567,380.55005897759133,4,1949.6466572937277,3206.883375523402
40.0,22.0,242.21799868844187,471.36352143073196,388.84513844255866,4,1961.1459834807617,3225.798083909643
40.0,23.0,-129.8803244476403,1495.3456906901888,1055.1452890946412,4,2202.9596344889737,3623.546144816878
40.0,24.0,-138.10791882977514,1105.5261202815166,854.8472235571523,4,2084.729187488698,3429.07436525238
40.0,25.0,-351.6615396706691,868.2490888584724,704.9802470450988,4,2027.7894427200074,3335.4168195519087
40.0,26.0,-162.30620792995853,391.45406959905387,326.31813277040135,4,1952.3370426639365,3211.308665657487
40.0,27.0,-67.03330086416568,130.66373553397318,128.60957720225812,4,1934.8225473533175,3182.499884521591
40.0,28.0,-53.78468946073279,22.6635975941364,53.78468946073279,4,1932.6817128495031,3178.978525123289
40.0,29.0,97.31338290402653,585.3514508973519,455.19828461259624,4,1976.441232212269,3250.956529260787
40.0,30.0,226.15288704758586,586.7337049687414,505.6830402405549,4,1976.646150459942,3251.293589783701
40.0,31.0,-366.30934329961366,370.2006059302849,366.30934329961366,4,1950.2630664016865,3207.897278280314
40.0,32.0,-175.5491884034036,534.5826517063737,448.7136299083122,4,1969.2361690786718,3239.105255033076
40.0,33.0,442.2394655328151,1140.4769450582207,876.5300026751131,4,2094.121681029925,3444.523642319786
40.0,34.0,-951.9594345360103,651.7302231809056,951.9594345360103,4,1986.8009275613526,3267.99671172984
40.0,35.0,-308.4953410172498,234.55411407273527,308.4953410172498,4,1939.7189487317892,3190.5537480879802
40.0,36.0,-201.14168745388275,106.155417307025,201.14168745388275,4,1934.0724573207563,3181.266096210992
40.0,37.0,-108.03135536211522,254.24353224635993,232.93741581911405,4,1940.9589564695816,3192.593379312936
40.0,38.0,617.8556217119949,2942.2154053981585,1950.5210136395144,4,2839.5981282104094,4670.723280271503
40.0,40.0,583.2308963280339,1319.3994468332146,1102.2967186970272,4,2146.0217226316304,3529.8916139872836
40.0,41.0,-76.39295937615404,40.26407035815145,76.39295937615404,4,1932.8249743667525,3179.214169349539
40.0,42.0,-192.01672339053061,917.7024290471049,774.8607098922432,4,2038.649223872124,3353.279569967867
40.0,44.0,-249.13470409015088,541.5516758464166,481.8863722790951,4,1970.1880348486957,3240.6709348972704
40.0,46.0,-180.11286832750648,809.8385911521431,567.0053078551391,4,2015.6688854359434,3315.480276942543
40.0,47.0,-56.312085133810925,2733.130726421601,56.312085133810925,1,2733.130726421601,4495.599988287083
40.0,48.0,531.2787759846939,578.5607069797305,604.561655853567,3,2100.4833370924803,3454.9876353676977
40.0,49.0,-46.62812666073776,26.392591935015314,46.62812666073776,4,1932.7053754541737,3179.0174466444046
40.0,52.0,-139.30287085924957,171.51905321432878,181.9092532637945,4,1936.417097802719,3185.122686611646
40.0,54.0,-4.472389594278188,52.27041955608418,37.693154635385476,3,2066.3359864096637,3398.8202417462835
40.0,55.0,-990.4252724475775,665.3692220887888,990.4252724475775,4,1989.0600505531386,3271.7126383766085
40.0,56.0,863.9189276071834,394.12284020173627,863.9189276071834,4,1952.6054876598282,3211.7502183826164
40.0,58.0,1608.1385772120238,1867.7824674687865,1683.4348614287005,4,2340.7920575623175,3850.2603058205773
40.0,59.0,20.729205189207843,72.77619019960567,58.57125539534182,4,1933.30027951814,3179.9959767517075
40.0,60.0,38.95334333033662,60.5277622386025,58.35805827940841,4,1933.0891311203786,3179.648668543825
40.0,67.0,-105.53865350937394,263.8312191198741,230.2585032896227,4,1941.5986299815092,3193.645548609095
40.0,71.0,-32.64423164788934,276.31264832147656,229.6737311933049,4,1942.4665051593936,3195.073076243179
40.0,72.0,-128.24334545810962,4092.081248840654,2931.784774779704,4,3479.592829256259,5723.4208855164925
40.0,74.0,665.3921296356639,905.071899895667,839.4556983094462,4,2035.8239992311003,3348.6324889701264
40.0,79.0,-729.3720771238986,211.73124409042862,729.3720771238986,4,1938.4057479580931,3188.3937250324507
40.0,80.0,208.10947999114705,1473.0309021345854,1264.4595921649407,4,2195.4297536420177,3611.1605929952498
40.0,81.0,-567.1374833327236,982.2761027595312,880.8692599628239,4,2053.6394413044277,3377.9362834801827
40.0,82.0,-987.8083058502943,1457.1287811763752,1410.6052559900063,4,2190.1173316334466,3602.422436386555
40.0,83.0,13.08550156077456,172.0414792881828,115.23994761855522,4,1936.4402699677487,3185.160801431339
40.0,85.0,-62.52819200621059,325.05153014188835,263.7437211154885,4,1946.2350917807248,3201.2718496157568
40.0,87.0,-129.1872089034132,2436.4865156375236,1908.6508982360538,4,2589.060650949814,4258.625802112141
40.0,90.0,-399.9518755647805,2750.7624125623934,1838.290900415297,4,2741.960741702546,4510.124070947982
40.0,91.0,-40.90586139098559,3113.1670770510723,2334.0140987340073,4,2929.318420498579,4818.300028452845
40.0,92.0,-80.89469651534455,6769.598022623618,4745.428085595493,4,5162.24083880341,8491.130566902799
40.0,93.0,495.1680829804718,2348.1573045985947,1726.06677983177,4,2547.925263312251,4190.9641105604405
40.0,94.0,-1700.3840435298298,1595.9858692342145,1700.3840435298298,4,2237.987317044621,3681.161555512239
40.0,95.0,-696.5451346987174,5058.6067666380095,3765.321299195326,4,4065.6798931535254,6687.44831827725
40.0,96.0,-93.89513672382782,1810.7025096834511,1344.2185836718072,4,2318.258737315986,3813.1962922861394
40.0,97.0,-32.53938105378984,958.3857935882621,708.1447673171824,4,2047.9876582955367,3368.6399276992656
40.0,98.0,-360.0076133417913,588.7731520706061,493.0498404692123,4,1976.949340816429,3251.7922935412253
40.0,99.0,-21.704464513688606,43.24760413554631,24.69512204103731,4,1932.8572015248997,3179.267178307504
41.0,1.0,795.956098007634,1136.6302833390264,1034.2607445475142,4,2093.075723512318,3442.803195303313
41.0,2.0,780.3186417773522,2975.0805480882964,2596.271930868794,4,2856.6683247555384,4698.801254971533
41.0,3.0,2332.8861487674244,4914.98223139339,3707.701410308558,4,3976.622555801758,6540.962033927555
41.0,4.0,584.0147165463532,2675.8800880322633,2164.9711504302722,4,2704.6568925870633,4448.76469943113
41.0,5.0,3700.612398000565,6182.838061841647,4019.4001424025246,4,4780.036091216657,7862.4597015966565
41.0,6.0,24.659763857102575,927.8280945216152,695.2045534411508,4,2040.9395557798227,3357.0468307131678
41.0,7.0,1678.1851209875422,1899.314486807144,2021.8594752641984,4,2353.444187515964,3871.071207663494
41.0,8.0,905.5527840944796,1826.0690177166214,1521.625168546465,4,2324.277481839724,3823.0962460457044
41.0,9.0,5232.517687360665,2958.3638440352465,5232.517687360665,4,2847.974736668574,4684.501575075468
41.0,10.0,-242.67393967391945,458.794221671356,360.69351853342414,4,1959.6550341257634,3223.3456904554732
41.0,11.0,493.69435930305826,1211.2176800746802,1040.471713820466,4,2113.888814038638,3477.0376827436
41.0,12.0,-232.53591557387404,95.62922126837215,232.53591557387404,4,1933.7978844323757,3180.814463999677
41.0,13.0,993.4447180855041,1768.637713412154,1119.8900906315557,4,2301.964696624781,3786.3949803575165
41.0,14.0,242.4538248085737,1815.1788176701978,1475.182256463313,4,2320.008373673298,3816.0741879943107
41.0,16.0,22.995719895342063,1230.6167962990603,998.3036971990218,4,2119.483577082308,3486.240249027914
41.0,17.0,282.9718809417054,1703.4345561532866,1228.4238919537502,4,2277.2453595086117,3745.7352890461493
41.0,18.0,-710.5747976237947,454.67254365757594,710.5747976237947,4,1959.1746590932007,3222.555543840865
41.0,19.0,-85.50584031703062,225.266526951314,186.51776104938898,4,1939.1684526975184,3189.6482626893876
41.0,20.0,-340.4144807283242,765.7942296910536,629.183524763826,4,2007.0431447701844,3301.2921961233264
41.0,21.0,-274.71050780180167,375.20506772123355,370.5981546982716,4,1950.7411938226921,3208.6837279029
41.0,22.0,73.7763016417639,2063.138374256513,1492.329491333794,4,2421.4193687834904,3982.8804311140684
41.0,23.0,-248.7531824900625,1895.362448715135,1387.5601488422208,4,2351.85058833563,3868.449970271815
41.0,24.0,-815.0697423229192,455.38479012840696,815.0697423229192,4,1959.2573688505247,3222.691589285184
41.0,25.0,125.32935360347165,468.881016817608,392.69565233183994,4,1960.8484102094408,3225.3086194350267
41.0,26.0,307.53150344395476,1240.3844135861666,1017.6132413679509,4,2122.32856329756,3490.9198349226986
41.0,27.0,99.58452395958571,158.39672636424365,155.67268760059616,4,1935.8580901802666,3184.2032008963615
41.0,28.0,20.695063118200082,133.20552758512054,87.73017104330283,4,1934.909207209617,3182.6424273005364
41.0,29.0,36.01198078388654,375.06530968109405,254.34926968387856,4,1950.7277557665554,3208.6616242675245
41.0,30.0,60.919254413879344,102.05207502082776,96.92294250457508,4,1933.96202053271,3181.084443859626
41.0,31.0,257.88792935569955,957.7933658141139,730.5937951023034,4,2047.8490788272702,3368.4119847582665
41.0,32.0,77.4421289256752,829.4375087379856,626.3204782385369,4,2019.649740500979,3322.028200834635
41.0,33.0,-155.5713461877399,844.7021698839611,529.84757955539,4,2022.8105847454601,3327.2273269543984
41.0,34.0,-875.8664404763645,1209.5956842699734,1220.5206597187648,4,2113.424387944174,3476.27376979767
41.0,35.0,-69.24332668460477,371.95579512283075,261.2528909828345,4,1950.430039918803,3208.171925275548
41.0,36.0,-397.0782994639707,76.89559649358301,397.0782994639707,4,1933.3800066813008,3180.127116265199
41.0,38.0,-2764.534651926022,6222.489292169842,5960.961808680853,4,4805.693319328555,7904.662086314033
41.0,40.0,4490.50673577813,2947.631818953599,4490.50673577813,4,2842.4053992892686,4675.340830287401
41.0,41.0,381.5980581795161,225.80172733202963,381.5980581795161,4,1939.19957556926,3189.699455257853
41.0,42.0,272.0292818358171,773.4581968588383,561.6497294215815,4,2008.5120300857043,3303.7082974621353
41.0,44.0,362.99002518659347,301.76841679421136,362.99002518659347,4,1944.3595018777203,3198.186778761126
41.0,45.0,5.9860523915109365,4.2199391773359975,5.9860523915109365,2,2231.5932233351728,3670.6442072831856
41.0,46.0,213.13720756291696,884.3548547335455,693.4461485415304,4,2031.2664863085615,3341.13604730961
41.0,48.0,548.8689977667126,1022.4782187634164,816.0979780105592,4,2063.4274006559426,3394.036043919976
41.0,49.0,1034.4171973706755,1769.5285158640409,1502.0040312273802,4,2302.3069665192197,3786.9579642347803
41.0,51.0,0.0,2733.130726421601,0.0,1,2733.130726421601,4495.599988287083
41.0,52.0,-105.83280661227536,290.2337052140714,248.0471984628973,4,1943.4813057181896,3196.742274622947
41.0,54.0,37.123145591354174,41.70807287984367,46.44685440864583,4,1932.8402845363632,3179.2393523375526
41.0,55.0,-545.176934951455,1328.3411611062097,1177.170947884946,4,2148.7780024933777,3534.4252909147717
41.0,56.0,368.2547424990578,826.909784990417,760.9199456525773,4,2019.131417246382,3321.1756349493776
41.0,58.0,-904.0998909229099,449.0820876456309,904.0998909229099,4,1958.5298426567344,3221.494915186626
41.0,59.0,26.271844669520263,114.18481084591544,68.3223526726692,4,1934.3011320290575,3181.6422326343336
41.0,60.0,174.6763704542655,93.4472102648417,174.6763704542655,4,1933.7445473505736,3180.7267323072238
41.0,67.0,249.57431695535183,547.4738678916232,379.99286962021984,4,1971.0062409508098,3242.0167641719268
41.0,71.0,-111.18380918464163,594.462181908794,405.5507269007853,4,1977.8004011312205,3253.1921631867644
41.0,72.0,2348.396091229464,8602.492708975153,5514.041658705464,4,6382.510649253964,10498.29579048178
41.0,74.0,515.6999280382806,3728.0563667352612,2557.3253656247452,4,3268.6700538036253,5376.483793306556
41.0,79.0,398.803686601158,1049.6873891711743,908.4890482920791,4,2070.247229522946,3405.2536641670545
41.0,80.0,804.427461453628,800.5939539860861,928.8543126006844,4,2013.8215222393646,3312.4416348883537
41.0,81.0,468.01247484649593,296.23103809832503,468.01247484649593,4,1943.933691724422,3197.4863833860804
41.0,82.0,-131.99287053694388,1391.835043597828,1049.5413705751835,4,2168.7794212755753,3567.324697142845
41.0,83.0,58.7261983199769,230.9949201030532,146.54139012013638,4,1939.5053777733235,3190.2024551223362
41.0,85.0,65.19963099379322,609.160205374104,497.8056323140971,4,1980.0353183114296,3256.868274816568
41.0,87.0,777.14533044877,1261.5408672618762,1298.1351747146623,4,2128.5545479834095,3501.1606684145627
41.0,90.0,2055.454295238953,2447.952024967765,2301.903887055625,4,2594.4626307054077,4267.511268105848
41.0,91.0,781.5590953578867,3208.084362447062,2738.642147232804,4,2980.0846333860422,4901.80301784738
41.0,92.0,1631.961677750889,6854.531145229584,5536.793021319743,4,5217.978573577715,8582.810982104374
41.0,93.0,1505.563562564963,2211.0899808574745,2100.3343842459944,4,2485.8522151526,4088.8630321591054
41.0,94.0,531.5624991072727,1037.2792772281962,972.8891409355565,4,2067.117784099024,3400.10618451117
41.0,95.0,1538.1011694154695,2076.758013861474,1985.5347561225753,4,2427.23375634154,3992.4442475774276
41.0,96.0,-48.45857248099708,322.115268273435,274.1301412057468,4,1945.9909832479616,3200.8703268102713
41.0,97.0,805.819046401587,498.7767493314277,805.819046401587,4,1964.5332541577777,3231.369648368199
41.0,98.0,413.05434504777986,489.02162747199935,470.64495906921184,4,1963.3066138335641,3229.3520045819514
41.0,99.0,-0.1614386398946479,65.12204250606372,45.19143863989465,4,1933.163786145658,3179.7714651329256
42.0,1.0,86.08549387764833,409.832175319938,342.95050023885597,4,1954.2218374121887,3214.408877135209
42.0,2.0,79.41435500469561,717.7856985898605,514.9858167187576,4,1998.1516304837833,3286.666956600249
42.0,3.0,-512.5672929869035,330.4736603301192,512.5672929869035,4,1946.6916047337668,3202.022746602318
42.0,4.0,-227.45192126040138,655.3637394402926,478.79549784333403,4,1987.3984500702209,3268.979548795737
42.0,5.0,-96.12905499444341,97.27473883557363,110.74581973653247,4,1933.838920712555,3180.8819626739664
42.0,7.0,-161.00928134799773,112.23514846087495,161.00928134799773,4,1934.244076669217,3181.548384918763
42.0,8.0,1018.9758870385831,925.5457386610316,1018.9758870385831,4,2040.4213390943871,3356.1944401185824
42.0,9.0,56.164609030411214,71.41224054656811,77.42144025786168,4,1933.2748479988238,3179.9541456249212
42.0,10.0,22.93132682253305,73.69314251618579,58.72906104420353,4,1933.3176468138622,3180.0245434110666
42.0,11.0,106.34946203142542,147.8448324649215,124.21931185900743,4,1935.4407330368515,3183.5167094852814
42.0,12.0,31.989478894741012,57.04539229193177,56.78615954956399,4,1933.0361797560345,3179.561571300131
42.0,13.0,537.2179141459137,1061.7822340852904,1044.4120588005335,4,2073.3288548043965,3410.3224866881537
42.0,14.0,346.69193078563825,73.51713969789922,346.69193078563825,4,1933.3142964271522,3180.019032515335
42.0,16.0,-34.419961055105546,83.63756219073386,67.78774670660835,4,1933.5199519941702,3180.3573058206475
42.0,17.0,59.6749758584607,135.10605955485403,96.93319992306456,4,1934.9750922219011,3182.7507985019533
42.0,18.0,-4.450141749567509,2733.130726421601,4.450141749567509,1,2733.130726421601,4495.599988287083
42.0,20.0,-25.5209901497663,22.12705547466858,27.165209702617595,4,1932.6786042037418,3178.9734118560336
42.0,21.0,-9.168123042179786,188.58381144020015,141.15906133452336,4,1937.2102908108843,3186.4273730079994
42.0,23.0,-2.1531374451053296,21.15224135306219,14.99670525211556,4,1932.673146838871,3178.964435289632
42.0,25.0,49.30038854568158,28.78507177636682,49.30038854568158,4,1932.722451370998,3179.0455340281264
42.0,26.0,-94.52677410886916,2733.130726421601,94.52677410886916,1,2733.130726421601,4495.599988287083
42.0,27.0,60.538464083488314,34.02850986410599,60.538464083488314,4,1932.7650539050835,3179.1156089608344
42.0,28.0,19.46233721345407,11.783070526315555,19.46233721345407,4,1932.633230654603,3178.898779009165
42.0,31.0,51.06784105401132,61.841437701774964,58.780910582907424,4,1933.1099207141444,3179.6828643825334
42.0,32.0,15.620454304526646,22.281567286376852,19.789174374358865,4,1932.6794917873224,3178.974871801105
42.0,33.0,-102.55587015420144,2733.130726421601,102.55587015420144,1,2733.130726421601,4495.599988287083
42.0,38.0,-798.1570278523941,7779.060827010984,5261.811226059846,4,5830.256894770876,9589.919199422704
42.0,40.0,1165.7090394455536,1258.0960633431212,1298.733504931899,4,2127.5348730760356,3499.4834524448574
42.0,42.0,25.871653953120948,26.89481610887963,25.871653953120948,4,1932.7088372079484,3179.023140722656
42.0,44.0,-14.010080214273234,13.043111381798706,14.010080214273234,2,2231.6045989507384,3670.6629185057077
42.0,46.0,13.483728401209191,204.73752850593613,173.23630880113205,4,1938.0300595306292,3187.775772559933
42.0,49.0,30.628471797688967,11.02111843728317,30.628471797688967,4,1932.630982981681,3178.895081916207
42.0,52.0,11.36370145369473,21.918741525604208,22.11132489499182,4,1932.677417333262,3178.97145962782
42.0,56.0,41.35293708692331,85.2324030379166,56.66367744886269,3,2066.8059539306514,3399.5932695277293
42.0,59.0,29.746763470404503,30.51721226753962,29.746763470404503,4,1932.7357382677087,3179.067389028372
42.0,60.0,7.782845898385702,45.15320131959458,36.82082142010114,4,1932.8789899136568,3179.3030170177763
42.0,67.0,67.53148292379089,239.8280750398943,183.92320377838732,4,1940.0413749824008,3191.084092075723
42.0,74.0,-24.4074993410201,63.54851287434718,56.93999053335099,4,1933.1376026033959,3179.728397038469
42.0,79.0,-625.3844619506494,824.6675037440247,713.0518577041707,4,2018.6728387038438,3320.4213403704416
42.0,80.0,-551.0259947936584,235.36309211675865,551.0259947936584,4,1939.76794396142,3190.634338069142
42.0,81.0,-493.55044442581493,460.6463836424935,527.59261399776,4,1959.8722737046892,3223.7030177647866
42.0,82.0,208.78336527249257,445.23199999167895,353.10580526618105,4,1958.0902815660031,3220.7719015322696
42.0,83.0,-271.9796449575754,456.4092794815114,476.6491784700995,4,1959.376558768975,3222.8876392548427
42.0,85.0,15.559367218697211,31.21313052334252,29.569721783386257,4,1932.74129505567,3179.076529131204
42.0,87.0,342.810377691066,231.1538001003125,342.810377691066,4,1939.5148423008632,3190.2180228847874
42.0,90.0,-1152.311137689543,2181.706751195189,1834.680740244632,4,2472.837228359414,4067.455283927608
42.0,91.0,-1171.6152149882164,2965.825929176939,2496.0017409644915,4,2851.8526443250994,4690.880165549286
42.0,92.0,-436.5924752341416,5058.189589145543,3727.620070203742,4,4065.420364946916,6687.021432365313
42.0,93.0,-874.0966963129886,1402.1011525399144,1118.5877837421704,4,2172.0832407695184,3572.75899662025
42.0,94.0,-734.3309437041153,1859.0174236420016,1673.3701621871496,4,2337.300724031293,3844.5175731991744
42.0,95.0,-180.96643867384228,2566.380040561851,2219.3503353716023,4,2651.0667739896817,4360.616798487466
42.0,96.0,90.44255078749347,984.3647431788562,788.3310761055486,4,2054.139420210255,3378.7586755968323
42.0,97.0,-299.6958000878426,855.9022950224711,694.1510955916788,4,2025.1632411159603,3331.097102318386
42.0,98.0,-64.67401756765275,243.50257353094526,149.10477243080732,4,1940.2702222919959,3191.4605124029285
43.0,1.0,673.6538748153232,422.85789735328285,673.6538748153232,4,1955.6089037770191,3216.6903982762224
43.0,2.0,278.74032786157477,654.776748623645,510.5107647246132,4,1987.3017081268788,3268.8204224593524
43.0,3.0,61.74382481897686,560.3045293696862,432.3015809949066,4,1972.8082437659843,3244.9807950382433
43.0,4.0,486.2157428826222,965.9927175111213,657.7174743843489,4,2049.77382874238,3371.5779166371094
43.0,5.0,210.57952053639224,195.0126026031682,210.57952053639224,4,1937.5285137106926,3186.9508030989277
43.0,6.0,18.76,1.4142135623730951,18.76,2,2231.592042721947,3670.6422653472396
43.0,7.0,173.5681325327993,161.30906700887553,173.5681325327993,4,1935.97832927039,3184.4009765998526
43.0,8.0,319.9000855562854,703.9137316874516,576.159016791712,4,1995.6826036932855,3282.605768928858
43.0,9.0,93.14867091392628,58.400107197046694,93.14867091392628,4,1933.0564063459833,3179.5948410799697
43.0,10.0,-0.6887684672684458,139.34422239428423,107.34180605295008,4,1935.1253680349157,3182.9979802180337
43.0,11.0,246.9010067735593,234.16482222996024,253.91104702772714,4,1939.695431205613,3190.5150651997524
43.0,12.0,50.57229498715404,44.23866253670697,50.57229498715404,4,1932.8684159782974,3179.2856244418494
43.0,13.0,254.6453751435638,1096.0091677125442,875.9276689847011,4,2082.2151261841095,3424.93910239715
43.0,14.0,315.6474346469916,236.9955735253497,315.6474346469916,4,1939.8673240173512,3190.7978037145867
43.0,16.0,218.47802886804038,196.19840495342547,218.47802886804038,4,1937.588369831959,3187.049257657088
43.0,17.0,51.48885898192849,45.433952448438376,51.48885898192849,4,1932.8822793622164,3179.3084276791706
43.0,18.0,32.96,2733.130726421601,32.96,1,2733.130726421601,4495.599988287083
43.0,20.0,73.125,31.364457059969435,73.125,4,1932.7425199540335,3179.07854390972
43.0,21.0,-142.60701191687735,136.6948416699988,170.91024442941603,4,1935.030884436868,3182.8425685290977
43.0,22.0,10.74,6.20074189109658,10.74,3,2066.0566172037384,3398.3607202946587
43.0,25.0,66.01936515526147,47.268761242665846,66.01936515526147,4,1932.90427899305,3179.3446138517384
43.0,28.0,-26.4568249754268,32.6490501284069,27.116824975426805,3,2066.16318510084,3398.536008886723
43.0,31.0,25.75,16.91892431568863,25.75,4,1932.6522990064545,3178.930143656868
43.0,32.0,5.0,2733.130726421601,5.0,1,2733.130726421601,4495.599988287083
43.0,38.0,2542.1077446878844,2783.4582936571173,3345.2703624538954,4,2758.409291624292,4537.179527944858
43.0,40.0,1258.6584982005597,1122.8728892796782,1370.499114681651,4,2089.359602029909,3436.690719404781
43.0,42.0,63.766768431973034,46.65979136907327,63.766768431973034,4,1932.8968808294553,3179.332444955517
43.0,46.0,153.82962457766303,296.14004153216234,270.41577843613163,4,1943.9267594110304,3197.4749807452554
43.0,49.0,12.5,3.5355339059327378,12.5,2,2231.5928269153205,3670.643555230554
43.0,52.0,14.945,14.343447981569843,14.945,4,1932.641883822488,3178.913012203745
43.0,56.0,230.3569058877276,104.02270929129915,230.3569058877276,4,1934.0145154261604,3181.170790275514
43.0,59.0,-64.50828807863506,2733.130726421601,64.50828807863506,1,2733.130726421601,4495.599988287083
43.0,60.0,30.859594989573083,73.19990476835272,68.87901323327443,4,1933.3082777674083,3180.009132701026
43.0,67.0,256.28582927313454,232.41496442179664,256.28582927313454,4,1939.5901994231995,3190.3419743207787
43.0,72.0,187.61361961402764,31.536971576792816,187.61361961402764,4,1932.7439235819763,3179.0808526722326
43.0,74.0,128.72216845331982,89.45528974991934,128.72216845331982,4,1933.6501514718364,3180.5714649037136
43.0,79.0,-13033.809194648551,26062.114625477905,13389.720169879114,4,18529.757450102516,30478.738748332187
43.0,80.0,-172.46656731070016,2881.9306605327,2221.604642976804,4,2808.5163253778956,4619.598264150252
43.0,81.0,284.8394155983806,293.347944709226,348.0551293111057,4,1943.7150748470049,3197.1267906223484
43.0,82.0,-47.86584752086037,826.6707883248291,549.7202982105841,4,2019.0824846919286,3321.095148059709
43.0,83.0,59.54156213250235,589.3642232195564,385.1385570403986,4,1977.0373991557494,3251.93713662004
43.0,87.0,110.09414623764786,68.89746084255161,110.09414623764786,4,1933.2292191848876,3179.879092904825
43.0,90.0,254.49884996040964,1020.4127678945509,621.0024208974883,4,2062.91611373222,3393.1950517690775
43.0,91.0,-4.703044753035101,1896.2850405312245,1274.1727962319665,4,2352.2224089839356,3869.0615608137555
43.0,92.0,-4610.248659731369,4164.736601927098,4610.248659731369,4,3522.43059059658,5793.8827326276005
43.0,93.0,1856.0578515661846,1384.7293818461894,1856.0578515661846,4,2166.50398437875,3563.5819365102025
43.0,94.0,2117.0639539256117,1784.2279755532666,2117.0639539256117,4,2307.9723824665643,3796.2767442039585
43.0,95.0,2124.3235123819577,3308.3267566019,2975.9217941902207,4,3034.388694297248,4991.125249395371
43.0,96.0,750.326795427497,1815.7759124555403,1480.1608989279184,4,2320.241984358918,3816.4584433778477
43.0,97.0,801.905166592056,359.661867392364,801.905166592056,4,1949.2768180232933,3206.275044058039
43.0,98.0,223.01647649045162,1158.0919397447146,757.2965893379974,4,2098.949797947958,3452.4651879437583
44.0,1.0,181.8836919889402,332.131504137058,237.46429160915181,4,1946.832671771025,3202.2547812301955
44.0,2.0,90.48797025628573,379.33735134474944,325.77441731487306,4,1951.1407424677388,3209.3409269408485
44.0,3.0,179.89037780582504,590.1583086533585,372.77455443277273,4,1977.1558356617293,3252.1319473364642
44.0,4.0,259.94851517421625,381.63122655787606,315.09791026515154,4,1951.364389445746,3209.7087934837805
44.0,5.0,554.3520717364659,722.1212026934772,554.3520717364659,4,1998.9325400184648,3287.9514384806907
44.0,6.0,-8.273905768129413,32.68823614135383,20.07514649417392,4,1932.7534877076152,3179.0965842589785
44.0,7.0,-176.60496908025334,172.0285333934594,176.60496908025334,4,1936.439694905495,3185.1598555381056
44.0,8.0,270.037717804895,576.7566838607485,444.68330589881066,4,1975.1774401415073,3248.8777762894824
44.0,9.0,-12.119491697344992,56.96494126613929,48.23230172947179,4,1933.0349935067554,3179.559620093702
44.0,10.0,-91.30361494082165,35.16744528287784,91.30361494082165,4,1932.7752477871804,3179.1323764047743
44.0,11.0,60.54435982174546,88.88046488835185,79.72644520899577,4,1933.6368977588113,3180.549664485774
44.0,12.0,43.3834145650902,33.822886867754505,45.87724886345527,4,1932.7632492607493,3179.112640585056
44.0,13.0,341.89650883092304,338.70133502746825,349.9416661416551,4,1947.3985419090845,3203.185554779166
44.0,14.0,137.41939085199587,94.70124277671978,137.41939085199587,4,1933.775050657822,3180.7769057827854
44.0,16.0,-84.5860634212143,196.18170130408268,134.62614766208958,4,1937.5875241697383,3187.0478666665176
44.0,17.0,64.47170659656504,23.70553559120563,64.47170659656504,4,1932.6879624149801,3178.9888047437307
44.0,20.0,6.722756152900008,14.004135587706221,10.474892693475416,4,1932.6406395814288,3178.910965609326
44.0,21.0,118.94011600807784,51.76245830353027,118.94011600807784,4,1932.9618361208652,3179.439286902182
44.0,23.0,-17.497511264908788,22.127008042657767,23.724493040842756,4,1932.6786039322199,3178.9734114094194
44.0,24.0,13.94,2733.130726421601,13.94,1,2733.130726421601,4495.599988287083
44.0,25.0,-4.489319993059948,11.589707005972842,7.789926408571489,4,1932.6326460321363,3178.8978173907803
44.0,26.0,70.24375625944359,44.5589506060563,70.24375625944359,4,1932.8720945511348,3179.2916751557227
44.0,27.0,6.82694156807634,1.6165287370113623,6.82694156807634,2,2231.5920885162454,3670.642340672157
44.0,28.0,40.59217550350469,33.197035222137124,44.22729963698605,4,1932.757823791875,3179.1037164829
44.0,31.0,7.874933950675165,8.890816023904241,7.874933950675165,2,2231.5977969479854,3670.6517302068087
44.0,32.0,-10.90651858323503,8.981217819923122,12.158964984206111,4,1932.6257048357033,3178.886400138652
44.0,33.0,8.293333333333333,3.599810180180801,8.293333333333333,3,2066.0539733905266,3398.356371608908
44.0,38.0,79.96144149547945,5846.0058859516175,4402.946149237554,4,4563.210952075897,7505.81408506672
44.0,40.0,1199.7025647060655,347.1973217902546,1199.7025647060655,4,1948.1464970540837,3204.4158315122154
44.0,42.0,-18.09382572765158,44.266317149557906,32.81935860397164,4,1932.8687325506426,3179.2861451570193
44.0,46.0,-58.56744829985996,514.3327612593627,345.32242149391664,4,1966.5377897480828,3234.6668160042655
44.0,49.0,-5.225671732269853,11.054929563368978,6.784305783685792,3,2066.0653047776736,3398.3750100821553
44.0,52.0,-8.631912817772633,21.61560397425613,16.85664725931941,4,1932.675710258325,3178.9686517394184
44.0,56.0,89.92610799180483,381.214662190614,302.3003638583614,4,1951.3236771969653,3209.641827793712
44.0,59.0,-49.856161191839874,21.058265829839403,49.856161191839874,2,2231.625012255979,3670.696495404871
44.0,60.0,-31.5008159000422,52.408316130737575,49.514497183335294,4,1932.9705377099683,3179.4535997425787
44.0,67.0,110.80715683001216,217.81975678328192,172.18460273466093,4,1938.743022444568,3188.948492194807
44.0,72.0,51.37074223640596,136.55950592599086,87.42250192752428,4,1935.0261065898594,3182.8347096701164
44.0,74.0,243.6276323346307,219.60758961821216,243.6276323346307,4,1938.8438644109265,3189.1143624689207
44.0,79.0,-34.01362433380791,542.1512115829896,388.03932908193246,4,1970.2704768547353,3240.806539929918
44.0,80.0,319.2231544356357,470.74210506943837,503.93800610450603,4,1961.0713522453837,3225.6753264514473
44.0,81.0,129.25192431753203,181.71716249513872,200.72914677077188,4,1936.8821201682813,3185.887580336255
44.0,82.0,210.49167165070776,839.4440110510245,609.1502699219368,4,2021.7158325787655,3325.4266198823975
44.0,83.0,139.00177547479618,130.5454235201732,155.08807161426975,4,1934.8185541946732,3182.4933163601117
44.0,85.0,-26.700208052185456,73.7070804819852,64.0270006130055,4,1933.3179124788358,3180.024980391062
44.0,87.0,55.687800053523766,134.03674847120084,115.39834166574096,4,1934.9379082609603,3182.6896363289356
44.0,90.0,246.31935872927716,500.4039609164299,416.25945131884146,4,1964.7401471709586,3231.7099570913206
44.0,91.0,142.31265451459421,615.5480634988983,474.62326789736744,4,1981.0228401241507,3258.4926036519155
44.0,92.0,-29.080417849809237,758.0852593953027,583.8157188751193,4,2005.5793213211878,3298.8844208140276
44.0,93.0,405.98742636718544,471.3793256092092,462.94092511550116,4,1961.147882787229,3225.8012079907744
44.0,94.0,-589.0627074232416,596.4760859036113,705.3891851271292,4,1978.103547436883,3253.6907944871305
44.0,95.0,123.19957710239032,1057.2980530650507,726.2604448862403,4,2072.182755058662,3408.4373203645346
44.0,96.0,-188.6998733712595,267.78727220132043,225.739538127708,4,1941.86940740912,3194.090937842997
44.0,97.0,100.39969080945366,264.14777591567565,172.08198883519754,4,1941.6201501878613,3193.680946198566
44.0,98.0,-25.362516316778397,287.97474889397284,215.87866747168198,4,1943.3132819633606,3196.4659001404025
45.0,1.0,-377.34468532670235,273.54926985623405,377.34468532670235,4,1942.2709351103347,3194.7513921386617
45.0,2.0,1048.2395644431945,779.8423963634625,1048.2395644431945,4,2009.7459703748352,3305.737948622154
45.0,3.0,2354.8727058359,4950.459091153585,3955.1704310656314,4,3998.565291507383,6577.05462233819
45.0,4.0,-1571.109229208735,1799.6426543538778,1596.696363834325,4,2313.948708493745,3806.1069257456115
45.0,5.0,-364.83197404685393,2783.1788430468027,2192.5757276045306,4,2758.2683009538077,4536.947618929145
45.0,6.0,672.6852065966206,664.2770545124087,707.39027081919,4,1988.8775192129795,3271.4124010397154
45.0,7.0,682.3680937754048,1697.272743690725,1260.7914344787018,4,2274.9437722925495,3741.9495149660643
45.0,8.0,-281.74263179209083,1680.4777530748322,1264.3209400869964,4,2268.7010651790715,3731.681175528464
45.0,9.0,-1463.9685811080194,4013.2769315201035,2603.011328834374,4,3433.3944789946063,5647.431361529439
45.0,10.0,-1582.2979196452097,1813.8555512887515,1679.5982110093728,4,2319.4908416127546,3815.222923507462
45.0,11.0,-1301.4142369963724,1093.9039840174817,1333.6492393698468,4,2081.6615351635805,3424.028526199185
45.0,12.0,-393.57793610762405,424.5469255429339,393.57793610762405,4,1955.7918677223588,3216.9913471853156
45.0,13.0,367.49736813968593,708.0634419223512,566.4745858993738,4,1996.4164652567856,3283.8128637832615
45.0,14.0,-269.6937314458328,457.0652758123621,382.645713658394,4,1959.4530147547937,3223.013398160419
45.0,16.0,1959.8215510840027,2620.4710207002963,1959.8215510840027,4,2677.393502834419,4403.920413913501
45.0,17.0,-814.6000712290238,1797.6128584735904,1259.2173431274437,4,2313.159695812144,3804.809115374569
45.0,18.0,-396.64063323640073,184.99353701323378,396.64063323640073,4,1937.037193298897,3186.1426529375904
45.0,19.0,9.627975555043463,133.91664624631295,97.39866547267673,4,1934.9337502679166,3182.682797038997
45.0,20.0,489.27460475427006,710.0702081502583,665.2170970787702,4,1996.7728048293852,3284.3989902216786
45.0,21.0,-321.3737746117663,207.04963309104195,321.3737746117663,4,1938.1528730047332,3187.9777827482517
45.0,22.0,207.4844319992169,1272.685418150791,877.8113510844412,4,2131.8691026049796,3506.612625605581
45.0,23.0,-173.29432272430768,1151.8328639526108,731.9855893812719,4,2097.2270399495546,3449.631503201725
45.0,24.0,553.6450956386293,1661.696968203604,1020.4399681294494,4,2261.773682516325,3720.286645030365
45.0,25.0,-174.28564619375265,568.9873991015335,398.197081307836,4,1974.050433505461,3247.0240153365835
45.0,26.0,-159.73644510736835,727.6832110634136,559.3645988237129,4,1999.9408020455792,3289.6098819329072
45.0,27.0,-132.94228815912135,130.96771183674883,132.94228815912135,4,1934.832823431216,3182.516787165593
45.0,28.0,48.469302128625664,115.22140131028736,98.85031067604803,4,1934.3318664373205,3181.692786237237
45.0,29.0,-60.92267925455815,479.4771771661282,391.58596513934856,4,1962.129191864423,3227.4153177855574
45.0,30.0,-301.6762650397267,270.5015129374366,317.54378180404376,4,1942.0574960864715,3194.400316186127
45.0,31.0,349.1665388668415,1211.8057358385342,1006.6689685280481,4,2114.0573205475107,3477.314851285884
45.0,32.0,-296.34213751330077,1155.7688860874423,716.8495056847344,4,2098.3094726180975,3451.4119465025087
45.0,33.0,309.47734082420857,508.1125605821098,473.86110579524984,4,1965.7291194275952,3233.3366716946034
45.0,34.0,133.03639360773923,1867.4707886788228,1273.5681814145455,4,2340.667716088571,3850.0557822965047
45.0,35.0,-289.2114925442352,392.7940543978309,305.6269710352877,4,1952.4716050278626,3211.530001049842
45.0,36.0,135.27238259863628,194.55809852497552,163.26842933818364,4,1937.5056672706176,3186.9132240491076
45.0,38.0,729.5515576227717,7592.872335902909,6437.627572360021,4,5706.212135779285,9385.883727691064
45.0,40.0,-99.90871871259696,645.3312493211878,504.28913702656246,4,1985.756277726488,3266.2784156600687
45.0,41.0,0.22739422937098652,364.058218407738,303.671735738034,4,1949.6848404421785,3206.9461812136196
45.0,42.0,-72.48423677752612,325.1807283680686,250.8129020048052,4,1946.2458829515679,3201.2895995122567
45.0,44.0,68.21765031841636,146.77284314688197,128.04580721005385,4,1935.3999373766767,3183.4496065956787
45.0,45.0,-1.9600621101755085,2733.130726421601,1.9600621101755085,1,2733.130726421601,4495.599988287083
45.0,46.0,-360.7738062902363,494.9218599104644,520.7656371011681,4,1964.0457244075433,3230.567733290279
45.0,47.0,-46.36322337118157,2733.130726421601,46.36322337118157,1,2733.130726421601,4495.599988287083
45.0,49.0,-19.142864682103507,37.619676906989895,22.516198015436842,3,2066.1994092367213,3398.5955922880103
45.0,52.0,-180.38457694778396,155.59033139671084,195.8322113716659,4,1935.7442908264004,3184.01601761641
45.0,54.0,0.0,2733.130726421601,0.0,1,2733.130726421601,4495.599988287083
45.0,55.0,254.60782283235073,1564.9622553765219,1024.6899852940915,4,2227.005885540386,3663.098708073379
45.0,56.0,-88.68282129132348,186.07947318609467,158.15149953182635,4,1937.0892000694087,3186.2281964626927
45.0,58.0,-28.53771042044042,25.028284182232866,28.53771042044042,4,1932.6963008604037,3179.0025202659285
45.0,59.0,72.73550142164419,47.81141598979753,72.73550142164419,4,1932.9109523215002,3179.3555905002436
45.0,60.0,89.31889849430189,79.02382592001062,89.31889849430189,4,1933.422914518821,3180.197693377369
45.0,67.0,-82.97722949578076,564.8314949694668,404.6670694575115,4,1973.4535952764777,3246.042303810937
45.0,71.0,-183.40146885392153,672.2256309815294,397.3455406953582,4,1990.2124090983837,3273.6080995093034
45.0,72.0,-682.3553084431023,3453.287168016855,2891.8178970441168,4,3114.096645296974,5122.23316169414
45.0,74.0,-164.1583804591919,688.4055879218901,571.0522360835403,4,1992.9758931296624,3278.1536262411746
45.0,79.0,-233.7036824387692,956.6937956381768,818.363023321454,4,2047.5920719618996,3367.9892460836104
45.0,80.0,-57.968181550551776,83.26424944101689,67.70560716135321,4,1933.511895870419,3180.344054676276
45.0,81.0,-687.6117887422406,1588.7464017306409,1007.1409820278495,4,2235.410331093816,3676.9227908244543
45.0,82.0,-649.0064131831355,2841.818348198992,1792.7330751819177,4,2788.004222725489,4585.858857706041
45.0,83.0,-103.77736830183962,161.07230963677011,169.180264788388,4,1935.9684729666433,3184.3847644228863
45.0,85.0,-76.63789718592176,227.61185626628688,185.07369263565755,4,1939.3053814217674,3189.873490398102
45.0,87.0,-145.8360327049695,493.8662146886331,438.87315646688194,4,1963.9128552103257,3230.3491829093255
45.0,90.0,-1540.278654333686,1529.6310555866082,1540.278654333686,4,2214.6980306494233,3642.8540883159867
45.0,91.0,-1514.4200777934147,1097.082967437584,1571.4136796109888,4,2082.4978517577783,3425.404144582431
45.0,92.0,-1978.5473839046954,4024.1265263215328,3264.0673446027486,4,3439.73820715723,5657.865865806124
45.0,93.0,53.27093706989149,485.55697790442616,420.0383414350042,4,1962.8766067307374,3228.644705839252
45.0,94.0,64.7223735363932,331.5307089496567,223.5936709059763,4,1946.7814693342611,3202.170560716376
45.0,95.0,-2287.100660359174,4713.846060034907,2598.727393372934,4,3852.943565990585,6337.528198958952
45.0,97.0,-112.08198298988577,855.0832834351266,584.2302730112158,4,2024.9902455715762,3330.8125499697594
45.0,98.0,-201.7900147927823,321.35865410179275,230.21417211109224,4,1945.9284355129796,3200.7674449415285
