Store,Dept,Demand,Fulfilled,Lost_Sales,Average_Inventory,Total_Cost,Fill_Rate
1.0,1.0,154060.09,154060.09,0.0,1276.6898680284623,8936.829076199236,1.0
1.0,2.0,309998.79,309998.79,0.0,2046.6420412564132,14326.494288794893,1.0
1.0,3.0,80841.72,80841.72,0.0,3463.1205633494487,24241.84394344614,1.0
1.0,4.0,250798.63,250798.63,0.0,1508.7392686265189,10561.174880385632,1.0
1.0,5.0,160418.3,151962.0800513319,8456.21994866811,2451.74775306799,59443.33401481647,0.9472864383385929
1.0,6.0,25562.57,25562.57,0.0,1031.4398333549434,7220.078833484604,1.0
1.0,7.0,146082.9,132962.5845613443,13120.315438655707,1827.5932076700208,78394.72964696868,0.9101858229905369
1.0,8.0,268842.62,264714.5759910266,4128.044008973411,527.4667943660513,24332.487605429415,0.9846451280344858
1.0,9.0,261782.96,253082.78905649608,8700.170943503901,764.8277383118184,48854.648885702234,0.9667657094888685
1.0,10.0,199467.95,199467.95,0.0,2671.779477276165,18702.456340933153,1.0
1.0,11.0,137322.6,133571.75823865685,3750.841761343152,1868.3310246078674,31832.525978970833,0.9726859106851811
1.0,12.0,69455.79,67922.94986149212,1532.8401385078796,1769.4150769649846,20050.10623129429,0.977930707598202
1.0,13.0,276915.63,276915.63,0.0,2068.573875373428,14480.017127613995,1.0
1.0,14.0,84844.92,84638.0039162804,206.9160837195941,2032.9775302783091,15265.423130546134,0.9975612436935577
1.0,16.0,84095.65,84095.65,0.0,2417.6582328190366,16923.607629733255,1.0
1.0,17.0,53605.3,53582.50397995605,22.796020043950193,1238.1342820776013,8780.920074762962,0.9995747431682324
1.0,18.0,52844.41,42280.18747833173,10564.222521668267,184.7654145126427,54114.47050992984,0.8000881735330516
1.0,19.0,8631.72,8631.72,0.0,710.2255375945751,4971.578763162026,1.0
1.0,20.0,23913.2,23913.2,0.0,1007.6000657251518,7053.200460076063,1.0
1.0,21.0,53456.43,53456.43,0.0,1062.4018144196136,7436.812700937296,1.0
1.0,22.0,51279.97,49932.48511361978,1347.484886380219,1024.126364196763,13906.308981278436,0.9737229782626585
1.0,23.0,123761.9,120664.76546178733,3097.1345382126674,1792.093665737819,28030.32835122807,0.9749750566352596
1.0,24.0,41842.38,39929.304113720704,1913.075886279299,1210.879074396678,18041.532952173242,0.9542789897161851
1.0,25.0,64425.45,62265.89016411843,2159.5598358815696,928.6416916069708,17298.291020656645,0.966479708936739
1.0,26.0,53562.53,47508.40017696066,6054.129823039337,1136.6582414228344,38227.256805156525,0.886970801733239
1.0,27.0,9436.14,9436.14,0.0,670.3514564225694,4692.460194957986,1.0
1.0,28.0,3934.21,3934.21,0.0,687.4183323965847,4811.928326776093,1.0
1.0,29.0,26187.629999999997,26187.629999999997,0.0,836.5860624423894,5856.102437096726,1.0
1.0,30.0,16318.61,16318.61,0.0,1025.956760943387,7181.697326603709,1.0
1.0,31.0,10199.78,10199.78,0.0,1040.4417300132106,7283.092110092474,1.0
1.0,32.0,37536.82,37536.82,0.0,1728.4900427829211,12099.430299480448,1.0
1.0,33.0,39422.159999999996,37462.054249255074,1960.1057507449223,1154.3166513897472,17880.74531345284,0.950279087935696
1.0,34.0,68512.53,67507.60809458942,1004.9219054105815,870.4715123692367,11117.910113637565,0.9853322902334715
1.0,35.0,11564.65,11564.65,0.0,1026.265444500172,7183.858111501204,1.0
1.0,36.0,5313.8,5108.375735158649,205.4242648413508,725.9305979042036,6108.63550953618,0.9613413630845439
1.0,37.0,18137.84,18137.84,0.0,884.6036565220736,6192.225595654515,1.0
1.0,38.0,524358.84,513479.4974945266,10879.342505473353,6210.721806285369,97871.76517136434,0.9792521043309323
1.0,40.0,410641.48,409341.89344005514,1299.586559944888,1991.6119039904047,20439.216127657273,0.9968352282386455
1.0,41.0,9094.39,9094.39,0.0,795.1683658333612,5566.1785608335285,1.0
1.0,42.0,50150.69,50150.69,0.0,1330.7936330921814,9315.555431645269,1.0
1.0,44.0,43503.88,41893.688562231386,1610.1914377686135,778.9262881728673,13503.44120605314,0.9629874062320738
1.0,45.0,104.7,104.7,0.0,1048.0686397290383,4192.274558916153,1.0
1.0,46.0,120965.91,120620.5018694796,345.4081305203945,1258.6230847541265,10537.402245880858,0.9971445828785944
1.0,47.0,224.0,224.0,0.0,829.1312062576258,829.1312062576258,1.0
1.0,48.0,12640.0,8980.402108351056,3659.597891648945,560.1554636798634,22219.07770400377,0.7104748503442291
1.0,49.0,68677.4,68677.4,0.0,1849.172547630362,12944.207833412534,1.0
1.0,52.0,14327.08,14327.08,0.0,863.578865217228,6045.052056520596,1.0
1.0,54.0,279.48,279.48,0.0,740.8401022960564,4445.040613776338,1.0
1.0,55.0,71084.87,68164.76006267944,2920.109937320549,1206.3942753999308,23045.30961440226,0.9589207951379731
1.0,56.0,11801.71,11801.71,0.0,869.6533001567298,6087.5731010971085,1.0
1.0,58.0,33830.0,25140.593066997146,8689.406933002854,687.7466754294918,48261.261393020715,0.7431449325154345
1.0,59.0,1319.87,1319.87,0.0,740.9375451798909,5186.562816259237,1.0
1.0,60.0,6732.0,6732.0,0.0,715.3272801483446,5007.290961038412,1.0
1.0,67.0,45754.28,45296.22723034054,458.0527696594572,612.9468197537884,6580.891586573805,0.9899888541649118
1.0,71.0,12471.150000000001,12471.150000000001,0.0,1132.826684062134,7929.786788434938,1.0
1.0,72.0,320690.61,285142.66565362964,35547.94434637035,6294.9863250574945,221804.6260072542,0.8891519014343128
1.0,74.0,65901.67,65901.67,0.0,1524.0460909316523,10668.322636521567,1.0
1.0,79.0,230989.63,230989.63,0.0,2765.8869242606374,19361.20846982446,1.0
1.0,80.0,133799.77000000002,133799.77000000002,0.0,1032.6763211386217,7228.734247970351,1.0
1.0,81.0,208885.14,208768.05829921114,117.08170078884359,946.8808053668353,7213.574141512065,0.9994394924369016
1.0,82.0,139624.59,137808.25179024442,1816.338209755584,1235.9457166445848,17733.311065290014,0.986991272742462
1.0,83.0,39729.01,39294.23274684181,434.7772531581895,695.6232924321855,7043.249312816246,0.989056428711458
1.0,85.0,19747.309999999998,19381.462673552924,365.84732644707765,828.658558792009,7629.846543779451,0.9814735613890159
1.0,87.0,355834.17,344186.1027346096,11648.067265390375,1676.5042210448312,69975.8658742657,0.9672654617025949
1.0,90.0,618025.01,618025.01,0.0,2393.784836039153,16756.49385227407,1.0
1.0,91.0,444510.82,444510.82,0.0,3342.8294157352357,23399.80591014665,1.0
1.0,92.0,1005597.7,1000992.8759709806,4604.824029019364,4231.117147069025,52641.94017458,0.995420808908951
1.0,93.0,525303.47,519748.8998401237,5554.570159876268,2378.6115039882675,44423.13132729921,0.9894259785493588
1.0,94.0,434546.96,433982.8402831203,564.1197168797516,1552.2664505808486,13686.4637384647,0.9987018210485704
1.0,95.0,855281.3200000001,851597.8038785028,3683.5161214972177,4945.542026876695,53036.37479562295,0.9956932110694324
1.0,96.0,241276.16999999998,237099.32461129248,4176.845388707508,1456.0219577337662,31076.380647673905,0.9826885291294722
1.0,97.0,257754.51,256385.60618605965,1368.9038139403565,1062.290262957646,14280.550910405305,0.9946891178977223
1.0,98.0,85648.28,85250.87392737526,397.4060726247444,604.6943863117779,6219.891067306167,0.9953600227275464
1.0,99.0,715.03,715.03,0.0,660.67042316142,1982.01126948426,1.0
2.0,1.0,222269.77,221018.74511571683,1251.0248842831788,391.28090386578333,8994.090748476377,0.9943715923029787
2.0,2.0,445610.25,444309.2135990785,1301.0364009215555,1833.001924547293,19336.19547643883,0.9970803265837769
2.0,3.0,84868.83,84868.83,0.0,4367.2701215624165,30570.890850936914,1.0
2.0,4.0,308899.6,306559.5023580259,2340.097641974113,1578.2475619189552,22748.22114330325,0.9924244070177686
2.0,5.0,195206.64,186074.94291123078,9131.697088769215,2056.26695820722,60052.35415129662,0.953220356188861
2.0,6.0,38165.5,35873.38168892528,2292.1183110747197,539.782803348248,15239.071178811333,0.9399426625859815
2.0,7.0,260280.22999999998,234629.89371064835,25650.33628935166,3307.6336988733165,151405.11733887153,0.9014510772126195
2.0,8.0,425330.03,414850.2095127016,10479.820487298406,819.9512385517737,58138.76110635445,0.9753607322593741
2.0,9.0,244577.14,239875.72809095847,4701.411909041533,1916.8946521000657,36925.32210990813,0.9807773861897251
2.0,10.0,252847.34999999998,251182.288755759,1665.061244241013,2267.8068591682395,24199.954235382742,0.9934147569897767
2.0,11.0,130315.1,126528.22421879592,3786.8757812040712,1138.4917857807657,26903.821406485717,0.9709406217606088
2.0,12.0,53798.58,53798.58,0.0,912.1446298619923,6385.012409033946,1.0
2.0,13.0,324016.85,321920.9853724352,2095.8646275648134,1093.0041352170842,18130.352084343656,0.9935316184094599
2.0,14.0,124158.66,122722.10231809199,1436.5576819080052,1405.529694955411,17021.496274227902,0.9884296618382639
2.0,16.0,64330.53,64330.53,0.0,3607.865925789526,25255.06148052668,1.0
2.0,17.0,89385.58,88907.9978639423,477.58213605769015,973.317390870113,9201.132416379241,0.9946570561374922
2.0,18.0,97891.51,76278.79174311564,21612.71825688436,603.636834848967,112289.04912836457,0.7792176435230761
2.0,19.0,26283.519999999997,26283.519999999997,0.0,1000.0701705680224,7000.491193976157,1.0
2.0,20.0,31031.7,31031.7,0.0,1144.0777675854754,8008.544373098327,1.0
2.0,21.0,57341.41,57341.41,0.0,1395.0864575385028,9765.60520276952,1.0
2.0,22.0,87835.4,85281.48969930815,2553.910300691845,997.2228814757976,19750.11167378981,0.9709239065263909
2.0,23.0,158642.33000000002,150437.7190781866,8204.610921813393,2554.5038266593087,58904.58139568212,0.9482823347223064
2.0,24.0,47685.75,46196.99113180357,1488.7588681964344,1563.369728649862,18387.382441531205,0.9687797954693712
2.0,25.0,94861.44,90874.4239205864,3987.0160794135973,1251.908063805625,28698.43684370736,0.9579701079868321
2.0,26.0,65300.509999999995,61358.92041483801,3941.58958516199,1434.93446049193,29752.489149253455,0.9396392220342232
2.0,27.0,12031.7,12031.7,0.0,638.7460429102856,4471.222300371999,1.0
2.0,28.0,4673.64,4673.64,0.0,754.8191788479544,5283.734251935681,1.0
2.0,29.0,39942.97,39942.97,0.0,953.2572162179739,6672.800513525817,1.0
2.0,30.0,25739.02,25739.02,0.0,1102.115747395786,7714.8102317705025,1.0
2.0,31.0,22273.739999999998,21701.720026624982,572.0199733750192,978.0182110511396,9706.227344233073,0.9743186382989558
2.0,32.0,59233.61,58921.733130410634,311.876869589365,1884.1185978185645,14748.214532676775,0.994734798882098
2.0,33.0,38422.25,37221.07757669508,1201.1724233049126,1553.2593487216302,16878.677557575975,0.968737582434529
2.0,34.0,110953.48999999999,103197.21525009653,7756.27474990347,992.5949972551225,45729.53873030321,0.93009435980875
2.0,35.0,18130.14,18060.477169166385,69.6628308336135,1107.348070934224,8099.750650707635,0.9961576231163347
2.0,36.0,7537.58,7139.996504593659,397.5834954063416,688.1324159339775,6804.844388569551,0.9472531640916128
2.0,37.0,32352.38,31966.976557625498,385.40344237450245,584.1056017618101,6015.756424205183,0.9880873233321782
2.0,38.0,480584.02,478788.89336325234,1795.1266367476492,5113.119158430956,44767.46729275494,0.99626469761365
2.0,40.0,558008.08,554396.3906288579,3611.6893711420853,1402.9490707902753,27879.090351242354,0.993527532126162
2.0,41.0,21109.510000000002,21109.510000000002,0.0,1272.4774162878832,8907.341914015182,1.0
2.0,42.0,59138.17,59138.17,0.0,619.825166493641,4338.776165455487,1.0
2.0,44.0,70324.53,66698.60297572915,3625.927024270839,183.79749455748956,19416.21758325662,0.9484400816575547
2.0,45.0,31.410000000000004,31.410000000000004,0.0,844.1730291776431,1688.3460583552862,1.0
2.0,46.0,186461.37,186330.39305813398,130.97694186601075,1175.9160847057408,8886.297302270239,0.9992975652712086
2.0,48.0,17834.0,10263.095856712356,7570.904143287644,960.3846858228231,44577.21351719798,0.5754791890048422
2.0,49.0,112499.19,109814.29794125713,2684.892058742871,1181.7637647037457,21696.806646640573,0.9761341209768455
2.0,52.0,27148.760000000002,27148.760000000002,0.0,1277.7498035822086,8944.248625075461,1.0
2.0,54.0,238.24,238.24,0.0,877.8608081576967,6145.025657103877,1.0
2.0,55.0,65238.75,65238.75,0.0,1202.3662518830934,8416.563763181653,1.0
2.0,56.0,14172.460000000001,14172.460000000001,0.0,1091.09827227277,7637.687905909389,1.0
2.0,58.0,156560.0,132080.31358672192,24479.686413278076,3136.0841555271295,144351.0211550803,0.843640224749118
2.0,59.0,2415.82,2415.82,0.0,691.0420796152885,4837.294557307019,1.0
2.0,60.0,2277.0,2277.0,0.0,613.5939207189268,4295.157445032488,1.0
2.0,67.0,70650.98999999999,70650.98999999999,0.0,820.7428201406661,5745.199740984663,1.0
2.0,71.0,28712.41,27674.425988481755,1037.9840115182433,901.4184033064483,11499.848880736356,0.9638489415720155
2.0,72.0,463581.95,431266.984159628,32314.96584037201,11350.570696883766,241028.8240800464,0.9302928730500141
2.0,74.0,104584.92,104584.92,0.0,1171.4561864466348,8200.193305126444,1.0
2.0,79.0,217667.07,216623.96321137267,1043.1067886273304,2108.0342752528595,19971.77386990667,0.9952077877989199
2.0,80.0,178719.05,177706.5160759128,1012.5339240872017,1049.643438150759,12410.173687491322,0.9943344935859542
2.0,81.0,209612.02,209612.02,0.0,1073.4647720475284,7514.2534043327,1.0
2.0,82.0,171344.32,171344.32,0.0,824.8453950035847,5773.917765025093,1.0
2.0,83.0,38130.07,37596.8259909361,533.2440090638966,480.5903287116392,6030.352346300957,0.9860151316516361
2.0,85.0,18071.09,17820.46128943486,250.62871056513814,804.8593273528992,6887.158844295984,0.9861309577582128
2.0,87.0,174766.49,157419.04704634723,17347.442953652764,2476.8646360186067,104075.26722039407,0.9007393067535272
2.0,90.0,711895.7,708044.2004770879,3851.4995229121414,610.0463188673103,23527.82184663188,0.994589798023907
2.0,91.0,561334.05,560546.1969194096,787.8530805905029,1983.420621063787,17823.209750399023,0.998596463049782
2.0,92.0,1239508.51,1229721.696411362,9786.813588638091,2233.4029793246923,64567.888798463304,0.9921042788252917
2.0,93.0,533483.69,521062.9562567946,12420.733743205376,533.4775928650924,65838.01186608252,0.9767176879517998
2.0,94.0,500989.57999999996,492705.815635879,8283.764364121002,270.43619215236475,43311.87516567156,0.9834651962938611
2.0,95.0,1023227.6499999999,1023227.6499999999,0.0,4468.621590869364,31280.35113608555,1.0
2.0,96.0,253143.31,245512.27531463452,7631.034685365477,636.2539194545471,42608.95086300922,0.9698548830487936
2.0,97.0,296121.13,293501.73361947597,2619.3963805240055,514.2090608319153,16696.445328443435,0.9911543077641098
2.0,98.0,99752.69,98047.19280421465,1705.497195785354,398.98370238759605,11320.371895639943,0.9829027448203617
2.0,99.0,645.06,645.06,0.0,638.0777620590167,1914.23328617705,1.0
3.0,1.0,69719.26,65997.17400919691,3722.0859908030916,339.7874496773597,20988.942101756977,0.9466132315402791
3.0,2.0,132171.96,131464.87258468472,707.0874153152763,607.9004272066325,7790.740067022809,0.994650246426585
3.0,3.0,36354.07,36354.07,0.0,1387.8464500347557,9714.925150243289,1.0
3.0,4.0,63496.729999999996,62902.281035389715,594.4489646102847,761.5049075613862,8302.779175981126,0.9906381168823926
3.0,5.0,104965.17,95559.02508907695,9406.144910923047,1111.9469565736997,54814.35325063113,0.9103879419151796
3.0,6.0,13129.84,13129.84,0.0,860.3684159313736,6022.578911519616,1.0
3.0,7.0,69739.02,64427.0642176222,5311.955782377796,1012.464984512796,33647.03380347855,0.9238309373665159
3.0,8.0,59616.72,59616.72,0.0,757.3590944859565,5301.513661401696,1.0
3.0,9.0,99628.81,91420.65579020459,8208.15420979542,1126.0033567405474,48922.794546160934,0.9176126442763353
3.0,10.0,91647.8,90098.21723316266,1549.5827668373404,577.6558007669545,11791.504439555383,0.9830919807476302
3.0,11.0,55840.42,50573.67953177106,5266.740468228942,700.4024850808013,31236.519736710317,0.9056822912823911
3.0,12.0,17267.760000000002,17267.760000000002,0.0,846.485871924521,5925.401103471647,1.0
3.0,13.0,87169.33,85002.75559157705,2166.5744084229445,645.5584420019755,15351.781136128551,0.9751452212788265
3.0,14.0,33965.67,33268.886428864105,696.7835711358948,731.8765790010797,8607.053908687032,0.9794856520970765
3.0,16.0,30529.57,30529.57,0.0,1265.2522610825833,8856.765827578083,1.0
3.0,17.0,19398.07,19251.081221553453,146.9887784465468,655.7058610376672,5324.884919496404,0.9924225049993868
3.0,18.0,19651.010000000002,17071.497143325236,2579.5128566747644,43.82321067284459,13204.326758083733,0.8687338280996872
3.0,19.0,4416.98,4416.98,0.0,843.0837382812335,5901.586167968635,1.0
3.0,20.0,13908.19,13908.19,0.0,569.2738575921596,3984.9170031451176,1.0
3.0,21.0,10162.91,10162.91,0.0,776.266110991644,5433.862776941508,1.0
3.0,22.0,30652.690000000002,29162.876907734066,1489.8130922659348,288.5809242414075,9469.131931019527,0.9513969869441822
3.0,23.0,95748.85,87537.59266566332,8211.257334336682,427.254744255869,44047.06988147449,0.9142417132494366
3.0,24.0,18919.79,18919.79,0.0,920.9830965066564,6446.881675546594,1.0
3.0,25.0,31576.23,31118.54744733316,457.682552666839,745.7916610239827,7508.954390502075,0.985505471911408
3.0,26.0,21067.28,20857.953288818546,209.32671118145436,836.7697170013938,6904.021574917029,0.9900638947609064
3.0,27.0,3250.29,3250.29,0.0,726.6032397709681,5086.222678396777,1.0
3.0,28.0,850.69,850.69,0.0,773.965613294187,5417.759293059309,1.0
3.0,29.0,8063.4400000000005,8063.4400000000005,0.0,834.6821451245693,5842.775015871985,1.0
3.0,30.0,7788.139999999999,7788.139999999999,0.0,862.4629032807351,6037.240322965145,1.0
3.0,31.0,6554.07,6554.07,0.0,661.9205687432932,4633.443981203052,1.0
3.0,32.0,30168.809999999998,28061.138432146923,2107.671567853079,630.7639253971684,14953.705317045573,0.930137397933393
3.0,33.0,22579.19,22579.19,0.0,721.1004609710386,5047.70322679727,1.0
3.0,34.0,27572.93,27223.6071878078,349.3228121922007,816.0092531656056,7458.678833120242,0.9873309506029211
3.0,35.0,4771.62,4771.62,0.0,968.4052282864166,6778.836598004916,1.0
3.0,36.0,2499.42,2499.42,0.0,635.5559938972903,4448.891957281032,1.0
3.0,38.0,623319.11,613668.7346821894,9650.375317810613,3003.5460013564903,69276.6985985485,0.9845177611868653
3.0,40.0,142141.16,141027.6318370829,1113.5281629170968,285.16269600911517,7563.77968664929,0.992166039992096
3.0,41.0,4288.81,4288.81,0.0,808.365487133323,5658.558409933261,1.0
3.0,42.0,35405.83,32456.845904260907,2948.9840957390934,1028.3156844263417,21943.13026967986,0.9167090816473136
3.0,44.0,19223.24,19223.24,0.0,803.4871056115244,5624.409739280671,1.0
3.0,46.0,41189.520000000004,41189.520000000004,0.0,675.6465017792156,4729.525512454509,1.0
3.0,49.0,103.95,103.95,0.0,849.5663482352074,5946.964437646452,1.0
3.0,52.0,8142.280000000001,8142.280000000001,0.0,752.7754166600453,5269.427916620317,1.0
3.0,54.0,218.32,218.32,0.0,855.7611622513226,5990.328135759259,1.0
3.0,55.0,49395.67,47228.407815472245,2167.2621845277536,1272.9771347363883,19747.150865793486,0.956124450087877
3.0,56.0,4841.35,4841.35,0.0,680.8119692120073,4765.683784484051,1.0
3.0,59.0,31.5,31.5,0.0,894.66824517155,4473.34122585775,1.0
3.0,60.0,990.0,990.0,0.0,775.7520680977515,5430.26447668426,1.0
3.0,67.0,13421.029999999999,13421.029999999999,0.0,756.106387027647,5292.744709193529,1.0
3.0,71.0,8457.380000000001,8457.380000000001,0.0,655.8909772285218,4591.236840599653,1.0
3.0,72.0,196664.37,187308.88461382972,9355.485386170287,1760.4275310011628,59100.41964785957,0.9524291797941321
3.0,74.0,25505.95,25505.95,0.0,446.30087177407694,3124.1061024185387,1.0
3.0,79.0,51095.04,50649.81225924859,445.22774075141297,793.551484700023,7780.999096657226,0.9912862825677128
3.0,80.0,0.97,0.97,0.0,1102.2208800040862,1102.2208800040862,1.0
3.0,81.0,13845.710000000001,13845.710000000001,0.0,672.0533921064853,4704.373744745397,1.0
3.0,82.0,55022.71,54725.58075296242,297.12924703757926,740.7669153048055,6671.014642321535,0.9945998798125796
3.0,85.0,3315.4700000000003,3315.4700000000003,0.0,861.468136986219,6030.276958903532,1.0
3.0,87.0,10820.84,10730.613109553477,90.22689044652407,519.4664437838401,4087.3995587195013,0.9916617480300491
3.0,90.0,12197.94,12197.94,0.0,902.1197888701275,6314.838522090893,1.0
3.0,91.0,2754.2200000000003,2754.2200000000003,0.0,840.0565304532796,5880.395713172958,1.0
3.0,92.0,68790.87,68790.87,0.0,644.6773758936898,4512.741631255829,1.0
3.0,94.0,605.72,605.72,0.0,1832.6146821839666,10995.6880931038,1.0
3.0,95.0,124039.97,124039.97,0.0,1354.85351560803,9483.974609256209,1.0
3.0,96.0,31645.21,31645.21,0.0,363.65129417758857,2545.55905924312,1.0
3.0,97.0,3805.67,3805.67,0.0,710.4473107439634,4973.131175207744,1.0
4.0,1.0,303928.69,303928.69,0.0,2701.162210070283,18908.13547049198,1.0
4.0,2.0,667830.05,666614.8601830963,1215.1898169037158,3955.8152040762757,33766.65551305251,0.9981803906294666
4.0,3.0,91716.79000000001,91716.79000000001,0.0,2979.47258218032,20856.30807526224,1.0
4.0,4.0,405941.0,405811.4127625203,129.58723747965996,1932.6054862639119,14176.174591245683,0.9996807732220208
4.0,5.0,297332.7,286999.26042669686,10333.43957330317,4632.261283669062,84093.02685219928,0.965246205434844
4.0,6.0,46298.75,43882.834146597575,2415.9158534024236,821.8601661162617,17832.60042982595,0.9478189831604001
4.0,7.0,340097.99,323524.85843283596,16573.131567164055,3515.8604609810354,107476.68106268752,0.9512695397959746
4.0,8.0,427175.86,427175.86,0.0,2291.560155116293,16040.92108581405,1.0
4.0,9.0,257426.97999999998,249199.07742810764,8227.902571892351,2790.8386636856753,60675.38350526149,0.9680379167253862
4.0,10.0,264543.1,261465.5054972135,3077.5945027864873,3317.237698072873,38608.63640044255,0.9883663777177085
4.0,11.0,151075.88,140957.0762933578,10118.803706642208,3755.536719460914,76882.77556943744,0.9330217126212191
4.0,12.0,52436.64,52204.66886137691,231.97113862309197,1563.1806414155708,12102.120183024455,0.9955761631824027
4.0,13.0,530883.74,528718.0445872966,2165.6954127034987,1229.7192175965756,19436.511586693523,0.9959205843963059
4.0,14.0,191243.73,189342.74457122086,1900.9854287791459,1840.6789210210543,22389.67959104311,0.9900598810283655
4.0,16.0,54808.46,54808.46,0.0,2911.5116813393056,20380.581769375138,1.0
4.0,17.0,107505.41,105849.01441557654,1656.395584423457,1201.5718952856168,16692.981189116603,0.984592444376302
4.0,18.0,128994.70999999999,113708.67704425528,15286.032955744718,493.81586775648327,79886.87585301898,0.881498761028691
4.0,19.0,18636.059999999998,18636.059999999998,0.0,1176.5155464869265,8235.608825408486,1.0
4.0,20.0,58916.659999999996,58916.659999999996,0.0,1307.5478044112647,9152.834630878853,1.0
4.0,21.0,53938.04,53938.04,0.0,1536.7834560802762,10757.484192561933,1.0
4.0,22.0,127391.36,127371.5797420623,19.780257937702117,1599.7601390492714,11297.22226303341,0.9998447284184916
4.0,23.0,306228.72000000003,304168.66165835195,2060.058341648044,6010.525664910902,52373.97136261654,0.9932728114409123
4.0,24.0,71314.63,68468.82567019734,2845.8043298026587,886.9378976795148,20437.586932769897,0.9600950838586324
4.0,25.0,107693.36,107267.64418364316,425.71581635684197,1060.59891335341,9552.77147525808,0.9960469631892176
4.0,26.0,160909.04,154677.48075655682,6231.559243443186,877.776111381433,37302.228996885955,0.9612727834095388
4.0,27.0,17849.57,17816.701472822628,32.868527177372016,733.0849361710796,5295.937189084417,0.9981585815693391
4.0,28.0,5776.68,5776.68,0.0,812.8254627909367,5689.7782395365575,1.0
4.0,29.0,65384.05,65055.60111333197,328.44888666803126,1103.1705501810522,9364.438284607522,0.9949766206487969
4.0,30.0,38392.24,38392.24,0.0,1736.9348259393284,12158.5437815753,1.0
4.0,31.0,20418.21,20418.21,0.0,1149.7797866009507,8048.458506206654,1.0
4.0,32.0,72034.41,72034.41,0.0,1995.1101829184395,13965.771280429077,1.0
4.0,33.0,82428.28,78621.723417931,3806.55658206899,1244.575772162328,27744.813315481246,0.9538197742077235
4.0,34.0,182003.13,173994.7422952981,8008.387704701887,914.8593658792795,46445.954084664394,0.9559986264813034
4.0,35.0,24543.379999999997,24118.193866418133,425.18613358186667,1079.902034795569,9685.244911478318,0.9826761377780132
4.0,36.0,21130.29,17978.5317266526,3151.758273347402,556.3450163134321,19653.206480931032,0.8508416934482489
4.0,37.0,21877.47,21877.47,0.0,826.6748238296346,5786.723766807442,1.0
4.0,38.0,530722.92,516282.2473564374,14440.672643562619,4794.5392718591365,105765.13812082705,0.9727905615164262
4.0,40.0,570532.69,569046.5452376456,1486.1447623544227,3284.320621002821,30420.96815879186,0.997395162821688
4.0,41.0,16012.36,16012.36,0.0,946.7574135597549,6627.301894918284,1.0
4.0,42.0,68261.31999999999,67942.10988951207,319.2101104879257,1293.827551679037,10652.843414192888,0.9953237043982166
4.0,44.0,46479.86,45594.36107701996,885.4989229800403,807.6083309059532,10080.752931241874,0.9809487609691586
4.0,45.0,20.94,20.94,0.0,838.0826131895665,1676.165226379133,1.0
4.0,46.0,241168.89,241168.89,0.0,3304.0080236560802,23128.056165592563,1.0
4.0,48.0,24256.0,20784.38799673651,3471.61200326349,1192.1870764732423,25703.369551630145,0.8568761542190184
4.0,49.0,46740.96,45564.192645006086,1176.7673549939154,1004.6981308921097,12916.723691214345,0.9748236374478848
4.0,52.0,23530.760000000002,23530.760000000002,0.0,1582.9381093886325,11080.566765720427,1.0
4.0,54.0,206.8,206.8,0.0,734.8198580042482,5143.7390060297375,1.0
4.0,55.0,95477.94,95464.73550217898,13.204497821021505,2007.7325764669542,14120.150524373787,0.9998617010607789
4.0,56.0,7029.52,7029.52,0.0,1241.944621887665,8693.612353213655,1.0
4.0,58.0,26330.0,24031.006133377243,2298.993866622758,1496.4959831867686,21970.441215421168,0.912685382961536
4.0,59.0,2618.73,2618.73,0.0,746.8039821923887,5227.627875346721,1.0
4.0,60.0,2439.0,2439.0,0.0,744.5230032709458,5211.66102289662,1.0
4.0,67.0,79357.81,79310.8878127655,46.92218723449878,1072.165321663587,7739.768187817603,0.9994087262837206
4.0,71.0,47093.630000000005,47093.630000000005,0.0,1378.7102429252882,9650.971700477017,1.0
4.0,72.0,721219.51,663894.0375736972,57325.47242630283,10029.199533216199,356831.75886402756,0.9205159155687527
4.0,74.0,125935.23,125935.23,0.0,2314.8800971942815,16204.160680359972,1.0
4.0,79.0,382188.39,376599.3857087308,5589.00429126923,2141.022753456414,42932.18073054105,0.9853763106428501
4.0,80.0,134395.62,134395.62,0.0,2265.119445093476,15855.836115654332,1.0
4.0,81.0,232755.84,232622.88620560442,132.9537943955802,956.4078802324382,7359.624133604968,0.999428784281436
4.0,82.0,215228.72,213563.57778865844,1665.1422113415574,1528.455257061317,19024.897856137006,0.9922633828266898
4.0,83.0,69814.93,69298.81304023872,516.1169597612788,390.30821210249945,5312.74228352389,0.992607355478817
4.0,85.0,13723.27,13723.27,0.0,998.9950233641811,6992.965163549267,1.0
4.0,87.0,117749.07999999999,114712.7426313601,3036.337368639892,1402.7979224121366,25001.272300084413,0.9742134939089131
4.0,90.0,673785.74,672071.1467992943,1714.593200705698,2478.7719292604806,25924.369508351854,0.9974552842262502
4.0,91.0,469323.81,468791.8144161968,531.9955838032183,4000.7972718428355,30665.55882191594,0.9988664636814331
4.0,92.0,1228514.8900000001,1225323.1104145034,3191.779585496668,3030.257726887212,37170.70201569382,0.9974019203092469
4.0,93.0,539116.0499999999,533780.5176093291,5335.53239067088,1504.4854197805087,37209.05989181796,0.9901031839236267
4.0,94.0,525269.62,508292.1320410975,16977.48795890248,0.0,84887.4397945124,0.9676785267746829
4.0,95.0,1074859.17,1074859.17,0.0,6729.1040826912795,47103.728578838956,1.0
4.0,96.0,311034.43,306698.94366904977,4335.486330950211,2029.880394581903,35886.59441682437,0.9860610726248209
4.0,97.0,296061.55,295275.6357235183,785.9142764816424,1296.3564040384922,13004.066210677658,0.997345436188922
4.0,98.0,118524.09,117179.73235257815,1344.3576474218444,220.1576122027665,8262.891522528587,0.988657515552983
4.0,99.0,750.04,750.04,0.0,621.9003317079431,1865.7009951238292,1.0
5.0,1.0,78073.03,77871.08124695247,201.94875304752713,436.55448388390425,4065.6251524249656,0.9974133352702267
5.0,2.0,84250.22,84250.22,0.0,1436.7042959615585,10056.930071730909,1.0
5.0,3.0,24486.0,24486.0,0.0,1551.8872095780644,10863.21046704645,1.0
5.0,4.0,69405.91,69363.75226067116,42.15773932884258,741.6901012216271,5402.619405195603,0.9993925915051204
5.0,5.0,39710.45,39539.24648849915,171.20351150085298,1120.7915958123847,8701.558728190957,0.9956887038172358
5.0,6.0,4576.02,4576.02,0.0,809.3868885275909,5665.708219693137,1.0
5.0,7.0,35968.34,33673.58691052557,2294.7530894744286,672.3335156251038,16180.10005674787,0.9362007507303804
5.0,8.0,104796.67,104494.85509771471,301.8149022852904,341.234272308585,3897.714417586547,0.9971199952986551
5.0,9.0,64484.31,63068.112087461814,1416.1979125381877,689.4640569349295,11907.237961235445,0.9780381008568102
5.0,10.0,65219.5,64045.757998762405,1173.7420012375896,1581.2080255438104,16937.16618499462,0.9820032045440766
5.0,11.0,43360.22,42496.89165610259,863.3283438974104,734.7259665390336,9459.723485260287,0.9800893919842333
5.0,12.0,18560.01,18530.627133762373,29.382866237625876,549.0635184851702,3990.3589605843213,0.9984168722841407
5.0,13.0,78677.68000000001,78652.87093256555,24.80906743444939,919.1495958663266,6558.092508236534,0.9996846746442644
5.0,14.0,21309.09,21217.981670794376,91.1083292056228,936.5449862197667,7011.356549566481,0.9957244382934407
5.0,16.0,31909.52,31909.52,0.0,987.4662959015876,6912.264071311113,1.0
5.0,17.0,17591.76,17438.831232374614,152.92876762538572,672.8315153199354,5474.464445366476,0.9913067954755304
5.0,18.0,11044.85,9514.071474370607,1530.7785256293937,330.05818266931453,9964.29990683217,0.8614034119404615
5.0,19.0,82.2,82.2,0.0,1025.7312062576257,3077.193618772877,1.0
5.0,20.0,6832.48,6832.48,0.0,803.6404064460834,5625.482845122584,1.0
5.0,21.0,8284.79,8284.79,0.0,835.7047637494369,5849.933346246058,1.0
5.0,22.0,17011.66,16882.24373301275,129.41626698725167,587.3551602333363,4758.567456569613,0.9923924962650764
5.0,23.0,36525.729999999996,35758.22968615105,767.500313848951,1093.975020693373,11495.326714098366,0.9789874065802668
5.0,24.0,9516.03,9440.663248561632,75.36675143836851,793.3118021479505,5930.0163722274965,0.992080021664668
5.0,25.0,18212.47,18212.47,0.0,706.0974342807602,4942.682039965322,1.0
5.0,26.0,11901.380000000001,11901.380000000001,0.0,926.0056475000516,6482.039532500361,1.0
5.0,27.0,2962.6,2962.6,0.0,683.3874405671961,4783.712083970373,1.0
5.0,28.0,1239.48,1239.48,0.0,754.4399882467068,5281.079917726947,1.0
5.0,29.0,6710.89,6710.89,0.0,897.5671384374534,6282.969969062174,1.0
5.0,30.0,5390.64,5390.64,0.0,735.864743404932,5151.0532038345245,1.0
5.0,31.0,4927.36,4927.36,0.0,615.5007718930987,4308.505403251691,1.0
5.0,32.0,15300.81,15146.784116543498,154.02588345650202,792.4729458962414,6317.4400385562,0.9899334817270131
5.0,33.0,10475.56,10056.929220365208,418.63077963479236,731.5191231346552,7213.787760116548,0.9600373841938005
5.0,34.0,20045.17,19914.461545920047,130.7084540799524,865.272883302703,6710.452453518683,0.9934793042872696
5.0,35.0,3665.8700000000003,3665.8700000000003,0.0,866.9251716186074,6068.476201330252,1.0
5.0,36.0,1585.0,1585.0,0.0,627.1319643236737,4389.923750265716,1.0
5.0,38.0,408341.79,394610.13166938245,13731.658330617553,2259.8725914680545,84477.39979336414,0.9663721454259738
5.0,40.0,145176.41,142495.20916114192,2681.2008388580834,594.7290522119017,17569.10755977373,0.9815314289776274
5.0,41.0,10405.210000000001,10272.223404165676,132.9865958343239,362.58741836097545,3203.044907698448,0.9872192299978256
5.0,42.0,18681.73,18681.73,0.0,946.882327918476,6628.176295429332,1.0
5.0,44.0,10320.61,10320.61,0.0,803.4210740315687,5623.947518220981,1.0
5.0,46.0,30341.07,30341.07,0.0,957.1983192843173,6700.3882349902215,1.0
5.0,49.0,154.97,154.97,0.0,839.323627323973,5035.941763943838,1.0
5.0,52.0,2663.98,2663.98,0.0,817.2984093869012,5721.088865708309,1.0
5.0,54.0,79.60000000000001,79.60000000000001,0.0,1104.3111614423974,4417.24464576959,1.0
5.0,55.0,19236.82,19208.572194296365,28.24780570363646,690.3800116541048,4973.899110096916,0.998531576128298
5.0,56.0,6262.51,5498.99578685672,763.5142131432799,663.9141810729935,8464.970333227355,0.8780817574513605
5.0,58.0,7095.0,5004.480337719675,2090.5196622803246,623.4757825419481,13569.977224111364,0.7053531131387843
5.0,59.0,7.98,7.98,0.0,881.6051866549753,881.6051866549753,1.0
5.0,60.0,1719.0,1719.0,0.0,736.0514893555668,5152.360425488968,1.0
5.0,67.0,19078.91,19078.91,0.0,791.690572449954,5541.834007149678,1.0
5.0,71.0,2235.0,2235.0,0.0,763.1210122790025,5341.847085953017,1.0
5.0,72.0,79553.52,77222.07117129449,2331.448828705503,1313.1722056143983,20849.449582828303,0.9706933291109493
5.0,74.0,20144.03,20144.03,0.0,1070.3872208650853,7492.710546055598,1.0
5.0,79.0,35757.89,35757.89,0.0,872.740685359793,6109.184797518551,1.0
5.0,81.0,20129.82,20129.82,0.0,653.9381528226957,4577.567069758869,1.0
5.0,82.0,28988.83,28772.733721208835,216.09627879116397,744.533259461622,6292.214210187174,0.992545532924538
5.0,85.0,3960.55,3960.55,0.0,933.8686727689302,6537.0807093825115,1.0
5.0,87.0,76343.89,75350.57256660119,993.3174333988136,1179.5824551549954,13223.664353079035,0.9869889072537591
5.0,90.0,22553.89,22553.89,0.0,1010.6327324905134,7074.429127433594,1.0
5.0,91.0,10450.82,10450.82,0.0,885.4833410715956,6198.38338750117,1.0
5.0,92.0,62858.57,62416.54873505357,442.021264946432,735.4713855469737,7358.406023560976,0.9929680031705075
5.0,94.0,864.8800000000001,864.8800000000001,0.0,1698.7932700905542,10192.759620543326,1.0
5.0,95.0,140350.82,140231.53916916356,119.28083083645106,1709.0208109445734,12559.549830794269,0.9991501237339657
5.0,96.0,56145.56,54856.27812487459,1289.2818751254108,366.1563872028716,9009.504086047156,0.9770367972974994
5.0,97.0,4554.37,4554.37,0.0,815.9691999591575,5711.784399714103,1.0
6.0,1.0,160943.36,160943.36,0.0,1917.2147344850944,13420.50314139566,1.0
6.0,2.0,332883.17,332883.17,0.0,1972.4200582869744,13806.94040800882,1.0
6.0,3.0,82365.93000000001,82365.93000000001,0.0,4414.8588776089355,30904.012143262546,1.0
6.0,4.0,221594.25,221594.25,0.0,1606.1318733616306,11242.923113531415,1.0
6.0,5.0,197538.8,192794.7381444999,4744.061855500095,3966.8225446405672,51488.06708998444,0.9759841516932365
6.0,6.0,35206.09,33324.83016084051,1881.259839159493,936.32941026208,15960.605067632025,0.9465643631780897
6.0,7.0,167491.61,164612.98498266155,2878.625017338447,3286.7118990909876,37400.10838032915,0.9828133181277652
6.0,8.0,337389.16,335080.3019750724,2308.8580249275547,867.4588854583625,17616.50232284631,0.9931566917415854
6.0,9.0,342465.71,342386.38688224176,79.32311775822745,2460.3867096144895,17619.322556092564,0.999768376466776
6.0,10.0,311504.23,311504.23,0.0,3275.3453036840533,22927.41712578837,1.0
6.0,11.0,112138.06,112003.32037986527,134.73962013472556,1566.4483077701534,11638.836255064702,0.9987984488037805
6.0,12.0,39408.82,39408.82,0.0,1551.2817848677191,10858.972494074034,1.0
6.0,13.0,253526.15,253526.15,0.0,2460.716920541324,17225.018443789268,1.0
6.0,14.0,146917.77,146917.77,0.0,2240.4073639180065,15682.851547426046,1.0
6.0,16.0,86816.93000000001,86816.93000000001,0.0,3628.5999115306354,25400.199380714446,1.0
6.0,17.0,103997.08,103427.74698808083,569.3330119191633,1448.2649725150156,12984.519867200926,0.9945254904087771
6.0,18.0,103650.02,81960.42723536064,21689.59276463937,0.0,108447.96382319684,0.7907420301063196
6.0,19.0,21648.09,21648.09,0.0,980.0820469408011,6860.574328585608,1.0
6.0,20.0,48983.56,48983.56,0.0,1644.874870833605,11514.124095835235,1.0
6.0,21.0,53185.11,53185.11,0.0,1242.204234469447,8695.42964128613,1.0
6.0,22.0,115042.62,114167.35748026374,875.2625197362577,1342.6613776618735,13774.942242314402,0.9923918412173136
6.0,23.0,178876.38,171767.49388761274,7108.886112387267,1796.8754551259237,48122.5587478178,0.9602581061155908
6.0,24.0,35796.86,34574.24365062469,1222.6163493753093,1827.6548205525833,18906.66549074463,0.9658457096690796
6.0,25.0,77079.19,75952.92931225518,1126.2606877448325,1109.8108802008971,13399.979600130442,0.98538826513687
6.0,26.0,65115.130000000005,60839.25687903279,4275.873120967206,1458.8077531211566,31591.01987668412,0.9343336468656791
6.0,27.0,11010.82,11010.82,0.0,674.0120774157032,4718.084541909922,1.0
6.0,28.0,3942.9700000000003,3942.9700000000003,0.0,763.7372459739228,5346.1607218174595,1.0
6.0,29.0,39328.520000000004,39328.520000000004,0.0,1028.2537980437633,7197.776586306343,1.0
6.0,30.0,27877.71,27643.47450191793,234.23549808206917,964.1046866639372,7919.910297057906,0.9915977496687473
6.0,31.0,20444.92,20444.92,0.0,596.1039877325444,4172.72791412781,1.0
6.0,32.0,54067.28,54067.28,0.0,2140.4116914700585,14982.88184029041,1.0
6.0,33.0,42538.08,40711.53764576322,1826.5423542367753,1242.1932072999148,17828.06422228328,0.9570610061799503
6.0,34.0,107636.0,103967.79617495774,3668.2038250422574,1433.8763868470487,28378.153833140626,0.9659202885183186
6.0,35.0,18226.629999999997,18098.313406959554,128.3165930404457,865.7366747281654,6701.739688299386,0.9929599386699328
6.0,36.0,8318.26,8318.26,0.0,675.7206326876023,4730.044428813217,1.0
6.0,37.0,28768.08,28505.539702675862,262.5402973241389,687.1214624306697,6122.551723635383,0.9908739026961778
6.0,38.0,477590.36,477059.032091406,531.3279085939866,7014.622550477885,51758.99739631513,0.9988874819236427
6.0,40.0,452581.76,452025.6720368042,556.0879631958232,2077.332144091333,17321.764824618447,0.9987712983324918
6.0,41.0,31150.79,28719.304673304694,2431.485326695305,623.4658097386649,16521.68730164718,0.9219446657148885
6.0,42.0,66127.51,66118.99379043117,8.516209568839258,816.9467849222739,5761.208542300114,0.9998712153297648
6.0,44.0,63599.45,63495.12898839783,104.3210116021728,759.3331634018735,5836.937201823979,0.9983597183371529
6.0,46.0,143329.79,143329.79,0.0,2196.951775116268,15378.662425813876,1.0
6.0,47.0,447.0,447.0,0.0,863.4904700042839,1726.9809400085678,1.0
6.0,48.0,25940.0,21566.077077556984,4373.9229224430155,641.3573335695181,26359.115947201703,0.8313830793198529
6.0,49.0,80656.95999999999,78511.95993235,2145.000067650006,1401.738217275506,20537.16785917857,0.9734058899858116
6.0,52.0,29180.07,29180.07,0.0,1147.341711055399,8031.391977387793,1.0
6.0,54.0,348.88,348.88,0.0,795.9092292628727,5571.364604840109,1.0
6.0,55.0,70708.16,70708.16,0.0,1493.578584069264,10455.050088484848,1.0
6.0,56.0,17268.48,16911.5094263188,356.9705736812007,791.4749445980514,7325.177480592363,0.979328199489405
6.0,58.0,29814.0,22972.896908927483,6841.1030910725185,1102.3397158379544,41921.89346622828,0.7705405819053962
6.0,59.0,1521.86,1521.86,0.0,717.0533974262468,5019.373781983727,1.0
6.0,60.0,2106.0,2106.0,0.0,675.2268701308948,4726.588090916263,1.0
6.0,67.0,69047.53,69047.53,0.0,965.722145728485,6760.055020099395,1.0
6.0,71.0,32430.8,32430.8,0.0,1048.2696867638192,7337.887807346735,1.0
6.0,72.0,510652.20999999996,497993.1168979486,12659.093102051396,3696.4753454986994,89170.79292874788,0.9752099514030276
6.0,74.0,133977.19,133058.56178171458,918.6282182854084,1559.339165373791,15508.51524904358,0.9931433983778476
6.0,77.0,0.0,0.0,0.0,1572.3722167506353,1572.3722167506353,
6.0,79.0,160582.0,159463.94552114178,1118.054478858212,1561.6324170130688,16521.69931338254,0.993037485653073
6.0,80.0,95812.15,95673.27683872113,138.87316127887607,874.6023208487815,6816.582052335851,0.9985505683644624
6.0,81.0,99328.11,99328.11,0.0,991.7525611685409,6942.267928179786,1.0
6.0,82.0,125733.76,125602.06035618132,131.69964381866885,1175.2113197976116,8884.977457676625,0.9989525514561985
6.0,83.0,24914.23,24914.23,0.0,647.4841387157878,4532.388971010515,1.0
6.0,85.0,12043.36,12043.36,0.0,992.4064434226249,6946.845103958374,1.0
6.0,87.0,311474.45999999996,310058.3573251996,1416.1026748004078,1697.8240071965608,18965.281424377965,0.9954535512324176
6.0,90.0,363739.44,363704.31897590286,35.12102409716317,1868.7654169390278,13256.96303905901,0.9999034445533398
6.0,91.0,304814.78,303890.48317614046,924.2968238595131,1966.8839850026197,18389.672014315904,0.9969676771452501
6.0,92.0,694672.0,690471.9057121006,4200.09428789941,2306.383010312709,37145.152511686014,0.9939538454293545
6.0,93.0,296254.39,290055.0870704298,6199.3029295702145,1323.62965582178,40261.92223860353,0.9790743930256351
6.0,94.0,285204.45,280263.640449152,4940.80955084804,1319.6760953433861,33941.7804216439,0.982676253645944
6.0,95.0,596542.42,596542.42,0.0,4344.188336645199,30409.318356516393,1.0
6.0,96.0,198844.62,197219.56345086213,1625.0565491378584,1819.575062501595,20862.308183200457,0.9918275055712452
6.0,97.0,140823.15,140239.84205771453,583.3079422854644,886.9733385690639,9125.353081410769,0.9958578689492071
6.0,98.0,72550.97,71591.52508976361,959.4449102363888,354.9988037160666,7282.21617719441,0.9867755743274502
6.0,99.0,505.04,505.04,0.0,702.0248710877386,2106.0746132632157,1.0
7.0,1.0,61855.950000000004,61855.950000000004,0.0,1638.3678963153382,11468.575274207367,1.0
7.0,2.0,146117.54,146117.54,0.0,1689.5151530511228,11826.606071357859,1.0
7.0,3.0,50399.85,50399.85,0.0,1661.6444366608098,11631.511056625668,1.0
7.0,4.0,95372.47,95372.47,0.0,1694.4519038716262,11861.163327101383,1.0
7.0,5.0,75521.97,73795.47482731481,1726.4951726851814,2173.5261771462574,23847.15910344971,0.9771391666201876
7.0,6.0,30614.31,28115.126396061343,2499.183603938657,1376.50868439186,22131.478810436303,0.9183655093340775
7.0,7.0,39487.34,39487.34,0.0,1910.3397153327799,13372.378007329458,1.0
7.0,8.0,100646.88,100328.5146466849,318.3653533150973,771.0101152369288,6988.897573233988,0.9968368085198954
7.0,9.0,237884.88,236273.0591972332,1611.8208027667897,2916.1007888608947,28471.80953586021,0.9932243663289285
7.0,10.0,136858.91,136858.91,0.0,2306.1593134240334,16143.115193968235,1.0
7.0,11.0,87196.18,87196.18,0.0,1902.092591339898,13314.648139379286,1.0
7.0,12.0,29899.11,29899.11,0.0,2048.3770912599894,14338.639638819926,1.0
7.0,13.0,102063.98,101769.08170092679,294.898299073202,1082.0175373544457,9048.61425684713,0.9971106525625083
7.0,14.0,64816.490000000005,64163.97257106622,652.5174289337883,1444.8852933832136,13376.784198351437,0.9899328484320303
7.0,16.0,46576.56,45700.91240563959,875.647594360411,1301.2882133939897,13487.255465559985,0.981199822521019
7.0,17.0,34900.85,34425.30950330426,475.5404966957394,1475.1570203791714,12703.801626132898,0.9863745296548441
7.0,18.0,28424.79,17224.426658652184,11200.363341347818,167.4100160045003,57173.68681877059,0.6059649573014324
7.0,20.0,22837.75,22837.75,0.0,812.1934103305578,5685.3538723139045,1.0
7.0,21.0,11749.35,11749.35,0.0,848.3091475921182,5938.164033144827,1.0
7.0,22.0,47775.42,47725.724097854436,49.695902145564105,1108.8530665205046,8010.450976371353,0.9989598018783391
7.0,23.0,102210.75,100372.07963657544,1838.6703634245641,1128.5772587774095,17093.39262856469,0.9820109884388426
7.0,24.0,15057.24,15057.24,0.0,1130.526480917551,7913.6853664228565,1.0
7.0,25.0,31316.0,31034.91205016294,281.0879498370605,966.7279767027342,8172.535586104442,0.9910241426160091
7.0,26.0,15823.21,15124.607540633364,698.6024593666357,847.8032970131497,9427.635375925227,0.9558495109799696
7.0,27.0,4904.59,4904.59,0.0,784.2396063077974,5489.677244154582,1.0
7.0,28.0,1771.1200000000001,1771.1200000000001,0.0,760.1337181426476,5320.936026998533,1.0
7.0,29.0,9392.49,9392.49,0.0,731.0251767872032,5117.176237510423,1.0
7.0,30.0,6168.4400000000005,6168.4400000000005,0.0,781.2422959278346,5468.696071494842,1.0
7.0,31.0,10506.43,10488.173445623674,18.25655437632645,710.7878378115813,5066.797636562702,0.9982623446426306
7.0,32.0,21744.13,21744.13,0.0,1094.423922274095,7660.967455918666,1.0
7.0,33.0,17196.65,16554.336584998826,642.3134150011729,664.2762808059542,7861.501040647545,0.96264892202835
7.0,34.0,25069.239999999998,25069.239999999998,0.0,1185.1691499771316,8296.184049839921,1.0
7.0,35.0,256.28999999999996,256.28999999999996,0.0,1043.4885865587908,7304.420105911535,1.0
7.0,36.0,10298.880000000001,10254.475373349538,44.40462665046243,852.2140497301937,6187.521481363668,0.9956884023650666
7.0,38.0,206026.48,196822.8095817939,9203.670418206108,4205.448185166367,75456.4893871951,0.9553277305994544
7.0,40.0,191441.68,191441.68,0.0,2372.4912015946975,16607.438411162882,1.0
7.0,41.0,15066.44,14734.779600692931,331.66039930706893,584.1981225531594,5747.68885440746,0.9779868104670334
7.0,42.0,48476.15,48476.15,0.0,1281.3657704953778,8969.560393467644,1.0
7.0,44.0,24336.14,24336.14,0.0,950.2033635763715,6651.4235450346005,1.0
7.0,45.0,53.760000000000005,53.760000000000005,0.0,983.9451530162387,2951.835459048716,1.0
7.0,46.0,82136.07,82136.07,0.0,1113.5621374005802,7794.9349618040615,1.0
7.0,47.0,0.0,0.0,0.0,1123.3363807438752,1123.3363807438752,
7.0,48.0,18326.0,16723.176240417884,1602.8237595821147,739.2996238316966,13189.21616473245,0.9125382647832524
7.0,49.0,193.07,193.07,0.0,861.994219136932,6033.959533958524,1.0
7.0,52.0,6913.07,6913.07,0.0,968.2319319258784,6777.623523481148,1.0
7.0,54.0,203.60000000000002,203.60000000000002,0.0,806.5077560324864,4032.538780162432,1.0
7.0,55.0,31414.269999999997,31414.269999999997,0.0,1542.303375951827,10796.12363166279,1.0
7.0,56.0,8620.6,8620.6,0.0,913.0862582489127,6391.603807742389,1.0
7.0,58.0,12571.97,7188.423308327203,5383.546691672796,1088.9002137350583,33451.13474077433,0.5717817739246278
7.0,59.0,34.120000000000005,34.120000000000005,0.0,1081.2135790841592,6487.281474504955,1.0
7.0,60.0,495.0,495.0,0.0,797.7427108087022,5584.1989756609155,1.0
7.0,67.0,24296.92,24296.92,0.0,971.45820043593,6800.2074030515105,1.0
7.0,71.0,14346.59,14346.59,0.0,935.6405719719615,6549.484003803731,1.0
7.0,72.0,275344.44,270583.21064499125,4761.229355008763,5277.370203773544,60747.738201458626,0.9827080969747973
7.0,74.0,68826.54,68826.54,0.0,1493.5173600342894,10454.621520240025,1.0
7.0,79.0,36118.44,36118.44,0.0,1181.1027157282042,8267.71901009743,1.0
7.0,80.0,3336.81,3336.81,0.0,868.0406376496093,6076.284463547265,1.0
7.0,81.0,43208.34,43208.34,0.0,1019.9371752426594,7139.560226698615,1.0
7.0,82.0,56961.95,56961.95,0.0,1328.01446550453,9296.101258531711,1.0
7.0,83.0,3662.08,3662.08,0.0,922.9146354711501,6460.40244829805,1.0
7.0,85.0,13062.5,13062.5,0.0,1066.1867761631129,7463.30743314179,1.0
7.0,87.0,92054.70999999999,91489.5225873511,565.1874126489092,943.0237030098835,9427.102984313731,0.9938603096718365
7.0,90.0,93155.89,93155.89,0.0,1237.6673392598889,8663.671374819221,1.0
7.0,91.0,66384.5,66384.5,0.0,1137.490057944278,7962.430405609946,1.0
7.0,92.0,178898.3,178898.3,0.0,2240.678492459393,15684.749447215752,1.0
7.0,93.0,11428.94,11428.94,0.0,715.3818865481082,5007.673205836758,1.0
7.0,94.0,12202.08,11540.905643393144,661.1743566068569,348.40883144009575,5744.733603114955,0.9458146187693528
7.0,95.0,221956.16999999998,221956.16999999998,0.0,2363.5050780974793,16544.535546682357,1.0
7.0,96.0,5147.58,5147.58,0.0,774.877781917974,5424.1444734258175,1.0
7.0,97.0,28467.079999999998,28467.079999999998,0.0,957.9723575830631,6705.806503081441,1.0
7.0,98.0,1292.96,1292.96,0.0,891.5786620631197,6241.050634441838,1.0
8.0,1.0,112412.42,111772.97212164025,639.4478783597478,1084.189425824811,10786.565372572417,0.9943115904954297
8.0,2.0,243317.91,243317.91,0.0,1839.7431632070532,12878.202142449372,1.0
8.0,3.0,55039.38,55039.38,0.0,4221.985070624333,29553.895494370336,1.0
8.0,4.0,149407.15,149407.15,0.0,995.5315124286711,6968.720587000698,1.0
8.0,5.0,129872.57999999999,122018.38684855861,7854.193151441374,2742.0320011075664,58465.18976495984,0.939523853676878
8.0,6.0,19537.41,17229.98129494946,2307.428705050541,626.6987083308975,15924.034483568987,0.8818968990746193
8.0,7.0,122396.13,115880.3357634584,6515.794236541604,756.3314580130219,37873.291388799174,0.9467647037815525
8.0,8.0,201115.09,197245.95102678865,3869.1389732113566,515.588189503573,22954.812192581794,0.9807615680493624
8.0,9.0,84179.9,83137.4303945132,1042.4696054868054,1041.8597035543075,12505.36595231418,0.9876161695905222
8.0,10.0,143984.51,140013.6923603011,3970.8176396989074,1647.947689200971,31389.722022901333,0.9724219109423721
8.0,11.0,110578.18,105732.79866051085,4845.38133948916,1453.4581514343404,34401.113757486186,0.9561813972748588
8.0,12.0,52798.86,52531.56472596396,267.295274036037,829.9746694537837,7146.299056356671,0.9949374802024884
8.0,13.0,181855.19,181855.19,0.0,1193.888242418053,8357.217696926371,1.0
8.0,14.0,70062.42,70062.42,0.0,932.4789418754553,6527.352593128187,1.0
8.0,16.0,43884.26,43884.26,0.0,2424.690320514715,16972.832243603007,1.0
8.0,17.0,45088.61,45088.61,0.0,1194.8215031709417,8363.750522196591,1.0
8.0,18.0,56323.98,42302.57780024103,14021.402199758972,93.67732145440297,70762.75224897568,0.7510580360308527
8.0,19.0,3925.62,3925.62,0.0,881.5328757464986,6170.73013022549,1.0
8.0,20.0,22897.69,22897.69,0.0,1019.5811827992305,7137.068279594614,1.0
8.0,21.0,27171.02,27171.02,0.0,1084.2481539591383,7589.737077713968,1.0
8.0,22.0,53878.19,52536.73683030114,1341.4531696988615,1027.0482424892982,13896.603545919395,0.9751021114536538
8.0,23.0,102122.0,98759.27896944844,3362.72103055156,1324.851987399881,26087.569064556967,0.9670715317899027
8.0,24.0,28421.08,27736.39187224016,684.6881277598395,1236.4616352943965,12078.672085859973,0.9759091446292738
8.0,25.0,44371.15,44371.15,0.0,877.9471492097879,6145.630044468515,1.0
8.0,26.0,44920.79,43949.26141035756,971.5285896424357,813.8885241012441,10554.862616920887,0.9783724064148819
8.0,27.0,6215.84,6215.84,0.0,672.1915570378213,4705.340899264749,1.0
8.0,28.0,1952.24,1952.24,0.0,736.4724115664211,5155.306880964948,1.0
8.0,29.0,17290.41,17290.41,0.0,790.3436234214876,5532.405363950413,1.0
8.0,30.0,12129.92,12129.92,0.0,924.5330549822755,6471.731384875929,1.0
8.0,31.0,11371.55,11371.55,0.0,495.41277340332493,3467.8894138232745,1.0
8.0,32.0,28236.49,28236.49,0.0,1109.016106577549,7763.112746042842,1.0
8.0,33.0,39337.06,36991.07054617731,2345.989453822689,783.6665742877855,17215.61328912794,0.9403618507884756
8.0,34.0,51028.86,49591.21415171111,1437.6458482888902,965.3956491352722,13945.998785391355,0.9718268084317602
8.0,35.0,9740.779999999999,9740.779999999999,0.0,818.7093406037282,5730.965384226097,1.0
8.0,36.0,6043.91,6043.91,0.0,583.1608389613863,4082.1258727297036,1.0
8.0,37.0,14844.51,14844.51,0.0,778.7837133069037,5451.485993148326,1.0
8.0,38.0,438073.7,422695.66711726383,15378.032882736166,2677.536137634016,95632.91737711895,0.9648962426122907
8.0,40.0,280067.45,277676.42578133894,2391.024218661063,1134.8573945490093,19899.12285514838,0.9914626843688509
8.0,41.0,14294.15,14214.216818809957,79.93318119004243,628.3060606965028,4797.808330825731,0.9944079794048585
8.0,42.0,35864.85,35864.85,0.0,938.955604098462,6572.689228689234,1.0
8.0,44.0,31252.89,30111.169010463153,1141.7209895368474,707.1885964166713,10658.925122600936,0.9634683067858093
8.0,46.0,119488.73,119040.13598607098,448.5940139290178,791.2127148435341,7781.459073549828,0.9962457211326204
8.0,49.0,14362.609999999999,13066.412912980313,1296.1970870196856,1088.3802078987098,14099.646890389397,0.9097519819155651
8.0,52.0,9333.16,9333.16,0.0,1065.2425251882999,7456.697676318098,1.0
8.0,54.0,343.88,343.88,0.0,779.6477660119459,3898.2388300597295,1.0
8.0,55.0,37929.729999999996,37929.729999999996,0.0,758.6634954974231,5310.644468481962,1.0
8.0,56.0,14124.81,14043.31261254804,81.49738745196055,794.5923102883395,5969.633109278179,0.9942301958432036
8.0,58.0,7530.0,7530.0,0.0,1074.1756867055924,7519.229806939147,1.0
8.0,59.0,1164.49,1164.49,0.0,769.3229383979414,5385.260568785589,1.0
8.0,60.0,1629.0,1629.0,0.0,697.9870612032477,4885.909428422734,1.0
8.0,67.0,35089.29,34831.99850746107,257.29149253893047,501.9049639013218,4799.792210003905,0.9926675207010762
8.0,71.0,10021.5,9785.654291329323,235.84570867067714,980.7100471899521,8044.19887368305,0.9764660271745071
8.0,72.0,264598.87,240722.2466943734,23876.623305626603,4534.39959314332,151123.91368013626,0.9097629430328762
8.0,74.0,57775.7,57065.32196702551,710.3780329744859,1206.9772523711358,12000.730931470382,0.9877045534199589
8.0,79.0,148716.32,148716.32,0.0,1519.7160447888741,10638.012313522118,1.0
8.0,80.0,68721.75,68298.72365642434,423.02634357566603,678.3830259531429,6863.81289955033,0.9938443601396113
8.0,81.0,88849.95999999999,88849.95999999999,0.0,926.7954350263988,6487.568045184791,1.0
8.0,82.0,97162.79,96538.4018991086,624.3881008913995,1126.971373265733,11010.74011731713,0.993573794032763
8.0,83.0,17376.260000000002,17376.260000000002,0.0,711.9268703279403,4983.488092295582,1.0
8.0,85.0,12373.66,12373.66,0.0,823.6816599392898,5765.771619575029,1.0
8.0,87.0,166531.45,166531.45,0.0,1851.4573632564582,12960.201542795206,1.0
8.0,90.0,295095.08,294464.7175184738,630.3624815261792,1238.2061034642622,11819.255131880731,0.9978638665154085
8.0,91.0,226962.33,225889.31850021915,1073.0114997808632,1146.0486418841663,13387.39799209348,0.9952722925439617
8.0,92.0,466936.13,461022.9428182454,5913.187181754605,946.1396217174458,36188.91326079515,0.9873361969617673
8.0,93.0,210752.64,210396.6094121409,356.03058785908433,1127.7482848820878,9674.390933470037,0.9983106708041279
8.0,94.0,180958.21,179820.6195557415,1137.590444258516,988.3651351520031,12606.508167356602,0.9937135184733619
8.0,95.0,439826.16000000003,439367.76995067723,458.3900493227993,1428.7005186845179,12292.853877405621,0.9989577926667145
8.0,97.0,126327.35,126327.35,0.0,832.4942183905187,5827.459528733631,1.0
8.0,98.0,54211.35,52883.94250456099,1327.4074954390098,576.8307375890182,10674.852640318177,0.9755142143584506
8.0,99.0,520.1,520.1,0.0,761.2148341880647,3806.0741709403237,1.0
9.0,1.0,103227.03,98353.57674265068,4873.45325734932,56.10598476935671,24760.008180132096,0.9527889811675361
9.0,2.0,178036.66,177229.43239960953,807.2276003904808,1245.4930190944,12754.589135613205,0.9954659472920326
9.0,3.0,42381.51,42381.51,0.0,2832.941839533879,19830.59287673715,1.0
9.0,4.0,125815.97,125114.8847549754,701.0852450245984,777.7532358646323,8949.698876175418,0.994427692724345
9.0,5.0,132036.55000000002,126834.53034148333,5202.019658516678,2060.8899697553375,40436.32808087075,0.9606016693217394
9.0,6.0,15461.099999999999,14200.229529079807,1260.870470920192,665.1981094332978,10960.739120634044,0.9184488509277999
9.0,7.0,89244.14,81936.06887507414,7308.0711249258675,1013.6425846116438,43635.853716910846,0.9181114734824509
9.0,8.0,173153.63,166333.2141105343,6820.4158894657085,98.65965383884395,34792.697024200446,0.9606106098412969
9.0,9.0,107335.17,100830.74576533595,6504.42423466406,594.405979450495,36682.963029473765,0.9394008111724791
9.0,10.0,99180.57,97146.96683684681,2033.6031631531896,824.1247797504246,15936.88927401892,0.9794959520483377
9.0,11.0,96536.23,92116.06833788277,4420.161662117236,862.7372570413445,28139.969109875594,0.9542124064497108
9.0,12.0,46406.45,45460.65172764438,945.7982723556206,916.4378643687388,11144.056412359274,0.9796192496440556
9.0,13.0,163746.66,162650.30561241618,1096.3543875838295,1052.9510821118845,12852.42951270234,0.9933045694636836
9.0,14.0,51994.57,51793.49255334382,201.07744665617793,731.4703617286747,6125.679765381612,0.9961327221927948
9.0,16.0,29584.95,29584.95,0.0,1618.4752024576571,11329.3264172036,1.0
9.0,17.0,36443.88,36443.88,0.0,976.4309886860691,6835.016920802484,1.0
9.0,18.0,30338.45,24250.28704445462,6088.162955545379,378.65221166418166,33091.380259376165,0.799325181228923
9.0,19.0,11524.29,11524.29,0.0,494.11198964938313,3458.7839275456818,1.0
9.0,20.0,17986.2,17986.2,0.0,786.4232603393475,5504.962822375433,1.0
9.0,21.0,24543.68,24543.68,0.0,674.5710978430434,4721.997684901304,1.0
9.0,22.0,42940.17,40717.64387683127,2222.5261231687246,373.42611899101615,13726.613448780736,0.9482413291990058
9.0,23.0,93823.58,83987.93978154843,9835.640218451581,931.0170040755695,55695.32012078689,0.8951687814678189
9.0,24.0,22130.84,21059.775655342048,1071.0643446579506,565.1300356719607,9311.231972993479,0.9516030867035344
9.0,25.0,33662.29,33502.09296370025,160.19703629975356,765.3415989559084,6158.376374190127,0.9952410535260746
9.0,26.0,36308.3,33646.64542442533,2661.654575574664,755.7781903117342,18598.720210055457,0.9266929441594712
9.0,27.0,5178.1,5178.1,0.0,665.4036940225614,4657.825858157929,1.0
9.0,28.0,1862.2,1862.2,0.0,682.2586821264231,4775.810774884962,1.0
9.0,29.0,13201.38,13201.38,0.0,726.7435620474573,5087.204934332201,1.0
9.0,30.0,10005.42,10005.42,0.0,755.3257989065484,5287.280592345838,1.0
9.0,31.0,8800.369999999999,8064.311357361505,736.0586426384953,655.5186860792165,8268.924015746992,0.916360489088698
9.0,32.0,24796.68,24237.09614670644,559.5838532935595,787.0080585482574,8306.9756763056,0.9774331138969589
9.0,33.0,21479.71,20515.5055676406,964.2044323593987,570.8190216267137,8816.755313183989,0.9551109194509889
9.0,34.0,39748.659999999996,38836.09107595387,912.5689240461288,459.94049442182626,7782.428081183428,0.9770415172726293
9.0,35.0,6204.29,6204.29,0.0,832.1481400015937,5825.036980011156,1.0
9.0,36.0,4834.37,4777.414575318175,56.95542468182566,565.7694841961181,4245.163512781955,0.988218645928668
9.0,38.0,475012.08999999997,468264.2082305086,6747.881769491374,5790.225327828913,74270.98614225927,0.9857942946894439
9.0,40.0,216325.27000000002,213674.78806292053,2650.4819370794794,451.84175791638546,16415.301990812095,0.9877477007791116
9.0,41.0,12570.57,12445.75682615892,124.81317384107979,503.67232276847943,4149.772128584755,0.9900710012480676
9.0,42.0,23123.87,23123.87,0.0,880.7160256073505,6165.012179251454,1.0
9.0,44.0,31047.51,30257.946865289014,789.5631347109857,717.0861399574673,8967.4186532572,0.9745691962186023
9.0,46.0,46819.9,46819.9,0.0,937.2148605160909,6560.504023612636,1.0
9.0,48.0,7766.0,7112.368285234425,653.631714765575,863.0737067452417,9309.674521044566,0.915834185582594
9.0,49.0,227.82,227.82,0.0,975.4385645633621,6828.069951943535,1.0
9.0,52.0,12152.56,12152.56,0.0,821.0216419639457,5747.15149374762,1.0
9.0,54.0,92.52,92.52,0.0,853.6783794201423,2561.0351382604267,1.0
9.0,55.0,48382.93,48382.93,0.0,1130.6537148686516,7914.576004080561,1.0
9.0,56.0,6876.91,6876.91,0.0,689.5734140327779,4827.013898229446,1.0
9.0,59.0,42.28,42.28,0.0,801.6993692354228,2405.0981077062684,1.0
9.0,60.0,648.0,648.0,0.0,730.7378103893287,5115.164672725301,1.0
9.0,67.0,22546.63,22546.63,0.0,637.6505879697359,4463.554115788151,1.0
9.0,71.0,7065.34,7065.34,0.0,956.5589196652857,6695.912437657,1.0
9.0,72.0,210235.65,201517.8809669338,8717.769033066208,3378.903617958239,67241.17049103872,0.9585333456382579
9.0,74.0,50185.15,50185.15,0.0,746.6727466280321,5226.709226396225,1.0
9.0,79.0,91900.57,91533.97280598928,366.59719401072107,566.1076639582425,5795.739617761303,0.996010936667632
9.0,80.0,1.88,1.88,0.0,1071.5685855103834,1071.5685855103834,1.0
9.0,81.0,18020.81,18020.81,0.0,718.4959003717793,5029.471302602455,1.0
9.0,82.0,72198.03,71438.08093160762,759.9490683923777,646.8325954047897,8327.573509795417,0.9894741024319863
9.0,85.0,5028.26,5028.26,0.0,841.4633928747519,5890.243750123263,1.0
9.0,87.0,107842.44,107842.44,0.0,2319.951238696497,16239.658670875478,1.0
9.0,90.0,21809.29,21809.29,0.0,1113.1991650525945,7792.394155368162,1.0
9.0,91.0,6419.81,6419.81,0.0,815.8340983545964,5710.838688482175,1.0
9.0,92.0,134181.13,134105.43832377385,75.6916762261535,459.7396656396013,3596.6360406079766,0.9994358992488277
9.0,94.0,429.78,429.78,0.0,2820.1575384424023,14100.78769221201,1.0
9.0,95.0,234780.19,234239.67566052685,540.5143394731494,1229.5895935098608,11309.698851934772,0.9976977855777647
9.0,96.0,26819.1,26163.70113098511,655.398869014889,799.3118140538849,8872.17704345164,0.9755622347873386
10.0,1.0,272255.39,272255.39,0.0,3694.4390683180113,25861.07347822608,1.0
10.0,2.0,716053.8,716053.8,0.0,3142.0177761080768,21994.124432756536,1.0
10.0,3.0,142569.94,142569.94,0.0,5155.3488903146645,36087.44223220265,1.0
10.0,4.0,315549.35000000003,315549.35000000003,0.0,2579.1589667368776,18054.11276715814,1.0
10.0,5.0,351555.76,327295.23322885594,24260.52677114407,6636.394798889851,167757.3974479493,0.9309909563958102
10.0,6.0,48385.16,46892.49551800467,1492.6644819953299,1172.6335191276692,15671.757043870333,0.9691503658974087
10.0,7.0,352943.58,347119.5188558438,5824.061144156207,2763.4369132461693,48464.36411350422,0.9834986057993853
10.0,8.0,600828.06,596466.3728315723,4361.687168427641,953.4369717859497,28482.494644639854,0.9927405401664701
10.0,9.0,412349.94,403958.62196384236,8391.31803615763,3981.359727486073,69826.10827319066,0.9796500078642969
10.0,10.0,327468.20999999996,326098.8780115205,1369.3319884794982,2239.2335850214085,22521.295037547352,0.995818427723169
10.0,11.0,176596.46,176596.46,0.0,2043.0130264568688,14301.091185198082,1.0
10.0,12.0,60727.14,60727.14,0.0,951.0518061360998,6657.3626429526985,1.0
10.0,13.0,425235.9,423957.57489408756,1278.3251059124086,2555.406709913633,24279.472498957475,0.9969938448143432
10.0,14.0,238275.91,236347.15054535342,1928.7594546465916,2938.0865618792036,30210.403206387382,0.9919053526869477
10.0,16.0,114902.26000000001,113946.16628513708,956.0937148629218,3016.145263097748,25893.485415998846,0.9916790695425579
10.0,17.0,171907.21,171907.21,0.0,1844.304617726704,12910.132324086928,1.0
10.0,18.0,104682.41,84019.59422403623,20662.815775963758,695.160128938094,108180.19978238543,0.8026142522324069
10.0,19.0,20852.28,20852.28,0.0,829.9203538021181,5809.442476614827,1.0
10.0,20.0,97563.5,96870.73934547753,692.760654522468,850.5256423006158,9417.48276871665,0.9928993870195055
10.0,21.0,57778.7,57778.7,0.0,1212.9496699591034,8490.647689713724,1.0
10.0,22.0,157070.36,157070.36,0.0,1787.1775206753425,12510.242644727397,1.0
10.0,23.0,386199.48,384959.2212454573,1240.2587545426868,2750.7446197980544,25456.506111299816,0.9967885540536132
10.0,24.0,81070.98,79253.38404022693,1817.595959773069,1555.42571911724,19975.959832686025,0.9775801901028819
10.0,25.0,129610.61,128703.8723067765,906.7376932235165,869.9643257107958,10623.438746093154,0.9930041399139815
10.0,26.0,116223.62,113669.7039883481,2553.916011651894,834.8379692750126,18613.44584318456,0.9780258435277451
10.0,27.0,26110.91,26110.91,0.0,618.8421281777183,4331.8948972440285,1.0
10.0,28.0,7416.889999999999,7416.889999999999,0.0,858.4138470434158,6008.896929303911,1.0
10.0,29.0,96822.09,96746.55383853255,75.5361614674548,1091.9702465629914,8021.4725332782145,0.9992198457865612
10.0,30.0,60650.16,60650.16,0.0,1263.7197421003018,8846.038194702112,1.0
10.0,31.0,29335.99,29335.99,0.0,924.7863209973931,6473.504246981752,1.0
10.0,32.0,122203.99,117606.28929030588,4597.700709694116,1479.4173576263063,33344.42505185473,0.9623768363889418
10.0,33.0,78624.01,76117.48221027793,2506.527789722075,1359.6936256777597,22050.494328354693,0.9681200718492727
10.0,34.0,250558.03,247198.92065549997,3359.109344500037,1698.8209329605572,28687.293253224085,0.9865934875665329
10.0,35.0,45698.25,45698.25,0.0,1420.8763006114548,9946.134104280183,1.0
10.0,36.0,4722.34,4722.34,0.0,942.9611424442836,6600.727997109985,1.0
10.0,37.0,27782.23,27782.23,0.0,695.8950834933568,4871.2655844534975,1.0
10.0,38.0,602722.26,581602.7470761723,21119.512923827686,2645.0489870936913,124112.90752879427,0.9649597927180792
10.0,40.0,667836.3,667836.3,0.0,2912.9670639697247,20390.769447788072,1.0
10.0,41.0,131433.03,124518.87880371015,6914.151196289849,863.1898508317861,40613.08493727175,0.9473941124518711
10.0,42.0,82543.67,82316.24866714352,227.4213328564765,860.1756988030564,7158.3365559037775,0.9972448361836046
10.0,44.0,67651.61,66957.6064786589,694.0035213411084,532.7588946613242,7199.3298693348115,0.9897415076841319
10.0,45.0,10.47,10.47,0.0,1085.9028541324394,1085.9028541324394,1.0
10.0,46.0,324544.3,324544.3,0.0,2883.1106203727854,20181.774342609497,1.0
10.0,47.0,55.0,55.0,0.0,1043.4607648083834,2086.9215296167667,1.0
10.0,48.0,28516.0,22259.87273825516,6256.127261744841,774.3555551144933,36701.12519452566,0.7806099291013873
10.0,49.0,139106.13,133051.68326548496,6054.446734515059,1543.0604708776575,41073.6569687189,0.9564760608715442
10.0,50.0,30647.98,29930.73697697765,717.2430230223526,604.6928799664316,7819.065274876784,0.9765973802181301
10.0,52.0,30173.37,30173.37,0.0,1105.8329916548207,7740.830941583746,1.0
10.0,54.0,324.8,324.8,0.0,731.5272163502835,4389.163298101701,1.0
10.0,55.0,101552.18,98821.83935117148,2730.3406488285236,1963.3693006062542,27395.2883483864,0.9731139139619799
10.0,56.0,7183.349999999999,7183.349999999999,0.0,563.3944279894521,3943.760995926165,1.0
10.0,58.0,35055.0,27748.508862984487,7306.491137015512,1267.017747763712,45401.579919423544,0.791570642218927
10.0,59.0,1831.65,1831.65,0.0,828.453478501429,5799.174349510003,1.0
10.0,60.0,3411.0,3411.0,0.0,711.0945997923301,4977.662198546311,1.0
10.0,67.0,78518.73,78518.73,0.0,943.1447368994369,6602.0131582960585,1.0
10.0,71.0,88530.67,88530.67,0.0,1877.684308024064,13143.790156168448,1.0
10.0,72.0,818570.74,783706.1172953623,34864.62270463769,8618.202044349844,234650.52783363734,0.9574079294544077
10.0,74.0,241595.39,239506.68963252695,2088.700367473073,3737.5020663870405,36606.01630207465,0.9913545520571685
10.0,79.0,236620.83,236620.83,0.0,4005.6559780524135,28039.591846366893,1.0
10.0,80.0,1569.44,1569.44,0.0,1013.1952875582795,7092.367012907956,1.0
10.0,81.0,69912.33,69912.33,0.0,853.8889552050916,5977.222686435642,1.0
10.0,82.0,150541.17,149653.93647936155,887.2335206384632,1056.4865412870115,11831.573392201397,0.9941063728902967
10.0,83.0,1588.24,1588.24,0.0,647.6331748504383,4533.432223953068,1.0
10.0,85.0,18834.44,18495.012470111113,339.42752988888833,621.3203727624558,6046.380258781632,0.9819783582687414
10.0,87.0,201470.1,198820.7261177582,2649.373882241791,1461.7178817518272,23478.894583471745,0.9868497911985857
10.0,90.0,99611.28,99611.28,0.0,788.6210318306892,5520.347222814824,1.0
10.0,91.0,83062.6,83018.17941470994,44.42058529005044,962.4028324352506,6958.922753497007,0.9994652155688594
10.0,92.0,365644.94,362624.3409082102,3020.5990917898234,1782.0726104361497,27577.503732002166,0.9917389829275641
10.0,93.0,7830.66,7830.66,0.0,764.4569480178717,5351.198636125102,1.0
10.0,94.0,1743.27,1743.27,0.0,1682.7319647742825,10096.391788645695,1.0
10.0,95.0,476735.9,476735.9,0.0,2580.5106398700404,18063.574479090283,1.0
10.0,96.0,97128.67,94819.31540061418,2309.3545993858133,349.78773770345106,13995.287160853224,0.9762237596851083
10.0,97.0,33915.49,33915.49,0.0,821.3922911138774,5749.746037797142,1.0
10.0,98.0,2427.44,2427.44,0.0,732.0344451771349,3660.1722258856744,1.0
11.0,1.0,141845.64,141118.195205678,727.4447943220075,1397.933358379911,13422.757480269414,0.9948715745205703
11.0,2.0,371280.81,371280.81,0.0,3515.545904843042,24608.821333901295,1.0
11.0,3.0,86351.43000000001,86351.43000000001,0.0,4699.558612513298,32896.910287593084,1.0
11.0,4.0,193890.5,193890.5,0.0,2123.5518171180292,14864.862719826204,1.0
11.0,5.0,263946.8,253142.04605029285,10804.753949707148,2742.718723532539,73222.80081326352,0.9590646526129237
11.0,6.0,22525.53,21209.639679445347,1315.8903205546521,1197.3677616581151,14961.025934380066,0.941582270403642
11.0,7.0,231610.48,212414.48880888053,19195.99119111947,3891.2687015024035,123218.83686611417,0.9171195051660898
11.0,8.0,242642.65000000002,241882.98125934234,759.6687406576748,1417.8426831093946,13723.242485054136,0.9968691870919738
11.0,9.0,111336.38,111336.38,0.0,1679.1507259517093,11754.055081661965,1.0
11.0,10.0,164099.68,164099.68,0.0,2066.270126174365,14463.890883220556,1.0
11.0,11.0,93514.16,93514.16,0.0,1933.444548360943,13534.1118385266,1.0
11.0,12.0,28233.71,28233.71,0.0,1018.0751488334237,7126.526041833966,1.0
11.0,13.0,291218.47,290355.08356342977,863.3864365702393,2747.190528155285,23547.26587993819,0.9970352620952572
11.0,14.0,155191.28,153510.890877683,1680.3891223169849,1682.2188603130303,20177.477633776136,0.989172142131201
11.0,16.0,52641.18,51205.296859740134,1435.8831402598626,2574.5875873209197,25201.528812545752,0.9727231961696173
11.0,17.0,84569.48,84569.48,0.0,1833.1587341553998,12832.111139087798,1.0
11.0,18.0,105022.61,97170.27070825221,7852.339291747789,1628.4634057500355,50660.94029898919,0.9252319163297523
11.0,19.0,11985.25,11985.25,0.0,997.2917972342767,6981.042580639937,1.0
11.0,20.0,58541.17,58541.17,0.0,1219.3318042167796,8535.322629517457,1.0
11.0,21.0,46399.25,46399.25,0.0,1466.9663023854555,10268.764116698188,1.0
11.0,22.0,101308.43,101122.99997844218,185.4300215578187,1757.8112273397408,13231.82869916728,0.9981696486505831
11.0,23.0,210368.17,207215.83664500146,3152.333354998551,2451.9611706064493,32925.394969237896,0.9850151600643835
11.0,24.0,51494.94,51221.13593333192,273.80406666807903,1675.8353973648393,13099.86811489427,0.9946828937626089
11.0,25.0,71320.55,71320.55,0.0,1354.8376667679645,9483.863667375752,1.0
11.0,26.0,76593.65,73840.59037891885,2753.059621081151,1466.7322886462957,24032.424125929825,0.9640562942087085
11.0,27.0,15201.900000000001,15201.900000000001,0.0,717.798758185675,5024.591307299725,1.0
11.0,28.0,6399.1,6399.1,0.0,699.0565996688945,4893.396197682261,1.0
11.0,29.0,52537.25,52537.25,0.0,1325.7712188149198,9280.398531704439,1.0
11.0,30.0,33137.27,33137.27,0.0,1545.7805070827574,10820.4635495793,1.0
11.0,31.0,15507.73,15507.73,0.0,1001.2148801090881,7008.504160763617,1.0
11.0,32.0,58234.1,57146.81700197419,1087.282998025812,1409.552233026837,15303.280621316919,0.9813291010245576
11.0,33.0,46097.729999999996,46097.729999999996,0.0,1574.5484287966497,11021.839001576547,1.0
11.0,34.0,122200.59,122200.59,0.0,1688.1315575692765,11816.920902984935,1.0
11.0,35.0,23532.67,23336.767849562846,195.9021504371526,770.0469079145734,6369.839107587777,0.9916753113676794
11.0,36.0,4155.4,4155.4,0.0,966.0569940309048,6762.398958216333,1.0
11.0,37.0,27501.16,27501.16,0.0,909.2960356856089,6365.072249799262,1.0
11.0,38.0,461633.23,457584.3981877566,4048.831812243385,7407.544757467486,72096.97236348933,0.9912293319693571
11.0,40.0,375331.41,374764.2138587297,567.1961412703167,2374.4981333483665,19457.46763979015,0.998488812483692
11.0,41.0,11197.65,11197.65,0.0,735.3192472667223,5147.234730867056,1.0
11.0,42.0,43177.07,43177.07,0.0,1179.420991858414,8255.946943008898,1.0
11.0,44.0,50429.08,49643.06778755382,786.012212446185,535.2819390347983,7677.0346354745125,0.9844135127500604
11.0,46.0,169947.57,169947.57,0.0,2182.0445299264006,15274.311709484806,1.0
11.0,47.0,85.0,85.0,0.0,774.9264319035061,774.9264319035061,1.0
11.0,49.0,62232.03,59606.63232511477,2625.3976748852274,704.3150600356392,18057.19379467561,0.9578127585604193
11.0,52.0,21796.94,21796.94,0.0,926.0201254143143,6482.1408779002,1.0
11.0,54.0,359.16,359.16,0.0,907.1547725285105,5442.928635171063,1.0
11.0,55.0,65061.85,63623.07558825528,1438.7744117447273,1598.0184638706055,18380.001305817874,0.9778860513227841
11.0,56.0,9959.88,9893.067546965727,66.81245303427295,622.5772545203428,4692.103046813764,0.9932918415649313
11.0,58.0,14290.0,13808.124828783566,481.8751712164335,800.7013490956043,8014.285299751398,0.9662788543585421
11.0,59.0,2256.0699999999997,2256.0699999999997,0.0,712.8061485368526,4989.643039757968,1.0
11.0,60.0,1467.0,1467.0,0.0,655.6283714666234,4589.398600266364,1.0
11.0,67.0,61554.54,61554.54,0.0,730.4238638660069,5112.967047062048,1.0
11.0,71.0,69426.51999999999,69212.28389485113,214.23610514886786,1052.961827014519,8441.913314845973,0.9969142036047773
11.0,72.0,540912.47,488232.39470719727,52680.07529280275,6039.719266375834,305678.4113286446,0.9026088725726683
11.0,74.0,138288.96,137728.65545814397,560.3045418560287,2686.6953053020598,21608.389846394562,0.9959483060552626
11.0,79.0,208119.57,207553.33648928284,566.233510717153,2416.999664008104,19750.165201642492,0.9972792875234311
11.0,80.0,96375.31,96375.31,0.0,697.4329771792228,4882.03084025456,1.0
11.0,81.0,87358.8,87358.8,0.0,1038.3769416394705,7268.638591476294,1.0
11.0,82.0,150506.35,149229.95801887073,1276.3919811292835,1653.522143100535,17956.614907350162,0.9915193479801399
11.0,83.0,22313.65,22313.65,0.0,530.8123464930225,3715.686425451157,1.0
11.0,85.0,11228.52,10994.973009335621,233.5469906643798,491.8672228312874,4610.805513140911,0.9792005544217421
11.0,87.0,116869.31,114921.29753885706,1948.0124611429274,1255.209452025802,18526.528469895253,0.9833317022138409
11.0,90.0,336892.23,336823.1249724042,69.10502759579686,2870.598526238914,20439.71482165138,0.9997948749735316
11.0,91.0,286583.42,285367.5248463473,1215.895153652702,2333.568722222889,22414.456823823733,0.9957572732098294
11.0,92.0,562730.03,556408.5906744141,6321.439325585918,2717.399462748487,50628.992867169,0.9887664795042377
11.0,93.0,227095.24,226075.31782645744,1019.9221735425745,2031.6285325149454,19321.01059531749,0.9955088350881218
11.0,94.0,266210.48,264420.7999876423,1789.6800123576686,1036.52289223274,16204.060307417523,0.9932771992584302
11.0,95.0,518129.33,518129.33,0.0,4757.356738613258,33301.49717029281,1.0
11.0,96.0,144762.91,144079.87689359256,683.0331064074271,1089.7785208270604,11043.61517782656,0.9952817119633237
11.0,97.0,116995.59,115849.69088849629,1145.8991115037097,1051.9985414535859,13093.48534769365,0.9902056213272338
11.0,98.0,64016.35,62420.868711559684,1595.4812884403127,625.0487596012515,12352.747759410324,0.9750769719229492
11.0,99.0,770.12,770.12,0.0,756.3497535883182,3781.748767941591,1.0
12.0,1.0,120585.4,119712.84937602836,872.5506239716415,875.6193426777775,10492.08851860265,0.9927640442045916
12.0,2.0,514210.5,513999.7052250247,210.79477497526386,2049.9689030177315,15403.756196000439,0.9995900613173491
12.0,3.0,89116.05,89116.05,0.0,2039.2065573076065,14274.445901153245,1.0
12.0,4.0,178822.34,176438.1316113934,2384.2083886066102,995.9952415731204,18893.008634044894,0.9866671670407254
12.0,5.0,166201.41,156008.0597029404,10193.350297059606,2213.1904949341542,66459.08494983711,0.9386686894108804
12.0,6.0,27322.510000000002,27322.510000000002,0.0,1258.5436449348358,8809.80551454385,1.0
12.0,7.0,204444.03,195335.61648910286,9108.413510897135,1683.7031248496096,57327.98942843294,0.9554478870774699
12.0,8.0,286627.8,283263.2211150519,3364.5788849481105,902.5195173861721,23140.531046443757,0.9882615053914934
12.0,9.0,112332.13,109387.34840176301,2944.7815982369866,705.5630155470232,19662.849100014093,0.9737850461997205
12.0,10.0,114754.43,113710.25329650911,1044.1767034908917,1266.5524357683466,14086.750567832885,0.9909007721663479
12.0,11.0,97790.1,97587.27048168945,202.8295183105438,1128.9342948649269,8916.687655607207,0.997925868586794
12.0,12.0,31648.21,31581.103911951242,67.10608804875756,940.5706947499257,6919.5253034932675,0.9978796245333067
12.0,13.0,320099.14,319437.0340725981,662.105927401928,910.5800279772791,9684.589832850594,0.9979315598054967
12.0,14.0,117490.75,116057.59761278608,1433.1523872139187,1420.5765343162675,17109.797676283466,0.9878019981384584
12.0,16.0,32842.22,32842.22,0.0,1631.0334942364382,11417.234459655067,1.0
12.0,17.0,77411.3,76114.45617136873,1296.8438286312758,813.3823683348977,12177.895721500663,0.9832473575740069
12.0,18.0,98346.83,79825.50879583026,18521.321204169733,761.3347959472342,97935.94959247932,0.8116734295943271
12.0,19.0,19210.52,19210.52,0.0,1101.942441748515,7713.5970922396045,1.0
12.0,20.0,40358.43,39825.60176369685,532.8282363031467,682.2912091247841,7440.179645389222,0.98679759752044
12.0,21.0,26521.96,26521.96,0.0,847.30723345582,5931.15063419074,1.0
12.0,22.0,61293.91,61293.91,0.0,1357.2948000763245,9501.063600534271,1.0
12.0,23.0,228654.88,225997.12030738825,2657.759692611762,1913.2099831104101,26681.268344831682,0.9883765450682191
12.0,24.0,64986.740000000005,63180.53026081038,1806.2097391896204,1200.091790125593,17431.691226827254,0.9722064879821696
12.0,25.0,127163.29000000001,127163.29000000001,0.0,769.0095625037751,5383.066937526426,1.0
12.0,26.0,107586.58,96811.48104006183,10775.098959938174,827.8118233566796,59670.17756318762,0.8998471839151484
12.0,27.0,13327.41,12734.686631704953,592.7233682950464,603.0545544971147,7184.998722955035,0.9555259897988396
12.0,28.0,4876.43,4876.43,0.0,822.2031901568034,5755.422331097624,1.0
12.0,29.0,42147.659999999996,42137.745910670084,9.91408932991635,1123.1448955345927,7911.58471539173,0.9997647772301022
12.0,30.0,32541.92,31380.297443625834,1161.6225563741664,961.8667794243081,12541.180237840988,0.9643038100894427
12.0,31.0,18694.51,18369.058392315248,325.45160768475125,759.9598745288698,6946.977160125845,0.9825910597450936
12.0,32.0,51186.020000000004,50996.007878424236,190.012121575759,1013.7270322439415,8046.149833586385,0.9962878121491812
12.0,33.0,60315.61,60046.59588174066,269.0141182593434,1523.7416427608966,12011.262090622993,0.9955398922723431
12.0,34.0,132108.86,130555.27388022043,1553.5861197795784,1666.2199252543082,19431.47007567805,0.9882401065319952
12.0,35.0,14425.49,14425.49,0.0,1005.0325133998961,7035.227593799273,1.0
12.0,36.0,7762.96,7072.358100670284,690.6018993297159,658.1799810070871,8060.269363698189,0.9110388435172002
12.0,38.0,414478.06,372559.4107229798,41918.64927702021,5266.728354063203,246460.34486354346,0.8988640091660818
12.0,40.0,344177.22,342436.11372103845,1741.1062789615753,1260.006877360327,17525.579536330166,0.9949412506761444
12.0,41.0,11340.23,10909.600732636967,430.6292673630319,452.9012304590155,5323.454950028268,0.9620264079861668
12.0,42.0,47629.25,47564.44113729983,64.80886270017527,557.6562877224826,4227.638327558255,0.9986393054121119
12.0,44.0,55817.56,54555.365626283194,1262.1943737168076,269.77586525158614,8199.40292534514,0.9773871453048681
12.0,46.0,224324.59,223881.56686764632,443.02313235367546,430.5063812637579,5228.660330614683,0.9980250799417323
12.0,49.0,0.0,0.0,0.0,1053.1312062576258,1053.1312062576258,
12.0,52.0,21695.02,21695.02,0.0,1056.892034464136,7398.244241248952,1.0
12.0,54.0,245.12,245.12,0.0,774.7585072760601,5423.30955093242,1.0
12.0,55.0,66188.76000000001,64332.58186526489,1856.1781347351189,1557.8249606680433,20185.6653983519,0.9719562938671895
12.0,56.0,641.45,641.45,0.0,867.5140414283144,6072.598289998201,1.0
12.0,58.0,25435.0,23277.013562051226,2157.9864379487726,852.5041421219536,16757.461184597538,0.9151568139198438
12.0,59.0,1641.51,1641.51,0.0,837.7760302110468,5864.432211477328,1.0
12.0,60.0,2358.0,2358.0,0.0,724.3098930848909,5070.169251594236,1.0
12.0,67.0,39118.07,38988.33384206996,129.7361579300432,666.0170556698567,5310.800179339213,0.9966834724225904
12.0,71.0,48057.19,47659.14176581797,398.0482341820316,701.3272556869346,6899.5319607187,0.9917171970691163
12.0,72.0,340132.37,328867.38459260575,11264.98540739427,3704.268488139421,82254.8064539473,0.9668805841461245
12.0,74.0,104124.69,103806.71186872321,317.9781312767991,1674.5776648976068,13311.934310667244,0.9969461793233019
12.0,79.0,288396.24,286885.4336793019,1510.806320698095,1599.325833710396,18749.312439463247,0.9947613522260272
12.0,80.0,915.6,915.6,0.0,657.558331285744,4602.9083190002075,1.0
12.0,81.0,47436.81,47436.81,0.0,1026.3925866452644,7184.748106516851,1.0
12.0,82.0,106491.18,104534.93289634505,1956.2471036549523,759.740470754689,15099.418813557584,0.9816299612451008
12.0,83.0,1819.02,1819.02,0.0,593.7279986093963,4156.095990265774,1.0
12.0,85.0,10582.15,10582.15,0.0,1016.705479763852,7116.938358346964,1.0
12.0,87.0,90515.83,88731.92041781328,1783.9095821867195,1041.6346940291137,16210.990769137394,0.9802917392218938
12.0,90.0,79782.32,79782.32,0.0,927.5578042613482,6492.904629829438,1.0
12.0,91.0,43999.82,43999.82,0.0,846.1022672579865,5922.715870805905,1.0
12.0,92.0,172704.71,171774.99346093804,929.7165390619703,1387.3421399916256,14359.97767525123,0.9946167273662545
12.0,93.0,4109.5,4109.5,0.0,701.1595928021413,4908.117149614989,1.0
12.0,94.0,1369.38,1369.38,0.0,649.766594850274,3898.599569101644,1.0
12.0,95.0,280745.43,279693.95388066035,1051.4761193396334,1668.7118112790392,16938.36327565144,0.9962546990726096
12.0,96.0,3.0,3.0,0.0,872.611483337801,2617.834450013403,1.0
12.0,97.0,16343.189999999999,16343.189999999999,0.0,672.3654712448912,4706.558298714238,1.0
12.0,98.0,3602.5,3602.5,0.0,877.0462394510105,6139.323676157073,1.0
12.0,99.0,29.88,29.88,0.0,1081.5993602752374,1081.5993602752374,1.0
13.0,1.0,336270.2,336270.2,0.0,3962.3016285320346,27736.111399724243,1.0
13.0,2.0,531852.26,531852.26,0.0,3721.9753594873764,26053.827516411635,1.0
13.0,3.0,146483.72,146483.72,0.0,16027.306988737188,112191.14892116032,1.0
13.0,4.0,307418.39,307418.39,0.0,1397.6842658870924,9783.789861209647,1.0
13.0,5.0,355870.54,334324.6488428847,21545.891157115315,12266.367709738846,193594.0297537485,0.9394558168340787
13.0,6.0,38493.75,34997.57999849587,3496.1700015041306,465.45624439517667,20739.04371828689,0.9091756453579054
13.0,7.0,298618.16,298618.16,0.0,4394.071662946709,30758.501640626964,1.0
13.0,8.0,261887.66,260365.1691330622,1522.4908669377983,659.7742500659713,12230.87408515079,0.994186473440796
13.0,9.0,237329.07,227198.93299137257,10130.137008627426,2857.251265683437,70651.4439029212,0.9573160716947677
13.0,10.0,225888.55,215997.01351572678,9891.536484273223,1186.0460511614199,57760.004779496056,0.9562105450485506
13.0,11.0,142573.07,138641.72111697946,3931.348883020546,922.7575293924201,26116.04712084967,0.9724257260994622
13.0,12.0,58836.57,58836.57,0.0,1177.3909550281528,8241.73668519707,1.0
13.0,13.0,351143.68,350216.1549916054,927.5250083946084,2642.2555463639324,23133.41386652057,0.9973585598681582
13.0,14.0,171110.59,166445.65137870636,4664.938621293648,1972.0125910678216,37128.78124394299,0.9727372886663903
13.0,16.0,58524.619999999995,58524.619999999995,0.0,1990.2890015084802,13932.023010559362,1.0
13.0,17.0,117242.66,116994.37524466049,248.2847553395004,1115.953927783156,9053.101271179594,0.9978823002195659
13.0,18.0,169413.66,136273.06610459462,33140.593895405385,605.1516151984606,169939.03078341618,0.8043806273035753
13.0,19.0,24639.52,24639.52,0.0,1344.2182089098549,9409.527462368984,1.0
13.0,20.0,51991.66,51751.28232617285,240.37767382715356,1421.6163799901146,11153.203029066568,0.9953766109059192
13.0,21.0,57651.91,57651.91,0.0,1266.8012056671855,8867.608439670299,1.0
13.0,22.0,114077.68000000001,113470.60865655338,607.0713434466306,1075.2423758846278,10562.053348425548,0.9946784389071848
13.0,23.0,199885.71,190741.99788517272,9143.712114827278,2033.997610882236,59956.543850312046,0.9542552986162579
13.0,24.0,72358.42,67912.33720947006,4446.082790529941,1873.633997632375,35345.85193607633,0.93855472810863
13.0,25.0,108801.31,95831.83033935605,12969.479660643958,1838.206513193058,77714.84389557119,0.8807966589681324
13.0,26.0,99968.09,97312.47617801261,2655.613821987392,780.7773963437838,18743.510884343446,0.9734353850114833
13.0,27.0,22114.07,21520.353975903316,593.7160240966846,463.6544533261423,6214.1612937664195,0.9731521142830477
13.0,28.0,10755.04,10355.941481808972,399.09851819102823,635.4493813780442,6443.63826060145,0.9628919540800379
13.0,29.0,41637.6,41637.6,0.0,920.3601725736689,6442.5212080156825,1.0
13.0,30.0,27666.73,27666.73,0.0,1146.7579795757313,8027.305857030118,1.0
13.0,31.0,27654.71,24884.59905995168,2770.11094004832,1132.4117674683207,21777.437072519846,0.8998322188137818
13.0,32.0,61122.88,61075.62615515376,47.25384484623828,1284.224068132634,9225.837701159631,0.9992269041503569
13.0,33.0,76811.18,73757.28551394535,3053.894486054656,1416.8336231138067,25187.30779206993,0.960241536634971
13.0,34.0,132169.25,129820.06928115514,2349.1807188448547,741.5067120043228,16936.45057825453,0.9822259661846847
13.0,35.0,20499.47,20499.47,0.0,834.6784939175648,5842.749457422953,1.0
13.0,36.0,8438.76,8438.76,0.0,1196.511906845253,8375.58334791677,1.0
13.0,37.0,24573.22,24573.22,0.0,762.7511186437422,5339.257830506195,1.0
13.0,38.0,630278.6,625124.658076751,5153.94192324896,1782.7923658545624,38249.256177226736,0.9918227559633963
13.0,40.0,565361.73,558539.6486051396,6822.08139486039,1670.5526742104578,45804.275693775155,0.9879332451546369
13.0,41.0,28213.43,28213.43,0.0,980.3561512054943,6862.49305843846,1.0
13.0,42.0,56703.95,56703.95,0.0,1133.2460869266922,7932.722608486845,1.0
13.0,44.0,75036.09,74682.1668622079,353.9231377920987,800.6781996888809,7374.36308678266,0.9952832945081215
13.0,45.0,131.4,131.4,0.0,815.3286076933551,4076.6430384667756,1.0
13.0,46.0,265264.89,265264.89,0.0,1805.6629948175043,12639.64096372253,1.0
13.0,48.0,10663.0,8741.975061224679,1921.0249387753206,601.6714489156889,13215.153387370736,0.8198419826713569
13.0,49.0,55950.97,55174.38181201787,776.58818798213,1465.1746935371277,14139.163794670543,0.9861202015267629
13.0,50.0,12539.5,12539.5,0.0,908.5850567079948,6360.095396955963,1.0
13.0,52.0,30092.47,30092.47,0.0,1036.1929301139269,7253.350510797489,1.0
13.0,54.0,215.62,215.62,0.0,793.8183291639787,5556.72830414785,1.0
13.0,55.0,95464.97,91506.6879923159,3958.2820076841,2303.16069762935,35913.53492182595,0.9585368119040513
13.0,56.0,17100.36,15277.535195508774,1822.8248044912257,494.79970123096075,12577.721931072854,0.8934043023368381
13.0,58.0,77792.97,63726.3307022928,14066.639297707203,867.551615481256,76406.0577969048,0.8191785286291653
13.0,59.0,2417.54,2417.54,0.0,779.9241825810594,5459.469278067416,1.0
13.0,60.0,5526.0,5526.0,0.0,719.1682806285926,5034.177964400148,1.0
13.0,67.0,102032.41,101484.24095944174,548.169040558254,923.5604704682826,9205.768496069248,0.9946275008053004
13.0,71.0,58912.17,58912.17,0.0,1089.8771953136925,7629.140367195848,1.0
13.0,72.0,477969.73,461812.5512680945,16157.178731905486,4953.779211986206,115462.34814343086,0.9661962301840632
13.0,74.0,212126.5,210229.04974737982,1897.450252620194,1954.303390023016,23167.37499326208,0.9910551003640743
13.0,79.0,361834.18,361113.7602666115,720.4197333884877,2367.048841438543,20171.44055701224,0.9980089782192814
13.0,80.0,132226.37,132226.37,0.0,1167.5433043055948,8172.803130139164,1.0
13.0,81.0,237818.89,237787.13701676374,31.752983236270666,1739.8940558997867,12338.02330747986,0.999866482501721
13.0,82.0,215962.59,215962.59,0.0,1740.9317981104218,12186.522586772953,1.0
13.0,83.0,29551.62,29551.62,0.0,950.352238921106,6652.465672447743,1.0
13.0,85.0,29643.65,29643.65,0.0,538.2272883092749,3767.591018164924,1.0
13.0,87.0,134297.17,132446.0629784338,1851.1070215662112,698.3615816040868,14144.066179059664,0.9862163363415162
13.0,90.0,886587.12,879811.233097399,6775.886902601036,2407.782671014092,50733.91321010383,0.9923573366342148
13.0,91.0,580464.35,578413.5697301636,2050.7802698364103,2263.367886968988,26097.47655796497,0.9964670004801562
13.0,92.0,1258946.85,1245516.324411056,13430.525588943972,6031.2129708382,109371.11874058726,0.9893319359836803
13.0,93.0,365746.22,362930.3801113305,2815.839888669514,1746.5686855006093,26305.180241851835,0.9923011100738937
13.0,94.0,528617.8,523769.18696279306,4848.613037206931,1325.4768529577289,33521.40315673876,0.9908277529867383
13.0,95.0,960715.62,960715.62,0.0,8845.984292703837,61921.890048926856,1.0
13.0,96.0,66621.35,66443.45929699199,177.8907030080154,863.6098059154587,6934.722156448288,0.9973298244030178
13.0,97.0,208125.85,205107.77181026596,3018.0781897340385,689.8483335311238,19919.32928338806,0.9854987826368803
13.0,98.0,110030.5,108708.70635830803,1321.7936416919729,402.17946863142214,9424.22448887982,0.9879870250367674
13.0,99.0,1400.0,1084.6143934529325,315.3856065470675,590.1836804057726,3937.662754358428,0.7747245667520947
14.0,1.0,193838.62,193838.62,0.0,4246.983380765091,29728.88366535564,1.0
14.0,2.0,426455.58,426455.58,0.0,5624.49583320725,39371.47083245075,1.0
14.0,3.0,88822.24,88822.24,0.0,3362.2623252115113,23535.83627648058,1.0
14.0,4.0,288959.39,288455.3142350716,504.075764928406,4112.824004031403,31310.14685286185,0.9982555480722449
14.0,5.0,182049.47999999998,180017.9600750758,2031.5199249241996,2311.7883803908585,26340.118287357007,0.9888408364312593
14.0,6.0,25497.96,24937.2157819103,560.7442180896996,850.0028572790404,8753.741091401782,0.9780082713248551
14.0,7.0,267267.78,252617.01267869852,14650.767321301471,5467.687532606398,111527.64933475215,0.9451831892295378
14.0,8.0,314816.81,314350.79410533875,466.0158946612719,3609.565453418357,27597.037647234858,0.9985197235984278
14.0,9.0,108245.55,98520.20703270871,9725.34296729129,2075.1754154481573,63152.94274459356,0.9101548011230828
14.0,10.0,105821.45,105064.53056691159,756.9194330884129,2358.853122151195,20296.56902050043,0.9928472022157284
14.0,11.0,97536.97,95582.61499246435,1954.3550075356434,2619.632162271395,28109.200173577985,0.9799629309016299
14.0,12.0,31081.62,31081.62,0.0,1264.3919440377244,8850.74360826407,1.0
14.0,13.0,358961.23,358961.23,0.0,4823.019443284579,33761.13610299205,1.0
14.0,14.0,126880.31,126880.31,0.0,2894.3615419476378,20260.530793633465,1.0
14.0,16.0,34941.659999999996,34941.659999999996,0.0,3118.970421025889,21832.792947181224,1.0
14.0,17.0,127603.98999999999,127603.98999999999,0.0,2365.9595920667994,16561.717144467595,1.0
14.0,18.0,106707.46,101426.11808262573,5281.341917374275,2087.7037823441033,41020.6360632801,0.9505063477532473
14.0,19.0,13462.72,13462.72,0.0,1237.9240047648398,8665.468033353878,1.0
14.0,20.0,53678.45,53678.45,0.0,1782.9628657711776,12480.740060398242,1.0
14.0,21.0,44227.76,44227.76,0.0,1749.1420608495973,12243.994425947181,1.0
14.0,22.0,95925.75,94746.21746795077,1179.5325320492193,2737.2344047163883,25058.303493260813,0.987703692365718
14.0,23.0,202599.66,196950.32288092558,5649.337119074407,3341.521082962186,51637.333176107335,0.9721157620941989
14.0,24.0,59145.63,54998.738152671096,4146.891847328908,1518.8212536885944,31366.2080124647,0.9298867583737142
14.0,25.0,82187.59,81615.99133549121,571.5986645087833,2049.4335036567704,17204.027848141308,0.9930451949678926
14.0,26.0,94495.31,87399.41402862425,7095.895971375752,997.1470301831105,42459.509068160536,0.9249074269254659
14.0,27.0,15825.98,15825.98,0.0,936.4917730723064,6555.442411506145,1.0
14.0,28.0,8677.59,8677.59,0.0,797.1335088870189,5579.934562209132,1.0
14.0,29.0,49003.31,49003.31,0.0,1554.8275374132677,10883.792761892873,1.0
14.0,30.0,30782.08,30782.08,0.0,1425.390583303723,9977.73408312606,1.0
14.0,31.0,18058.12,18058.12,0.0,1210.1284877582523,8470.899414307765,1.0
14.0,32.0,55911.83,54692.76358178777,1219.0664182122327,1979.7629625248794,19953.672828735318,0.9781966281874116
14.0,33.0,60698.59,58975.20409701819,1723.3859029818086,1286.994532183959,17625.89124019676,0.971607480454129
14.0,34.0,153034.24,146652.0049898503,6382.235010149685,889.0105094152781,38134.24861665537,0.9582953787979103
14.0,35.0,26134.35,26134.35,0.0,918.4670562492354,6429.2693937446475,1.0
14.0,36.0,10466.06,9761.911880029284,704.1481199707175,720.1146637783402,8561.54324630197,0.9327208022913382
14.0,38.0,576817.29,574012.0376780762,2805.2523219237773,6539.188702548495,59800.58252745835,0.9951366708825183
14.0,40.0,428312.87,428312.87,0.0,11064.44158230633,77451.09107614431,1.0
14.0,41.0,32851.28,31974.90632576135,876.3736742386518,781.6443884363655,9853.379090247818,0.9733229976354453
14.0,42.0,45089.49,45089.49,0.0,1548.6549490565085,10840.58464339556,1.0
14.0,44.0,34008.81,34008.81,0.0,880.6869350217029,6164.80854515192,1.0
14.0,46.0,165656.05,165299.0892344611,356.9607655388936,2099.735776868736,16482.95426577562,0.9978451691589961
14.0,49.0,81797.52,76741.40035655675,5056.119643443251,942.6683649316614,31879.27677173789,0.9381873723868004
14.0,50.0,10763.0,10763.0,0.0,1013.2305055927783,7092.613539149448,1.0
14.0,51.0,28.98,28.98,0.0,815.7050197650581,3262.8200790602323,1.0
14.0,52.0,14100.32,14100.32,0.0,1282.9317282186391,8980.522097530475,1.0
14.0,54.0,67.72,67.72,0.0,805.7804249947567,2417.34127498427,1.0
14.0,55.0,70319.59,69033.93990891836,1285.6500910816412,1595.1506401811432,17594.304936676206,0.9817170422768159
14.0,56.0,11298.58,11298.58,0.0,1173.3944355015249,8213.761048510674,1.0
14.0,58.0,119080.0,86479.93952129604,32600.06047870397,1374.810233788366,172623.9740300384,0.7262339563427614
14.0,59.0,1598.35,1598.35,0.0,762.0601155983086,5334.42080918816,1.0
14.0,60.0,2259.0,2259.0,0.0,662.0595490874487,4634.416843612141,1.0
14.0,67.0,73465.66,73465.66,0.0,1069.7405518031994,7488.183862622396,1.0
14.0,71.0,45755.770000000004,45755.770000000004,0.0,1722.715083967811,12059.005587774678,1.0
14.0,72.0,530246.44,494046.53408533847,36199.90591466156,13789.108791287339,277523.2911123192,0.9317300349726789
14.0,74.0,121701.54000000001,121700.16247678472,1.3775232152802346,2749.679415830644,19254.643526890904,0.9999886811357088
14.0,79.0,212411.3,212411.3,0.0,3067.9274596705577,21475.492217693904,1.0
14.0,80.0,208379.8,205821.54656128798,2558.2534387120213,1066.6234196854941,20257.631131358565,0.9877231217291119
14.0,81.0,222907.15,218995.24097485817,3911.9090251418384,1691.722438312278,31401.602193895138,0.982450500016972
14.0,82.0,161185.66,152601.49292861405,8584.167071385957,1852.1597081599118,55885.95331404917,0.9467436056570668
14.0,83.0,55341.15,55341.15,0.0,1409.513547293875,9866.594831057126,1.0
14.0,85.0,11312.869999999999,11312.869999999999,0.0,827.4949627324933,5792.464739127453,1.0
14.0,87.0,129249.66,121141.45035011761,8108.2096498823885,1241.0675104823772,49228.52082278858,0.9372670717286035
14.0,90.0,635583.64,630569.9166345799,5013.7233654201555,5237.5974744742125,61731.799148420265,0.99211162300304
14.0,91.0,514984.07,513283.2467914344,1700.82320856562,5007.474750347437,43556.43929526016,0.9966973285046165
14.0,92.0,1077424.3599999999,1074086.925357071,3337.4346429289435,14070.448103212602,115180.30993713293,0.996902395409986
14.0,93.0,332434.16000000003,332073.0664894037,361.09351059628534,4022.578624956503,29963.51792767695,0.9989137893933755
14.0,94.0,348790.29,346826.2504656061,1964.0395343938872,1833.7588882656241,22656.509889828805,0.9943689959534313
14.0,95.0,785613.32,783178.004104468,2435.3158955319086,11305.408101009207,91314.43618472399,0.9969001087003821
14.0,96.0,3.0,3.0,0.0,1050.1312062576258,1050.1312062576258,1.0
14.0,97.0,144391.83000000002,143477.10594179935,914.7240582006489,1478.330308713852,14921.932452000208,0.9936649874289933
14.0,98.0,98600.33,98141.82678884438,458.503211155612,1421.627645761722,12243.909576110114,0.9953498815758971
14.0,99.0,840.06,840.06,0.0,601.3417443936575,1804.0252331809725,1.0
15.0,1.0,95287.43,95287.43,0.0,1229.4554097122261,8606.187867985584,1.0
15.0,2.0,159610.27,159610.27,0.0,2007.7990379947857,14054.5932659635,1.0
15.0,3.0,53573.45,53573.45,0.0,1482.2787857791948,10375.951500454363,1.0
15.0,4.0,88172.22,88172.22,0.0,1150.7041316680916,8054.928921676641,1.0
15.0,5.0,95143.09,92438.24893759735,2704.8410624026474,2036.5206963933822,27779.85018676691,0.9715708091633072
15.0,6.0,15378.04,15180.149482031631,197.89051796836975,945.8906531055317,7610.68716158057,0.9871316163848989
15.0,7.0,112630.93,111102.10133221355,1528.8286677864417,1329.5591016511078,16951.057050489962,0.9864262093211302
15.0,8.0,143161.7,142360.22351725964,801.4764827403706,1047.0522765872624,11336.74834981269,0.994401599850097
15.0,9.0,108433.72,100482.61615351326,7951.103846486743,976.5532320860127,46591.39185703581,0.9266731433129219
15.0,10.0,74886.92,74886.92,0.0,1089.8984132216533,7629.288892551573,1.0
15.0,11.0,74072.55,73107.723046611,964.8269533889979,1392.0383300815377,14568.403077515753,0.9869745681309878
15.0,12.0,23884.3,23884.3,0.0,977.563281134371,6842.942967940597,1.0
15.0,13.0,124757.59,124757.59,0.0,1690.8708559148695,11836.095991404087,1.0
15.0,14.0,70943.62,70943.62,0.0,1492.2273395496481,10445.591376847537,1.0
15.0,16.0,34210.66,34210.66,0.0,1160.7372219501524,8125.160553651067,1.0
15.0,17.0,74815.76000000001,74200.51734291745,615.2426570825555,907.9239298181876,9431.680794140091,0.9917765634261744
15.0,18.0,23675.58,22308.60394509762,1366.9760549023786,1055.5223920993624,14223.53701920743,0.9422621935807959
15.0,19.0,7948.82,7948.82,0.0,793.9231417130968,5557.461991991678,1.0
15.0,20.0,26206.91,26206.91,0.0,877.4273738850433,6141.991617195303,1.0
15.0,21.0,19546.68,19546.68,0.0,793.678720130306,5555.751040912142,1.0
15.0,22.0,54311.96,54311.96,0.0,831.4848553649806,5820.393987554864,1.0
15.0,23.0,135188.58,130306.66024854175,4881.919751458241,2277.749727997844,40353.84685327611,0.9638880758163283
15.0,24.0,34641.86,33079.7865991868,1562.0734008131967,1106.4037030677323,15555.192925540108,0.9549079235118092
15.0,25.0,58655.69,57422.1274448501,1233.5625551499015,1300.2953205483977,15269.88001958829,0.9789694306698992
15.0,26.0,40409.74,38802.70109082464,1607.0389091753623,909.6418596831966,14402.687563659187,0.9602313969558982
15.0,27.0,11100.89,11100.89,0.0,810.4870376144288,5673.409263301001,1.0
15.0,28.0,5285.92,5285.92,0.0,777.7881904867356,5444.51733340715,1.0
15.0,29.0,26425.64,26425.64,0.0,1196.5960620928552,8376.172434649987,1.0
15.0,30.0,15954.619999999999,15954.619999999999,0.0,1200.407192292921,8402.850346050447,1.0
15.0,31.0,15460.630000000001,15460.630000000001,0.0,739.5796355036297,5177.057448525407,1.0
15.0,32.0,25875.699999999997,25875.699999999997,0.0,1012.0337978425897,7084.236584898128,1.0
15.0,33.0,33982.64,32312.5894172732,1670.050582726798,531.1840460080891,12068.541235690613,0.950855772749651
15.0,34.0,85416.58,80769.13614360239,4647.443856397616,1050.8689053265512,30593.301619273938,0.9455908459880082
15.0,35.0,15635.630000000001,15635.630000000001,0.0,1069.2705069374465,7484.893548562125,1.0
15.0,36.0,9516.55,9130.135735228878,386.4142647711219,638.225232797519,6399.647953438242,0.9593955514581312
15.0,38.0,335438.24,335438.24,0.0,4905.160274115723,34336.12191881006,1.0
15.0,40.0,207777.66999999998,206054.41461644098,1723.2553835590224,1626.893217910683,20004.529443169893,0.9917062532101789
15.0,41.0,14896.91,14896.91,0.0,959.503755583814,6716.526289086698,1.0
15.0,42.0,27271.38,27271.38,0.0,874.9395518518439,6124.576862962907,1.0
15.0,44.0,25010.14,24859.695373863007,150.4446261369926,644.0591511345156,5260.6371886265715,0.9939846547785421
15.0,46.0,70578.75,70578.75,0.0,1304.9369331422615,9134.55853199583,1.0
15.0,49.0,70866.15,67015.57208299285,3850.5779170071564,857.176083205268,25253.12216747266,0.9456640735103128
15.0,50.0,17354.5,17354.5,0.0,585.4080177188672,4097.8561240320705,1.0
15.0,52.0,9743.630000000001,9743.630000000001,0.0,833.7571258442741,5836.299880909919,1.0
15.0,54.0,80.72,80.72,0.0,923.2980149701306,2769.8940449103916,1.0
15.0,55.0,27877.56,27877.56,0.0,1172.9375503501103,8210.562852450772,1.0
15.0,56.0,14220.789999999999,14220.789999999999,0.0,776.919494430748,5438.436461015236,1.0
15.0,58.0,4565.0,4565.0,0.0,962.7898922239498,5776.739353343699,1.0
15.0,59.0,803.88,803.88,0.0,766.9199299105005,5368.439509373504,1.0
15.0,60.0,782.0,782.0,0.0,740.6905407639449,5184.833785347614,1.0
15.0,67.0,33848.54,33722.37274297655,126.16725702345138,918.0642367226001,7057.285942175457,0.9962725938246243
15.0,71.0,24909.28,24909.28,0.0,920.052268475175,6440.365879326225,1.0
15.0,72.0,241231.92,229766.85099005196,11465.069009948056,3618.372496132647,82653.95252266881,0.9524728360577321
15.0,74.0,83626.91,83626.91,0.0,1596.508499211579,11175.559494481053,1.0
15.0,79.0,53309.53,53309.53,0.0,1016.0583496820797,7112.408447774557,1.0
15.0,80.0,392.79,392.79,0.0,853.0247631058446,5971.173341740912,1.0
15.0,81.0,29435.75,29435.75,0.0,956.5694306807618,6695.986014765333,1.0
15.0,82.0,67378.19,66831.45981578362,546.7301842163833,766.8341235469159,8101.489785910328,0.9918856504721129
15.0,83.0,1419.2,1419.2,0.0,822.2483724478727,5755.738607135109,1.0
15.0,85.0,19591.84,19591.84,0.0,698.7466171871648,4891.226320310154,1.0
15.0,87.0,67983.70999999999,67983.70999999999,0.0,1490.8712617329088,10436.098832130361,1.0
15.0,90.0,37083.56,37083.56,0.0,903.8767374090573,6327.137161863401,1.0
15.0,91.0,23442.690000000002,23442.690000000002,0.0,883.9739353296169,6187.817547307318,1.0
15.0,92.0,137970.94,137430.45299453108,540.4870054689309,805.5775421243972,8341.477822215435,0.9960826025721872
15.0,93.0,2750.1,2750.1,0.0,813.6533096989741,5695.573167892819,1.0
15.0,94.0,283.38,283.38,0.0,2319.936335749278,13919.618014495669,1.0
15.0,95.0,173852.99,173852.99,0.0,2312.5218539874727,16187.652977912308,1.0
15.0,96.0,20469.5,20254.832880887418,214.66711911258244,897.7178524526735,7357.3605627316265,0.989512830351861
15.0,97.0,10672.53,10672.53,0.0,940.4688280644334,6583.281796451034,1.0
15.0,98.0,2874.47,2874.47,0.0,884.5391786577709,6191.774250604396,1.0
16.0,1.0,72230.17,72167.8832037029,62.28679629709404,1363.3063501756476,9854.578432715003,0.99913766233283
16.0,2.0,145712.91999999998,145712.91999999998,0.0,1153.0848655594677,8071.594058916275,1.0
16.0,3.0,43465.81,43181.26968374905,284.54031625095104,778.9289568276421,6875.20427904825,0.9934536980617422
16.0,4.0,97163.9,97005.69410471116,158.20589528883283,799.5477750837175,6387.863902030187,0.9983717626063915
16.0,5.0,76182.92,73868.55057162761,2314.369428372398,1901.095305332952,24879.514279192656,0.9696208884042199
16.0,6.0,30585.35,28345.544787708575,2239.8052122914223,456.09999602700265,14391.72603364613,0.926768691144897
16.0,7.0,52765.83,52200.51319254852,565.3168074514815,804.5218331792585,8458.236869512217,0.9892863088204719
16.0,8.0,101336.75,100923.50857140325,413.2414285967443,318.10785947746757,4292.962159325994,0.9959220970812982
16.0,9.0,327969.83999999997,280417.7863207559,47552.053679244105,1961.6540457661145,251491.84671658336,0.8550108946626187
16.0,10.0,90142.20999999999,85426.58969246666,4715.620307533338,744.867763667867,28792.17588334176,0.9476868793483837
16.0,11.0,91789.74,87441.91038978953,4347.829610210476,779.7712142440747,27197.546550760904,0.9526327276860085
16.0,12.0,32807.979999999996,32807.979999999996,0.0,833.8266482345902,5836.786537642131,1.0
16.0,13.0,101644.65,101644.65,0.0,853.9889511097507,5977.922657768255,1.0
16.0,14.0,53749.06,53006.83219205026,742.2278079497455,1161.115157609383,11838.945143014409,0.986190869050552
16.0,16.0,27941.4,26687.514508189917,1253.8854918100824,717.7104874956585,11293.400871520022,0.9551244571921921
16.0,17.0,55795.16,55795.16,0.0,509.99126434236535,3569.9388503965574,1.0
16.0,18.0,30142.98,18512.758860951035,11630.221139048965,102.2236821796133,58866.67147050212,0.6141648523454228
16.0,19.0,10172.64,9888.429495567143,284.21050443285617,341.30797976915716,3810.208380548381,0.9720612835573798
16.0,20.0,22055.41,22055.41,0.0,729.1374722225773,5103.962305558041,1.0
16.0,21.0,19915.95,19915.95,0.0,996.2252468420884,6973.576727894619,1.0
16.0,22.0,46534.07,45159.76964137226,1374.3003586277382,945.2415521835368,13488.19265842345,0.9704667922099283
16.0,23.0,84306.14,82230.84127043032,2075.2987295696785,648.5103074042794,14916.065799678348,0.9753837771534828
16.0,24.0,15206.11,15206.11,0.0,1010.357773605176,7072.5044152362325,1.0
16.0,25.0,36502.1,35327.33272683212,1174.7672731678776,630.6860703904983,10288.638858572876,0.9678164469121536
16.0,26.0,13274.52,13274.52,0.0,981.3402326689201,6869.38162868244,1.0
16.0,27.0,5458.97,5458.97,0.0,790.767515835051,5535.372610845357,1.0
16.0,28.0,2077.9,2077.9,0.0,793.150073781106,5552.050516467742,1.0
16.0,29.0,10651.48,10651.48,0.0,680.2584411758991,4761.809088231294,1.0
16.0,30.0,7129.78,7129.78,0.0,906.5388668802485,6345.772068161739,1.0
16.0,31.0,6417.11,6417.11,0.0,697.5594511879748,4882.916158315824,1.0
16.0,32.0,24425.82,24425.82,0.0,899.0918927539535,6293.643249277675,1.0
16.0,33.0,15538.86,15538.86,0.0,678.8260340991195,4751.782238693837,1.0
16.0,34.0,34274.8,33794.210822868816,480.58917713118353,654.0609275032418,6981.37237817861,0.9859783521090951
16.0,35.0,522.25,522.25,0.0,1125.0147145322342,7875.103001725639,1.0
16.0,36.0,7235.42,7235.42,0.0,1038.12133241317,7266.84932689219,1.0
16.0,38.0,311460.68,311460.68,0.0,6261.986791812908,43833.90754269036,1.0
16.0,40.0,195861.16,195861.16,0.0,1882.7793377432135,13179.455364202495,1.0
16.0,41.0,6305.93,6305.93,0.0,921.7254272542988,6452.077990780092,1.0
16.0,42.0,29626.89,29626.89,0.0,845.1092035132418,5915.764424592693,1.0
16.0,44.0,33555.5,32395.154917303924,1160.345082696078,547.9217365813619,9637.177569549924,0.9654201224032998
16.0,45.0,88.08,88.08,0.0,1040.1027642574368,4160.411057029747,1.0
16.0,46.0,69662.51,69662.51,0.0,1204.8295409111422,8433.806786377996,1.0
16.0,47.0,0.0,0.0,0.0,1085.1436587719077,1085.1436587719077,
16.0,48.0,6822.0,4401.906731638109,2420.093268361891,503.40631839920775,15120.904252204702,0.645251646384947
16.0,49.0,43.43,43.43,0.0,1077.117615712137,2154.235231424274,1.0
16.0,52.0,10467.06,10467.06,0.0,960.7221317052388,6725.054921936671,1.0
16.0,54.0,124.0,124.0,0.0,869.7710484357891,4348.855242178945,1.0
16.0,55.0,35286.3,35286.3,0.0,1493.4445572309799,10454.11190061686,1.0
16.0,56.0,9783.9,9645.648513281993,138.2514867180073,482.8482865612176,4071.19543951856,0.9858694910293434
16.0,58.0,6040.0,4856.376204059601,1183.6237959403986,308.834762455048,7153.458029522186,0.8040357953741062
16.0,59.0,47.88,47.88,0.0,873.2970370290199,4366.485185145099,1.0
16.0,60.0,756.0,756.0,0.0,734.3257049925811,5140.279934948067,1.0
16.0,67.0,21180.4,21180.4,0.0,822.6274546389058,5758.39218247234,1.0
16.0,71.0,15673.32,15673.32,0.0,777.2440841741318,5440.7085892189225,1.0
16.0,72.0,198410.87,194715.92060276205,3694.9493972379314,1561.8118306863112,29407.429800993836,0.981377283425863
16.0,74.0,67302.73,66281.05372812597,1021.6762718740301,959.7750903739735,11826.806991987965,0.9848196904958533
16.0,79.0,32498.18,32498.18,0.0,1157.9753322108588,8105.8273254760115,1.0
16.0,80.0,4301.52,4301.52,0.0,690.4521394791484,4833.164976354039,1.0
16.0,81.0,25636.43,25636.43,0.0,908.3945516603251,6358.761861622275,1.0
16.0,82.0,60515.01,60372.60780773319,142.4021922668071,1160.7001677012752,8836.912135242961,0.9976468285758061
16.0,83.0,1502.12,1502.12,0.0,782.3579475306105,5476.505632714274,1.0
16.0,85.0,13838.84,13813.316090634557,25.52390936544407,946.0447961001237,6749.9331195280865,0.9981556323098292
16.0,87.0,83345.56,81398.97223732203,1946.5877626779693,1023.3287280517683,16896.239909752225,0.9766443735853719
16.0,90.0,55560.08,55560.08,0.0,1240.0515870641925,8680.361109449348,1.0
16.0,91.0,39856.04,39856.04,0.0,1072.4984774003296,7507.4893418023075,1.0
16.0,92.0,166258.17,166258.17,0.0,1834.114942113345,12838.804594793415,1.0
16.0,93.0,5734.99,5734.99,0.0,986.6726148046142,6906.708303632299,1.0
16.0,94.0,4425.22,4224.482338291647,200.73766170835324,807.1145851496096,6653.4904045890335,0.9546378119713023
16.0,95.0,197765.65,197765.65,0.0,2220.618110431152,15544.326773018067,1.0
16.0,96.0,875.2,875.2,0.0,990.0027958828962,6930.0195711802735,1.0
16.0,97.0,18279.15,18279.15,0.0,746.514048899169,5225.598342294183,1.0
16.0,98.0,526.63,526.63,0.0,875.8494448108816,6130.946113676171,1.0
17.0,1.0,189519.78,186295.40205513957,3224.3779448604328,648.5405544258277,20661.67360528296,0.9829865888148434
17.0,2.0,320160.94,315830.56943493115,4330.370565068843,1031.9484911239144,28875.492263211614,0.9864743945183667
17.0,3.0,129151.6,126921.78462531233,2229.815374687665,1573.1773826877113,22161.318552252305,0.982734899337773
17.0,4.0,176420.27,175988.7758040026,431.4941959974167,1047.0213915553556,9486.620720874573,0.9975541688265334
17.0,5.0,182518.54,166747.0324306244,15771.507569375615,5822.453232737919,119614.71047604352,0.9135895587956401
17.0,6.0,30279.129999999997,28660.117676004036,1619.012323995962,865.3617834602755,14152.59410420174,0.94653042131673
17.0,7.0,101843.92,99035.88545328227,2808.034546717736,1555.2252964118645,24926.74980847173,0.9724280590660913
17.0,8.0,152573.91,150018.1442505438,2555.765749456212,244.9193930261785,14493.264498464308,0.9832489988002784
17.0,9.0,200784.26,187710.36930283008,13073.89069716991,1300.4377307634754,74472.51760119389,0.9348858785187149
17.0,10.0,108990.61,104700.67942893777,4289.930571062227,706.0996486327203,26392.350395740177,0.9606394480124276
17.0,11.0,105535.8,105497.49172011632,38.308279883673094,695.8589745892966,5062.554221543442,0.9996370115175733
17.0,12.0,59401.479999999996,58851.50725778252,549.9727422174765,973.9558470248021,9567.554640260998,0.9907414303108698
17.0,13.0,183714.16,183402.41842185293,311.74157814706996,1605.986957056013,12800.61659012744,0.9983031162206164
17.0,14.0,101534.05,100040.187412653,1493.8625873469973,1207.4473514462036,15921.444396858411,0.9852870777109058
17.0,16.0,16695.8,15744.065115461362,951.7348845386387,1147.1032466061977,12788.397148936578,0.9429955507050494
17.0,17.0,77828.07,77828.07,0.0,1268.0993938386691,8876.695756870684,1.0
17.0,18.0,65491.759999999995,36979.96031936806,28511.79968063194,218.9536624179641,144091.67404008543,0.5646505807657034
17.0,19.0,39979.03,31042.87940307,8936.15059693,1344.2287548664665,54090.35426871526,0.7764790542209253
17.0,20.0,27968.95,27968.95,0.0,1440.2831507547453,10081.982055283217,1.0
17.0,21.0,27694.18,27694.18,0.0,804.2569520635319,5629.798664444724,1.0
17.0,22.0,54263.11,54263.11,0.0,1768.2506793203684,12377.754755242579,1.0
17.0,23.0,104642.2,102213.71808564567,2428.4819143543336,1162.7298110020615,20281.5182487861,0.9767925185598704
17.0,24.0,32025.809999999998,30798.723939150816,1227.0860608491848,1087.6980687001526,13749.316785146992,0.9616844644725869
17.0,25.0,41213.71,35892.15973670922,5321.550263290782,1167.8172924701173,34782.47236374473,0.8708791258226745
17.0,26.0,69350.39,67236.59451214597,2113.795487854033,547.5950558817058,14402.142830442106,0.9695200634364993
17.0,27.0,11791.3,11791.3,0.0,639.6269738165635,4477.388816715944,1.0
17.0,28.0,8754.49,8754.49,0.0,694.807756952175,4863.654298665226,1.0
17.0,29.0,18400.91,18400.91,0.0,731.1192625965059,5117.834838175541,1.0
17.0,30.0,18015.05,17788.707409255236,226.34259074476267,555.8315509828905,5022.533810604047,0.9874359165950267
17.0,31.0,13676.06,12516.526059428395,1159.533940571604,850.5786505623906,11751.720256794753,0.9152143277689917
17.0,32.0,39812.87,39812.87,0.0,883.9683841626821,6187.778689138775,1.0
17.0,33.0,35990.04,35124.65084018306,865.389159816943,674.3079067163452,9047.101146099132,0.9759547597108271
17.0,34.0,82222.42,78676.77422965114,3545.645770348865,733.399370269897,22862.024443633603,0.9568773848988043
17.0,35.0,8041.219999999999,8041.219999999999,0.0,936.0442224357421,6552.309557050195,1.0
17.0,36.0,6016.36,6016.36,0.0,1194.2099433322971,8359.46960332608,1.0
17.0,38.0,599180.01,578006.3648159194,21173.64518408061,3429.502114904533,129874.74072473479,0.9646622970881813
17.0,40.0,368312.2,362688.608927961,5623.591072039009,1077.4310340695915,35659.97259868219,0.9847314558897614
17.0,41.0,224.81,224.81,0.0,759.8288126965759,5318.801688876031,1.0
17.0,42.0,31586.59,30888.189885567204,698.4001144327949,793.8108251136592,9048.67634795959,0.9778893475227052
17.0,44.0,58271.46,58271.46,0.0,525.1860901056197,3676.3026307393375,1.0
17.0,45.0,221.1,221.1,0.0,768.8209893684215,4612.925936210529,1.0
17.0,46.0,196296.24,194208.92029508622,2087.3197049137743,333.1458860862752,12768.619727172798,0.9893664814725246
17.0,48.0,24351.0,19221.01889196001,5129.981108039989,144.76949057875865,26663.291974251253,0.7893318094517684
17.0,49.0,217.99,217.99,0.0,893.2756961359504,6252.929872951653,1.0
17.0,52.0,24955.940000000002,24955.940000000002,0.0,962.4970203654458,6737.479142558121,1.0
17.0,54.0,127.4,127.4,0.0,828.1174415013451,4140.5872075067255,1.0
17.0,55.0,57330.0,56564.082049131255,765.9179508687466,1224.5123916531925,12401.176495916081,0.9866401892400358
17.0,56.0,5104.9,5104.9,0.0,782.8597125871498,5480.0179881100485,1.0
17.0,58.0,8635.0,7369.294200511548,1265.705799488452,927.9101232086362,12823.899859902713,0.8534214476562303
17.0,59.0,2752.1,2752.1,0.0,823.9547389283998,5767.683172498799,1.0
17.0,60.0,3492.0,3492.0,0.0,624.3759714964074,4370.631800474852,1.0
17.0,67.0,52120.86,52120.86,0.0,710.3314600785487,4972.320220549841,1.0
17.0,71.0,24504.6,24504.6,0.0,1120.3787840932735,7842.651488652915,1.0
17.0,72.0,353513.14,349464.3519376462,4048.7880623537712,8217.603406130422,77767.16415468181,0.9885469941446765
17.0,74.0,110418.74,110242.23442919295,176.5055708070522,1843.1273895852705,13784.419581132155,0.9984014889971842
17.0,79.0,185586.91,183514.71814592768,2072.1918540723273,1522.747035101595,21020.1885160728,0.9888343857114043
17.0,80.0,6910.98,6910.98,0.0,733.2472484725196,5132.730739307637,1.0
17.0,81.0,112276.31,110600.38279676251,1675.9272032374956,615.8508702975242,12690.592108270148,0.9850731894979672
17.0,82.0,135238.3,134555.89775686964,682.4022431303638,881.361262947443,9581.54005628392,0.9949540755604711
17.0,83.0,4283.12,4283.12,0.0,672.8733805253823,4710.113663677676,1.0
17.0,85.0,25462.49,25462.49,0.0,902.885446356486,6320.198124495402,1.0
17.0,87.0,120568.95,120176.5643872779,392.38561272210427,833.0938833578805,7793.585247115685,0.9967455500547853
17.0,90.0,286721.8,282934.0300763317,3787.769923668282,857.3033606451396,24939.973142857387,0.986789389841762
17.0,91.0,105183.12,104442.05114134052,741.0688586594733,583.7244501819995,7791.415444571363,0.9929544887177764
17.0,92.0,493713.24,480449.85759127163,13263.382408728408,1538.934990619519,77089.45697797867,0.9731354532669038
17.0,93.0,32041.800000000003,32041.800000000003,0.0,787.2555115386771,5510.78858077074,1.0
17.0,94.0,8703.09,6917.59880602031,1785.4911939796903,663.7669194383063,12246.290567089982,0.7948439928830231
17.0,95.0,399690.03,393330.76752256864,6359.262477431366,2204.883134265212,47230.494327013315,0.9840895143733474
17.0,96.0,5965.22,5965.22,0.0,449.7545472757907,3148.281830930535,1.0
17.0,97.0,66313.55,66313.55,0.0,774.6655147295941,5422.658603107158,1.0
17.0,98.0,2800.92,2800.92,0.0,622.1763819851818,4355.234673896272,1.0
17.0,99.0,2.29,2.29,0.0,1120.0991560400753,1120.0991560400753,1.0
18.0,1.0,140557.58,140557.58,0.0,2905.5873274737855,20339.1112923165,1.0
18.0,2.0,407547.16,407547.16,0.0,3042.2842902861294,21295.990032002905,1.0
18.0,3.0,77657.89,77657.89,0.0,5966.823128227666,41767.76189759366,1.0
18.0,4.0,192557.45,190310.35892334356,2247.0910766564484,1030.925610938705,18451.934659853177,0.9883302823305126
18.0,5.0,135637.52,129141.63246508711,6495.88753491289,2452.8273506064584,49649.22912880966,0.9521084760698008
18.0,6.0,22999.85,22076.681624223114,923.1683757768842,487.71399958102955,8029.839875951628,0.9598619827617622
18.0,7.0,175856.32,165953.54377508792,9902.776224912082,2510.0914992122707,67084.52161904631,0.9436882551340089
18.0,8.0,216449.24,216293.30142571038,155.93857428963747,1468.6043051097497,11059.923007216436,0.9992795605367355
18.0,9.0,86587.92000000001,79222.6647457749,7365.255254225105,1389.171725544531,46550.47834993724,0.9149389977929357
18.0,10.0,110743.74,108913.08560386056,1830.6543961394455,722.2108080792399,14208.747637251907,0.9834694548320343
18.0,11.0,107045.11,102308.3956780055,4736.714321994505,1298.0512848549872,32769.93060395743,0.9557502970290329
18.0,12.0,25383.85,25383.85,0.0,1019.3894496089467,7135.726147262627,1.0
18.0,13.0,297153.2,297153.2,0.0,2282.036004443151,15974.252031102056,1.0
18.0,14.0,138374.36,129331.16936822498,9043.190631775014,1189.7503542866446,53544.20563888158,0.9346469199078861
18.0,16.0,48248.38,47502.812140528,745.5678594719984,1089.8098398929599,11356.50817661071,0.984547297557514
18.0,17.0,100711.29,93689.17517358293,7022.11482641707,423.9317827015953,38078.096610996516,0.9302748001101261
18.0,18.0,72055.95,67757.13775851278,4298.812241487221,875.5043788536977,27622.591859411994,0.9403406347222232
18.0,19.0,16162.58,16162.58,0.0,1101.8387133850158,7712.870993695111,1.0
18.0,20.0,48101.8,48101.8,0.0,748.479942522254,5239.359597655778,1.0
18.0,21.0,25765.690000000002,25765.690000000002,0.0,983.6134868792118,6885.294408154483,1.0
18.0,22.0,103419.06,102186.98752454079,1232.0724754592102,996.3945411586249,13135.124165406425,0.9880866014885534
18.0,23.0,222269.76,219110.2411209811,3159.518879018884,2877.4233704450958,35939.55798821009,0.9857852058731745
18.0,24.0,53474.85,52268.87006582722,1205.9799341727748,1412.894770659841,15920.16306548276,0.977447717306869
18.0,25.0,114231.62,111147.59415598208,3084.025844017913,865.6562507109411,21479.722975066154,0.9730019950341428
18.0,26.0,84538.73,80077.8033687225,4460.926631277511,1187.5432472337532,30617.43588702383,0.9472321546434693
18.0,27.0,18092.11,18092.11,0.0,779.4205529229572,5455.9438704607,1.0
18.0,28.0,10450.880000000001,10439.593535663898,11.286464336102426,475.6545628733531,3386.0142617939837,0.998920046509375
18.0,29.0,68319.87,68043.93056444693,275.9394355530676,1084.6847447478006,8972.490390999941,0.9959610661502566
18.0,30.0,34865.53,34305.96886902356,559.561130976439,1213.4021263367601,11291.620539239517,0.9839508783897324
18.0,31.0,15828.26,15828.26,0.0,902.085213365995,6314.596493561965,1.0
18.0,32.0,45094.380000000005,45094.380000000005,0.0,1177.654082831463,8243.578579820241,1.0
18.0,33.0,55316.35,54991.39949458883,324.9505054111687,1343.6118393912968,11030.035402794922,0.9941255974877018
18.0,34.0,135678.92,133388.20854032933,2290.7114596706597,502.14614671223796,14968.580325338964,0.9831166738379795
18.0,35.0,27276.809999999998,26897.996266607006,378.813733392994,587.7632956194567,6008.4117363011665,0.9861122421062803
18.0,36.0,15940.83,15420.765981495497,520.0640185045027,573.7439042441694,6616.527422231698,0.967375348805269
18.0,38.0,421312.13,414532.30857658014,6779.821423419882,3848.830597741527,60840.9213012901,0.9839078418572476
18.0,40.0,411108.31,411108.31,0.0,3911.486581324341,27380.406069270386,1.0
18.0,41.0,3588.48,3588.48,0.0,770.2809898939114,5391.96692925738,1.0
18.0,42.0,51323.979999999996,50974.58015249405,349.3998475059534,693.7182946367421,6603.027299986962,0.9931922690425421
18.0,44.0,36279.42,36174.60146351897,104.81853648102697,715.5250176189396,5532.7678057377125,0.9971107990017198
18.0,46.0,146918.94,146169.44027709574,749.4997229042674,1120.4130653663403,11590.39007208572,0.994898549343575
18.0,47.0,48.0,48.0,0.0,1081.5594913595874,1081.5594913595874,1.0
18.0,49.0,77548.61,71455.51547683745,6093.094523162557,957.9235053531983,37170.93715328517,0.9214287074499137
18.0,50.0,7638.0,7437.60718232233,200.39281767767034,1072.6000093058321,8510.164153529176,0.9737637054624679
18.0,52.0,14649.89,14649.89,0.0,1071.1695478311383,7498.186834817969,1.0
18.0,54.0,72.84,72.84,0.0,810.5266614937879,2431.5799844813637,1.0
18.0,55.0,46022.97,45465.08527602669,557.8847239733041,1214.0330636677936,11287.655065541076,0.9878781242502753
18.0,56.0,15014.65,14713.86964539517,300.7803546048299,475.3630321358213,4831.442997974898,0.9799675413942497
18.0,58.0,31365.0,26511.573367493653,4853.426632506348,1374.7456310977068,33890.35258021569,0.8452597917262443
18.0,59.0,1471.37,1471.37,0.0,711.4309517141148,4980.016661998804,1.0
18.0,60.0,1062.0,1062.0,0.0,741.621426803468,5191.349987624276,1.0
18.0,67.0,39799.259999999995,39799.259999999995,0.0,790.8812454709308,5536.168718296516,1.0
18.0,71.0,40932.43,40932.43,0.0,1339.6890763434099,9377.82353440387,1.0
18.0,72.0,383504.68,363875.70229854673,19628.97770145329,4509.637656531103,129712.35210298415,0.9488168496367417
18.0,74.0,140299.85,140011.66090927695,288.18909072304814,1747.1565440002519,13671.041261617003,0.9979459059241828
18.0,79.0,158225.83,156156.87975961843,2068.950240381564,579.8504058278387,14403.704042702691,0.9869240677051176
18.0,80.0,4492.32,4492.32,0.0,702.265045185786,4915.855316300502,1.0
18.0,81.0,92105.06,91490.89737066481,614.1626293351928,1272.315176850382,11977.019384628638,0.9933319338879407
18.0,82.0,109722.06,94910.48775301762,14811.572246982378,521.5312600679798,77708.58005538775,0.8650082558878098
18.0,83.0,15543.51,14774.35205944464,769.15794055536,398.58360184530414,6635.874915693928,0.9505158139599511
18.0,85.0,12407.94,12269.70398849063,138.2360115093693,670.3584277732646,5383.689051959699,0.9888590683458035
18.0,87.0,141240.16999999998,141098.10491326408,142.06508673592543,893.9555193656031,6968.014069238849,0.9989941594750565
18.0,90.0,187581.57,184143.7805630369,3437.7894369630994,979.225500256715,24043.525686612502,0.9816730959392062
18.0,91.0,177108.59,173098.0262513365,4010.5637486635096,1165.2769688083233,28209.757524975812,0.9773553403103514
18.0,92.0,503721.37,483045.0637761097,20676.306223890315,718.1051243624117,108408.26698998845,0.9589528905158614
18.0,93.0,26870.12,26808.830300911377,61.28969908862473,848.107250842212,6243.199251338608,0.9977190388770641
18.0,94.0,57691.17,57185.24209289688,505.92790710311965,708.646435359219,7490.164583030131,0.9912304100072312
18.0,95.0,402395.93,401114.6558932252,1281.2741067747847,3950.194879553605,34057.73469074916,0.9968158870126376
18.0,96.0,0.0,0.0,0.0,870.7809931226054,3483.1239724904217,
18.0,97.0,54540.62,51744.636014772426,2795.98398522757,794.4196163186458,19540.857240368372,0.9487357498827924
18.0,98.0,13252.15,12970.999910175235,281.15008982476525,511.08545900531146,4983.348662161006,0.978784567800337
19.0,1.0,146609.07,146609.07,0.0,1554.0597155168803,10878.418008618162,1.0
19.0,2.0,330135.16,330113.64338385494,21.51661614504701,2623.160496317982,18469.70655495111,0.9999348248270646
19.0,3.0,97004.78,97004.78,0.0,3085.5406970918402,21598.78487964288,1.0
19.0,4.0,204508.82,204508.82,0.0,2505.1162726644534,17535.813908651173,1.0
19.0,5.0,168379.43,163688.78145222037,4690.648547779634,3182.815663394401,45732.95238265897,0.9721423896744417
19.0,6.0,32214.41,29362.860979424808,2851.5490205751917,698.1835730970399,19145.030114555237,0.9114821900952029
19.0,7.0,182378.79,171511.45675940628,10867.333240593725,2203.583448306461,69761.75034111386,0.9404133932427464
19.0,8.0,299883.61,298074.2057806493,1809.4042193506684,845.9242825602715,14968.491074675243,0.9939663117322395
19.0,9.0,317346.22,282276.2014464407,35070.01855355926,1753.9873295459458,187628.00407461793,0.8894897233893025
19.0,10.0,198078.12,190580.06195387768,7498.058046122318,1914.72676842616,50893.37760959471,0.9621459551104266
19.0,11.0,113611.04000000001,108567.8428746919,5043.197125308114,2787.6581108205987,44729.59240228476,0.955609973068567
19.0,12.0,41260.22,41260.22,0.0,1077.0617289375148,7539.432102562604,1.0
19.0,13.0,233886.38,233683.63967033697,202.74032966304367,2090.2608879169966,15645.527863734194,0.9991331674394078
19.0,14.0,116616.3,115054.82938211373,1561.4706178862652,996.0678027771379,14779.827708871291,0.9866101855582259
19.0,16.0,60365.98,60365.98,0.0,3038.000632866949,21266.004430068646,1.0
19.0,17.0,112919.45,112639.51824044147,279.93175955853076,1276.4731164784512,10334.970613141812,0.9975209606532929
19.0,18.0,84551.12,67726.49811670868,16824.62188329131,903.4139021029733,90447.00673117736,0.8010124303109016
19.0,20.0,37458.58,37458.58,0.0,1364.8354526590826,9553.848168613578,1.0
19.0,21.0,42664.11,42664.11,0.0,1378.308190474891,9648.157333324238,1.0
19.0,22.0,80088.3,80088.3,0.0,1420.0946509744513,9940.662556821158,1.0
19.0,23.0,198358.3,190026.24097652928,8332.059023470716,2403.543211062762,58485.09759479291,0.9579949060691147
19.0,24.0,38678.59,38337.487075326564,341.10292467343515,1236.8860905951603,10363.717257533299,0.9911810920544561
19.0,25.0,87987.61,86918.78397644746,1068.826023552545,1361.2544586869244,14872.911328571196,0.9878525394251243
19.0,26.0,65508.04,62351.9481424556,3156.0918575443993,934.0353163526437,22318.706502190504,0.9518213053306983
19.0,27.0,17097.260000000002,17097.260000000002,0.0,756.8444998278934,5297.9114987952535,1.0
19.0,28.0,7738.34,7738.34,0.0,689.566868560574,4826.968079924018,1.0
19.0,29.0,37754.55,37754.55,0.0,931.6413449083384,6521.489414358369,1.0
19.0,30.0,23613.18,23613.18,0.0,1156.330406982183,8094.31284887528,1.0
19.0,31.0,19969.66,19884.928073082374,84.7319269176246,988.027218067483,7339.8501610605035,0.9957569669730167
19.0,32.0,39372.0,39372.0,0.0,1632.296862839747,11426.07803987823,1.0
19.0,33.0,39921.79,39608.91160923127,312.87839076873115,1173.3441230253957,9777.800815021426,0.9921627163819876
19.0,34.0,114340.19,111375.76132452302,2964.4286754769782,1202.6602179498082,23240.76490303355,0.9740736072287707
19.0,35.0,22058.34,22058.34,0.0,855.068904676616,5985.482332736312,1.0
19.0,36.0,11065.880000000001,10880.980818344611,184.89918165538893,735.8540087997044,6075.4739698748745,0.983291054877209
19.0,37.0,20279.760000000002,20279.760000000002,0.0,648.4286556181488,4539.000589327042,1.0
19.0,38.0,491209.66000000003,483085.3117410283,8124.348258971746,3445.256069926202,64738.533784342144,0.9834605283231365
19.0,39.0,119.19999999999999,119.19999999999999,0.0,877.125582572551,6139.879078007857,1.0
19.0,40.0,377653.02,374523.9477448259,3129.0722551740982,2022.1724153808912,29800.56818353673,0.9917144254395898
19.0,41.0,29275.06,29181.637744316435,93.42225568356662,1359.4531387069708,9983.283249366628,0.996808810786944
19.0,42.0,48378.53,48378.53,0.0,661.2641169848969,4628.848818894278,1.0
19.0,44.0,41310.86,39959.6627483927,1351.197251607301,802.0461845841238,12370.309550125372,0.967291960234977
19.0,46.0,124728.28,124728.28,0.0,1544.3777686071776,10810.644380250244,1.0
19.0,47.0,448.0,448.0,0.0,830.4204994705773,1660.8409989411546,1.0
19.0,49.0,37650.96,34889.311272877996,2761.6487271220058,798.2323470010643,19395.87006461748,0.9266513064441915
19.0,50.0,7192.0,7192.0,0.0,650.9886132703726,4556.920292892609,1.0
19.0,52.0,10534.13,10534.13,0.0,817.7519332743203,5724.263532920242,1.0
19.0,54.0,79.84,79.84,0.0,788.5360923336567,2365.6082770009702,1.0
19.0,55.0,67774.89,67774.89,0.0,1832.0507676619625,12824.355373633738,1.0
19.0,56.0,19347.739999999998,18929.51891714475,418.22108285525155,798.8236104119266,7682.870687159743,0.9783839826845281
19.0,58.0,40350.0,31883.743483108126,8466.256516891874,685.5080228186247,47129.838744189736,0.7901795163099907
19.0,59.0,1776.1799999999998,1776.1799999999998,0.0,831.4273926365256,5819.991748455679,1.0
19.0,60.0,3294.0,3294.0,0.0,696.5461036857058,4875.822725799941,1.0
19.0,67.0,78032.84,77983.61453846468,49.2254615353213,882.8702167003677,6426.21882457918,0.9993691699349233
19.0,71.0,33892.9,33829.55341651683,63.346583483171344,1380.6031848469388,9980.955211344426,0.998130977771652
19.0,72.0,466033.81,452665.2673089471,13368.542691052884,2855.9836897887094,86834.59928378538,0.9713142214058399
19.0,74.0,116197.20999999999,116197.20999999999,0.0,2370.1316870011024,16590.921809007716,1.0
19.0,79.0,130838.79000000001,130838.79000000001,0.0,1849.5585786702327,12946.91005069163,1.0
19.0,80.0,148915.29,148915.29,0.0,930.1500755336009,6511.050528735206,1.0
19.0,81.0,149810.66999999998,149581.52048437655,229.14951562345595,1000.7341786531506,8150.886828689334,0.9984704059088486
19.0,82.0,144214.79,143635.50935799952,579.2806420004817,1922.8352194835013,16356.249746386919,0.9959832091978882
19.0,83.0,24440.23,24440.23,0.0,792.973016819655,5550.811117737585,1.0
19.0,85.0,30518.32,30112.087669883236,406.2323301167635,519.2792989300608,5666.116743094243,0.9866889025963171
19.0,87.0,150208.61,143427.47336455708,6781.136635442901,711.0141237066762,38882.782043161234,0.9548552067991115
19.0,90.0,463391.06,462411.3649270509,979.6950729491073,2493.411256008843,22352.354156807436,0.9978858136085985
19.0,91.0,347885.89,346642.1815546498,1243.7084453502175,2846.8677027739736,26146.616146168904,0.996424952890874
19.0,92.0,804117.56,798781.2469047533,5336.313095246762,3837.6345033188054,53545.00699946545,0.9933637650006714
19.0,93.0,250374.74,248338.89470858983,2035.84529141018,1759.4419073897297,22495.319808779008,0.9918688071671681
19.0,94.0,223602.18,223602.18,0.0,1453.5051838426527,10174.536286898569,1.0
19.0,95.0,630502.06,630502.06,0.0,4878.5605739481625,34149.92401763714,1.0
19.0,96.0,100838.3,100654.65916338828,183.64083661172117,1629.3798128802466,12323.862873220332,0.9981788582650468
19.0,97.0,126607.23000000001,126607.23000000001,0.0,1496.8185533695626,10477.729873586937,1.0
19.0,98.0,85360.5,85105.57008772965,254.92991227034872,792.5894426754842,6822.775660080133,0.9970134908737607
19.0,99.0,979.92,914.8889820770545,65.03101792294547,611.0265692197105,2769.2613664935693,0.9336364010093217
20.0,1.0,278196.0,278196.0,0.0,4579.249547125545,32054.746829878815,1.0
20.0,2.0,522952.8,521044.0697594015,1908.7302405984665,2812.9153782937856,29234.05885104883,0.9963500907909882
20.0,3.0,78852.68,78852.68,0.0,2194.9791486911618,15364.854040838132,1.0
20.0,4.0,356235.69,354897.86527825287,1337.8247217471435,1478.783928414708,17040.611107638673,0.9962445516850175
20.0,5.0,256142.0,246933.3459776817,9208.65402231833,3225.5300137240433,68621.98020765994,0.9640486369969848
20.0,6.0,45517.18,42129.9035434809,3387.276456519103,552.3427696384016,20802.781670064323,0.9255824623467644
20.0,7.0,398570.36,341028.2323873134,57542.1276126866,3279.2032770235433,310665.0610025978,0.8556286834457871
20.0,8.0,577915.57,566196.261979737,11719.308020263008,903.8149518704553,64923.24476440823,0.9797214184413426
20.0,9.0,312316.3,292496.29602906865,19820.00397093138,859.7596461740603,105118.33737787532,0.9365386821919595
20.0,10.0,317590.52,310312.607625399,7277.912374600972,1260.478948562932,45212.91451294538,0.9770839747527696
20.0,11.0,148089.5,138002.98167609252,10086.518323907498,2196.097775698878,65805.27604942964,0.9318890378864978
20.0,12.0,56345.73,55020.81533576712,1324.9146642328878,845.1636125889869,12540.718609287347,0.9764859792528576
20.0,13.0,403799.29000000004,402412.2192264827,1387.0707735173637,2470.1657142567265,24226.513867383903,0.9965649499445198
20.0,14.0,150758.52,148767.8601804592,1990.659819540815,1552.8931292342152,20823.55100234358,0.986795706010242
20.0,16.0,44300.42,44300.42,0.0,2647.6270164688867,18533.389115282207,1.0
20.0,17.0,135727.02,134496.81610946558,1230.2038905344234,1206.0007698427685,14593.024841571496,0.9909361902255394
20.0,18.0,101301.6,96981.93192647718,4319.668073522822,2633.619786505681,40033.678873153876,0.9573583430713549
20.0,19.0,0.0,0.0,0.0,1731.4600451508968,5194.38013545269,
20.0,20.0,39512.67,39512.67,0.0,1339.7317717194871,9378.12240203641,1.0
20.0,21.0,84854.13,84854.13,0.0,1111.0076056867294,7777.053239807106,1.0
20.0,22.0,100428.19,98630.70114072761,1797.4888592723764,1145.1867394165508,17003.751472277738,0.9821017499242753
20.0,23.0,233697.2,227629.82457568895,6067.375424311045,4018.964532399236,58469.62884834988,0.9740374492107263
20.0,24.0,55392.15,55392.15,0.0,1348.9811172271163,9442.867820589814,1.0
20.0,25.0,113792.37999999999,113183.80307129641,608.5769287035873,1506.3819879550017,13587.55855920295,0.9946518657162845
20.0,26.0,106237.87,104132.09322860536,2105.7767713946414,551.5021469486635,14389.398885613851,0.9801786616072532
20.0,27.0,18153.31,18153.31,0.0,936.2683970617773,6553.878779432441,1.0
20.0,28.0,7673.7,7673.7,0.0,817.1132830844932,5719.792981591452,1.0
20.0,29.0,52776.12,52301.14357006448,474.97642993551744,1403.9760665130198,12202.714615268727,0.9910001639011067
20.0,30.0,30415.86,30310.553006832906,105.30699316709524,1291.6884819375064,9568.35433939802,0.9965377604589483
20.0,31.0,22330.94,22330.94,0.0,1242.4089857041643,8696.86289992915,1.0
20.0,32.0,78963.81999999999,78151.74251038849,812.0774896115163,1049.101022759202,11404.094607371995,0.9897158282158651
20.0,33.0,56302.11,56230.861525994376,71.2484740056243,1287.4502711085026,9368.39426778764,0.9987345327909447
20.0,34.0,132734.18,130600.98064580679,2133.1993541932097,1404.0462759691145,20494.32070274985,0.9839287864347134
20.0,35.0,37172.01,36379.94977193359,792.0602280664061,936.4993440560655,10515.79654872449,0.9786920258531511
20.0,36.0,13853.18,12777.46128821769,1075.718711782311,952.5462387623119,12046.417230247736,0.9223486079165715
20.0,37.0,31334.72,31245.203281619026,89.51671838097536,722.5691362564393,5505.567545699952,0.9971432098840847
20.0,38.0,802941.78,790898.3550848735,12043.424915126525,5311.680104371067,97398.88530623009,0.9850008740171342
20.0,40.0,618536.4299999999,615575.6943704305,2960.7356295694626,1180.5065631458524,23067.22408986828,0.9952133205321967
20.0,41.0,64611.020000000004,63845.20682073908,765.8131792609256,1613.1682728288547,15121.243806106613,0.9881473287488585
20.0,42.0,66300.98,66300.98,0.0,728.4796166609207,5099.357316626445,1.0
20.0,44.0,65070.17,64774.00190713135,296.1680928686492,403.78272974560394,4307.319572562474,0.9954484813414711
20.0,46.0,202577.87,202577.87,0.0,1528.3634100796407,10698.543870557485,1.0
20.0,47.0,38.0,38.0,0.0,1042.707591318685,2085.41518263737,1.0
20.0,48.0,36450.0,22156.71120177964,14293.288798220363,606.7705013506157,75713.83750055611,0.607865876592034
20.0,49.0,147435.44,141259.0449571948,6176.39504280519,1529.8642480338178,41591.024950262676,0.9581077992997803
20.0,50.0,17301.18,17301.18,0.0,1127.1682536737983,7890.177775716588,1.0
20.0,52.0,23513.36,23513.36,0.0,1000.6194270716878,7004.335989501815,1.0
20.0,54.0,185.8,185.8,0.0,895.87929987364,5375.27579924184,1.0
20.0,55.0,100288.06,99839.61622800844,448.44377199155133,1548.673279596067,13082.931817130226,0.9955284430470431
20.0,56.0,17901.86,17792.780417420752,109.07958257924656,569.0566631949515,4528.7945552608935,0.9939068017189695
20.0,58.0,38720.0,36045.900089041366,2674.0999109586337,972.9736627486318,20181.315194033592,0.930937502299622
20.0,59.0,3012.48,3012.48,0.0,781.7863280792083,5472.504296554458,1.0
20.0,60.0,4167.0,4167.0,0.0,702.1682295027578,4915.177606519304,1.0
20.0,67.0,105323.92,104768.95210205566,554.9678979443415,419.9110497245721,5714.216837793712,0.9947308465356745
20.0,71.0,44933.3,44933.3,0.0,947.0726658482197,6629.508660937538,1.0
20.0,72.0,589063.0700000001,528488.5987149266,60574.47128507342,10057.148426651844,373272.39541193005,0.8971681058106844
20.0,74.0,143467.77000000002,141310.5143222817,2157.2556777182945,1609.729068161177,22054.38186571971,0.9849634821973025
20.0,79.0,259478.28,251209.8631945347,8268.416805465291,2283.682182405696,57327.859304166326,0.9681344550092389
20.0,80.0,292705.08,287706.6489890209,4998.431010979082,1174.6427805723017,33214.65451890152,0.9829233199130705
20.0,81.0,253680.0,253309.5578397152,370.4421602847797,960.0322597793056,8572.436619879038,0.998539726583551
20.0,82.0,212673.05,210065.90246978978,2607.1475302102335,401.41928532416154,15845.672648320298,0.9877410535551627
20.0,83.0,35295.840000000004,35295.840000000004,0.0,886.2211200518116,6203.547840362681,1.0
20.0,85.0,31337.190000000002,31231.23093124685,105.95906875315268,641.7954280973844,5022.363340447454,0.9966187437752666
20.0,87.0,340646.79000000004,325194.017019917,15452.77298008297,2374.204590958855,93883.29703712683,0.95463696287852
20.0,90.0,684200.85,681446.0342582355,2754.8157417645125,1453.1323793834538,23946.00536450674,0.995973673897417
20.0,91.0,540315.18,540210.0442151868,105.13578481317381,1407.237286656388,10376.339930660586,0.9998054176734157
20.0,92.0,1227314.69,1221693.489991698,5621.200008301996,4300.191914092987,58207.34344016088,0.9954199195576303
20.0,93.0,369492.54,368619.93372314505,872.6062768549455,2404.40445204755,21193.862548607576,0.9976383656437152
20.0,94.0,420632.54,416653.7680448983,3978.771955101707,516.7046307020054,23510.792190422573,0.9905409791760246
20.0,95.0,1039736.88,1039620.1183702471,116.76162975287298,3986.2795222453797,28487.764804482023,0.9998877007904606
20.0,96.0,74.87,74.87,0.0,1139.2835751965322,5696.417875982661,1.0
20.0,97.0,180734.29,178289.31303205618,2444.976967943814,674.9083176769517,16949.243063457732,0.9864719806742603
20.0,98.0,144106.42,139735.61153719015,4370.808462809862,335.0666932412584,24199.50916673812,0.9696695784767267
20.0,99.0,889.96,889.96,0.0,717.2414040751958,2868.965616300783,1.0
21.0,1.0,96046.78,96046.78,0.0,1805.293397679159,12637.053783754112,1.0
21.0,2.0,308642.09,308642.09,0.0,2902.210679221314,20315.4747545492,1.0
21.0,3.0,73510.39,73510.39,0.0,4129.166025716965,28904.162180018757,1.0
21.0,4.0,117074.76,117074.76,0.0,1441.6540709866624,10091.578496906637,1.0
21.0,5.0,90121.59,83057.81136023322,7063.778639766782,1411.5631947054374,45199.83556177197,0.9216194627750489
21.0,6.0,13746.13,13746.13,0.0,900.8656862892982,6306.059804025087,1.0
21.0,7.0,125258.9,117889.00600791603,7369.893992083958,2898.0765084588243,57136.00551963156,0.9411627118545352
21.0,8.0,107548.54,107548.54,0.0,1066.9426242414888,7468.598369690422,1.0
21.0,9.0,99646.03,95483.8722966193,4162.1577033807025,509.33343513491855,24376.122562847944,0.9582305717209135
21.0,10.0,92412.89,91810.08254925275,602.8074507472575,738.9638233558986,8186.784017227577,0.9934770198102533
21.0,11.0,69426.93,67936.67148539591,1490.2585146040856,795.075786866065,13016.823081082883,0.9785348637106079
21.0,12.0,19175.2,19175.2,0.0,773.494749182976,5414.4632442808315,1.0
21.0,13.0,180979.0,180703.90588211842,275.09411788157377,1630.7416369483242,12790.662048046139,0.9984799666376675
21.0,14.0,85709.0,84787.29818095142,921.7018190485906,821.7222368548228,10360.564753226712,0.9892461489569522
21.0,16.0,17876.57,17876.57,0.0,1337.741850245513,9364.19295171859,1.0
21.0,17.0,39041.3,39041.3,0.0,947.338804917947,6631.371634425629,1.0
21.0,18.0,39341.2,34689.74299339027,4651.457006609733,141.43008514714595,24247.295629078686,0.8817662652229792
21.0,19.0,12272.48,12272.48,0.0,815.970085970234,5711.7906017916375,1.0
21.0,20.0,29467.1,29467.1,0.0,822.7259820457202,5759.081874320042,1.0
21.0,21.0,20773.99,20773.99,0.0,883.9473698644681,6187.631589051277,1.0
21.0,22.0,45724.36,45099.654145920824,624.7058540791768,1013.389298987071,10217.254363305381,0.9863375702999632
21.0,23.0,224183.84999999998,212821.0254014869,11362.824598513082,3137.7473652620224,78778.35454939956,0.9493147048794413
21.0,24.0,60771.0,58622.72439197122,2148.2756080287836,1472.5774689239404,21049.4203226115,0.9646496584221294
21.0,25.0,109405.93,108317.51355817138,1088.4164418286164,1247.9263251038622,14177.566484870116,0.9900515772606786
21.0,26.0,77457.36,71506.95120044373,5950.408799556275,1002.3937164572445,36768.80001298209,0.9231782647955433
21.0,27.0,10750.16,10671.754851716229,78.40514828377172,654.9959009905945,4976.99704835302,0.992706606386903
21.0,28.0,3998.71,3998.71,0.0,837.7762228619514,5864.43356003366,1.0
21.0,29.0,30174.89,30174.89,0.0,736.6772354500081,5156.740648150057,1.0
21.0,30.0,27643.760000000002,27556.527354177095,87.2326458229063,698.8523259438036,5328.129510721157,0.9968444001169556
21.0,31.0,22699.02,22699.02,0.0,954.8229579749368,6683.760705824558,1.0
21.0,32.0,36915.97,36060.61213014082,855.3578698591828,1032.5485169183066,11504.62896772406,0.9768295978716208
21.0,33.0,54304.770000000004,51333.18568296664,2971.5843170333574,1468.0843799428096,25134.512244766454,0.9452794972332382
21.0,34.0,116797.26000000001,112140.90211870418,4656.3578812958185,1058.54738053805,30691.62107024544,0.9601329870127447
21.0,35.0,14367.36,14367.36,0.0,737.5510369889962,5162.857258922973,1.0
21.0,36.0,8126.120000000001,7309.953863215865,816.1661367841357,609.1104695538971,8344.603970797958,0.8995626280704523
21.0,38.0,211991.93,209535.36169918135,2456.568300818657,2933.9589689967024,32820.554287070205,0.9884119725650942
21.0,40.0,262916.14,259730.74953089995,3185.3904691000353,1618.5392734212728,27256.727259449086,0.9878843859905289
21.0,41.0,21524.55,21524.55,0.0,1232.9065237813695,8630.345666469586,1.0
21.0,42.0,38542.31,37262.310012754926,1279.9999872450753,603.8142836450885,10626.699921740996,0.966789743862133
21.0,44.0,32921.4,32374.49023933189,546.9097606681098,509.8090870668597,6303.212412808567,0.9833874087776306
21.0,46.0,115095.48999999999,114636.76732613076,458.7226738692407,1057.7322371807234,9697.739029611266,0.9960144166042542
21.0,49.0,72394.3,68440.03234441207,3954.2676555879298,781.6997750535382,25243.23670331442,0.945378743138784
21.0,52.0,15761.64,15356.450837870709,405.18916212929116,871.0074819002442,8122.998183948166,0.9742927029084987
21.0,54.0,144.52,144.52,0.0,795.8489755709147,3183.395902283659,1.0
21.0,55.0,37415.86,37415.86,0.0,1005.2260407536794,7036.582285275756,1.0
21.0,56.0,7589.67,7589.67,0.0,637.8300403380182,4464.8102823661275,1.0
21.0,58.0,5160.0,5160.0,0.0,690.8235343149626,3454.117671574813,1.0
21.0,59.0,1395.23,1395.23,0.0,678.495228512393,4749.466599586752,1.0
21.0,60.0,1287.0,1287.0,0.0,692.3665508953766,4846.565856267636,1.0
21.0,67.0,28992.56,28821.35858039915,171.2014196008513,542.1011882467749,4650.71541573168,0.9940949878313314
21.0,71.0,26591.399999999998,26591.399999999998,0.0,1157.791874164323,8104.543119150261,1.0
21.0,72.0,240638.59,222907.06550040987,17731.524499590134,5766.162818238008,129020.76222561672,0.9263147091262871
21.0,74.0,64003.16,64003.16,0.0,1114.1016729460348,7798.711710622243,1.0
21.0,79.0,131030.94,130971.88590826906,59.054091730937216,1215.7448452969422,8805.484375733282,0.9995493118516059
21.0,80.0,272.11,272.11,0.0,766.6201782871058,5366.34124800974,1.0
21.0,81.0,41722.65,41512.41157909414,210.23842090585276,288.6044712187981,3071.4234030608504,0.9949610482338525
21.0,82.0,93190.42,92043.90430679408,1146.5156932059163,1217.468363056943,14254.857007428182,0.9876970648570323
21.0,83.0,1108.48,1108.48,0.0,643.6526432370357,4505.56850265925,1.0
21.0,85.0,5867.57,5867.57,0.0,927.9411435094692,6495.588004566284,1.0
21.0,87.0,45454.55,44045.46302857121,1409.0869714287883,1096.829536068574,14723.24160962396,0.9690000897285577
21.0,90.0,74833.86,74833.86,0.0,797.7005273590823,5583.903691513577,1.0
21.0,91.0,44885.659999999996,44885.659999999996,0.0,867.2016152637285,6070.411306846099,1.0
21.0,92.0,172360.45,171998.3204449245,362.1295550755058,1572.3619500863726,12817.181425982137,0.9978989985517239
21.0,93.0,4230.57,4230.57,0.0,756.3685820488683,5294.580074342079,1.0
21.0,94.0,1419.65,1419.65,0.0,1301.811773888084,9112.682417216587,1.0
21.0,95.0,259398.97999999998,259232.37696498889,166.60303501111775,2354.0052687745547,17311.05205647747,0.9993577344251273
21.0,97.0,22138.71,22138.71,0.0,735.7152522087347,5150.006765461143,1.0
21.0,98.0,425.48,425.48,0.0,831.9205071102557,5823.44354977179,1.0
21.0,99.0,29.88,29.88,0.0,1023.2512062576258,1023.2512062576258,1.0
22.0,1.0,153611.91,153611.91,0.0,1955.437956183574,13688.065693285018,1.0
22.0,2.0,368225.79,362077.1295387087,6148.660461291271,2167.666801033927,45916.96991369384,0.983301928794039
22.0,3.0,60868.6,60868.6,0.0,2760.724768116818,19325.073376817723,1.0
22.0,4.0,234409.6,229567.5337003969,4842.066299603106,970.5887161553156,31004.45251110274,0.979343566562107
22.0,5.0,147715.14,142196.23979001518,5518.9002099848185,2342.21336710803,43989.99461968031,0.9626382223922014
22.0,6.0,21397.96,20927.061441435344,470.8985585646551,877.660788471867,8498.118312126346,0.9779932966243204
22.0,7.0,148370.67,142838.78129139353,5531.888708606479,2555.018065615529,45544.5700023411,0.9627157529948036
22.0,8.0,272057.63,268751.00610528485,3306.6238947151505,474.27556794106516,19853.04844916321,0.9878458696610892
22.0,9.0,150639.35,141722.16184606878,8917.188153931227,0.0,44585.94076965614,0.9408043903938033
22.0,10.0,127957.3,127519.48304584925,437.81695415074137,741.5211537130718,7379.73284674521,0.9965784136258677
22.0,11.0,68642.39,65013.71147674472,3628.6785232552756,1448.245998378217,28281.114604923896,0.9471364775723095
22.0,12.0,23869.17,23869.17,0.0,909.416647562962,6365.916532940734,1.0
22.0,13.0,274512.21,272444.2426595544,2067.9673404455752,1189.1674537904817,18664.008878761248,0.9924667564315423
22.0,14.0,107123.39,105447.38962343143,1676.000376568576,626.0690607049154,12762.485307777288,0.9843544871333089
22.0,16.0,44588.72,44588.72,0.0,1952.928768040326,13670.501376282282,1.0
22.0,17.0,97186.13,94272.77929118523,2913.3507088147744,612.3845422519428,18853.44533983747,0.9700229784968825
22.0,18.0,80669.6,66166.50574262341,14503.094257376586,763.5788099114187,77860.52295626287,0.8202161129176717
22.0,19.0,9932.76,9932.76,0.0,764.7553974491982,5353.287782144387,1.0
22.0,20.0,39873.44,39873.44,0.0,1249.9532165909384,8749.672516136568,1.0
22.0,21.0,33215.77,33171.824630999865,43.94536900013554,849.6647922161093,6167.380390513443,0.998676972745171
22.0,22.0,81179.93,78815.10665139498,2364.823348605023,1530.3527056988207,22536.585682916862,0.9708693595990411
22.0,23.0,200180.77,191010.1313599813,9170.638640018711,2403.79937810415,62679.7888468226,0.9541882137828788
22.0,24.0,59364.29,55245.911967821456,4118.378032178546,1462.1712781475285,30827.08910792543,0.9306253299386121
22.0,25.0,70449.03,68400.49152364905,2048.538476350952,1171.0034047908405,18439.716215290642,0.9709216936507011
22.0,26.0,77301.59,72488.24199968381,4813.3480003161785,685.5534988531593,28865.61449355301,0.9377328719847007
22.0,27.0,16373.92,16106.169167549786,267.75083245021506,556.4312476864565,5233.772896056271,0.983647725624028
22.0,28.0,7300.86,7300.86,0.0,673.1890608034724,4712.323425624307,1.0
22.0,29.0,50837.89,50344.397301123216,493.49269887678474,601.5068363694128,6678.011348969813,0.990292817052856
22.0,30.0,26602.760000000002,26602.760000000002,0.0,1178.3013856616376,8248.109699631463,1.0
22.0,31.0,19551.27,19551.27,0.0,814.2073576042657,5699.45150322986,1.0
22.0,32.0,33109.2,33109.2,0.0,1086.6087651405564,7606.261355983895,1.0
22.0,33.0,50938.909999999996,49789.590418599255,1149.3195814007468,915.9814769367742,12158.468245561155,0.9774372953523988
22.0,34.0,154403.08000000002,145436.80725922584,8966.272740774166,948.6284416917385,51471.762795713,0.9419294437599679
22.0,35.0,34730.49,33743.44494663273,987.0450533672702,668.7624236085118,9616.562232095934,0.9715798696371036
22.0,36.0,15816.78,15816.78,0.0,763.6672131556827,5345.670492089779,1.0
22.0,38.0,520698.75,505261.0358918493,15437.7141081507,4701.969882647697,110102.35971928737,0.9703519278505073
22.0,40.0,397586.59,396726.9873769173,859.6026230826683,1403.2395227348222,14120.689774557097,0.9978379486514304
22.0,41.0,5779.9400000000005,5779.9400000000005,0.0,906.3622843177951,6344.5359902245655,1.0
22.0,42.0,54956.0,54502.54500429932,453.4549957006766,1067.9280467387491,9742.771305674627,0.9917487627247128
22.0,44.0,45271.09,44252.287595070775,1018.802404929228,409.65491986007146,7961.59646366664,0.9774955185543529
22.0,46.0,139064.5,137968.61971224076,1095.8802877592498,626.348427772023,9863.84043320041,0.9921196258731795
22.0,47.0,0.0,0.0,0.0,1120.421494594123,1120.421494594123,
22.0,49.0,115.64,115.64,0.0,969.6639070031384,5817.983442018831,1.0
22.0,52.0,15849.91,15849.91,0.0,909.4722915478582,6366.3060408350075,1.0
22.0,54.0,316.64,316.64,0.0,718.4711933682787,5029.298353577951,1.0
22.0,55.0,47067.119999999995,47067.119999999995,0.0,1364.3482742450144,9550.437919715101,1.0
22.0,56.0,16247.51,15820.763246946883,426.7467530531176,705.5277666272926,7072.428131656637,0.973734636688753
22.0,58.0,24175.0,19387.059250716575,4787.940749283425,1340.8988918603116,33325.99598943931,0.8019466080958252
22.0,59.0,1933.15,1933.15,0.0,725.938351146741,5081.568458027186,1.0
22.0,60.0,3132.0,3132.0,0.0,704.8062736679836,4933.643915675885,1.0
22.0,67.0,74931.52,73934.21979548769,997.3002045123158,616.5184810778204,9302.130390106322,0.9866905114895265
22.0,71.0,30356.48,30356.48,0.0,838.0480116400494,5866.3360814803455,1.0
22.0,72.0,421807.39,392376.1022695621,29431.287730437907,4989.243701796947,182081.14456476818,0.9302257655314243
22.0,74.0,113189.53,113189.53,0.0,2179.150130203484,15254.050911424389,1.0
22.0,79.0,109002.92,108014.4825751922,988.4374248077856,1269.616421884381,13829.502077229596,0.9909320096671924
22.0,80.0,10523.37,10523.37,0.0,888.0707191951586,6216.49503436611,1.0
22.0,81.0,81926.19,80830.81482752654,1095.3751724734684,1086.140141183713,13079.856850653334,0.9866297313170128
22.0,82.0,133795.41,124221.20226053672,9574.207739463276,677.8815498779048,52616.20954646171,0.9284414335330092
22.0,83.0,9717.56,9717.56,0.0,527.6596614482778,3693.6176301379446,1.0
22.0,85.0,17809.21,17809.21,0.0,811.6459256539731,5681.521479577812,1.0
22.0,87.0,113305.71,110581.96801036005,2723.741989639944,1231.6131197231548,22240.001786261804,0.975961123321676
22.0,90.0,162552.75,160924.08251604385,1628.6674839561383,491.0268107324654,11580.52509490795,0.9899806832923088
22.0,91.0,150978.07,150226.3210671225,751.7489328775009,621.8410063903013,8111.631709119614,0.9950208071087576
22.0,92.0,393904.61,385458.575860665,8446.03413933501,2163.218754989386,57372.70198160075,0.9785581739210034
22.0,93.0,18888.32,18888.32,0.0,798.9468967354177,5592.628277147924,1.0
22.0,94.0,308.53,308.53,0.0,1342.7137922092556,9398.99654546479,1.0
22.0,95.0,390019.57,381925.6281600064,8093.94183999356,3564.4312377358533,65420.72786411877,0.9792473443319945
22.0,96.0,15.5,15.5,0.0,1049.6375014519817,4198.550005807927,1.0
22.0,97.0,32718.440000000002,32718.440000000002,0.0,657.3102949866282,4601.172064906397,1.0
22.0,98.0,1668.54,1668.54,0.0,762.3748336101528,5336.62383527107,1.0
23.0,1.0,264973.62,260944.07784987512,4029.542150124893,3259.706959020933,42965.65946377099,0.9847926667185779
23.0,2.0,488727.54,486259.1786307212,2468.3613692788203,3610.528312800795,37615.50503599967,0.9949494121626974
23.0,3.0,101653.18,101653.18,0.0,2307.5961794866794,16153.173256406757,1.0
23.0,4.0,198215.5,197097.23785331906,1118.262146680947,1629.3178974698421,16996.53601569363,0.9943583516592752
23.0,5.0,207553.29,207553.29,0.0,6501.954363715377,45513.68054600764,1.0
23.0,6.0,35370.49,32363.732742086984,3006.7572579130183,861.3622509284162,21063.322046064004,0.9149924906917316
23.0,7.0,213467.11,212561.75540903036,905.354590969655,2576.4857087200317,22562.172915888495,0.9957588099123578
23.0,8.0,282366.85,281114.1827978305,1252.6672021694976,792.7099886997738,11812.305931745905,0.995563688860185
23.0,9.0,336776.89,327716.48632795515,9060.40367204485,1286.9004757756181,54310.321690653574,0.9730967179130229
23.0,10.0,210760.59,210760.59,0.0,2250.543388894252,15753.803722259763,1.0
23.0,11.0,172235.63999999998,164513.22408778276,7722.415912217228,2265.544438910586,54470.890633460236,0.955163658855872
23.0,12.0,34807.42,34807.42,0.0,1447.099155996452,10129.694091975165,1.0
23.0,13.0,276718.3,275662.6596793371,1055.6403206628602,2326.332082999448,21562.526184310438,0.9961851445290648
23.0,14.0,229062.18,226831.7884050655,2230.391594934492,2553.786486114622,29028.463377474814,0.9902629425995401
23.0,16.0,48580.68,48580.68,0.0,1105.3864559244166,7737.705191470916,1.0
23.0,17.0,190657.38999999998,187927.20190151333,2730.1880984866802,1833.350635739376,26484.394942609033,0.9856801349347819
23.0,18.0,96042.85,92447.5882381128,3595.2617618872055,1138.533541355197,25946.043598922406,0.962566065439674
23.0,19.0,7734.37,7734.37,0.0,1041.8952852717623,7293.266996902336,1.0
23.0,20.0,76332.91,76332.91,0.0,1643.9382974268294,11507.568081987805,1.0
23.0,21.0,58110.84,58110.84,0.0,1043.2198111496402,7302.538678047482,1.0
23.0,22.0,168815.48,167509.27854073985,1306.2014592601554,1797.6056323520643,19114.246722765227,0.9922625492682297
23.0,23.0,357543.03,349850.01567797293,7693.014322027098,3586.5748464144385,63571.09553503656,0.9784836686033928
23.0,24.0,78408.94,77616.70963618057,792.230363819428,1027.646196451319,11154.675194256373,0.9898961730152273
23.0,25.0,113482.2,113482.2,0.0,1468.4917189451066,10279.442032615747,1.0
23.0,26.0,119478.3,110860.96262581144,8617.337374188559,782.8161286191304,48566.39977127671,0.9278752930516373
23.0,27.0,29247.48,28237.779453153194,1009.700546846806,630.8714964809357,9464.60320960058,0.9654773489255551
23.0,28.0,9603.35,9603.35,0.0,708.0231900644937,4956.162330451456,1.0
23.0,29.0,75419.14,74799.32549730316,619.814502696845,1266.8951272070415,11967.338403933516,0.9917817346803895
23.0,30.0,42552.8,42552.8,0.0,1318.0298267529895,9226.208787270927,1.0
23.0,31.0,30633.76,30028.565242810102,605.1947571898972,1142.1903990121502,11021.306579034537,0.9802441895088981
23.0,32.0,64623.19,64570.34691407413,52.84308592587331,1459.123873563832,10478.08254457619,0.9991822891143896
23.0,33.0,76071.17,76071.17,0.0,1390.0306854590413,9730.214798213288,1.0
23.0,34.0,178847.51,177617.65619171585,1229.8538082841442,1553.7530395581307,17025.540318327636,0.9931234502046791
23.0,35.0,35866.020000000004,35866.020000000004,0.0,936.8080087997348,6557.656061598143,1.0
23.0,36.0,17280.88,17280.88,0.0,818.2636258660544,5727.845381062381,1.0
23.0,38.0,325192.08,315076.938316525,10115.141683474969,2842.270668414866,70471.60309627891,0.9688948707377038
23.0,40.0,444337.8,442277.09302428213,2060.7069757178615,2822.6764881040913,30062.270295317947,0.995362296487677
23.0,41.0,12470.18,12470.18,0.0,739.4345295256547,5176.0417066795835,1.0
23.0,42.0,92304.68000000001,92181.10927425278,123.57072574721496,1062.1546276756758,8052.936022465805,0.9986612734506287
23.0,44.0,52673.770000000004,52673.770000000004,0.0,1281.23367668856,8968.63573681992,1.0
23.0,46.0,222577.95,222106.04529427795,471.90470572206686,2919.247342880131,22794.25492877125,0.9978798227509865
23.0,49.0,184293.36,179465.0026178159,4828.357382184116,1002.8745714563005,31161.908911114686,0.9738006980708144
23.0,50.0,52289.0,49447.49351798304,2841.50648201696,1029.4479631875677,21413.668152397775,0.9456576625673285
23.0,52.0,18210.68,18210.68,0.0,1073.5383342595971,7514.768339817179,1.0
23.0,54.0,395.54,395.54,0.0,787.3037686459855,5511.126380521899,1.0
23.0,55.0,71937.25,71913.5708964353,23.679103564709294,1449.8367170811164,10267.252537391363,0.9996708366866303
23.0,56.0,25506.36,25506.36,0.0,1550.0934676980326,10850.654273886228,1.0
23.0,58.0,38195.0,31494.184441568512,6700.815558431488,151.7697951006438,34566.46635786195,0.8245630171899073
23.0,59.0,2984.81,2984.81,0.0,872.4987414658996,6107.491190261297,1.0
23.0,60.0,1044.0,1044.0,0.0,713.4203221804036,4993.942255262825,1.0
23.0,67.0,92139.89,92139.89,0.0,941.98978594024,6593.92850158168,1.0
23.0,71.0,78064.14,77880.23405966876,183.90594033123853,1839.2021689595495,13793.944884373039,0.9976441687523715
23.0,72.0,465740.26,454926.9859918237,10813.274008176304,8568.374741708369,114044.99323284009,0.9767826083831012
23.0,74.0,268590.24,266637.9671871852,1952.2728128148156,3529.5779324671375,34468.40959134404,0.9927314082119484
23.0,79.0,200217.2,199466.63888424597,750.5611157540297,1555.7390926632386,14642.97922741282,0.996251265546846
23.0,80.0,12009.9,12009.9,0.0,660.6634536883327,4624.644175818328,1.0
23.0,81.0,63490.1,62917.60312518649,572.4968748135088,608.2033629817909,7119.90791494008,0.9909828953677265
23.0,82.0,163390.91,163001.76910714104,389.14089285894806,1264.0145810706833,10793.806531789523,0.9976183442955366
23.0,83.0,6300.78,6300.78,0.0,858.9981502613113,6012.987051829179,1.0
23.0,85.0,30793.79,30793.79,0.0,1115.456068829989,7808.192481809922,1.0
23.0,87.0,253386.13999999998,249318.63197370846,4067.508026291536,1048.7219159359863,27678.593543009585,0.9839473933882432
23.0,90.0,173648.13,172255.92491148418,1392.2050885158278,813.4269784523993,12655.014291745934,0.9919826082289753
23.0,91.0,159968.6,159902.9665707482,65.63342925181132,880.0725807104069,6488.6752112319045,0.9995897105478712
23.0,92.0,525391.23,515287.2811232614,10103.948876738636,649.0106086924081,55062.818644540035,0.9807687142460703
23.0,93.0,15256.4,15256.4,0.0,1074.5761104061462,7522.032772843024,1.0
23.0,94.0,2142.9799999999996,2142.9799999999996,0.0,1598.5377667348114,9591.226600408869,1.0
23.0,95.0,385655.98,385155.8700413131,500.10995868686587,2556.4698936268937,20395.839048822585,0.9987032226009127
23.0,96.0,104782.03,102222.75308129106,2559.276918708949,1341.120894778256,22184.230856992537,0.9755752306124539
23.0,97.0,50378.0,50378.0,0.0,666.4947381841145,4665.463167288801,1.0
23.0,98.0,1076.4,1076.4,0.0,784.3787746884801,5490.651422819361,1.0
24.0,1.0,134219.07,132210.95600870522,2008.1139912947692,1430.4924180479961,20054.016882809818,0.9850385344549416
24.0,2.0,269729.4,268041.11464585,1688.28535415003,2299.9680436615995,24541.203076381345,0.9937408181898226
24.0,3.0,67687.14,67687.14,0.0,3540.951498745127,24786.66049121589,1.0
24.0,4.0,206217.08000000002,205122.11872810326,1094.9612718967328,878.4192153150242,11623.740866688833,0.9946902493629686
24.0,5.0,162231.26,161515.60323077015,715.656769229834,3153.872655052157,25655.39243151427,0.9955886629418408
24.0,6.0,21584.47,19937.279894629,1647.1901053710035,1313.8173605882523,17432.672050972782,0.9236863307104134
24.0,7.0,160756.24,146365.78451304414,14390.455486955856,2679.8764008964863,90711.41224105468,0.9104827564581266
24.0,8.0,374608.52,366940.58401006967,7667.935989930309,371.2037934385527,40938.106503721414,0.9795308019424376
24.0,9.0,191988.74,179899.54439820824,12089.195601791758,714.1969060389534,65445.356351231465,0.9370317467483158
24.0,10.0,182874.96,182874.96,0.0,3602.929514845027,25220.50660391519,1.0
24.0,11.0,100466.88,97202.11541431266,3264.7645856873405,1148.242402159407,24361.51974355255,0.9675040711358077
24.0,12.0,30796.39,30796.39,0.0,1060.3884020455,7422.718814318499,1.0
24.0,13.0,209331.2,208734.71442436377,596.4855756362267,2160.520024563875,18106.06805012826,0.9971505175738914
24.0,14.0,111111.35,109557.12330742899,1554.22669257101,1657.379845734639,19372.792382997526,0.9860119898410827
24.0,16.0,46421.84,46421.84,0.0,1740.609453962848,12184.266177739935,1.0
24.0,17.0,97260.5,95858.15842897214,1402.3415710278605,1366.6342277431934,16578.147449341654,0.9855815920026335
24.0,18.0,61902.14,58062.052038117865,3840.0879618821364,1082.390817382547,26777.175531088513,0.9379651824334
24.0,19.0,491.71,491.71,0.0,918.5973393929288,6430.1813757505015,1.0
24.0,20.0,32930.5,32930.5,0.0,1551.4052753327037,10859.836927328926,1.0
24.0,21.0,38541.0,38541.0,0.0,1225.7278519837273,8580.094963886091,1.0
24.0,22.0,83936.75,81799.14211583967,2137.607884160334,2003.7746586383819,24714.46203127034,0.9745331111323666
24.0,23.0,182162.24,175151.1867559115,7011.053244088511,3413.295884444729,58948.33741155566,0.9615120386964473
24.0,24.0,38181.36,37336.0504988983,845.3095011016994,1695.5243117570549,16095.21768780788,0.9778606759659242
24.0,25.0,79714.87,78033.31228057259,1681.5577194274192,1872.3633991094102,21514.332390902968,0.9789053445181883
24.0,26.0,62742.490000000005,61568.34912487346,1174.1408751265426,1113.24751485979,13663.436979651244,0.9812863519581938
24.0,27.0,14480.81,14480.81,0.0,769.6488758308661,5387.542130816063,1.0
24.0,28.0,5121.9,5121.9,0.0,806.2865558597047,5644.005891017932,1.0
24.0,29.0,34486.77,33707.5095029893,779.2604970107013,1072.234108647522,11401.94124558616,0.9774040741707415
24.0,30.0,22095.8,21975.07481007265,120.72518992735331,1200.0972268622572,9004.306537672568,0.9945362833693575
24.0,31.0,14385.34,14385.34,0.0,1100.2423866938036,7701.696706856625,1.0
24.0,32.0,34162.66,34162.66,0.0,1328.771782876313,9301.402480134191,1.0
24.0,33.0,36531.99,36039.65556013535,492.3344398646541,1569.3709534214977,13447.268873273753,0.9865231967964337
24.0,34.0,108706.21,105597.61929030258,3108.590709697415,1018.7811207278357,22674.421393581928,0.9714037430824106
24.0,35.0,21380.18,21242.444319317372,137.7356806826274,762.1687326871887,6023.859532223458,0.9935577866658453
24.0,36.0,7385.15,7385.15,0.0,755.3914748661534,5287.740324063074,1.0
24.0,37.0,21098.77,21098.77,0.0,1028.4756204313016,7199.329343019112,1.0
24.0,38.0,394270.48,385734.6938012291,8535.786198770846,5595.223451806348,81845.49515649865,0.9783504303980078
24.0,40.0,324372.99,322559.6135039285,1813.3764960714616,1830.5064516218376,21880.427641710172,0.9944095946580772
24.0,41.0,9814.82,9814.82,0.0,821.1147233719142,5747.8030636034,1.0
24.0,42.0,41243.64,41243.64,0.0,1161.2277898797724,8128.594529158408,1.0
24.0,44.0,33671.78,33671.78,0.0,750.2275431023136,5251.592801716195,1.0
24.0,46.0,93236.12,93236.12,0.0,1321.43554992103,9250.04884944721,1.0
24.0,49.0,30550.05,30321.765190349128,228.2848096508742,1086.9882439251182,8750.341755730198,0.9925275143690151
24.0,50.0,7210.5,7210.5,0.0,787.0653946812179,5509.457762768525,1.0
24.0,52.0,8613.35,8613.35,0.0,1075.3963454594546,7527.774418216182,1.0
24.0,54.0,105.08,105.08,0.0,746.6556751643916,4479.93405098635,1.0
24.0,55.0,70625.67,69453.6783134906,1171.991686509402,2328.5521404465753,22159.82341567304,0.9834055848743184
24.0,56.0,9528.28,9528.28,0.0,1214.7152974376836,8503.007082063785,1.0
24.0,58.0,20125.0,16621.467444678896,3503.532555321105,786.6823522979375,23024.43924269109,0.8259114258225538
24.0,59.0,1386.19,1386.19,0.0,723.6893650865188,5065.825555605632,1.0
24.0,60.0,585.0,585.0,0.0,713.0305513464682,4991.213859425277,1.0
24.0,67.0,66822.64,66611.615153467,211.0248465329878,866.7804294578588,7122.58723886995,0.9968420157220219
24.0,71.0,29674.15,29674.15,0.0,1360.232650112392,9521.628550786745,1.0
24.0,72.0,364911.38,347773.18140597886,17138.19859402111,4536.4988810618515,117446.4851375385,0.9530346283143564
24.0,74.0,98603.5,97193.01957643696,1410.4804235630472,1634.0534270524424,18490.776107182333,0.985695432478938
24.0,77.0,125.0,125.0,0.0,1185.2847816919339,1185.2847816919339,1.0
24.0,79.0,146324.88,143743.5425598478,2581.3374401522087,1202.8006084660458,21326.291460023363,0.982358861731838
24.0,80.0,199967.62,199967.62,0.0,1960.8589298477673,13726.012508934371,1.0
24.0,81.0,175642.16999999998,173502.58218434884,2139.5878156511535,473.5676314108828,14012.912498131947,0.9878184845037433
24.0,82.0,136577.02000000002,127257.36585492131,9319.6541450787,668.2421478464665,51275.965760318766,0.9317626483204956
24.0,83.0,29040.95,28869.882197740295,171.0678022597058,483.99135764980673,4243.278514847176,0.9941094281605902
24.0,85.0,10876.36,10876.36,0.0,682.5655176054541,4777.958623238179,1.0
24.0,87.0,190783.27000000002,187546.69755885,3236.5724411500087,1492.0612053340794,26627.2906430886,0.9830353445501273
24.0,90.0,545861.95,530547.0293315739,15314.920668426072,0.0,76574.60334213036,0.9719436009994357
24.0,91.0,367854.29,363727.4144546244,4126.875545375617,964.4392338103904,27385.452363550816,0.9887812221916031
24.0,92.0,930499.09,905615.1169606025,24883.973039397475,1012.0878699175519,131504.48028641025,0.9732573913216858
24.0,93.0,290685.63,281534.780957864,9150.849042136018,258.8232030494598,47566.00763202631,0.968519774981185
24.0,94.0,333111.25,331001.91349340836,2109.336506591644,823.4364372408589,16310.737593644233,0.9936677716330756
24.0,95.0,637172.3300000001,632987.5106892508,4184.819310749212,2333.8383683764987,37260.96513238155,0.99343220175498
24.0,96.0,81005.09,80495.72908673671,509.3609132632828,1828.5228513192108,15346.46452555089,0.993711988798935
24.0,97.0,135210.13,133671.74817238544,1538.3818276145612,443.4040981450011,10795.737825087814,0.9886222886730857
24.0,98.0,74473.84,73326.12810507344,1147.7118949265641,492.45894659446066,9185.772100794045,0.9845890597970165
24.0,99.0,680.03,680.03,0.0,602.1568220716625,1806.4704662149877,1.0
25.0,1.0,160238.76,158752.02504713583,1486.734952864168,1365.237058592668,16990.334174469517,0.9907217520101618
25.0,2.0,246480.32,246480.32,0.0,1552.7583161112905,10869.308212779033,1.0
25.0,3.0,58877.979999999996,58877.979999999996,0.0,2830.670767982484,19814.69537587739,1.0
25.0,4.0,143060.22,142745.29915471608,314.9208452839339,1095.5226880274438,9243.263042611776,0.9977986833426936
25.0,5.0,73324.83,69835.88978484835,3488.940215151655,1681.7344467413018,29216.842202947388,0.9524180251743966
25.0,6.0,15630.11,15262.168781960096,367.9412180399054,582.441059037246,5916.793503460249,0.9764594607434046
25.0,7.0,99338.35,94213.18400801941,5125.165991980593,1662.1306417265125,37260.744451988554,0.9484069748291512
25.0,8.0,221494.11000000002,218896.89024102938,2597.2197589706193,379.245353932969,15640.81627238388,0.9882740910854441
25.0,9.0,91657.98000000001,88826.3618016317,2831.6181983683,786.8039241864024,19665.718461146316,0.9691066920919673
25.0,10.0,156773.76,149579.50765546647,7194.2523445335355,852.5484781153785,41939.10106947533,0.9541106091699686
25.0,11.0,67990.5,65767.13908981855,2223.3609101814436,1280.8345328001628,20082.646280508357,0.9672989474973496
25.0,12.0,21857.79,21857.79,0.0,921.7826658864677,6452.478661205274,1.0
25.0,13.0,179811.31,178528.54620384937,1282.7637961506443,1618.5591143725808,17743.732781361286,0.9928660561109831
25.0,14.0,64236.299999999996,63142.37251756736,1093.9274824326385,1438.8566938669956,15541.634269232161,0.9829702600798516
25.0,16.0,44059.38,44059.38,0.0,1736.490893857502,12155.436257002513,1.0
25.0,17.0,77425.53,76238.6915292902,1186.8384707098048,610.1323131579112,10205.118545654403,0.9846712257480214
25.0,18.0,55580.7,50115.532321933955,5465.167678066044,1527.6727912411063,38019.54792901796,0.9016714852805733
25.0,20.0,19971.53,19971.53,0.0,1191.067127935307,8337.46989554715,1.0
25.0,21.0,31151.04,31151.04,0.0,1142.0628813785356,7994.44016964975,1.0
25.0,22.0,39676.4,39676.4,0.0,1193.6485014647926,8355.539510253548,1.0
25.0,23.0,111997.23,108321.9077322215,3675.322267778496,1150.1853155619174,26427.9085478259,0.9671838109944461
25.0,24.0,23886.510000000002,23159.68214062525,726.8278593747518,911.1738703399227,10012.356389253218,0.9695716176463304
25.0,25.0,50395.1,49942.87359375014,452.2264062498598,776.0347101809031,7693.3750025156205,0.991026381409108
25.0,26.0,33598.93,33598.93,0.0,726.4574731212381,5085.202311848667,1.0
25.0,27.0,8475.84,8475.84,0.0,692.6844032580435,4848.790822806304,1.0
25.0,28.0,5308.38,5308.38,0.0,716.9374864516766,5018.562405161736,1.0
25.0,29.0,23757.34,23757.34,0.0,767.6964985104727,5373.875489573309,1.0
25.0,30.0,13900.98,13900.98,0.0,841.3717720457933,5889.6024043205525,1.0
25.0,31.0,10599.0,10599.0,0.0,855.1053610294492,5985.7375272061445,1.0
25.0,32.0,21356.51,21356.51,0.0,954.1552344454813,6679.086641118369,1.0
25.0,33.0,20576.67,20576.67,0.0,908.2948572055788,6358.064000439052,1.0
25.0,34.0,72641.3,69518.16583880488,3123.1341611951157,906.2488127995049,21959.412495572113,0.9570060810971841
25.0,35.0,13356.32,13356.32,0.0,776.8577305044367,5438.004113531058,1.0
25.0,36.0,5499.6900000000005,5499.6900000000005,0.0,718.7814269065636,5031.469988345945,1.0
25.0,37.0,22599.07,22278.006468601016,321.0635313989851,691.5842399182186,6446.407336422455,0.9857930644314574
25.0,38.0,291254.31,279165.2819108392,12089.028089160776,3848.6050370099815,87385.37570487376,0.9584932216482537
25.0,40.0,304152.62,301131.3885579405,3021.2314420594994,1628.2975497779553,26504.240058743184,0.990066725573301
25.0,41.0,33769.46,33282.960969072345,486.4990309276518,1014.9819736449984,9537.36897015325,0.9855935205677658
25.0,42.0,39955.590000000004,39955.590000000004,0.0,523.9355300217622,3667.548710152336,1.0
25.0,44.0,27714.47,27225.886454768424,488.58354523157686,671.2528600630542,7141.687746599264,0.9823708140465405
25.0,46.0,118549.73999999999,117651.8119843742,897.9280156257955,572.5572760569711,8497.541010527775,0.9924257276681856
25.0,49.0,82961.35,79980.2556480784,2981.094351921607,948.6694835548157,21546.158144491746,0.9640664676753499
25.0,50.0,15186.0,15186.0,0.0,615.1745655231186,4306.22195866183,1.0
25.0,52.0,10395.19,10395.19,0.0,1096.1441998625903,7673.009399038132,1.0
25.0,54.0,59.720000000000006,59.720000000000006,0.0,940.6653221219118,2821.9959663657355,1.0
25.0,55.0,28928.27,28310.449112970127,617.8208870298718,1213.9252387735646,11586.581106564312,0.9786430060618947
25.0,56.0,17379.77,16510.373516916843,869.3964830831587,463.69674280691106,7592.8596150641715,0.9499765254037794
25.0,58.0,3110.0,3110.0,0.0,823.2171681256283,4939.30300875377,1.0
25.0,59.0,1181.99,1181.99,0.0,827.9093469309709,5795.365428516796,1.0
25.0,60.0,1251.0,1251.0,0.0,733.1241572905122,5131.869101033586,1.0
25.0,67.0,55229.61,54921.701726111874,307.90827388812795,528.2122029809817,5237.026790307512,0.9944249420937767
25.0,71.0,21392.17,21358.38824859349,33.781751406512285,728.2851476320258,5266.904790456742,0.9984208356886417
25.0,72.0,225020.31,222685.51348036173,2334.7965196382647,4141.09729392711,40661.66365568109,0.9896240631806157
25.0,74.0,78487.61,77901.28921104566,586.3207889543355,1061.9829264998941,10365.484430270937,0.9925297663038237
25.0,79.0,58259.61,57519.55685387759,740.0531461224109,862.7539710532902,9739.543527985086,0.9872973206287785
25.0,80.0,3868.27,3868.27,0.0,774.5944039214831,5422.160827450382,1.0
25.0,81.0,63346.06,62049.777759144956,1296.2822408550437,496.27660305678313,9955.3474256727,0.9795364977576342
25.0,82.0,74776.97,74547.16753902438,229.80246097562303,745.661257875707,6368.641110008064,0.9969268283941483
25.0,83.0,1309.94,1309.94,0.0,738.4774064171353,5169.341844919947,1.0
25.0,85.0,20142.58,20142.58,0.0,654.4991400235683,4581.493980164978,1.0
25.0,87.0,45347.08,45347.08,0.0,1164.4495216158243,8151.146651310771,1.0
25.0,90.0,92264.55,91753.56318790485,510.9868120951578,455.1719152169363,5741.137466994343,0.9944617210825267
25.0,91.0,58921.95,58898.44512195987,23.504878040133917,635.9465011763298,4569.149898434978,0.9996010845187553
25.0,92.0,312480.96,308497.4899828233,3983.4700171766744,424.4039883519134,22888.178004346766,0.9872521192421557
25.0,93.0,5971.82,5971.82,0.0,824.4332087137794,5771.032460996456,1.0
25.0,94.0,34305.9,32947.305034909405,1358.5949650905932,306.46334212253504,8938.218220310711,0.9603976294138735
25.0,95.0,313992.48,313992.48,0.0,1168.390704470142,8178.734931290994,1.0
25.0,96.0,0.0,0.0,0.0,1053.7885325099069,1053.7885325099069,
25.0,97.0,20057.89,20057.89,0.0,647.3384526310357,4531.36916841725,1.0
25.0,98.0,9004.86,9004.86,0.0,727.2975030054662,5091.082521038264,1.0
26.0,1.0,136982.32,136982.32,0.0,1897.1993344696743,13280.39534128772,1.0
26.0,2.0,187249.09,187249.09,0.0,1839.5165306604738,12876.615714623316,1.0
26.0,3.0,44575.33,44575.33,0.0,1076.4069690366023,7534.848783256216,1.0
26.0,4.0,175264.15,175264.15,0.0,1443.1113545611172,10101.77948192782,1.0
26.0,5.0,106343.25,104619.86676696064,1723.383233039367,2402.5197780794733,25434.55461175315,0.9837941455330793
26.0,6.0,31689.02,27989.494859892213,3699.5251401077876,1011.6834284544968,25579.409699720418,0.8832552997818238
26.0,7.0,87579.5,86141.05117575824,1438.4488242417501,1388.7305676223134,16913.358094564945,0.9835755076902499
26.0,8.0,207536.96,206014.11390431446,1522.8460956855342,1495.6979602240478,18084.116199996006,0.9926622896678956
26.0,9.0,120848.87,115886.12237139576,4962.747628604233,1172.6769747120343,33022.47696600541,0.9589342653464262
26.0,10.0,71628.97,71202.779951619,426.19004838100045,1025.9902073004973,9312.881693008483,0.9940500324326735
26.0,11.0,87207.73,82647.5174980868,4560.212501913196,994.555437883838,29762.950574752846,0.9477086205326846
26.0,12.0,33261.73,33261.73,0.0,1056.4567497140945,7395.197247998662,1.0
26.0,13.0,154912.77,154866.24935047806,46.5206495219245,1120.2436112836024,8074.308526594839,0.9996996977749353
26.0,14.0,75695.34,74567.9995118745,1127.3404881255046,868.9603707215364,11719.425035678278,0.9851068706722832
26.0,16.0,36327.35,34950.889169692135,1376.4608303078676,1121.1539546625318,14730.38183417706,0.9621095172010107
26.0,17.0,60140.04,60140.04,0.0,814.499554792969,5701.4968835507825,1.0
26.0,18.0,32246.32,26441.71156790341,5804.608432096588,168.37397768916384,30201.660004307087,0.8199916011471514
26.0,19.0,10712.99,10712.99,0.0,681.3460887970657,4769.42262157946,1.0
26.0,20.0,23981.81,23981.81,0.0,932.5406850098128,6527.78479506869,1.0
26.0,21.0,39270.29,39270.29,0.0,899.8046745893499,6298.63272212545,1.0
26.0,22.0,48277.89,48277.89,0.0,884.1154397074554,6188.808077952188,1.0
26.0,23.0,102919.45,98994.7350042099,3924.714995790104,1133.1558394187684,27555.665854881896,0.9618661487620649
26.0,24.0,16977.78,16707.74096773357,270.0390322664284,818.4793460443054,7079.55058364228,0.9840945616996788
26.0,25.0,46254.92,46083.92770933747,170.99229066253156,1017.5596398288453,7977.878932114575,0.9963032626440057
26.0,26.0,30099.67,30099.67,0.0,756.6120463802332,5296.284324661632,1.0
26.0,27.0,8795.49,8795.49,0.0,579.3061876698026,4055.143313688618,1.0
26.0,28.0,3634.04,3634.04,0.0,704.6694750296354,4932.686325207447,1.0
26.0,29.0,25094.47,24731.624849954303,362.8451500456972,558.9720321144199,5727.029975029425,0.9855408323010728
26.0,30.0,14733.220000000001,14733.220000000001,0.0,802.8174955682354,5619.722468977648,1.0
26.0,31.0,9395.83,9395.83,0.0,691.055973587437,4837.39181511206,1.0
26.0,32.0,22293.91,22293.91,0.0,1106.1730166766047,7743.211116736233,1.0
26.0,33.0,20461.690000000002,20021.316789412966,440.3732105870349,776.8942587176579,7640.1258639587795,0.9784781603774158
26.0,34.0,58179.41,55606.90303025058,2572.506969749422,832.076001947731,18687.066862381227,0.9557832062967049
26.0,35.0,13694.95,13694.95,0.0,714.2062366291815,4999.443656404271,1.0
26.0,36.0,5435.32,5435.32,0.0,836.1605548427013,5853.123883898909,1.0
26.0,38.0,707211.04,695094.8976327169,12116.142367283042,4666.128362321814,93243.61037266791,0.9828677131973461
26.0,40.0,275674.11,274846.32151453616,827.7884854638396,1788.0314623268985,16655.162663607487,0.9969972207928274
26.0,41.0,4149.32,4149.32,0.0,1307.3877380303736,9151.714166212616,1.0
26.0,42.0,21081.48,21081.48,0.0,972.2013468659474,6805.409428061632,1.0
26.0,44.0,29983.809999999998,29630.091171838645,353.7188281613535,723.7503922295567,6834.846886413665,0.988203005950166
26.0,46.0,62333.16,62110.46581642906,222.69418357094037,871.6718770100018,7215.174056924715,0.9964273561043441
26.0,47.0,113.92,113.92,0.0,1040.9538077481739,2081.9076154963477,1.0
26.0,48.0,4013.0,4013.0,0.0,565.0689730475833,3955.482811333083,1.0
26.0,49.0,24681.48,22371.15038440857,2310.3296155914272,1338.745884773518,20922.86927137176,0.9063942026332527
26.0,52.0,10351.39,10351.39,0.0,1108.8661982153292,7762.063387507304,1.0
26.0,54.0,104.64,104.64,0.0,831.5665233868027,3326.266093547211,1.0
26.0,55.0,43131.68,42632.680432662506,498.99956733749696,1166.5465524353006,10660.823703734588,0.9884307875942349
26.0,56.0,13269.78,13269.78,0.0,907.515124284347,6352.60586999043,1.0
26.0,59.0,933.53,933.53,0.0,720.929858405117,5046.509008835819,1.0
26.0,60.0,945.0,945.0,0.0,695.9466886060744,4871.626820242521,1.0
26.0,67.0,38961.86,38961.86,0.0,982.9204933574583,6880.443453502208,1.0
26.0,71.0,16326.85,16326.85,0.0,1079.6127589375974,7557.289312563182,1.0
26.0,72.0,287986.22,271979.6206206678,16006.599379332161,2702.1098819973913,98947.76607064254,0.9444188705302213
26.0,74.0,64493.96,64493.96,0.0,1196.652144705518,8376.565012938625,1.0
26.0,79.0,80581.94,79913.25702268236,668.6829773176469,1477.7406326082285,13687.599314845833,0.9917018257773684
26.0,80.0,133804.24,133804.24,0.0,1208.9787131387077,8462.850991970954,1.0
26.0,81.0,135749.45,135749.45,0.0,1149.9590791929056,8049.713554350339,1.0
26.0,82.0,103478.95,101395.33274507533,2083.6172549246676,585.3227947965825,14515.345838199415,0.9798643370953738
26.0,83.0,16962.89,16962.89,0.0,873.6110521017896,6115.277364712527,1.0
26.0,85.0,12073.619999999999,12073.619999999999,0.0,718.7638517616275,5031.346962331392,1.0
26.0,87.0,181893.41999999998,174375.4908026587,7517.929197341313,597.720292704801,41773.68803564017,0.9586684928056151
26.0,90.0,418706.23,416059.4194202679,2646.810579732075,1912.2862813266652,26620.05686794703,0.99367859757011
26.0,91.0,274817.58,272918.27815205033,1899.301847949675,2455.176683753782,26682.746026024848,0.993088863354558
26.0,92.0,642305.85,634438.749301586,7867.100698414011,3386.2099898439255,63038.973420977534,0.9877517841408201
26.0,93.0,183973.39,182724.48373234912,1248.9062676508838,1629.611833905441,17651.814175592506,0.9932114841844742
26.0,94.0,272980.46,270330.0030342951,2650.456965704907,1478.0586596374508,23598.69544598669,0.9902906714799113
26.0,95.0,487348.93,487348.93,0.0,4198.146007070407,29387.02204949285,1.0
26.0,96.0,127253.76000000001,127253.76000000001,0.0,1579.9890602424566,11059.923421697196,1.0
26.0,97.0,103866.44,103866.44,0.0,1066.1771613554613,7463.240129488229,1.0
26.0,98.0,54607.99,54274.66297548297,333.32702451703153,959.8732173279626,8385.747643880895,0.9938960026817133
26.0,99.0,460.0,460.0,0.0,657.4415449319976,1314.883089863995,1.0
27.0,1.0,224198.59999999998,224036.8205130381,161.77948696188832,2795.447964184001,20377.03318409745,0.9992784099144157
27.0,2.0,514913.47,514913.47,0.0,4760.2904848220915,33322.03339375464,1.0
27.0,3.0,94569.38,93710.13006992098,859.2499300790205,3480.001620579421,28656.260994451048,0.9909140788479419
27.0,4.0,279387.92,277448.05823201645,1939.8617679835443,2726.1749784655153,28782.53368917633,0.993056744300242
27.0,5.0,153087.73,146457.31056686633,6630.4194331336585,2420.2788916910367,50094.04940750555,0.9566887598821037
27.0,6.0,29873.03,29100.410910678096,772.6190893219045,1163.6974596450182,12008.97766412465,0.9741365676892534
27.0,7.0,210176.28,204961.11978076358,5215.160219236423,2475.9435525830336,43407.40596426335,0.9751867326834578
27.0,8.0,298345.71,292441.3646084752,5904.345391524817,1703.4366580269186,41445.78356381252,0.9802097191492217
27.0,9.0,189075.51,181691.61520555435,7383.894794445667,2532.6227071550834,54647.832922313915,0.960947376027463
27.0,10.0,229940.44,226706.86864065024,3233.5713593497494,3467.960473637479,40443.5801122111,0.9859373524754943
27.0,11.0,107215.72,105488.74370229608,1726.9762977039172,2028.5307387633513,22834.596659863048,0.9838925085080441
27.0,12.0,23971.09,23971.09,0.0,1296.7959618252628,9077.57173277684,1.0
27.0,13.0,358635.87,357686.1618059564,949.7081940436256,3236.8727743035656,27406.650390343086,0.997351887322248
27.0,14.0,169318.89,168932.207494974,386.68250502600495,2756.001047131602,21225.419855051237,0.9977162471061202
27.0,16.0,43528.33,43528.33,0.0,3139.5748471619977,21977.023930133983,1.0
27.0,17.0,124847.61,121733.5188659138,3114.091134086215,1048.5358869165884,22910.206878847195,0.9750568622492156
27.0,18.0,116182.89,111630.44242616839,4552.447573831617,2204.13176488292,38191.16022333852,0.960816540423193
27.0,19.0,12217.1,12217.1,0.0,745.7283689539292,5220.098582677505,1.0
27.0,20.0,68119.56,67869.78356764224,249.77643235775213,1386.1857865190511,10952.18266742212,0.9963332641555853
27.0,21.0,37888.83,37888.83,0.0,1670.1879383479277,11691.315568435493,1.0
27.0,22.0,121485.49,120577.8589455123,907.6310544877088,2016.4719306179145,18653.458786763946,0.992528893331313
27.0,23.0,249940.03,245402.7279532488,4537.302046751196,2593.327739251416,40839.80440851589,0.9818464371363355
27.0,24.0,70396.52,69626.55126563463,769.9687343653804,1043.3163383719664,11153.058040430667,0.9890624034488441
27.0,25.0,89788.16,89788.16,0.0,1258.8518647361057,8811.96305315274,1.0
27.0,26.0,105015.68,103295.28649175579,1720.3935082442058,1242.6020420453024,17300.181835538147,0.9836177463380307
27.0,27.0,16264.11,16264.11,0.0,876.6774905998918,6136.742434199243,1.0
27.0,28.0,7468.05,7468.05,0.0,766.8991919608465,5368.2943437259255,1.0
27.0,29.0,50744.990000000005,50744.990000000005,0.0,810.349008219013,5672.443057533091,1.0
27.0,30.0,28426.98,28426.98,0.0,1307.683592465606,9153.785147259241,1.0
27.0,31.0,20484.0,20484.0,0.0,1458.1085252896632,10206.759677027643,1.0
27.0,32.0,43611.58,43611.58,0.0,1280.287244422788,8962.010710959516,1.0
27.0,33.0,66280.55,65268.94963255584,1011.6003674441527,1478.1481105012822,15405.038610729738,0.9847375984743011
27.0,34.0,110464.19,108709.16076556497,1755.02923443502,1310.9582815625743,17951.85414311312,0.9841122337072763
27.0,35.0,25077.3,25077.3,0.0,1010.5458975913381,7073.821283139367,1.0
27.0,36.0,10497.029999999999,9041.576873551363,1455.4531264486359,865.7651179022635,13337.621457559024,0.8613461973102262
27.0,37.0,17394.260000000002,17394.260000000002,0.0,825.0742626477914,5775.51983853454,1.0
27.0,38.0,264011.48,252858.64820778248,11152.831792217505,3568.0894293258048,80740.78496636816,0.9577562619920259
27.0,40.0,485517.58999999997,485517.58999999997,0.0,2647.8189105561096,18534.732373892766,1.0
27.0,41.0,14227.08,14136.336290350737,90.74370964926311,803.3524165328001,6077.185463975917,0.9936217614823799
27.0,42.0,64594.81,64594.81,0.0,1441.0424368324843,10087.29705782739,1.0
27.0,44.0,33868.7,33329.30516305938,539.3948369406198,747.3548023819146,7928.457801376501,0.984073943288623
27.0,46.0,239633.39,238612.08252325887,1021.3074767411308,1560.2209982286793,16028.08437130641,0.9957380418616072
27.0,47.0,0.0,0.0,0.0,1053.1312062576258,1053.1312062576258,
27.0,49.0,80150.58,72768.18366104443,7382.396338955563,1206.5329221547631,45357.71214986115,0.9078934133857101
27.0,50.0,19336.0,18777.088361309783,558.9116386902188,711.345467383978,7773.97646513894,0.9710947642381973
27.0,52.0,18051.5,18051.5,0.0,1106.8663395938863,7748.064377157205,1.0
27.0,54.0,205.32,205.32,0.0,711.4558761585308,4268.735256951185,1.0
27.0,55.0,65011.03,61117.562838394704,3893.4671616052965,1619.5480289452996,30804.172010643582,0.9401106679650315
27.0,56.0,19924.18,17539.390728029626,2384.7892719703736,775.7256277238677,17354.025753918944,0.880306779402195
27.0,58.0,14720.0,11763.744041862825,2956.2559581371747,778.6812239595176,20232.0483584025,0.7991673941482897
27.0,59.0,1988.32,1988.32,0.0,689.7786058538197,4828.450240976738,1.0
27.0,60.0,720.0,720.0,0.0,665.7048492621958,4659.93394483537,1.0
27.0,67.0,65023.82,64836.83769848431,186.98230151568714,589.3923781390238,5060.658154551602,0.9971244030031504
27.0,71.0,62980.42,62592.30455000875,388.1154499912518,1787.5705936852278,14453.571405752853,0.9938375220427039
27.0,72.0,376106.4,362381.9006649079,13724.499335092143,5827.558354115305,109415.40515426785,0.9635089981582549
27.0,74.0,158580.75,158580.75,0.0,2781.5813836208517,19471.069685345963,1.0
27.0,79.0,238222.41,237757.8416294106,464.56837058940437,1834.4520190047272,15164.005985980111,0.9980498544591611
27.0,80.0,168240.2,168240.2,0.0,1396.1612676611444,9773.128873628011,1.0
27.0,81.0,186605.46,184742.99075830355,1862.4692416964463,1298.3552711453756,18400.83310649986,0.9900192135766207
27.0,82.0,173630.65,166121.99417058943,7508.655829410578,1468.0786851748,47819.82994327649,0.9567550093868187
27.0,83.0,52606.18,52592.442221096484,13.737778903519938,934.7070052028196,6611.637930937337,0.9997388561780476
27.0,85.0,21762.92,21762.92,0.0,928.3250636675938,6498.275445673156,1.0
27.0,87.0,119637.27,118817.13185485156,820.1381451484485,1502.1005451535527,14615.394541817112,0.9931447938828055
27.0,90.0,641844.67,637282.7930904025,4561.8769095975,3213.806109875705,45306.027317117434,0.9928925531007408
27.0,91.0,426992.85,426584.78412988584,408.0658701141656,2681.3070859845893,20809.478952462952,0.9990443262220571
27.0,92.0,1004823.12,991262.0774366582,13561.04256334182,5434.870967698616,105849.30959059941,0.9865040500229117
27.0,93.0,361934.51,358221.5965446957,3712.913455304253,2056.1565884297515,32957.663395529526,0.9897414771105848
27.0,94.0,424290.65,421770.795553888,2519.8544461119964,2168.677591169015,27780.015368743087,0.994061018205063
27.0,95.0,738695.09,732881.9684381157,5813.121561884298,7825.873013071502,83846.718900922,0.9921305534034559
27.0,96.0,120892.73,120503.700205017,389.02979498300556,2050.4448322610097,16298.262800742095,0.9967820248994046
27.0,97.0,134125.73,133662.67131954152,463.05868045848183,1112.5190727893491,10102.926911817853,0.9965475775568305
27.0,98.0,74833.77,72948.64364353074,1885.12635646926,854.8390063963735,15409.504827120914,0.9748091489113904
27.0,99.0,515.0699999999999,515.0699999999999,0.0,630.2538608392354,1890.761582517706,1.0
28.0,1.0,133725.22999999998,133725.22999999998,0.0,2492.9960001699023,17450.972001189315,1.0
28.0,2.0,361320.42,361320.42,0.0,3325.57722241353,23279.04055689471,1.0
28.0,3.0,65890.87,65890.87,0.0,1825.6251824330393,12779.376277031275,1.0
28.0,4.0,180662.48,180614.88773212698,47.59226787302032,1327.6093387453172,9531.226710582323,0.9997365680584424
28.0,5.0,153033.29,147896.6769207021,5136.613079297913,2711.9697492828486,44666.853641469505,0.966434668696609
28.0,6.0,20157.21,18949.084373468035,1208.1256265319662,752.9902273836997,11311.559724345729,0.940064839006392
28.0,7.0,170857.1,157835.36155516075,13021.738444839248,941.5731056598217,71699.70396381499,0.9237857926604206
28.0,8.0,223146.38,223145.33153247338,1.0484675266015984,1114.8050407994072,7808.877623228858,0.9999953014360949
28.0,9.0,115570.43000000001,105563.1461204667,10007.283879533301,760.6054124941527,55360.65728512558,0.9134096508983024
28.0,10.0,148118.34,144033.962193843,4084.377806157001,612.8594268576011,24711.905018788213,0.9724249015607589
28.0,11.0,73786.44,73786.44,0.0,1018.6379189649209,7130.465432754447,1.0
28.0,12.0,21833.78,21833.78,0.0,898.2759293702893,6287.931505592025,1.0
28.0,13.0,258029.90999999997,257944.71443478455,85.19556521545019,1433.0962329539252,10457.651456754727,0.999669822908455
28.0,14.0,90994.9,90994.9,0.0,1133.086996553817,7931.608975876719,1.0
28.0,16.0,26897.34,26897.34,0.0,1362.3819371395086,9536.67355997656,1.0
28.0,17.0,59082.43,59082.43,0.0,937.5345076422096,6562.741553495467,1.0
28.0,18.0,66587.04000000001,46656.24130343119,19930.79869656881,132.31263158419088,100580.18190393338,0.7006805123554251
28.0,19.0,9323.75,9323.75,0.0,1120.6341608337132,7844.439125835993,1.0
28.0,20.0,30992.85,30992.85,0.0,1181.8996169851841,8273.29731889629,1.0
28.0,21.0,28132.35,28132.35,0.0,1260.4096467699085,8822.867527389359,1.0
28.0,22.0,61266.67,61266.67,0.0,1056.4452476317383,7395.116733422168,1.0
28.0,23.0,176236.31,175766.5543610682,469.7556389317906,1714.680814190317,14351.543893991173,0.9973345127406957
28.0,24.0,43489.81,43489.81,0.0,1364.0216978511805,9548.151884958264,1.0
28.0,25.0,95866.95999999999,95140.72619541227,726.233804587735,1085.9242244156849,11232.63859384847,0.9924245662469351
28.0,26.0,62925.3,61524.15804170551,1401.1419582944873,1568.2822227320598,17983.685350596854,0.977733249451421
28.0,27.0,10371.04,10371.04,0.0,525.4026390064084,3677.818473044859,1.0
28.0,28.0,3359.91,3359.91,0.0,720.1884373134405,5041.319061194084,1.0
28.0,29.0,29829.32,29829.32,0.0,948.787601288441,6641.513209019087,1.0
28.0,30.0,18017.3,18017.3,0.0,1210.243119981961,8471.701839873727,1.0
28.0,31.0,12625.710000000001,12625.710000000001,0.0,1013.664601380269,7095.652209661883,1.0
28.0,32.0,45374.64,45187.35725201633,187.28274798367147,881.8941050102202,7109.672474989899,0.9958725237713474
28.0,33.0,48757.01,47612.93769118779,1144.0723088122086,1345.4588144327743,15138.573245090463,0.9765352241900762
28.0,34.0,96564.78,95574.45539113446,990.3246088655396,1379.5607860402456,14608.548546609418,0.9897444533207082
28.0,35.0,14242.57,14242.57,0.0,757.9879626538379,5305.915738576866,1.0
28.0,36.0,4791.12,4791.12,0.0,965.3213871344182,6757.2497099409275,1.0
28.0,37.0,12019.2,12019.2,0.0,719.1397310958434,5033.978117670904,1.0
28.0,38.0,345328.66,329926.49836540065,15402.161634599353,4049.21126666982,105355.2870396855,0.955398542262321
28.0,40.0,311024.29,306454.07903033565,4570.210969664331,1343.1082070139435,32252.81229741926,0.9853059355278511
28.0,41.0,11933.2,11933.2,0.0,844.1966090615285,5909.3762634306995,1.0
28.0,42.0,48697.46,47176.70456337191,1520.7554366280947,443.244458641252,10706.488393629237,0.9687713602182108
28.0,44.0,35104.7,34872.777574557374,231.92242544262808,422.5038961733222,4117.139400426396,0.9933934081350183
28.0,46.0,129478.14,128640.2699730378,837.8700269622059,421.79485518570647,7141.9141211109745,0.9935288688348303
28.0,49.0,83266.05,81421.46551437082,1844.5844856291696,550.2636213083273,13074.76777730414,0.977847099920926
28.0,52.0,14889.23,14889.23,0.0,922.940690132781,6460.584830929467,1.0
28.0,54.0,133.72,133.72,0.0,783.546107818926,3917.73053909463,1.0
28.0,55.0,44943.24,44647.23959974065,296.0004002593532,1359.6330021418555,10997.433016289755,0.9934139060677568
28.0,56.0,1615.97,1615.97,0.0,601.9517951661735,4213.662566163214,1.0
28.0,58.0,54709.729999999996,37747.18226796649,16962.547732033505,2730.500308272327,103926.24081807383,0.6899537297655554
28.0,59.0,961.19,961.19,0.0,649.6643078954718,4547.650155268302,1.0
28.0,60.0,3600.01,3600.01,0.0,720.8685452855306,5046.079816998714,1.0
28.0,67.0,35215.67,35215.67,0.0,660.5165332893512,4623.615733025458,1.0
28.0,71.0,33747.42,33747.42,0.0,877.0806100508727,6139.564270356109,1.0
28.0,72.0,309981.46,290962.22020602145,19019.23979397855,5987.856940924015,137011.19755636086,0.9386439440798215
28.0,74.0,73039.27,71846.23827949085,1193.031720509145,1069.3390638568687,13450.532049543806,0.9836658865770543
28.0,79.0,284310.53,284310.53,0.0,2243.385569338718,15703.698985371026,1.0
28.0,80.0,118604.05,117640.14396272963,963.9060372703607,1322.3100590737881,14075.70059986832,0.9918729079043223
28.0,81.0,144858.52,144153.62472983528,704.895270164714,1215.4690974056211,12032.760032662918,0.9951339053431948
28.0,82.0,118951.23999999999,117354.49651816061,1596.7434818393886,565.5135566107123,11942.312305471929,0.9865764872914365
28.0,83.0,44080.55,43878.08733531125,202.46266468875,972.9314904679347,7822.833756719293,0.9954069841531298
28.0,85.0,7811.31,7500.138254559283,311.1717454407167,647.5648224819307,6088.812484577099,0.9601639487562628
28.0,87.0,101333.7,96804.28662450105,4529.413375498951,1498.8392197458766,33138.94141571589,0.955302003425327
28.0,90.0,445539.57,444908.03954648226,631.5304535177565,3764.5566972587435,29509.549148399987,0.9985825491246092
28.0,91.0,364294.55,364294.55,0.0,4068.02828010299,28476.19796072093,1.0
28.0,92.0,661849.11,661849.11,0.0,9031.736337332402,63222.154361326815,1.0
28.0,93.0,324873.41000000003,324873.41000000003,0.0,3567.267359656134,24970.87151759294,1.0
28.0,94.0,253252.86,251442.54252551927,1810.3174744807402,411.51984508369475,11932.226287989564,0.9928517392676998
28.0,95.0,606909.31,606909.31,0.0,5906.4674496677135,41345.272147674,1.0
28.0,96.0,203909.42,195243.8839697362,8665.536030263807,127.80295538922655,44222.30083904362,0.9575030127089577
28.0,97.0,159828.32,159828.32,0.0,1763.1042290430908,12341.729603301636,1.0
28.0,98.0,63136.14,63090.00879907536,46.13120092464396,1147.0462331415113,8259.9796366138,0.9992693376420441
28.0,99.0,480.21,480.21,0.0,678.7039169341006,2714.8156677364022,1.0
29.0,1.0,107638.81,107638.81,0.0,996.6411344847901,6976.4879413935305,1.0
29.0,2.0,173130.01,172252.21642154193,877.7935784580659,1106.6617466273408,12135.600118681716,0.9949298589051194
29.0,3.0,45152.3,45152.3,0.0,2221.1480351557257,15548.03624609008,1.0
29.0,4.0,110215.2,109438.20278414956,776.9972158504461,389.20212931061593,6609.400984426542,0.992950180956434
29.0,5.0,78439.14,71835.10062876513,6604.039371234878,1583.2321295286988,44102.82176287528,0.9158068360867435
29.0,6.0,10800.92,10800.92,0.0,1032.8172152351658,7229.72050664616,1.0
29.0,7.0,92132.48,84679.02237261536,7453.457627384632,2327.7506494088802,53561.54268278532,0.9191006512862279
29.0,8.0,153051.62,151339.90398838746,1711.7160116125451,805.2204217317459,14195.123010184947,0.988816086941043
29.0,9.0,65822.7,61671.75903116686,4150.94096883314,530.3199251200979,24466.944320006383,0.9369375463353351
29.0,10.0,59297.34,58237.84033550724,1059.4996644927605,984.6925810342952,12190.34638970387,0.9821324250886674
29.0,11.0,46196.71,43984.143588448685,2212.566411551311,895.5336305735549,17331.56747177144,0.9521055414649373
29.0,12.0,15599.230000000001,15599.230000000001,0.0,740.7535821340074,5185.275074938052,1.0
29.0,13.0,132716.45,132027.56124471643,688.8887552835731,686.404960858806,8249.278502429508,0.9948093190008956
29.0,14.0,59798.4,59307.80680812753,490.59319187247456,811.9707163394929,8136.760973738823,0.9917958809621583
29.0,16.0,16539.35,16539.35,0.0,740.905670611413,5186.339694279891,1.0
29.0,17.0,56062.130000000005,55330.1001679402,732.0298320597985,604.4000669383919,7890.949628867736,0.9869425255148208
29.0,18.0,15989.95,15331.40958029251,658.5404197074905,235.92303347132824,4944.163332836751,0.9588153546629294
29.0,19.0,35.0,35.0,0.0,1155.8688361259867,6935.213016755921,1.0
29.0,20.0,24744.45,24508.950334317902,235.4996656820963,778.1832855589975,6624.781327323463,0.9904827278164559
29.0,21.0,24319.72,24319.72,0.0,610.8809536047829,4276.16667523348,1.0
29.0,22.0,40023.020000000004,39611.13300883706,411.88699116294356,1067.8606820378668,9534.459730079787,0.9897087478365465
29.0,23.0,130034.48,127763.94797734384,2270.532022656167,1570.721894253699,22347.71337305673,0.982539000250886
29.0,24.0,33673.54,31871.61469704023,1801.9253029597708,986.5440543103725,15915.434894971462,0.946488391094023
29.0,25.0,47871.73,46102.549940419776,1769.1800595802206,671.0258556108412,13543.081287176992,0.963043323072297
29.0,26.0,35340.49,34578.95779984642,761.5322001535733,734.4705879776492,8948.95511661141,0.9784515664566741
29.0,27.0,10096.14,10096.14,0.0,642.6512251877512,4498.558576314258,1.0
29.0,28.0,5024.26,5024.26,0.0,727.3851120300086,5091.69578421006,1.0
29.0,29.0,32562.22,32054.08590796419,508.13409203580886,523.2280455570485,6203.2667790783835,0.9843949800708978
29.0,30.0,15745.83,15745.83,0.0,1005.8622179011929,7041.035525308351,1.0
29.0,31.0,11300.49,11300.49,0.0,743.349212806875,5203.444489648125,1.0
29.0,32.0,20628.93,20628.93,0.0,794.4359964222615,5561.051974955831,1.0
29.0,33.0,28130.21,27077.88539839538,1052.3246016046187,741.0316789093315,10448.844760388414,0.9625909439849678
29.0,34.0,75082.88,71703.07487491016,3379.8051250898334,600.3906125098448,21101.759913018082,0.9549856754950018
29.0,35.0,16150.130000000001,15804.152573604322,345.9774263956774,757.4026302283381,7031.705543576753,0.9785774215813942
29.0,36.0,9502.26,8958.175606190582,544.084393809419,454.3379606775949,5900.787693790259,0.9427415800231294
29.0,38.0,288843.33999999997,283882.687309482,4960.652690518007,4892.52410122333,59050.932161153345,0.9828258020748619
29.0,40.0,212250.01,211854.10904173675,395.9009582632607,1211.2702554370476,10458.396579375636,0.9981347423339897
29.0,41.0,4584.97,4584.97,0.0,690.8504493101357,4835.95314517095,1.0
29.0,42.0,26341.4,26341.4,0.0,899.2993905369061,6295.095733758343,1.0
29.0,44.0,11333.15,11333.15,0.0,935.982293854567,6551.87605698197,1.0
29.0,46.0,74812.36,74341.84882698081,470.5111730191911,913.8725934603614,8749.664019318485,0.9937107829104819
29.0,52.0,4895.52,4895.52,0.0,1009.5695459164568,7066.9868214151975,1.0
29.0,54.0,82.67999999999999,82.67999999999999,0.0,831.987406316271,3327.949625265084,1.0
29.0,55.0,21313.88,21313.88,0.0,1165.18999918642,8156.329994304941,1.0
29.0,56.0,11918.47,11784.067659151046,134.40234084895428,569.9492133702719,4661.656197836674,0.9887231883917186
29.0,58.0,340.0,340.0,0.0,1155.1911262291194,1155.1911262291194,1.0
29.0,59.0,1019.73,1019.73,0.0,717.0377653275692,5019.264357292985,1.0
29.0,60.0,1710.0,1710.0,0.0,691.7145087769675,4842.001561438772,1.0
29.0,67.0,36028.04,36028.04,0.0,727.841651009825,5094.891557068775,1.0
29.0,71.0,15400.619999999999,15400.619999999999,0.0,1233.3717601910905,8633.602321337634,1.0
29.0,72.0,191203.03,189136.0028730994,2067.027126900579,4489.565765405243,41762.0959923396,0.9891893599860808
29.0,74.0,55289.11,55289.11,0.0,1054.557128285486,7381.899897998402,1.0
29.0,79.0,56313.19,55420.45346382924,892.736536170758,747.1824364865103,9693.959736259361,0.984146937224285
29.0,80.0,108.39,108.39,0.0,926.7663927196829,6487.364749037781,1.0
29.0,81.0,37905.7,37905.7,0.0,694.3392221347683,4860.374554943378,1.0
29.0,82.0,67842.73,62296.753622148404,5545.9763778515935,463.1993377797168,30972.277253715984,0.9182524586222932
29.0,83.0,5716.8,5716.8,0.0,632.6070699009589,4428.249489306712,1.0
29.0,85.0,8857.26,8857.26,0.0,819.7572090771044,5738.300463539731,1.0
29.0,87.0,57743.71,57527.038306228584,216.67169377141363,1162.3110799793733,9219.536028712682,0.9962477005067493
29.0,90.0,80790.69,80333.32966771178,457.3603322882227,704.0984809036826,7215.491027766891,0.9943389475657625
29.0,91.0,31367.190000000002,31367.190000000002,0.0,927.0011367909831,6489.007957536882,1.0
29.0,92.0,196196.58000000002,192825.56147418034,3371.0185258196652,618.3981730997402,21183.879840796508,0.9828181585743254
29.0,93.0,9708.6,9708.6,0.0,713.1962802239133,4992.373961567393,1.0
29.0,94.0,339.64,339.64,0.0,2176.2610152928587,15233.827107050012,1.0
29.0,95.0,213839.53999999998,211701.2282867662,2138.3117132337866,1031.952517197734,17915.22618655307,0.990000391353097
29.0,97.0,15336.02,15336.02,0.0,688.8939763988067,4822.257834791647,1.0
29.0,98.0,2093.3199999999997,2093.3199999999997,0.0,781.5724577120378,5471.007203984264,1.0
30.0,1.0,71691.73,70624.0655873671,1067.664412632892,176.35110343904358,6572.779787237765,0.9851075652291709
30.0,2.0,87437.65,87096.13726762877,341.51273237122405,587.8200705292547,5822.304155560903,0.9960942141929566
30.0,3.0,4285.969999999999,4285.969999999999,0.0,776.6647779931429,5436.653445952001,1.0
30.0,4.0,90758.11,90223.42846805221,534.6815319477882,302.969226332556,4794.192244066833,0.9941087189679491
30.0,5.0,3060.4,3060.4,0.0,603.3024368811596,4223.117058168117,1.0
30.0,6.0,104.98,104.98,0.0,842.3814166648472,5054.288499989083,1.0
30.0,7.0,1249.92,1249.92,0.0,701.8306990947907,4912.814893663535,1.0
30.0,8.0,87691.25,85696.27315186782,1994.9768481321735,208.0525265184286,11431.251926289868,0.9772499896154727
30.0,9.0,291.89,291.89,0.0,726.5682924631402,5085.978047241982,1.0
30.0,10.0,1401.18,1401.18,0.0,693.8498114588365,4856.948680211855,1.0
30.0,11.0,4942.88,4942.88,0.0,591.0143395510697,4137.100376857488,1.0
30.0,12.0,461.64,461.64,0.0,707.3464943543603,4951.425460480522,1.0
30.0,13.0,76077.09,75953.93663997529,123.15336002470758,449.12098227814414,3759.6136760705467,0.9983812030661964
30.0,14.0,5413.84,5413.84,0.0,567.3211366074131,3971.247956251892,1.0
30.0,16.0,7724.129999999999,7724.129999999999,0.0,521.9028730625774,3653.3201114380417,1.0
30.0,18.0,2511.31,2511.31,0.0,751.2269935659633,4507.36196139578,1.0
30.0,20.0,299.44,299.44,0.0,737.8220909779202,5164.754636845441,1.0
30.0,21.0,7639.34,7639.34,0.0,698.5990610499147,4890.193427349403,1.0
30.0,25.0,372.58000000000004,372.58000000000004,0.0,697.9555983029468,4885.6891881206275,1.0
30.0,28.0,362.65,362.65,0.0,706.6962663944912,4946.873864761438,1.0
30.0,31.0,643.3199999999999,643.3199999999999,0.0,669.7936994890327,4688.55589642323,1.0
30.0,32.0,372.04,372.04,0.0,709.2843197311739,4964.990238118217,1.0
30.0,38.0,400955.55,400955.55,0.0,4352.106880114903,30464.748160804324,1.0
30.0,40.0,170928.83,166686.237008702,4242.592991297988,845.9789593954447,27134.817672258054,0.975179184276298
30.0,41.0,5.0,5.0,0.0,931.2582591450115,931.2582591450115,1.0
30.0,42.0,599.26,599.26,0.0,682.9188312829441,4780.431818980609,1.0
30.0,44.0,2.97,2.97,0.0,1105.4923686321047,1105.4923686321047,1.0
30.0,46.0,37102.85,36944.76045522414,158.08954477586212,740.3193217311773,5972.682975997552,0.9957391536020587
30.0,52.0,84.07000000000001,84.07000000000001,0.0,746.2254898708854,5223.578429096198,1.0
30.0,56.0,906.69,906.69,0.0,699.2779346884112,4894.9455428188785,1.0
30.0,59.0,115.77,115.77,0.0,761.7777857784304,5332.444500449013,1.0
30.0,60.0,3447.0,3447.0,0.0,773.7504718217332,5416.253302752132,1.0
30.0,67.0,8304.32,8304.32,0.0,565.1643162728062,3956.1502139096438,1.0
30.0,72.0,421.74,421.74,0.0,754.3894081669906,5280.725857168934,1.0
30.0,74.0,430.16,430.16,0.0,709.1873001623298,4964.311101136309,1.0
30.0,79.0,43824.68,43448.72339087607,375.9566091239285,474.6126439416516,5202.0715532112035,0.9914213495883157
30.0,80.0,45772.78,45772.78,0.0,897.0106439196834,6279.074507437784,1.0
30.0,81.0,75757.22,75495.8702668687,261.3497331312974,525.1326867428373,4982.677472856349,0.9965501673222527
30.0,82.0,28377.86,28377.86,0.0,862.9336166897904,6040.535316828533,1.0
30.0,83.0,8839.68,8839.68,0.0,734.1140542447172,5138.79837971302,1.0
30.0,85.0,303.52,303.52,0.0,706.6458724553305,4946.521107187314,1.0
30.0,87.0,2063.02,2063.02,0.0,743.4705674516782,5204.293972161748,1.0
30.0,90.0,258829.34,255764.15861418852,3065.181385811484,506.809734226351,18873.575068641876,0.9881575196003225
30.0,91.0,215395.05,213281.30680530757,2113.743194692419,880.7002039745524,16733.617401283962,0.9901866677312574
30.0,92.0,396066.69,389415.08010223386,6651.609897766168,1253.6231696147067,42033.41167613379,0.9832058335989675
30.0,93.0,166014.79,164410.80202333414,1603.9879766658778,447.41256013219703,11151.827804254768,0.9903382826514079
30.0,94.0,180623.81,179478.66058226785,1145.1494177321365,467.3891428475955,8997.471088593851,0.9936600306585708
30.0,95.0,318996.23,315969.7764414154,3026.453558584559,1413.3878216966955,25025.982544799663,0.9905125726451859
30.0,96.0,128734.03,128734.03,0.0,913.3657717442776,6393.560402209943,1.0
30.0,97.0,92985.83,92909.93630591682,75.89369408317543,615.7702535830558,4689.860245497268,0.9991838144146997
30.0,98.0,24699.41,24699.41,0.0,462.2414418701417,3235.690093090992,1.0
31.0,1.0,122248.37,122248.37,0.0,1709.9180600492368,11969.426420344658,1.0
31.0,2.0,400291.76,400291.76,0.0,2725.9123484098996,19081.386438869296,1.0
31.0,3.0,54059.25,54059.25,0.0,5211.665063356094,36481.65544349266,1.0
31.0,4.0,238132.05,238132.05,0.0,2487.818425636119,17414.728979452833,1.0
31.0,5.0,110422.73999999999,102981.30522144452,7441.4347785554855,2128.4436322821884,52106.27931875275,0.9326095804310284
31.0,6.0,12240.71,12047.078875349815,193.63112465018503,760.9468261610426,6294.783406378223,0.9841813812556474
31.0,7.0,123926.01,118268.15648799832,5657.853512001675,1779.427046516381,40745.25688562304,0.954344906997315
31.0,8.0,174323.89,174323.89,0.0,925.0653717226747,6475.457602058723,1.0
31.0,9.0,63291.56,62457.009660449396,834.5503395506039,1240.320773914988,12854.997115157934,0.9868141922943501
31.0,10.0,127105.17,127105.17,0.0,2287.2724702143287,16010.9072915003,1.0
31.0,11.0,67927.82,66481.99790873774,1445.8220912622528,986.1863308132486,14132.414772004004,0.9787153173580094
31.0,12.0,18277.52,18277.52,0.0,895.5999140398279,6269.199398278795,1.0
31.0,13.0,311344.65,311344.65,0.0,1284.7687264173426,8993.381084921399,1.0
31.0,14.0,111892.57,110770.1512800602,1122.418719939802,821.1776735913924,11360.337314838756,0.9899687823781347
31.0,16.0,26843.45,26843.45,0.0,2213.559692560665,15494.917847924655,1.0
31.0,17.0,51723.78,51232.5048789897,491.27512101030425,995.3549943645165,9423.860565603136,0.9905019486006185
31.0,18.0,34337.28,34048.88364858301,288.3963514169909,1028.7942839189577,8643.541744517657,0.9916010717384433
31.0,19.0,238.53,238.53,0.0,950.5363376437903,6653.754363506532,1.0
31.0,20.0,41010.06,40560.26349841864,449.79650158136246,940.9405781575316,8835.566555009533,0.9890320447816618
31.0,21.0,25653.36,25653.36,0.0,1312.867231479344,9190.070620355407,1.0
31.0,22.0,56625.65,56486.05849856128,139.5915014387174,1138.4395390697323,8667.034280681713,0.9975348362192977
31.0,23.0,132272.65,124896.7572858253,7375.892714174697,1246.4358689711712,45604.51465367168,0.9442372046362215
31.0,24.0,32147.449999999997,30403.94362396571,1743.5063760342864,1304.2268931661445,17847.120132334443,0.9457653289441531
31.0,25.0,58154.3,57607.42046067282,546.8795393271776,915.3120057332814,9141.581736768858,0.9905960601481373
31.0,26.0,57798.37,51854.62562603311,5943.744373966893,857.8972912581222,35724.00290864132,0.8971641523114424
31.0,27.0,7056.0,7056.0,0.0,743.3547330843659,5203.483131590561,1.0
31.0,28.0,3687.86,3687.86,0.0,759.2802675316179,5314.961872721326,1.0
31.0,29.0,28800.11,28800.11,0.0,862.0214910534313,6034.150437374019,1.0
31.0,30.0,18131.89,18131.89,0.0,933.9643232348784,6537.750262644149,1.0
31.0,31.0,16333.01,16333.01,0.0,657.537881009498,4602.765167066486,1.0
31.0,32.0,33649.3,32795.48897955201,853.8110204479917,1137.5536469980668,12231.930631226427,0.9746261877528508
31.0,33.0,30982.82,29283.4621019419,1699.3578980581005,922.7066130607067,14955.735781715448,0.9451516066627215
31.0,34.0,90317.3,86477.31552433799,3839.984475662006,556.8399680741192,23097.802154828863,0.9574834004596903
31.0,35.0,11050.9,11050.9,0.0,801.7920215799775,5612.544151059842,1.0
31.0,36.0,3517.16,3506.1270493007614,11.032950699238654,727.4852388068009,5147.561425143799,0.9968631081044824
31.0,37.0,16076.5,16076.5,0.0,1232.2764510656036,8625.935157459226,1.0
31.0,38.0,529009.71,508484.341743124,20525.368256875998,3668.463700402651,128306.08718719854,0.9612003941158737
31.0,40.0,407214.22,405659.22550164827,1554.9944983517344,1197.3077806674814,16156.126956431042,0.9961813845833977
31.0,41.0,12884.11,12884.11,0.0,911.0425332232865,6377.297732563005,1.0
31.0,42.0,37957.37,37957.37,0.0,945.4495145205763,6618.146601644034,1.0
31.0,44.0,16608.010000000002,16608.010000000002,0.0,712.1865874586775,4985.306112210743,1.0
31.0,46.0,159944.81,159422.64598243078,522.1640175692228,1401.9164501984399,12424.235239235193,0.9967353487895655
31.0,49.0,58716.97,57575.08664452789,1141.883355472114,961.564178742037,12440.366028554829,0.9805527540765112
31.0,52.0,4583.07,4583.07,0.0,870.9732291189404,6096.812603832583,1.0
31.0,54.0,337.15999999999997,337.15999999999997,0.0,791.2713992208479,4747.628395325088,1.0
31.0,55.0,41502.11,40787.49520173752,714.614798262478,1141.473792162424,11563.390536449358,0.9827812417666841
31.0,56.0,9035.58,9035.58,0.0,435.53031565825523,3048.7122096077865,1.0
31.0,58.0,16150.0,13932.283473428799,2217.7165265712015,1211.3262441718712,19567.866342059107,0.8626800912339814
31.0,59.0,1236.78,1236.78,0.0,741.8388007278023,5192.871605094616,1.0
31.0,60.0,1800.0,1800.0,0.0,682.424887580845,4776.974213065915,1.0
31.0,67.0,37451.56,37451.56,0.0,817.7609768348906,5724.326837844234,1.0
31.0,71.0,28901.12,28733.451118643716,167.66888135628415,1192.1043038358325,9183.074533632249,0.994198533435511
31.0,72.0,319245.52999999997,275355.45558235515,43890.07441764482,5816.528883215539,260166.07427073288,0.8625193768017838
31.0,74.0,91390.96,90972.5777532137,418.38224678630104,1552.854021820024,12961.889386671673,0.9954220609260882
31.0,79.0,241499.72999999998,241499.72999999998,0.0,2779.5419341967868,19456.793539377508,1.0
31.0,80.0,135735.2,135296.6530114333,438.54698856667164,574.8174181622095,6216.456869968824,0.9967690990357203
31.0,81.0,172048.69,171997.3715365668,51.318463433213765,1110.8980125559433,8032.878405057672,0.9997017212776615
31.0,82.0,121737.9,115679.51365309114,6058.386346908854,932.9086815763595,36822.292505578785,0.9502341805887168
31.0,83.0,61657.36,61657.36,0.0,806.6939170097106,5646.857419067975,1.0
31.0,85.0,7121.05,6889.441227717286,231.6087722827142,557.6464427203949,5061.568960456336,0.967475474504081
31.0,87.0,64272.0,60309.592120902875,3962.407879097127,1059.3937977353594,27227.79597963315,0.9383493919732212
31.0,90.0,625094.57,622890.8516322286,2203.7183677713474,1819.3402510996737,23753.973596554453,0.9964745840493041
31.0,91.0,479277.2,479277.2,0.0,2248.161172150891,15737.128205056237,1.0
31.0,92.0,943503.01,926027.2257056959,17475.78429430409,1934.4832231832531,100920.30403380322,0.981477765190909
31.0,93.0,437564.17000000004,430103.3155460521,7460.854453947875,1266.205159699485,46167.70838763577,0.9829491193167212
31.0,94.0,477707.3,472133.986488407,5573.313511592976,668.2258768666278,32544.148696031276,0.9883332042202558
31.0,95.0,725732.33,725732.33,0.0,5032.180523414568,35225.26366390198,1.0
31.0,96.0,197056.56,196755.03404893252,301.52595106748413,1735.106799177748,13653.377349581657,0.9984698507318535
31.0,97.0,215850.81,215850.81,0.0,1342.9521858050575,9400.665300635403,1.0
31.0,98.0,71363.53,70316.04926802358,1047.4807319764277,334.46707981896986,7578.6732186149275,0.9853219041718309
31.0,99.0,210.08,210.08,0.0,952.2328623287355,2856.6985869862065,1.0
32.0,1.0,189340.2,188188.84785019586,1151.3521498041373,1418.1479185858022,15683.796179121302,0.9939191352401436
32.0,2.0,364696.56,362051.18328672217,2645.3767132778376,917.0137316960972,19645.97968826187,0.9927463623093187
32.0,3.0,86917.69,85705.64132351574,1212.0486764842572,1045.9319994161403,13381.767378334269,0.9860552129666094
32.0,4.0,195286.98,195286.98,0.0,1503.5420926367665,10524.794648457366,1.0
32.0,5.0,141162.67,133958.71860004845,7203.951399951555,2029.2350807992275,50224.402565352364,0.9489670222307954
32.0,6.0,24273.74,21127.58063418017,3146.159365819831,784.5541327978023,21222.67575868377,0.8703883552423387
32.0,7.0,126016.19,122640.72477501682,3375.4652249831743,2408.801275596634,33738.93505409231,0.9732140352363995
32.0,8.0,168999.27,168452.90373877942,546.3662612205917,1135.3574297566722,10679.333314399664,0.9967670495782581
32.0,9.0,157026.06,144431.73581949147,12594.324180508527,203.77406590724215,64398.03936389333,0.9197946877065595
32.0,10.0,194531.72,186974.5999857091,7557.1200142908965,777.1106073771178,43225.37432309431,0.9611522480020692
32.0,11.0,101873.1,98071.41914923777,3801.680850762228,1000.1779597898055,26009.64997233978,0.9626821913659029
32.0,12.0,23417.41,23417.41,0.0,906.1575683180621,6343.102978226435,1.0
32.0,13.0,214946.03,214946.03,0.0,1449.1312292672494,10143.918604870745,1.0
32.0,14.0,102873.92,102809.10297813354,64.8170218664618,932.6776344046882,6852.828550165126,0.999369937279862
32.0,16.0,43815.46,43815.46,0.0,2046.24215278413,14323.69506948891,1.0
32.0,17.0,84498.58,82525.5281514431,1973.0518485568991,756.1520440360089,15158.323551036558,0.9766498815890526
32.0,18.0,57869.17,50316.11900430538,7553.050995694623,599.6861818861213,41963.05825167597,0.8694805715082035
32.0,19.0,11202.349999999999,11202.349999999999,0.0,932.761294600655,6529.329062204585,1.0
32.0,20.0,34040.72,33794.875622040745,245.84437795925714,897.5948099599836,7512.385559516171,0.9927779324891114
32.0,21.0,30608.59,30608.59,0.0,1008.182200955622,7057.275406689354,1.0
32.0,22.0,66512.76,66512.76,0.0,1099.3564373933618,7695.495061753532,1.0
32.0,23.0,141719.32,137799.07293710642,3920.247062893588,869.8817734409084,25690.4077285543,0.9723379489621204
32.0,24.0,33503.4,32011.872728567112,1491.527271432888,646.8276924383341,11985.430204232778,0.9554813161818535
32.0,25.0,54443.630000000005,54281.298066459225,162.33193354077594,640.9775371218376,5298.502427556743,0.9970183484543411
32.0,26.0,48741.72,48576.856741314,164.8632586860058,999.0299488988909,7817.525935722265,0.9966176150803459
32.0,27.0,10981.48,10981.48,0.0,607.773935818277,4254.417550727939,1.0
32.0,28.0,5675.33,5675.33,0.0,711.198264280585,4978.387849964095,1.0
32.0,29.0,25663.41,25663.41,0.0,587.8901295679965,4115.230906975976,1.0
32.0,30.0,14031.619999999999,14031.619999999999,0.0,929.140795619576,6503.985569337032,1.0
32.0,31.0,21102.55,20610.770925708144,491.77907429185416,293.26343199885923,4511.739395451285,0.9766957512579354
32.0,32.0,33538.17,33538.17,0.0,907.5750398321808,6353.025278825266,1.0
32.0,33.0,28498.27,27497.282278401177,1000.9877215988245,737.9746235446671,10170.760972806791,0.9648754916842733
32.0,34.0,79058.35,77431.52951183659,1626.8204881634156,356.8775922429301,10632.245586517589,0.9794225342653443
32.0,35.0,14015.369999999999,14015.369999999999,0.0,797.6469376309914,5583.5285634169395,1.0
32.0,36.0,11650.369999999999,11650.369999999999,0.0,306.6890846253873,2146.823592377711,1.0
32.0,37.0,20880.81,20880.81,0.0,745.6602512669323,5219.621758868526,1.0
32.0,38.0,483409.80000000005,456393.1292041371,27016.670795862927,3064.0177282196205,156531.47807685198,0.9441122815551878
32.0,40.0,421020.36,417432.21682810364,3588.1431718963286,1405.832779786694,27781.5453179885,0.9914775067602518
32.0,41.0,47715.590000000004,38647.54156491575,9068.04843508425,820.5299656700827,51083.95193511183,0.8099562756096225
32.0,42.0,49172.32,48701.79823141034,470.5217685896596,767.5221207590912,7725.263688261936,0.9904311659773292
32.0,44.0,34103.740000000005,33607.06736253536,496.6726374646414,452.24052405412596,5649.046855702089,0.9854364173118654
32.0,45.0,101.49,101.49,0.0,1040.9668373939126,6245.801024363475,1.0
32.0,46.0,181074.41999999998,180019.9193695103,1054.5006304896997,897.7825581984445,11556.98105983761,0.9941764240885616
32.0,49.0,34031.98,32470.454769072763,1561.5252309272355,846.3985240365433,13732.41582289198,0.9541159453276817
32.0,52.0,17098.79,17098.79,0.0,807.4765745361253,5652.336021752877,1.0
32.0,54.0,250.76,250.76,0.0,731.8165417847957,5122.71579249357,1.0
32.0,55.0,46026.13,46026.13,0.0,1441.396267311577,10089.77387118104,1.0
32.0,56.0,15055.47,14566.424541499915,489.04545850008526,675.3249730314301,7172.502103720437,0.9675170912299593
32.0,58.0,18120.0,16232.390774481524,1887.6092255184758,752.659352062006,14706.66159202642,0.8958273054349627
32.0,59.0,1881.73,1881.73,0.0,843.6028156459441,5905.219709521609,1.0
32.0,60.0,5049.0,5049.0,0.0,681.4048385643601,4769.833869950521,1.0
32.0,67.0,55925.14,55514.09715147155,411.0428485284501,716.459853675019,7070.433218367383,0.9926501239240805
32.0,71.0,36818.81,34714.732174189856,2104.077825810142,615.4060215081171,14828.231279607528,0.942853182223702
32.0,72.0,326295.52999999997,300656.81505051,25638.714949490022,5151.289336943385,164252.6001060538,0.9214248661344212
32.0,74.0,107515.71,105673.3271209459,1842.382879054101,560.8890244144297,13138.137566171514,0.9828640588519194
32.0,79.0,99991.39,98745.7688090389,1245.6211909610993,964.5809987157835,12980.17294581598,0.9875427155181951
32.0,80.0,131986.28,130809.74139919152,1176.5386008084824,282.44029577153714,7859.775074443172,0.9910859022558369
32.0,81.0,110818.35,110818.35,0.0,861.5582825040791,6030.907977528554,1.0
32.0,82.0,121006.79,121006.79,0.0,1375.7947783355205,9630.563448348643,1.0
32.0,83.0,24738.66,24738.66,0.0,606.151219505489,4243.058536538423,1.0
32.0,85.0,13327.470000000001,13327.470000000001,0.0,684.6331171885283,4792.431820319698,1.0
32.0,87.0,67897.4,63473.74682332786,4423.653176672136,866.1015660161646,28180.976845473833,0.9348479739036821
32.0,90.0,444213.54,441208.1750277846,3005.364972215386,960.8462171415366,21752.748381067686,0.9932344138537169
32.0,91.0,327196.69,326394.8354445604,801.8545554395823,1515.1383202850193,14615.241019193047,0.9975493194767966
32.0,92.0,738641.28,733987.9192980889,4653.3607019111805,1024.1175353833448,30435.626257239317,0.9937001074433436
32.0,93.0,223247.22,221261.51956398145,1985.7004360185529,525.4304723168441,13606.515486310673,0.9911053744095064
32.0,94.0,345468.13,337745.73922118195,7722.390778818044,104.83745257612775,39345.816062123115,0.9776465899218604
32.0,95.0,584667.08,584027.0118715883,640.0681284116872,1896.8834712359053,16478.524940709773,0.9989052434277441
32.0,96.0,17198.3,17198.3,0.0,593.8568399000566,4156.997879300396,1.0
32.0,97.0,117485.17000000001,117485.17000000001,0.0,736.1702376024472,5153.191663217131,1.0
32.0,98.0,58840.55,58454.9096747298,385.6403252701948,262.02753703722374,3762.39438561154,0.9934460108671622
32.0,99.0,532.0799999999999,532.0799999999999,0.0,674.1445536457672,2696.578214583069,1.0
33.0,1.0,21284.73,21284.73,0.0,913.9837894582457,6397.88652620772,1.0
33.0,2.0,59438.53,59438.53,0.0,622.3405411098394,4356.383787768876,1.0
33.0,3.0,1718.3100000000002,1718.3100000000002,0.0,934.4969320808659,6541.478524566061,1.0
33.0,4.0,44820.34,44820.34,0.0,731.6135416727099,5121.294791708969,1.0
33.0,5.0,430.0,430.0,0.0,858.6936808604198,6010.855766022939,1.0
33.0,7.0,1950.1100000000001,1950.1100000000001,0.0,743.828949136747,5206.8026439572295,1.0
33.0,8.0,32808.4,32808.4,0.0,495.7499074491075,3470.2493521437527,1.0
33.0,9.0,154.64,154.64,0.0,782.9026765706323,5480.318735994426,1.0
33.0,10.0,858.77,858.77,0.0,712.8638381999624,4990.046867399737,1.0
33.0,11.0,1204.05,1204.05,0.0,752.9129867479141,5270.390907235399,1.0
33.0,12.0,178.71,178.71,0.0,755.8130910528424,5290.691637369897,1.0
33.0,13.0,53770.68,53384.96434522828,385.7156547717195,528.616892365427,5628.896520416587,0.9928266546978443
33.0,14.0,5745.04,5745.04,0.0,638.8174758239554,4471.722330767688,1.0
33.0,16.0,1414.79,1414.79,0.0,775.7532075155088,5430.272452608562,1.0
33.0,17.0,1528.2,1528.2,0.0,729.1833379794346,5104.283365856042,1.0
33.0,18.0,2050.83,2050.83,0.0,931.3583853128308,5588.150311876985,1.0
33.0,20.0,197.95,197.95,0.0,748.6425668956338,5240.497968269437,1.0
33.0,21.0,832.99,832.99,0.0,754.1465054892203,5279.025538424542,1.0
33.0,22.0,66.0,66.0,0.0,764.8179645275077,3824.0898226375384,1.0
33.0,23.0,19.28,19.28,0.0,863.493107023462,3453.972428093848,1.0
33.0,25.0,2.0,2.0,0.0,892.2944885813235,892.2944885813235,1.0
33.0,26.0,758.62,758.62,0.0,820.9708551632585,5746.79598614281,1.0
33.0,31.0,30.38,30.38,0.0,764.2306663885602,1528.4613327771203,1.0
33.0,32.0,49.0,49.0,0.0,823.2933949163113,4939.760369497868,1.0
33.0,38.0,147196.08000000002,140332.7571041827,6863.322895817288,456.49072863177156,37512.049579508835,0.9533729234106145
33.0,40.0,52081.63,51428.937022756494,652.6929772435024,559.8702713436196,7182.556785622849,0.9874678849866353
33.0,41.0,136.0,136.0,0.0,924.1431301793109,4620.7156508965545,1.0
33.0,42.0,611.46,611.46,0.0,708.2973565479884,4958.081495835919,1.0
33.0,44.0,18.47,18.47,0.0,1049.4928640496134,2098.985728099227,1.0
33.0,46.0,13192.23,13192.23,0.0,704.1738011188029,4929.21660783162,1.0
33.0,49.0,15.0,15.0,0.0,1048.1312062576258,3144.3936187728773,1.0
33.0,52.0,14.0,14.0,0.0,791.4257260721461,2374.277178216438,1.0
33.0,55.0,190.0,190.0,0.0,745.2745561241694,5216.921892869186,1.0
33.0,60.0,558.0,558.0,0.0,764.4835361114665,5351.384752780265,1.0
33.0,67.0,5654.95,5654.95,0.0,768.3981722048733,5378.787205434113,1.0
33.0,74.0,2041.97,2041.97,0.0,766.1739456233707,5363.217619363595,1.0
33.0,79.0,87204.24,86262.22103511053,942.018964889463,549.9184495307436,8559.52397116252,0.9891975554756343
33.0,80.0,45248.729999999996,45248.729999999996,0.0,1358.190405754725,9507.332840283074,1.0
33.0,81.0,60754.4,60754.4,0.0,857.903339867539,6005.323379072773,1.0
33.0,82.0,24265.84,23986.268883100638,279.571116899363,706.1518948219376,6340.91884825038,0.9884788197359183
33.0,83.0,13771.56,13771.56,0.0,772.6281199046999,5408.3968393329,1.0
33.0,87.0,2489.74,2489.74,0.0,720.9144114143681,5046.400879900577,1.0
33.0,90.0,181568.89,181105.09540134456,463.7945986554332,1007.4830096853844,9371.354061074857,0.9974456273943435
33.0,91.0,74765.98,74763.7189291852,2.261070814804043,836.1383673156745,5864.273925283742,0.999969758026113
33.0,92.0,233322.29,233322.29,0.0,2144.0581546233284,15008.407082363297,1.0
33.0,93.0,126936.86,126931.95634950294,4.903650497057242,2535.9989785784082,17776.511102534143,0.999961369372954
33.0,94.0,176241.8,174931.80486018283,1309.9951398171506,750.4698686095481,11803.26477935259,0.9925670576457052
33.0,95.0,199247.23,197921.82866888825,1325.4013311117305,1084.0911332050023,14215.64458799367,0.9933479560488155
33.0,96.0,77833.84,77737.46972758377,96.37027241622854,384.3655318291603,3172.410084885265,0.9987618461016927
33.0,97.0,37735.01,37735.01,0.0,793.4526810340295,5554.168767238207,1.0
33.0,98.0,43901.58,43901.58,0.0,824.8124508167712,5773.687155717398,1.0
33.0,99.0,0.01,0.01,0.0,1134.7098187520562,1134.7098187520562,1.0
34.0,1.0,146606.25,146606.25,0.0,2012.817134933475,14089.719944534325,1.0
34.0,2.0,231253.53,231253.53,0.0,2978.7029753278766,20850.920827295136,1.0
34.0,3.0,44401.5,44401.5,0.0,1891.5437290918885,13240.80610364322,1.0
34.0,4.0,139044.81,139044.81,0.0,1149.1775099864556,8044.242569905189,1.0
34.0,5.0,123987.39,118937.8584617319,5049.531538268104,3412.7899067149897,49137.18703834545,0.9592738298768277
34.0,6.0,20095.04,16852.18571513501,3242.8542848649904,629.4794123838395,20620.627311011827,0.8386241438252926
34.0,7.0,104746.9,98690.60040298225,6056.299597017753,613.6228366786412,34576.85784183925,0.9421815863093062
34.0,8.0,195929.73,194859.76550766165,1069.964492338353,663.0133991804879,9990.91625595518,0.994539039622326
34.0,9.0,146416.22,135737.1837870882,10679.036212911797,1030.0236948952909,60605.34692882602,0.9270638443410724
34.0,10.0,121642.70999999999,118663.63920955229,2979.0707904476985,1306.449952405173,24040.503619074705,0.9755096644061308
34.0,11.0,86111.22,85191.09830078029,920.1216992197078,1217.6796127089615,13124.365785061269,0.989314729262694
34.0,12.0,34749.619999999995,34749.619999999995,0.0,1090.4893488413868,7633.425441889708,1.0
34.0,13.0,163688.23,163564.14872394598,124.08127605402478,1549.0785568608237,11463.95627829589,0.9992419658025868
34.0,14.0,63824.59,63384.370649777324,440.2193502226728,912.8987765713143,8591.388187112563,0.9931026685761292
34.0,16.0,48941.9,48941.9,0.0,1986.504226941198,13905.529588588386,1.0
34.0,17.0,46820.37,46820.37,0.0,875.7125715212838,6129.988000648987,1.0
34.0,18.0,42806.94,35478.00070217022,7328.93929782978,360.5675808188534,39168.66955488087,0.8287908619997182
34.0,19.0,269.48,269.48,0.0,798.275264409549,2394.825793228647,1.0
34.0,20.0,18262.28,18262.28,0.0,911.0515278186886,6377.36069473082,1.0
34.0,21.0,28084.25,28084.25,0.0,993.5105390771166,6954.573773539816,1.0
34.0,22.0,40001.24,40001.24,0.0,937.5444187540201,6562.810931278141,1.0
34.0,23.0,87951.81,86927.15048889251,1024.6595111074803,902.7284804820081,11442.396918911458,0.9883497620900867
34.0,24.0,20593.68,19861.100960172575,732.5790398274235,574.6714493304416,7685.595344450208,0.9644269970288251
34.0,25.0,37119.62,37119.62,0.0,926.2019294800342,6483.41350636024,1.0
34.0,26.0,36336.96,35382.01812969947,954.9418703005258,555.4531643941707,8662.881502261824,0.9737198194262666
34.0,27.0,5455.36,5455.36,0.0,635.4893990273016,4448.425793191112,1.0
34.0,28.0,1790.0,1790.0,0.0,734.7783938546582,5143.448756982608,1.0
34.0,29.0,14867.279999999999,14730.676090290612,136.60390970938806,577.852995971313,4727.990520346131,0.9908117752736623
34.0,30.0,11055.28,11055.28,0.0,714.0736439511586,4998.51550765811,1.0
34.0,31.0,6179.87,6179.87,0.0,588.7435074326705,4121.204552028694,1.0
34.0,32.0,26498.3,26498.3,0.0,1019.0871294235138,7133.609905964597,1.0
34.0,33.0,23765.61,23447.304178022197,318.30582197780313,506.580358265671,5137.591617748712,0.9866064526861376
34.0,34.0,42741.01,42741.01,0.0,963.3333993654427,6743.333795558099,1.0
34.0,35.0,8536.5,8536.5,0.0,721.8771476645312,5053.140033651718,1.0
34.0,36.0,4704.58,4704.58,0.0,577.2852045497955,4040.996431848568,1.0
34.0,37.0,16226.72,16226.72,0.0,727.4337866937993,5092.036506856595,1.0
34.0,38.0,328604.24,322978.09136228333,5626.14863771668,2468.4831492891817,45410.12523360767,0.9828786486817193
34.0,40.0,267840.0,267840.0,0.0,1049.2106424564106,7344.474497194875,1.0
34.0,41.0,5491.18,5491.18,0.0,646.7996531647507,4527.597572153255,1.0
34.0,42.0,29942.61,29942.61,0.0,863.670345893804,6045.692421256628,1.0
34.0,44.0,29305.0,27586.050652319173,1718.9493476808284,743.2269836072564,13797.335623654937,0.9413427965302567
34.0,46.0,110110.05,109203.12183990292,906.9281600970753,692.9700058747122,9385.430841608362,0.9917634388496137
34.0,47.0,0.0,0.0,0.0,1053.1312062576258,1053.1312062576258,
34.0,48.0,34734.0,20505.734416265746,14228.265583734254,207.63679273827088,72594.78546783916,0.590364899414572
34.0,49.0,16533.54,16317.356271510307,216.18372848969375,1190.5607362631883,9414.843796290786,0.9869245347040202
34.0,52.0,9007.87,9007.87,0.0,815.1080635496503,5705.756444847552,1.0
34.0,54.0,75.76,75.76,0.0,1027.8778729242924,3083.633618772877,1.0
34.0,55.0,50678.29,49932.293588734865,745.9964112651369,1468.179612983424,14007.239347209654,0.9852797635582192
34.0,56.0,6176.2699999999995,6176.2699999999995,0.0,641.7804367866541,4492.463057506579,1.0
34.0,59.0,1239.31,1239.31,0.0,684.6589620168115,4792.612734117681,1.0
34.0,60.0,522.0,522.0,0.0,712.5812747224024,4988.068923056817,1.0
34.0,65.0,330384.58,327273.70671146596,3110.873288534036,2632.943095428566,33984.96811067014,0.9905840844977267
34.0,67.0,47512.84,47142.1368581994,370.70314180059995,509.06580031387097,5416.9763112000965,0.9921978323796137
34.0,71.0,14439.56,14439.56,0.0,824.9730016152977,5774.811011307083,1.0
34.0,72.0,238965.82,224367.09302990782,14598.72697009219,3551.9097924053253,97857.00339729822,0.9389087235568159
34.0,74.0,49671.32,49497.9911136802,173.3288863197995,1029.6783056769366,8074.392571337554,0.9965104835885215
34.0,79.0,105729.94,105729.94,0.0,879.2130034987271,6154.49102449109,1.0
34.0,80.0,81329.09,81329.09,0.0,772.6631581908223,5408.642107335756,1.0
34.0,81.0,115061.43,115061.43,0.0,669.9739883035927,4689.817918125149,1.0
34.0,82.0,112833.06,111597.74631465808,1235.3136853419128,962.8425250477919,12916.466102044107,0.9890518462820922
34.0,83.0,18564.28,18564.28,0.0,640.2575700222184,4481.802990155528,1.0
34.0,85.0,9176.58,9041.340668542027,135.23933145797355,849.4572383354229,6622.3973256378285,0.9852625562619218
34.0,87.0,58537.520000000004,55638.37733563961,2899.1426643603845,714.8311215288907,19499.531172504157,0.9504737702526449
34.0,90.0,324663.03,322790.5295995432,1872.500400456789,1124.9725586573124,17237.30991288513,0.9942324803644664
34.0,91.0,247652.5,244095.124397454,3557.3756025460025,963.4009781039562,24530.684859457706,0.9856356160242841
34.0,92.0,519529.22,512143.3838692134,7385.836130786571,1553.4665976439262,47803.44683744034,0.9857835982145786
34.0,93.0,232378.1,229855.16577792633,2522.93422207368,323.39064196488573,14878.4056041226,0.9891429776641014
34.0,94.0,260628.74,257334.66151388013,3294.078486119877,644.6919314046567,20983.235950431983,0.9873610313040693
34.0,95.0,483193.14,483193.14,0.0,3268.2296234296955,22877.60736400787,1.0
34.0,96.0,142086.65,140219.84375460283,1866.8062453971725,901.5238021774463,15644.697842227986,0.9868614944092413
34.0,97.0,130407.97,130091.46060725772,316.5093927422895,533.0478199739981,5313.881703529434,0.9975729290721856
34.0,98.0,60278.65,59123.422977834554,1155.2270221654508,361.25114705362495,8304.893140202628,0.9808352207263193
34.0,99.0,280.03,280.03,0.0,734.8077661894672,2204.4232985684016,1.0
35.0,1.0,122605.89,122293.59716363504,312.292836364948,1449.8137144540542,11710.16018300312,0.9974528724813714
35.0,2.0,323338.5,320111.65179930994,3226.848200690052,451.52077748164965,19294.88644582181,0.9900202165820338
35.0,3.0,72328.78,71844.79686714598,483.9831328540258,1253.459739840555,11194.133843154013,0.9933085677256824
35.0,4.0,129986.51000000001,127453.09231637167,2533.417683628337,1257.4350203837744,21469.133560828104,0.9805101492175738
35.0,5.0,126185.62,120527.14302770402,5658.476972295975,2431.822267271419,45315.14073237981,0.9551575134132084
35.0,6.0,21936.58,21936.58,0.0,1502.0472812938347,10514.330969056842,1.0
35.0,7.0,148702.34,146380.3827289354,2321.9572710645953,1522.0519033939527,22264.149679080645,0.9843852001853864
35.0,8.0,135952.32,131089.73961658054,4862.580383419474,431.66992667868806,27334.591403848186,0.9642331930531273
35.0,9.0,72707.42,69716.90197201671,2990.518027983282,1197.4278270942862,23334.584929576413,0.9588691494212931
35.0,10.0,101265.53,100319.15520395123,946.374796048769,571.3649885469125,8731.428900072233,0.9906545218689048
35.0,11.0,81306.75,76331.38309485454,4975.366905145465,1174.937171013635,33101.39472282277,0.9388074556522618
35.0,12.0,14223.35,14223.35,0.0,772.8897425400539,5410.228197780378,1.0
35.0,13.0,230977.27000000002,230977.27000000002,0.0,1073.6111800306135,7515.278260214294,1.0
35.0,14.0,170744.19,169570.31063948787,1173.8793605121136,2346.259647717252,22293.21433658133,0.9931249235449117
35.0,16.0,918.6899999999999,918.6899999999999,0.0,1839.677246173386,12877.740723213703,1.0
35.0,17.0,102071.8,101953.09357146225,118.70642853775826,1559.4043724414798,11509.36274977915,0.998837030124503
35.0,18.0,51629.81,49114.19421952217,2515.6157804778286,1240.6355288369257,21262.52760424762,0.95127590474422
35.0,19.0,0.0,0.0,0.0,1219.4122539099242,1219.4122539099242,
35.0,20.0,66233.78,66233.78,0.0,1686.9498244537365,11808.648771176155,1.0
35.0,21.0,19392.49,19392.49,0.0,1220.7044375414876,8544.931062790412,1.0
35.0,22.0,139594.7,138934.45093645167,660.2490635483191,1946.0160358694588,16923.357568827807,0.9952702426127329
35.0,23.0,255085.57,244261.94159705404,10823.62840294595,2866.2282538125023,74181.73979141726,0.9575686370540444
35.0,24.0,74038.15,71817.39488874223,2220.7551112577676,1174.0561443799868,19322.168566948745,0.9700052592986486
35.0,25.0,98242.84,97504.60811473701,738.2318852629833,1172.0945784429925,11895.821475415863,0.992485641851732
35.0,26.0,110802.09,104962.33871584713,5839.751284152873,906.2385050252714,35542.42595594127,0.9472956576527314
35.0,27.0,12751.38,12751.38,0.0,619.5095622018304,4336.566935412812,1.0
35.0,28.0,5930.17,5930.17,0.0,636.4518219154696,4455.162753408287,1.0
35.0,29.0,52937.770000000004,52899.05428262636,38.715717373637744,755.8880344838896,5484.794828255415,0.999268656058356
35.0,30.0,31905.170000000002,31905.170000000002,0.0,1137.7404860107138,7964.183402074997,1.0
35.0,31.0,26012.82,26012.82,0.0,1019.1027296361234,7133.719107452864,1.0
35.0,32.0,34926.9,34682.354703821235,244.54529617876324,1488.8882319828278,11644.94410477361,0.9929983681294714
35.0,33.0,77336.51,74377.86320784377,2958.6467921562326,714.0668050022208,19791.70159579671,0.961743207805004
35.0,34.0,171372.32,165450.66237877822,5921.657621221802,1129.2747692783507,37513.21149105747,0.9654456587783734
35.0,35.0,18390.92,18390.92,0.0,1211.1981845421556,8478.387291795088,1.0
35.0,36.0,15294.4,14173.17176864218,1121.2282313578203,562.0641904330909,9540.590489820737,0.9266902767445718
35.0,38.0,261935.88,248045.16362048528,13890.716379514735,1723.3236837345535,81516.84768371555,0.9469690201299847
35.0,40.0,254694.61,253261.6278015695,1432.9821984304945,951.0836685687765,13822.496672133908,0.9943737238945477
35.0,41.0,10830.81,10830.81,0.0,1282.6338226567234,8978.436758597063,1.0
35.0,42.0,57444.04,57444.04,0.0,478.23876068725014,3347.671324810751,1.0
35.0,44.0,13943.279999999999,13943.279999999999,0.0,492.26227481716495,3445.835923720155,1.0
35.0,46.0,101679.34,100199.99525881138,1479.3447411886245,1035.2595045225044,14643.540237600653,0.9854508817505245
35.0,47.0,0.0,0.0,0.0,1053.1312062576258,1053.1312062576258,
35.0,49.0,40.79,40.79,0.0,847.6697609504951,5086.018565702971,1.0
35.0,52.0,9930.56,9930.56,0.0,859.751799905221,6018.262599336547,1.0
35.0,54.0,201.68,201.68,0.0,766.2819296023124,3831.4096480115622,1.0
35.0,55.0,49884.94,49797.59929402867,87.34070597133359,1402.6394319390945,10255.179553430331,0.9982491568402941
35.0,56.0,2345.46,2345.46,0.0,804.2993367574826,5630.095357302378,1.0
35.0,58.0,16750.0,13166.54168734579,3583.4583126542084,649.365504239489,22462.850092947465,0.7860621902893009
35.0,59.0,115.75,115.75,0.0,848.5634726707331,5939.944308695131,1.0
35.0,60.0,621.0,621.0,0.0,712.3796350353516,4986.6574452474615,1.0
35.0,67.0,35183.49,34546.02400477081,637.4659952291904,624.7958642302007,7560.9010257573555,0.9818816724768011
35.0,71.0,63763.22,63642.6050370851,120.61496291489493,1936.8493208393827,14161.020060450152,0.9981083928491237
35.0,72.0,582563.9,567817.1765022405,14746.723497759565,7531.334932957327,126452.96201949911,0.9746865133631528
35.0,74.0,131670.61000000002,130941.25090556213,729.3590944378739,1815.5954083507163,16355.963330644383,0.9944607297373508
35.0,79.0,171838.61,170599.23793500423,1239.3720649957831,963.2728210878314,12939.770072593736,0.9927875809458901
35.0,80.0,36.26,36.26,0.0,912.4987157940122,6387.491010558086,1.0
35.0,81.0,46050.73,46050.73,0.0,974.7853030602365,6823.497121421656,1.0
35.0,82.0,78435.13,75225.69038375671,3209.4396162432986,1112.9336813405532,23837.733850600365,0.9590816051908972
35.0,83.0,14740.17,14676.885143379495,63.2848566205048,629.493116646504,4722.876099628052,0.9957066399763025
35.0,85.0,9964.91,9964.91,0.0,858.0206155899783,6006.144309129848,1.0
35.0,87.0,98219.83,96294.77729632678,1925.0527036732183,1002.6483705900625,16643.80211249653,0.980400569786435
35.0,90.0,96254.52,96199.70477169978,54.81522830022914,755.1593483246618,5560.191579773778,0.9994305178780152
35.0,91.0,49753.18,49753.18,0.0,1123.0365862855658,7861.2561039989605,1.0
35.0,92.0,251843.38,246828.78584056077,5014.594159439235,1471.7928336843377,35375.52063298654,0.9800884416360707
35.0,93.0,8853.08,8853.08,0.0,890.198410165607,6231.388871159249,1.0
35.0,94.0,459.01,459.01,0.0,1244.8836301643455,8714.185411150418,1.0
35.0,95.0,279156.89,278001.3993045977,1155.49069540231,4292.52190857116,35825.10683700967,0.9958607838932354
35.0,96.0,5.86,5.86,0.0,854.0187423117279,854.0187423117279,1.0
35.0,97.0,26181.21,26181.21,0.0,535.1792415445278,3746.254690811695,1.0
35.0,98.0,376.3,376.3,0.0,772.5090987881994,5407.5636915173955,1.0
36.0,1.0,15602.58,15602.58,0.0,712.8673820667162,4990.0716744670135,1.0
36.0,2.0,82091.48999999999,82091.48999999999,0.0,1047.4089531078423,7331.862671754896,1.0
36.0,3.0,2340.59,2340.59,0.0,774.4209801120198,5420.946860784139,1.0
36.0,4.0,55437.08,55437.08,0.0,908.1367338984471,6356.95713728913,1.0
36.0,5.0,1616.8799999999999,1616.8799999999999,0.0,586.5014798601758,4105.51035902123,1.0
36.0,7.0,2133.4700000000003,2133.4700000000003,0.0,784.0386389810429,5488.270472867301,1.0
36.0,8.0,22696.739999999998,22696.739999999998,0.0,712.1148577795019,4984.804004456513,1.0
36.0,9.0,581.91,581.91,0.0,745.5450855465621,5218.815598825934,1.0
36.0,10.0,1828.28,1828.28,0.0,639.0067829778197,4473.047480844738,1.0
36.0,11.0,1463.02,1463.02,0.0,710.8211409465332,4975.747986625733,1.0
36.0,12.0,349.59000000000003,349.59000000000003,0.0,710.9682664336697,4976.777865035688,1.0
36.0,13.0,75025.75,75025.75,0.0,729.6501744184067,5107.551220928846,1.0
36.0,14.0,9960.53,9960.53,0.0,544.8292466895141,3813.8047268265987,1.0
36.0,16.0,3498.38,3498.38,0.0,604.3841960727121,4230.689372508985,1.0
36.0,17.0,1603.35,1603.35,0.0,791.2903900571163,5539.032730399814,1.0
36.0,18.0,1647.02,1647.02,0.0,942.9084615427633,6600.359230799343,1.0
36.0,20.0,172.5,172.5,0.0,730.4853259675186,5113.397281772631,1.0
36.0,21.0,1222.91,1222.91,0.0,718.8237512679898,5031.7662588759285,1.0
36.0,22.0,731.51,731.51,0.0,686.3546420740586,4118.127852444351,1.0
36.0,24.0,0.0,0.0,0.0,1308.351945207174,1308.351945207174,
36.0,25.0,26.900000000000002,26.900000000000002,0.0,853.1587846979963,3412.6351387919854,1.0
36.0,26.0,1169.36,1169.36,0.0,716.1363731675243,5012.95461217267,1.0
36.0,31.0,811.0,811.0,0.0,635.4676465641307,4448.273525948915,1.0
36.0,32.0,16.5,16.5,0.0,858.2575645690365,3433.030258276146,1.0
36.0,38.0,128861.44,123660.84409120538,5200.595908794618,1450.4588563434913,36156.19153837753,0.9596419541113724
36.0,40.0,73297.64,72797.88642954777,499.7535704522361,457.72808243813205,5702.864429328105,0.9931818600100599
36.0,42.0,785.48,785.48,0.0,675.2894622254486,4727.02623557814,1.0
36.0,44.0,2.28,2.28,0.0,1051.991206257626,2103.982412515252,1.0
36.0,46.0,14432.380000000001,14432.380000000001,0.0,623.3359273611469,4363.351491528028,1.0
36.0,49.0,5.0,5.0,0.0,1159.307165359168,1159.307165359168,1.0
36.0,60.0,594.0,594.0,0.0,727.4269480419003,5091.988636293302,1.0
36.0,67.0,3884.86,3884.86,0.0,603.8960460656423,4227.272322459496,1.0
36.0,72.0,0.0,0.0,0.0,1053.1312062576258,2106.2624125152515,
36.0,74.0,3466.31,3466.31,0.0,643.032692940097,4501.228850580679,1.0
36.0,79.0,89377.43,89377.43,0.0,1575.9537490725684,11031.676243507978,1.0
36.0,80.0,106726.09,106726.09,0.0,1257.0879780806627,8799.615846564639,1.0
36.0,81.0,69617.0,69617.0,0.0,993.6897140971307,6955.827998679915,1.0
36.0,82.0,36930.93,35277.84663234753,1653.0833676524708,549.6473482140279,12112.94827576055,0.9552385123349867
36.0,83.0,14151.73,14151.73,0.0,942.4091762790295,6596.864233953206,1.0
36.0,87.0,979.96,979.96,0.0,900.9088707263996,5405.453224358398,1.0
36.0,90.0,184732.14,184732.14,0.0,1786.8709965174198,12508.096975621938,1.0
36.0,91.0,59885.369999999995,59698.524038597636,186.8459614023668,1196.2965017579984,9308.305319317822,0.9968799397682212
36.0,92.0,225981.3,225351.10136435565,630.1986356443667,2285.9623931847686,19152.729930515216,0.9972112797136562
36.0,93.0,104700.93,104700.93,0.0,2267.749483094221,15874.246381659548,1.0
36.0,94.0,209605.27,209605.27,0.0,1968.8130860252702,13781.691602176892,1.0
36.0,95.0,224213.9,224213.9,0.0,2006.2631685323488,14043.842179726442,1.0
36.0,96.0,98391.14,95945.00193642889,2446.138063571105,688.4665634787676,17049.9562622069,0.9751386348041997
36.0,97.0,35399.479999999996,35399.479999999996,0.0,844.4051767999892,5910.836237599925,1.0
36.0,98.0,35592.64,35592.64,0.0,1474.8755851585333,10324.129096109733,1.0
37.0,1.0,90538.94,89392.48797011493,1146.4520298850712,480.1585775522274,9093.370192290948,0.9873374701549955
37.0,2.0,119137.39,119137.39,0.0,860.0732673210662,6020.512871247463,1.0
37.0,3.0,9343.89,9343.89,0.0,812.7548892453223,5689.284224717256,1.0
37.0,4.0,122726.46,122641.29875879668,85.16124120332097,1139.7040346112792,8403.73444829556,0.9993060889949622
37.0,5.0,5655.98,5655.98,0.0,948.5261807260957,6639.68326508267,1.0
37.0,6.0,38.52,38.52,0.0,831.0869453324326,3324.3477813297304,1.0
37.0,7.0,4400.0199999999995,4400.0199999999995,0.0,701.6022325011261,4911.215627507882,1.0
37.0,8.0,123207.68,121509.96171877152,1697.7182812284773,197.82693158101185,9873.37992720947,0.9862206781165875
37.0,9.0,849.17,849.17,0.0,727.804106781848,5094.628747472936,1.0
37.0,10.0,2823.45,2823.45,0.0,697.3881126716078,4881.716788701255,1.0
37.0,11.0,12379.01,12379.01,0.0,502.2983444701772,3516.0884112912404,1.0
37.0,12.0,1732.9,1732.9,0.0,700.4238565920141,4902.966996144099,1.0
37.0,13.0,119065.48000000001,118979.06303253373,86.41696746627713,857.3775121542183,6433.727422410913,0.9992742063655538
37.0,14.0,9728.619999999999,9728.619999999999,0.0,530.5687577821137,3713.9813044747957,1.0
37.0,16.0,12906.17,12906.17,0.0,752.8401404702557,5269.8809832917905,1.0
37.0,17.0,3160.7799999999997,3160.7799999999997,0.0,541.4543517911808,3790.180462538265,1.0
37.0,18.0,4298.37,4298.37,0.0,907.5360779776671,6352.752545843669,1.0
37.0,21.0,12244.97,12244.97,0.0,861.5896933704029,6031.12785359282,1.0
37.0,22.0,738.45,738.45,0.0,765.5368233446367,5358.757763412456,1.0
37.0,23.0,186.86,186.86,0.0,753.276847837326,5272.937934861282,1.0
37.0,25.0,400.01,400.01,0.0,717.254810039358,5020.783670275506,1.0
37.0,27.0,140.37,140.37,0.0,729.1594474602895,4374.956684761737,1.0
37.0,28.0,551.54,551.54,0.0,757.0446683243755,5299.312678270629,1.0
37.0,31.0,1537.77,1537.77,0.0,598.7552216948852,4191.286551864197,1.0
37.0,32.0,241.0,241.0,0.0,716.1482436400221,3580.7412182001103,1.0
37.0,33.0,6.47,6.47,0.0,1046.6612062576257,1046.6612062576257,1.0
37.0,38.0,436741.49,436741.49,0.0,3319.7004467536367,23237.90312727546,1.0
37.0,40.0,196921.82,196665.46982538217,256.3501746178299,367.20297565523185,3852.1717026757724,0.9986982134604594
37.0,42.0,950.65,950.65,0.0,703.216961180852,4922.518728265964,1.0
37.0,44.0,1.0,1.0,0.0,918.1281046739833,918.1281046739833,1.0
37.0,46.0,59147.99,58973.376859930046,174.61314006995053,668.2507228189808,5550.820760082618,0.9970478601205223
37.0,49.0,59.7,59.7,0.0,793.0585131046543,4758.351078627926,1.0
37.0,52.0,139.96,139.96,0.0,765.0561216310904,5355.392851417632,1.0
37.0,56.0,958.0,958.0,0.0,718.2392654470553,3591.196327235277,1.0
37.0,59.0,521.11,521.11,0.0,756.6991916864741,5296.894341805319,1.0
37.0,60.0,4617.0,4617.0,0.0,757.5528858883666,5302.870201218567,1.0
37.0,67.0,17946.27,17858.502897188053,87.76710281194573,440.9348356344395,3525.379363500805,0.9951094515566774
37.0,72.0,571.19,571.19,0.0,902.633250821291,6318.432755749037,1.0
37.0,74.0,4590.04,4590.04,0.0,748.0504410387113,5236.353087270979,1.0
37.0,79.0,55518.89,54677.18771680616,841.7022831938375,430.54795185406016,7222.347078947609,0.9848393531788219
37.0,80.0,82710.47,81964.59715434883,745.8728456511781,368.71929493663055,6310.399292812304,0.9909821229929998
37.0,81.0,75254.52,75254.52,0.0,600.8517979426716,4205.9625855987015,1.0
37.0,82.0,44318.86,43946.25517573365,372.604824266351,483.52128353196156,5247.673106055486,0.9915926351836136
37.0,83.0,15870.07,15870.07,0.0,515.0169953458793,3605.1189674211555,1.0
37.0,85.0,550.39,550.39,0.0,743.7094730895452,5205.966311626817,1.0
37.0,87.0,8431.33,8431.33,0.0,746.214023250847,5223.498162755929,1.0
37.0,90.0,322157.07,321011.258359913,1145.8116400869694,842.7893896010137,11628.583927641943,0.9964433136914022
37.0,91.0,220080.54,218588.50126728645,1492.0387327135359,1065.676161156416,14919.92679166259,0.993220487678222
37.0,92.0,437286.70999999996,433669.6101797815,3617.0998202185,993.1136583585788,25037.294709602553,0.9917283106540822
37.0,93.0,168482.08000000002,166750.45945929078,1731.6205407092239,517.7114020395857,12282.082517823219,0.9897222271905164
37.0,94.0,238603.13,237942.8121827193,660.3178172806947,766.7883803405691,8669.107748787457,0.9972325685028495
37.0,95.0,378899.69,376342.99018062296,2556.6998193770632,1348.9212041845033,22225.94752617684,0.9932523042724658
37.0,96.0,145553.41,143283.6766047593,2269.7333952406952,544.2498925054476,15158.41622374161,0.984406181928402
37.0,97.0,104929.44,104270.90978434373,658.5302156562702,427.29261154645945,6283.6993591065675,0.993724066232925
37.0,98.0,38703.42,38509.33788018733,194.08211981266777,432.47911212590395,3997.7643839446664,0.9949854012949588
37.0,99.0,10.0,10.0,0.0,1094.519241466638,1094.519241466638,1.0
38.0,1.0,57326.28,57326.28,0.0,916.5750622995649,6416.025436096955,1.0
38.0,2.0,84598.1,84598.1,0.0,875.7778223740723,6130.444756618506,1.0
38.0,3.0,3718.25,3718.25,0.0,882.6770928456601,6178.739649919621,1.0
38.0,4.0,79194.28,79194.28,0.0,704.2212863514562,4929.549004460194,1.0
38.0,5.0,2544.66,2544.66,0.0,721.107391455019,5047.751740185133,1.0
38.0,6.0,159.02,159.02,0.0,770.3364436797119,4622.0186620782715,1.0
38.0,7.0,1410.17,1410.17,0.0,888.9919507114085,6222.94365497986,1.0
38.0,8.0,75160.0,75160.0,0.0,528.0067935927018,3696.0475551489126,1.0
38.0,9.0,668.79,668.79,0.0,727.9506055573447,5095.654238901413,1.0
38.0,10.0,2641.63,2641.63,0.0,735.5524520296005,5148.867164207204,1.0
38.0,11.0,4950.07,4950.07,0.0,686.319558426447,4804.236908985129,1.0
38.0,12.0,353.38,353.38,0.0,738.6325223219438,5170.427656253607,1.0
38.0,13.0,74733.62,74618.92938139848,114.69061860150941,795.6091130819119,6142.71688458093,0.9984653410526412
38.0,14.0,5698.53,5698.53,0.0,714.9585658303276,5004.7099608122935,1.0
38.0,16.0,5144.96,5144.96,0.0,716.8764740418047,5018.135318292633,1.0
38.0,17.0,3258.69,3258.69,0.0,656.0084392178467,4592.0590745249265,1.0
38.0,18.0,2640.56,2640.56,0.0,837.7748466115153,5864.423926280607,1.0
38.0,20.0,60.25,60.25,0.0,875.2585933985156,5251.5515603910935,1.0
38.0,21.0,6740.25,6740.25,0.0,781.3339662597866,5469.337763818507,1.0
38.0,23.0,264.43,264.43,0.0,749.8371240707668,5248.859868495368,1.0
38.0,25.0,371.83,371.83,0.0,714.9321199367249,5004.524839557074,1.0
38.0,26.0,15.0,15.0,0.0,1058.6852982449248,3176.0558947347745,1.0
38.0,27.0,96.14999999999999,96.14999999999999,0.0,797.7034608269381,5583.924225788567,1.0
38.0,28.0,411.35,411.35,0.0,718.4053160746589,5028.837212522612,1.0
38.0,29.0,70.98,70.98,0.0,1138.7370229240446,4554.948091696178,1.0
38.0,31.0,458.0,458.0,0.0,683.7130795425892,4102.278477255535,1.0
38.0,32.0,406.15,406.15,0.0,725.1716272692157,5076.20139088451,1.0
38.0,34.0,5.96,5.96,0.0,1115.45389845863,1115.45389845863,1.0
38.0,38.0,499221.95999999996,489469.33718377684,9752.622816223142,5743.3232160073285,88966.376593167,0.9804643553416137
38.0,40.0,126700.5,125406.94307976827,1293.5569202317347,555.3270516095259,10355.073962425355,0.9897904355528847
38.0,42.0,836.87,836.87,0.0,699.1850516422993,4894.295361496095,1.0
38.0,44.0,47.82,47.82,0.0,854.1051739350181,5978.736217545127,1.0
38.0,46.0,36812.57,36812.57,0.0,688.9599857709944,4822.719900396961,1.0
38.0,49.0,48.61,48.61,0.0,827.297064408817,4136.4853220440855,1.0
38.0,52.0,120.3,120.3,0.0,764.3646489869942,5350.552542908959,1.0
38.0,55.0,36.8,36.8,0.0,1153.5624719586735,2307.124943917347,1.0
38.0,56.0,419.61,419.61,0.0,1289.9852772432446,6449.926386216223,1.0
38.0,59.0,235.69,235.69,0.0,737.6475027683799,5163.532519378659,1.0
38.0,60.0,2502.0,2502.0,0.0,713.4613196790497,4994.229237753348,1.0
38.0,67.0,5286.72,5286.72,0.0,739.258620519546,5174.810343636822,1.0
38.0,72.0,1574.62,1574.62,0.0,751.8651608305323,5263.056125813726,1.0
38.0,74.0,2154.06,2154.06,0.0,856.5527256361331,5995.869079452932,1.0
38.0,79.0,65582.01,65582.01,0.0,899.3946245221226,6295.762371654859,1.0
38.0,80.0,79245.89,79245.89,0.0,1108.738491834758,7761.169442843306,1.0
38.0,81.0,75252.06,75252.06,0.0,928.9626950439844,6502.738865307891,1.0
38.0,82.0,42124.46,42124.46,0.0,974.7103996942027,6822.972797859419,1.0
38.0,83.0,15758.06,15758.06,0.0,886.8593663412254,6208.015564388577,1.0
38.0,85.0,326.6,326.6,0.0,720.4951808853272,4322.971085311963,1.0
38.0,87.0,5465.57,5465.57,0.0,728.7559880706661,5101.291916494663,1.0
38.0,90.0,265005.74,264586.9906688489,418.7493311510698,1956.8352455246277,15791.593374427743,0.9984198480713999
38.0,91.0,187518.42,187518.42,0.0,1473.126429971913,10311.88500980339,1.0
38.0,92.0,345538.16,344952.5038914857,585.6561085142894,2307.0373365589485,19077.541898484087,0.9983050899254824
38.0,93.0,136610.8,136610.8,0.0,1846.908572012911,12928.360004090377,1.0
38.0,94.0,160140.79,160140.79,0.0,885.374785759439,6197.623500316073,1.0
38.0,95.0,309186.68,309186.68,0.0,2010.167527889575,14071.172695227026,1.0
38.0,96.0,93181.01000000001,93181.01000000001,0.0,814.0035076381098,5698.024553466768,1.0
38.0,97.0,74196.98999999999,74196.98999999999,0.0,985.9051304970396,6901.335913479277,1.0
38.0,98.0,36678.75,36678.75,0.0,739.451225123995,5176.158575867965,1.0
39.0,1.0,198403.19,198092.82823315792,310.3617668420666,1637.249652221644,13012.556399761841,0.9984357017301885
39.0,2.0,497701.02,497701.02,0.0,3645.688059188521,25519.816414319648,1.0
39.0,3.0,95315.41,95315.41,0.0,4990.963087228592,34936.74161060014,1.0
39.0,4.0,331556.18,329419.4829159907,2136.697084009327,2054.062540035407,25061.923200294485,0.9935555504228294
39.0,5.0,167193.02000000002,163464.5637092002,3728.4562907997934,2713.101758861071,37633.99376602647,0.9776996893123899
39.0,6.0,18888.38,18888.38,0.0,1121.985691992369,7853.899843946584,1.0
39.0,7.0,263206.35,255268.57030107395,7937.779698926046,4014.882380466429,67793.07515789523,0.9698419901384369
39.0,8.0,272283.62,269599.52015723765,2684.0998427623344,703.842457792652,18347.396418360237,0.9901422647357108
39.0,9.0,132098.85,130264.37127199693,1834.4787280030614,1715.1908302640072,21178.729451863357,0.986112833472789
39.0,10.0,114908.62,114671.78238879298,236.83761120701638,1554.7651116221411,12067.54383739007,0.9979389047470328
39.0,11.0,149804.29,148718.51933165992,1085.7706683400938,993.8345009136859,12385.694848096271,0.9927520722648191
39.0,12.0,34843.41,34843.41,0.0,837.8300172554043,5864.81012078783,1.0
39.0,13.0,423001.9,418103.3825153364,4898.517484663629,2738.560709956331,43662.51239301246,0.9884196324303421
39.0,14.0,137387.22,137214.69890561036,172.52109438964908,1792.2042072960296,13408.034923020452,0.9987442711600858
39.0,16.0,100757.39,100757.39,0.0,3298.830550844308,23091.813855910157,1.0
39.0,17.0,87024.33,87024.33,0.0,1063.6369357214953,7445.458550050467,1.0
39.0,18.0,130153.12,126859.29051022025,3293.8294897797423,2630.1224660923767,34880.00471154535,0.9746926582337807
39.0,19.0,5.97,5.97,0.0,1178.328014876712,3534.984044630136,1.0
39.0,20.0,52805.1,52705.56439827239,99.53560172761081,1050.7689766024055,7853.060844854893,0.99811503809807
39.0,21.0,47466.35,47466.35,0.0,1183.4097341331096,8283.868138931768,1.0
39.0,22.0,90477.4,88495.0488244224,1982.3511755776053,1266.2627862314312,18775.595381508043,0.9780900956970735
39.0,23.0,124561.76000000001,123327.8151243073,1233.9448756927159,1473.4290830722834,16483.72795996956,0.9900937103353974
39.0,24.0,49782.11,48023.823264268955,1758.2867357310424,726.0856174906424,13874.033001089709,0.9646803493116092
39.0,25.0,50800.81,50647.83039821999,152.97960178001176,847.4281295115882,6696.894915481176,0.9969886385319444
39.0,26.0,80447.73,75715.70086682604,4732.029133173966,1111.3522037585938,31439.61109217999,0.9411788358332304
39.0,27.0,10957.68,10957.68,0.0,642.8199494821628,4499.739646375139,1.0
39.0,28.0,4813.38,4813.38,0.0,773.4476028937312,5414.133220256118,1.0
39.0,29.0,38086.42,37186.38064452627,900.0393554737348,1032.507009346993,11727.745842797625,0.9763684968166152
39.0,30.0,24028.3,24028.3,0.0,964.0268507047907,6748.187954933535,1.0
39.0,31.0,15218.02,15218.02,0.0,1017.3038314653297,7121.126820257308,1.0
39.0,32.0,36704.19,36704.19,0.0,1018.456713665593,7129.196995659151,1.0
39.0,33.0,49307.74,47471.60803112773,1836.1319688722706,820.2033145432998,14922.083046164451,0.9627617901596734
39.0,34.0,112212.35,112139.99649943614,72.35350056385869,830.4748039649791,6175.0911305741465,0.9993552091141138
39.0,35.0,10455.86,10455.86,0.0,1097.644502115932,7683.511514811525,1.0
39.0,36.0,1982.16,1982.16,0.0,1179.1754049407075,8254.227834584952,1.0
39.0,38.0,332959.49,316772.29184682574,16187.19815317425,3453.3132919793384,105109.18380972662,0.9513838811046526
39.0,40.0,488789.07999999996,480968.5129316569,7820.567068343065,862.440831010945,45139.92115879194,0.9840001190936118
39.0,41.0,23392.29,23392.29,0.0,430.5100198373296,3013.570138861307,1.0
39.0,42.0,29011.879999999997,28720.500585370624,291.3794146293758,688.4214155225093,6275.846981804443,0.9899565483302228
39.0,44.0,37810.44,37541.59182121444,268.8481787855626,655.9177011998835,5935.664802326997,0.9928895781486393
39.0,46.0,233254.12,232463.17067367275,790.949326327267,1165.164844892732,12110.900545885459,0.9966090659992319
39.0,49.0,61543.08,59108.484616234615,2434.595383765387,835.3689602321246,18020.559640451807,0.9604407939322278
39.0,52.0,14503.41,14503.41,0.0,1193.570968143804,8354.996777006629,1.0
39.0,54.0,148.44,148.44,0.0,900.1578937529392,6301.1052562705745,1.0
39.0,55.0,57495.99,57495.99,0.0,1207.5048004092212,8452.533602864549,1.0
39.0,56.0,13523.75,13523.75,0.0,1018.8709301397757,7132.09651097843,1.0
39.0,58.0,31700.0,27242.902706108165,4457.097293891837,660.7912435789261,26911.025174511666,0.8593975617068822
39.0,59.0,1549.46,1549.46,0.0,816.5736794583219,5716.015756208253,1.0
39.0,60.0,2997.0,2997.0,0.0,713.1267859120162,4991.887501384113,1.0
39.0,67.0,80410.81,80410.81,0.0,633.5199716250809,4434.639801375566,1.0
39.0,71.0,47316.35,47151.7435273786,164.60647262139355,948.9129012286696,7465.422671707655,0.9965211502446534
39.0,72.0,372979.39,367116.26022659126,5863.12977340872,6243.436608090442,73019.70512367669,0.9842802848344817
39.0,74.0,152113.15,151986.19568488878,126.95431511121569,1276.7738501688254,9572.188526737857,0.9991653955288466
39.0,79.0,301043.25,298971.97799094976,2071.272009050219,1036.7045545521748,17613.29192711632,0.9931196862608603
39.0,80.0,91790.47,90317.22950685438,1473.2404931456167,542.738210841082,11165.369941615658,0.9839499624182595
39.0,81.0,141309.82,141309.82,0.0,829.9792518823326,5809.854763176329,1.0
39.0,82.0,153839.96,150706.07692280997,3133.883077190021,1257.6844660769723,24473.20664848891,0.9796289398593836
39.0,83.0,41977.23,40845.53491914291,1131.6950808570846,516.2465429315882,9272.20120480654,0.9730402629983662
39.0,85.0,8985.33,8985.33,0.0,982.6173041174549,6878.321128822184,1.0
39.0,87.0,59850.26,59850.26,0.0,1078.033650771106,7546.235555397743,1.0
39.0,90.0,596809.41,594459.0010716355,2350.4089283645008,2133.714377678866,26688.045285574568,0.9960617093347028
39.0,91.0,451799.66,449691.8950171523,2107.764982847715,1012.9718956516808,17629.62818380034,0.9953347353496289
39.0,92.0,879358.0,872653.9191882388,6704.08081176116,2686.9258487616275,52328.88500013719,0.9923761644156747
39.0,93.0,318106.3,311918.89282309235,6187.407176907684,669.1744375803713,35621.25694760102,0.9805492466609192
39.0,94.0,463777.06,449552.24542932084,14224.814570679155,376.340205747023,73758.45429362493,0.9693283351042004
39.0,95.0,801153.5,797408.6419214173,3744.8580785827507,2513.498684981526,36318.781187784436,0.9953256672053699
39.0,96.0,201460.44999999998,199857.33548816107,1603.114511838914,522.4731469418335,11672.884587787405,0.9920425348407644
39.0,97.0,188478.59,185569.20677914988,2909.383220850119,408.4728210576681,17406.22585165427,0.9845638530039401
39.0,98.0,77819.98,75335.48640900802,2484.493590991975,226.88766249868473,14010.681592450668,0.9680738341105719
39.0,99.0,1025.08,978.6698208321724,46.410179167827664,510.5918384878924,1763.8264113028156,0.9547253100559687
40.0,1.0,137199.36,137199.36,0.0,1829.1330067863648,12803.931047504553,1.0
40.0,2.0,178524.03,178524.03,0.0,2334.5263249332247,16341.684274532574,1.0
40.0,3.0,36592.77,36592.77,0.0,1431.3511339104084,10019.45793737286,1.0
40.0,4.0,172102.36,172102.36,0.0,2028.2926940213858,14198.048858149701,1.0
40.0,5.0,98344.40000000001,97737.99582513743,606.4041748625641,2760.289393668655,22354.046629993405,0.9938338718334488
40.0,6.0,21895.24,21039.924260044383,855.3157399556153,673.3629405508922,8990.119283634322,0.9609359961363466
40.0,7.0,107542.45999999999,100789.94425032937,6752.515749670634,1369.3937995479773,43348.335345189014,0.9372107003162228
40.0,8.0,253073.59,253073.59,0.0,1049.992432226061,7349.947025582427,1.0
40.0,9.0,144212.71,142732.5968158614,1480.1131841385723,966.8304890775934,14168.379344236015,0.9897365968357534
40.0,10.0,149659.88,145901.96585970235,3757.9141402976493,2142.928531122477,33790.07041934559,0.9748903036652331
40.0,11.0,87830.31,86780.32978644302,1049.9802135569844,839.01916804924,11123.035244129602,0.9880453545756929
40.0,12.0,31619.85,31619.85,0.0,1296.8114786968456,9077.68035087792,1.0
40.0,13.0,158140.46,158140.46,0.0,1512.2263831835876,10585.584682285113,1.0
40.0,14.0,82062.31,81495.62502916681,566.6849708331883,1593.6354062657012,13988.87269802585,0.9930944550447923
40.0,16.0,35509.37,35509.37,0.0,1365.327781217566,9557.294468522963,1.0
40.0,17.0,58825.659999999996,58825.659999999996,0.0,888.6654258077077,6220.657980653954,1.0
40.0,18.0,38371.240000000005,30558.590166013924,7812.6498339860755,214.1807480045815,40562.51440596245,0.7963930841435909
40.0,20.0,21544.32,21544.32,0.0,1067.567047577176,7472.9693330402315,1.0
40.0,21.0,43484.72,43484.72,0.0,1099.9472447139854,7699.630712997898,1.0
40.0,22.0,47599.65,47215.57521217975,384.0747878202528,1124.2109793031657,9789.850794223425,0.9919311426067156
40.0,23.0,103519.92,101010.4606560409,2509.4593439590953,1008.8074533162375,19608.94889300914,0.9757586815758832
40.0,24.0,18743.11,18743.11,0.0,1031.4224648608554,7219.957254025987,1.0
40.0,25.0,43434.130000000005,43434.130000000005,0.0,1647.7611457943974,11534.328020560783,1.0
40.0,26.0,35035.28,35035.28,0.0,990.2827018678174,6931.978913074722,1.0
40.0,27.0,7982.02,7982.02,0.0,690.059765082923,4830.418355580461,1.0
40.0,28.0,2825.62,2825.62,0.0,750.6029682979141,5254.220778085399,1.0
40.0,29.0,22476.34,22476.34,0.0,850.4274251991131,5952.991976393792,1.0
40.0,30.0,14060.52,14060.52,0.0,1073.40563213454,7513.83942494178,1.0
40.0,31.0,8376.02,8376.02,0.0,783.173356266934,5482.213493868538,1.0
40.0,32.0,23299.52,23299.52,0.0,1307.8165982752412,9154.716187926688,1.0
40.0,33.0,22307.56,21921.85745911232,385.7025408876789,819.7891083953381,7667.036463205761,0.9827097835492685
40.0,34.0,48289.64,47458.83020849905,830.8097915009494,666.3398511328112,8818.427915434426,0.9827952788320445
40.0,35.0,14306.1,14306.1,0.0,677.3415310270383,4741.390717189268,1.0
40.0,36.0,5058.36,5058.36,0.0,744.7820795563787,5213.474556894651,1.0
40.0,37.0,15659.69,15505.503122278797,154.18687772120347,618.6360646253048,5101.38684098315,0.9901538997437878
40.0,38.0,263970.09,261250.9506618394,2719.1393381606104,2398.637756935641,30386.16098935254,0.9896990627303244
40.0,40.0,248653.78,248653.78,0.0,1143.1998738086247,8002.399116660374,1.0
40.0,41.0,1888.2,1888.2,0.0,926.0953735746622,6482.667615022635,1.0
40.0,42.0,34083.130000000005,34083.130000000005,0.0,1118.0086594747002,7826.060616322901,1.0
40.0,44.0,23974.71,23974.71,0.0,858.9858334163619,6012.900833914533,1.0
40.0,45.0,17.91,17.91,0.0,1036.3563363977696,1036.3563363977696,1.0
40.0,46.0,57777.03,57429.459616697866,347.5703833021289,1093.499021618767,9392.345067842014,0.9939842808932523
40.0,47.0,0.0,0.0,0.0,1053.1312062576258,1053.1312062576258,
40.0,48.0,8104.0,7519.646572821979,584.3534271780209,542.6001326023696,6177.367931504323,0.9278932098743804
40.0,49.0,326.02,326.02,0.0,814.9038051068504,5704.326635747953,1.0
40.0,52.0,6498.59,6498.59,0.0,838.2127292573888,5867.489104801722,1.0
40.0,54.0,157.41,157.41,0.0,843.0301370253763,5901.210959177634,1.0
40.0,55.0,39051.25,39051.25,0.0,1244.8818462844251,8714.172923990976,1.0
40.0,56.0,11961.59,11961.59,0.0,996.5831146578514,6976.08180260496,1.0
40.0,58.0,25975.0,22386.308761726315,3588.691238273684,1239.581009830659,26620.523260183036,0.8618405683051517
40.0,59.0,1014.6800000000001,1014.6800000000001,0.0,757.3890466616238,5301.723326631366,1.0
40.0,60.0,1188.0,1188.0,0.0,700.7668267949612,4905.367787564728,1.0
40.0,67.0,44625.340000000004,44625.340000000004,0.0,832.0560435472768,5824.392304830937,1.0
40.0,71.0,13550.619999999999,13550.619999999999,0.0,997.4394062734508,6982.0758439141555,1.0
40.0,72.0,247312.15,237679.28987737207,9632.860122627924,3637.564959677416,73627.25533088154,0.9610497902241038
40.0,74.0,72661.62,72136.40871342244,525.2112865775562,1420.5713871003593,12570.056142590296,0.992771819750543
40.0,79.0,88065.2,87050.66399267345,1014.5360073265456,1289.1093073446186,14096.445188045058,0.9884797172171692
40.0,80.0,113967.16,113967.16,0.0,1088.2584937316994,7617.809456121897,1.0
40.0,81.0,135343.77000000002,135343.77000000002,0.0,1303.093986542604,9121.657905798227,1.0
40.0,82.0,103817.19,101114.43766933958,2702.752330660427,307.32349184364415,15665.026096207645,0.9739662349687905
40.0,83.0,16554.08,16554.08,0.0,970.0631444614554,6790.442011230188,1.0
40.0,85.0,11775.32,11775.32,0.0,919.2302933013723,6434.612053109606,1.0
40.0,87.0,176856.05000000002,171134.69425392715,5721.355746072852,979.9870381152411,35466.68799717094,0.9676496464436876
40.0,90.0,441580.99,440241.92634064215,1339.0636593578456,1807.2836809811104,19346.304063657,0.9969675695066542
40.0,91.0,292301.82,292301.82,0.0,1757.9417089953038,12305.591962967126,1.0
40.0,92.0,693956.41,693956.41,0.0,4769.885007581108,33389.19505306776,1.0
40.0,93.0,194174.19,194174.19,0.0,1650.5243392415032,11553.670374690522,1.0
40.0,94.0,228363.55,227636.19112617458,727.3588738254039,1867.6226842368383,16710.153158784888,0.9968149081855427
40.0,95.0,450672.75,450672.75,0.0,3954.5828982176017,27682.08028752321,1.0
40.0,96.0,97894.82,97894.82,0.0,1814.1765555385766,12699.235888770036,1.0
40.0,97.0,117936.47,117399.48211895408,536.987881045914,808.0837828557584,8341.525885219879,0.9954468038508706
40.0,98.0,56279.45,56175.87138399886,103.57861600113574,668.4655530244253,5197.1519511766555,0.9981595659516727
40.0,99.0,340.06,340.06,0.0,725.8276217708211,2177.482865312463,1.0
41.0,1.0,191608.66999999998,191608.66999999998,0.0,2407.8510742676526,16854.95751987357,1.0
41.0,2.0,347727.83999999997,347727.83999999997,0.0,2122.856562266354,14859.995935864477,1.0
41.0,3.0,87689.13,86641.42251761028,1047.7074823897146,648.1200419729105,9775.377705758947,0.9880520255772895
41.0,4.0,229378.74,229378.74,0.0,1620.9357895527205,11346.550526869043,1.0
41.0,5.0,164890.93,161774.22431145047,3116.705688549526,3086.0763935945756,37186.06319790966,0.9810983800713021
41.0,6.0,25679.18,25435.32384451477,243.85615548522946,943.4151563189979,7823.1868716591325,0.9905037405600479
41.0,7.0,178741.05,177970.24991725877,770.8000827412216,2879.3814036246836,24009.670239078892,0.9956876157841681
41.0,8.0,255108.31,253072.86056675078,2035.4494332492322,873.3750418558817,16290.872459237333,0.9920212343014259
41.0,9.0,245843.25,225245.2417284326,20598.008271567418,976.5045608753177,109825.57328396432,0.9162148715835501
41.0,10.0,126764.14,124547.51080852316,2216.6291914768444,761.054764697073,16410.529310263733,0.982513751984774
41.0,11.0,98881.08,96046.55481068461,2834.5251893153945,1007.0041594835303,21221.655062961683,0.9713339984826683
41.0,12.0,30396.91,30396.91,0.0,753.0724483272118,5271.5071382904825,1.0
41.0,13.0,249339.62,248802.44092050937,537.1790794906192,1312.380274893295,11872.557321706161,0.9978455927722573
41.0,14.0,123058.82,119702.76510465106,3356.054895348938,810.1713188266214,22451.47370853104,0.9727280426112573
41.0,16.0,47087.7,47087.7,0.0,2094.1400062602806,14658.980043821965,1.0
41.0,17.0,94461.78,93040.38157193725,1421.3984280627556,653.6538724510441,11682.569247471087,0.9849526609803166
41.0,18.0,81824.37,72559.12712685921,9265.242873140789,583.1283983769079,50408.1131543423,0.8867667068730162
41.0,19.0,10530.72,10530.72,0.0,915.0141716094502,6405.099201266151,1.0
41.0,20.0,34164.25,34164.25,0.0,1292.1800581217992,9045.260406852594,1.0
41.0,21.0,33810.26,33669.281877476315,140.97812252368476,945.38777578259,7322.605043096553,0.9958303153384893
41.0,22.0,80859.82,76323.24721264694,4536.572787353072,1137.0700855166447,30642.354535381877,0.9438958337113158
41.0,23.0,142655.26,137317.21677407625,5338.04322592375,1061.55060799742,34121.07038560069,0.962580817378036
41.0,24.0,39401.28,37660.502755302936,1740.7772446970675,1001.5394614365694,15714.662453541323,0.9558192717420078
41.0,25.0,59352.85,58704.086120577456,648.7638794225404,1087.5430643192308,10856.620847347316,0.9890693727525715
41.0,26.0,59107.33,54729.7405742872,4377.589425712804,730.5679308405741,27001.922644448037,0.925938298588131
41.0,27.0,13385.380000000001,13385.380000000001,0.0,500.7068695707106,3504.948086994974,1.0
41.0,28.0,4738.79,4738.79,0.0,728.9967268441056,5102.977087908739,1.0
41.0,29.0,32504.129999999997,32424.12868866253,80.00131133746709,752.1808424553107,5665.27245387451,0.9975387339597317
41.0,30.0,17999.58,17999.58,0.0,1068.3392269707024,7478.374588794916,1.0
41.0,31.0,15112.97,14577.026100814062,535.9438991859383,651.9230462405814,7243.180819613762,0.9645374867292176
41.0,32.0,34640.63,34286.41804625714,354.2119537428598,998.9260018102267,8763.541781385886,0.9897746676736867
41.0,33.0,41984.53,39340.577800420026,2643.952199579976,759.6201912471598,18537.10233663,0.9370255615680353
41.0,34.0,89228.13,84740.19558787665,4487.93441212335,535.6438242224358,26189.178830173798,0.9497026956395549
41.0,35.0,16869.84,16869.84,0.0,772.3491338233578,5406.443936763504,1.0
41.0,36.0,8807.869999999999,8807.869999999999,0.0,631.8430679451546,4422.901475616082,1.0
41.0,38.0,388818.25,364756.7626921934,24061.487307806587,2276.470797160761,136242.73211915826,0.9381163633450678
41.0,40.0,428570.17,422565.74077723385,6004.429222766135,927.9437730957205,36517.75252550072,0.9859896240030749
41.0,41.0,25439.81,25439.81,0.0,950.9697979395565,6656.7885855768955,1.0
41.0,42.0,41408.88,41344.52537455846,64.35462544153688,762.7076528004764,5660.726696811019,0.9984458737970808
41.0,44.0,37550.03,37240.65071845674,309.37928154326164,629.7527895598834,5955.165934635492,0.9917608779129268
41.0,45.0,232.92,232.92,0.0,854.5485655010698,5127.291393006419,1.0
41.0,46.0,188741.45,187872.07863424552,869.3713657544758,1053.1646204157078,11719.009171682334,0.9953938503399519
41.0,48.0,21882.0,17319.251775998415,4562.748224001587,404.8647970201255,25647.79469914881,0.7914839491819036
41.0,49.0,46569.57,41348.5666355984,5221.003364401602,2076.4225932036416,40639.9749744335,0.8878880916357699
41.0,52.0,17192.79,17192.79,0.0,852.3283847556575,5966.298693289602,1.0
41.0,54.0,166.2,166.2,0.0,792.844976015028,3964.22488007514,1.0
41.0,55.0,43416.1,43416.1,0.0,1396.096673453811,9772.676714176678,1.0
41.0,56.0,10633.390000000001,10633.390000000001,0.0,1013.6009851001972,7095.206895701381,1.0
41.0,58.0,64835.0,48441.66669545363,16393.333304546373,537.9459308637078,85732.28803877781,0.7471530299291066
41.0,59.0,2454.69,2454.69,0.0,752.0053468180455,5264.037427726318,1.0
41.0,60.0,3474.0,3474.0,0.0,690.5921417367172,4834.14499215702,1.0
41.0,67.0,61789.35,61502.31814005016,287.03185994983323,572.6618328422988,5443.792129645258,0.9953546709918484
41.0,71.0,34673.63,32549.119396207225,2124.5106037927753,1119.4599935354904,18458.772973712308,0.938728347629228
41.0,72.0,359272.88,353743.7593646865,5529.1206353134985,5397.077562227111,65425.14611215727,0.9846102476888501
41.0,74.0,125006.39,125006.39,0.0,1869.9054238731553,13089.337967112087,1.0
41.0,79.0,154968.18,154341.98885155402,626.1911484459779,740.3443141400146,8313.365941209991,0.9959592275753256
41.0,80.0,127292.34,126876.4227802212,415.91721977879934,990.991705363869,9016.52803644108,0.9967325824964895
41.0,81.0,145174.38999999998,144921.25673564099,253.13326435899944,635.1611245797685,5711.794193853377,0.9982563504185621
41.0,82.0,132176.82,131600.48611975697,576.3338802430153,831.6735433679642,8703.384204790826,0.9956396750939912
41.0,83.0,23725.64,23725.64,0.0,814.3047355489954,5700.133148842968,1.0
41.0,85.0,14848.86,14848.86,0.0,649.7852234981218,4548.496564486853,1.0
41.0,87.0,102571.58,96525.18810631293,6046.391893687076,598.4972697747942,34421.44035685894,0.9410519766421939
41.0,90.0,555646.39,547460.0793250639,8186.310674936205,985.5019332788195,47830.06690763276,0.9852670496519628
41.0,91.0,391669.18,388517.9165136834,3151.2634863166386,555.3370344382867,19643.6766726512,0.9919542725156046
41.0,92.0,930650.13,920620.8022575018,10029.327742498179,1867.6773099053305,63220.37988182821,0.9892233102223945
41.0,93.0,277554.09,272763.6484003326,4790.4415996674,575.29832854675,27979.29629816425,0.982740511589408
41.0,94.0,359808.43,351758.1781133329,8050.25188666708,263.01598851809206,42092.37135296204,0.9776262832789462
41.0,95.0,661037.47,658905.1664814791,2132.3035185208573,2263.0015471774427,26502.528422846386,0.9967743076371739
41.0,96.0,22493.18,22493.18,0.0,649.2715572765303,4544.900900935712,1.0
41.0,97.0,152046.29,150477.16893555308,1569.1210644469138,496.1501738980286,11318.656539520769,0.9896799779564044
41.0,98.0,75006.79000000001,74468.30407782251,538.4859221774968,246.71187991585663,4419.412770298481,0.9928208376577974
41.0,99.0,1194.97,1185.0417363381969,9.928263661803044,660.9651751580009,3354.4671940990193,0.9916916209931603
42.0,1.0,78260.5,77855.12887276032,405.3711272396722,842.0341269269203,7921.094524686803,0.994820233358595
42.0,2.0,113764.5,113764.5,0.0,1624.6881984672077,11372.817389270454,1.0
42.0,3.0,4713.45,4713.45,0.0,876.1277515712366,6132.894260998656,1.0
42.0,4.0,104143.1,104143.1,0.0,1348.1730084120443,9437.21105888431,1.0
42.0,5.0,3684.08,3684.08,0.0,1160.167237155345,8121.170660087415,1.0
42.0,7.0,2748.83,2748.83,0.0,774.5136253007516,5421.595377105262,1.0
42.0,8.0,136915.76,136633.68925829759,282.0707417024205,1041.6535864798575,8701.928813871105,0.9979398226931477
42.0,9.0,1177.24,1177.24,0.0,713.4949206340071,4994.46444443805,1.0
42.0,10.0,3225.66,3225.66,0.0,726.844370201227,5087.9105914085885,1.0
42.0,11.0,4868.3,4868.3,0.0,721.4823727700722,5050.376609390505,1.0
42.0,12.0,645.12,645.12,0.0,732.4237726520975,5126.966408564682,1.0
42.0,13.0,108051.73,108051.73,0.0,1384.4664715366769,9691.265300756739,1.0
42.0,14.0,8944.56,8944.56,0.0,702.5181947513174,4917.627363259222,1.0
42.0,16.0,6288.46,6288.46,0.0,796.2469199732376,5573.728439812663,1.0
42.0,17.0,4145.89,4145.89,0.0,626.7351120099881,4387.145784069917,1.0
42.0,18.0,3607.0299999999997,3607.0299999999997,0.0,551.5546927060617,3309.3281562363704,1.0
42.0,20.0,6.68,6.68,0.0,823.3319530077671,823.3319530077671,1.0
42.0,21.0,7071.5599999999995,7071.5599999999995,0.0,856.015960826658,5992.111725786606,1.0
42.0,23.0,145.63,145.63,0.0,773.3669271227625,5413.568489859337,1.0
42.0,24.0,43.82,43.82,0.0,1042.1762062576258,4168.704825030503,1.0
42.0,25.0,450.82,450.82,0.0,720.0634157836915,5040.443910485841,1.0
42.0,27.0,387.28,387.28,0.0,706.992354520771,4948.9464816453965,1.0
42.0,28.0,341.56,341.56,0.0,725.1637255915423,5076.146079140796,1.0
42.0,31.0,310.14,310.14,0.0,711.7601411923833,4270.5608471543,1.0
42.0,32.0,87.0,87.0,0.0,785.1680360646275,5496.176252452392,1.0
42.0,38.0,274606.76,270832.02735958836,3774.732640411654,2805.468586151534,38511.943305119006,0.9862540432711429
42.0,40.0,139719.73,139719.73,0.0,1218.8063483301287,8531.644438310901,1.0
42.0,42.0,1307.78,1307.78,0.0,729.3648572588891,5105.554000812223,1.0
42.0,44.0,8.27,8.27,0.0,860.0592536795295,3440.237014718118,1.0
42.0,46.0,41282.3,41282.3,0.0,861.2017485194662,6028.412239636263,1.0
42.0,49.0,261.62,261.62,0.0,724.3797131282643,5070.65799189785,1.0
42.0,52.0,158.25,158.25,0.0,766.5167448851842,5365.617214196289,1.0
42.0,56.0,817.52,817.52,0.0,695.7654357387219,4174.592614432331,1.0
42.0,59.0,281.02,281.02,0.0,742.3668093480031,5196.567665436022,1.0
42.0,60.0,1836.0,1836.0,0.0,760.7596437308322,5325.317506115825,1.0
42.0,67.0,7575.860000000001,7575.860000000001,0.0,733.9549649587652,5137.684754711357,1.0
42.0,71.0,0.0,0.0,0.0,1194.2320567812944,1194.2320567812944,
42.0,72.0,0.0,0.0,0.0,1053.1312062576258,1053.1312062576258,
42.0,74.0,2105.02,2105.02,0.0,704.1076672437497,4928.753670706248,1.0
42.0,79.0,87304.95,87304.95,0.0,1586.730126463344,11107.110885243408,1.0
42.0,80.0,96027.04,96027.04,0.0,1443.6952822585074,10105.866975809551,1.0
42.0,81.0,108801.81,108465.47734889442,336.3326511055784,1271.2064539759108,10580.108433359268,0.9969087586768495
42.0,82.0,51636.13,51636.13,0.0,793.9175922671826,5557.423145870278,1.0
42.0,83.0,24540.23,24232.00655113939,308.2234488606082,840.4566742169318,7424.313963821563,0.9874400749764526
42.0,85.0,273.52,273.52,0.0,742.444779867032,5197.1134590692245,1.0
42.0,87.0,10643.92,10599.209357321679,44.710642678322074,593.4998156177838,4378.0519227160985,0.9957994195110146
42.0,90.0,377592.25,377592.25,0.0,2822.9463584596524,19760.624509217567,1.0
42.0,91.0,293026.47,291378.8267728196,1647.643227180357,2566.9697294554717,26207.004242090086,0.994377152251193
42.0,92.0,591819.16,591108.3809998111,710.7790001889371,3757.2557140633435,29854.68499938809,0.9987989929217754
42.0,93.0,220066.2,220066.2,0.0,2586.0482623106286,18102.3378361744,1.0
42.0,94.0,251262.95,251262.95,0.0,1804.6876348204096,12632.813443742867,1.0
42.0,95.0,425479.22,425479.22,0.0,2942.9148272116945,20600.40379048186,1.0
42.0,96.0,114232.05,113806.30638603008,425.74361396992026,806.2942631336633,7772.777911785244,0.9962729933151867
42.0,97.0,123772.16,123467.94818121353,304.21181878646894,1447.7462695942304,11655.282981091957,0.9975421628031177
42.0,98.0,41346.87,41346.87,0.0,857.4749857367717,6002.324900157402,1.0
43.0,1.0,52308.07,51567.57786280385,740.4921371961445,182.55925522600086,4980.375472562729,0.9858436348885335
43.0,2.0,139832.97,139832.97,0.0,1139.7257036536587,7978.07992557561,1.0
43.0,3.0,6454.86,6454.86,0.0,632.5997429040129,4428.198200328091,1.0
43.0,4.0,115931.0,115931.0,0.0,1230.691991809604,8614.843942667227,1.0
43.0,5.0,6749.93,6443.4207144508555,306.50928554914435,316.9584111230826,3751.2553056073,0.9545907460449005
43.0,6.0,119.16000000000001,119.16000000000001,0.0,866.6822029023232,6066.775420316262,1.0
43.0,7.0,2317.17,2317.17,0.0,656.349540079468,4594.446780556276,1.0
43.0,8.0,93510.17,93510.17,0.0,521.8212183496152,3652.748528447306,1.0
43.0,9.0,912.58,912.58,0.0,713.929723508599,4997.508064560193,1.0
43.0,10.0,3230.25,3230.25,0.0,707.1810528784127,4950.267370148889,1.0
43.0,11.0,2664.4,2664.4,0.0,745.2180500001474,5216.5263500010315,1.0
43.0,12.0,473.2,473.2,0.0,707.0209542364519,4949.146679655163,1.0
43.0,13.0,119759.5,119658.3734509077,101.12654909229241,847.1612619982188,6435.761579448994,0.9991555864119982
43.0,14.0,11138.86,11138.86,0.0,546.1353080470769,3822.9471563295383,1.0
43.0,16.0,11647.44,11647.44,0.0,880.114186279322,6160.799303955254,1.0
43.0,17.0,2666.43,2666.43,0.0,733.2208014016186,5132.54560981133,1.0
43.0,18.0,3164.8999999999996,3164.8999999999996,0.0,1323.881659732076,9267.171618124532,1.0
43.0,20.0,44.0,44.0,0.0,755.2824005908238,3776.412002954119,1.0
43.0,21.0,9867.44,9867.44,0.0,773.512067254988,5414.5844707849155,1.0
43.0,22.0,43.19,43.19,0.0,781.6972326987194,2345.0916980961583,1.0
43.0,25.0,293.44,293.44,0.0,728.8430582228177,5101.901407559724,1.0
43.0,26.0,3.25,3.25,0.0,1206.4104546065798,1206.4104546065798,1.0
43.0,28.0,4.29,4.29,0.0,895.7950569833722,3583.180227933489,1.0
43.0,31.0,212.0,212.0,0.0,713.0515947074215,4278.309568244529,1.0
43.0,32.0,10.76,10.76,0.0,1047.7512062576257,2095.5024125152513,1.0
43.0,38.0,424708.25,407610.4701445915,17097.779855408495,4057.63901284379,113892.37236694901,0.9597422940208755
43.0,40.0,130460.09,127242.98081531614,3217.109184683861,480.9530294935222,19452.21712987396,0.9753402808116731
43.0,42.0,1376.9,1376.9,0.0,675.5993238799227,4729.195267159459,1.0
43.0,46.0,41611.35,41611.35,0.0,821.3321780148601,5749.325246104021,1.0
43.0,49.0,42.82,42.82,0.0,902.5217730847467,3610.0870923389866,1.0
43.0,52.0,116.08,116.08,0.0,737.57630250315,5163.03411752205,1.0
43.0,56.0,864.93,864.93,0.0,684.3331808069441,4790.332265648609,1.0
43.0,60.0,2385.0,2385.0,0.0,659.2709591434248,4614.896714003973,1.0
43.0,67.0,9245.83,9245.83,0.0,377.6075062535529,2643.2525437748704,1.0
43.0,72.0,1440.89,1440.89,0.0,710.1383318594272,4970.968323015991,1.0
43.0,74.0,5149.02,5149.02,0.0,557.9537809302126,3905.6764665114883,1.0
43.0,79.0,75118.07,75118.07,0.0,7218.419531194011,50528.936718358076,1.0
43.0,80.0,115641.34999999999,115641.34999999999,0.0,1914.818178961817,13403.727252732719,1.0
43.0,81.0,132611.39,132345.9693754414,265.42062455859923,790.3770929448583,6859.742773407004,0.9979985080877396
43.0,82.0,55187.33,55187.33,0.0,494.1428794641527,3459.000156249069,1.0
43.0,83.0,28876.120000000003,28071.964742643195,804.155257356806,518.5914971164635,7650.916766599275,0.9721515474600878
43.0,85.0,3.8,3.8,0.0,1064.7306619149413,2129.4613238298825,1.0
43.0,87.0,949.92,949.92,0.0,662.4654971419377,4637.258479993564,1.0
43.0,90.0,438262.36,434578.3435438881,3684.0164561118872,1142.0748532311138,26414.606253177233,0.9915940386573197
43.0,91.0,228181.49,227121.88923917536,1059.600760824629,1117.8464984588775,13122.929293335288,0.9953563246483111
43.0,92.0,573394.5,572073.9132267733,1320.5867732266634,1376.2469983215228,16236.662854383976,0.9976968966859174
43.0,93.0,245447.07,245057.48526994436,389.58473005564156,1406.8327506373826,11795.752904739886,0.9984127546111851
43.0,94.0,334868.27,334317.5120549409,550.7579450590856,1154.64922627681,10836.334309233098,0.9983552996972239
43.0,95.0,487790.73,483692.68248717044,4098.047512829566,1661.056739946001,32117.634743769835,0.9915987589333042
43.0,96.0,165326.81,164638.91524356534,687.8947564346709,1808.5453956486049,16099.291551713588,0.9958391820634859
43.0,97.0,133870.99,133870.99,0.0,629.4525954388394,4406.168168071876,1.0
43.0,98.0,62196.05,62169.49486055512,26.555139444881206,617.5933516525973,4455.929158792587,0.9995730413837393
44.0,1.0,69182.45,68941.81714289876,240.6328571012382,798.4380594703663,6792.230701798755,0.9965217644489138
44.0,2.0,75522.18,74736.30853420119,785.8714657988039,708.7654973214716,8890.71581024432,0.9895941633861893
44.0,3.0,4165.46,4165.46,0.0,732.5488889341852,5127.842222539297,1.0
44.0,4.0,56775.32,56775.32,0.0,740.1340336172987,5180.93823532109,1.0
44.0,5.0,7906.36,7442.821085398418,463.53891460158115,413.5807663803224,5212.759937670163,0.9413713877686342
44.0,6.0,108.1,108.1,0.0,749.3947360849073,2997.5789443396293,1.0
44.0,7.0,1924.21,1924.21,0.0,790.9752658741023,5536.826861118716,1.0
44.0,8.0,39371.21,39371.21,0.0,641.3046808290117,4489.132765803081,1.0
44.0,9.0,480.05,480.05,0.0,759.8205219735988,5318.7436538151915,1.0
44.0,10.0,550.86,550.86,0.0,865.6916497623512,6059.841548336458,1.0
44.0,11.0,3491.94,3491.94,0.0,898.2786648661966,6287.950654063376,1.0
44.0,12.0,672.92,672.92,0.0,744.2907228986924,5210.035060290847,1.0
44.0,13.0,57744.83,57599.23675447726,145.5932455227412,600.6967026478252,4932.843146148482,0.9974786791211829
44.0,14.0,5127.05,5127.05,0.0,646.7486142741055,4527.240299918739,1.0
44.0,16.0,4628.55,4628.55,0.0,710.9890023670579,4976.923016569405,1.0
44.0,17.0,2491.48,2491.48,0.0,671.7794015567023,4702.455810896916,1.0
44.0,18.0,3994.86,3994.86,0.0,1057.1141380820789,7399.798966574553,1.0
44.0,20.0,36.0,36.0,0.0,810.4509289261869,4052.2546446309343,1.0
44.0,21.0,5657.18,5657.18,0.0,682.1655589117888,4775.1589123825215,1.0
44.0,23.0,89.0,89.0,0.0,779.0623069311849,4674.373841587109,1.0
44.0,24.0,77.7,77.7,0.0,1043.3765918671006,7303.636143069704,1.0
44.0,25.0,167.47,167.47,0.0,752.2250510401178,5265.575357280824,1.0
44.0,26.0,993.25,993.25,0.0,641.2046946036098,4488.432862225269,1.0
44.0,27.0,123.32,123.32,0.0,844.7832247712188,5913.482573398532,1.0
44.0,28.0,408.22,408.22,0.0,728.5035568950555,5099.524898265388,1.0
44.0,31.0,43.6,43.6,0.0,927.5266660074117,2782.579998022235,1.0
44.0,32.0,158.66,158.66,0.0,770.1012512327735,4620.607507396641,1.0
44.0,33.0,72.17,72.17,0.0,801.804837931647,3207.219351726588,1.0
44.0,38.0,372555.54,334157.72491093393,38397.81508906606,4358.458755841651,222498.28673622187,0.8969339844226554
44.0,40.0,121880.35,118849.55555747106,3030.794442528939,421.6099426680809,18105.241811321263,0.9751330346316781
44.0,42.0,234.0,234.0,0.0,769.8126549584579,5388.688584709205,1.0
44.0,44.0,56.81,56.81,0.0,1119.1709260396124,2238.3418520792247,1.0
44.0,46.0,38706.55,38706.55,0.0,955.3990289103797,6687.793202372658,1.0
44.0,49.0,20.0,20.0,0.0,884.4420247911381,3537.7680991645525,1.0
44.0,52.0,96.17,96.17,0.0,791.2510634656752,5538.757444259726,1.0
44.0,56.0,2227.09,2227.09,0.0,563.7823511763092,3946.476458234165,1.0
44.0,59.0,35.620000000000005,35.620000000000005,0.0,965.3915813865148,2896.1747441595444,1.0
44.0,60.0,2709.0,2709.0,0.0,719.0756223363553,5033.529356354487,1.0
44.0,67.0,7499.07,7499.07,0.0,718.1631624944891,5027.142137461424,1.0
44.0,72.0,1005.1,1005.1,0.0,756.925620766902,5298.479345368313,1.0
44.0,74.0,4231.46,4231.46,0.0,789.1776351238128,5524.243445866689,1.0
44.0,79.0,34209.130000000005,34176.617288403744,32.51271159625776,640.51801969622,4646.189695854829,0.9990495896388987
44.0,80.0,40197.68,40197.68,0.0,670.9802914807615,4696.86204036533,1.0
44.0,81.0,56415.75,56415.75,0.0,727.6456594563527,5093.51961619447,1.0
44.0,82.0,30105.95,30105.95,0.0,804.0524306183655,5628.367014328559,1.0
44.0,83.0,5282.43,5282.43,0.0,793.6661258839166,5555.662881187416,1.0
44.0,85.0,869.6800000000001,869.6800000000001,0.0,698.2704317677253,4887.893022374077,1.0
44.0,87.0,2831.17,2831.17,0.0,624.7302422146305,4373.111695502414,1.0
44.0,90.0,253488.12,250509.4208504903,2978.699149509681,915.8915152586934,21304.73635435926,0.9882491568066003
44.0,91.0,135551.24,135185.72198309551,365.51801690449065,979.6943500352401,8685.450534769134,0.9973034697660864
44.0,92.0,331062.47,322222.1761024746,8840.293897525393,604.9690636703536,48436.25293331944,0.973297203100293
44.0,93.0,89911.11,89731.19573252813,179.9142674718787,658.3110527363406,5507.7487065137775,0.9979989762391781
44.0,94.0,185127.59,180606.68074851495,4520.909251485053,189.68280767748678,23932.32591116767,0.9755794949230148
44.0,95.0,240329.46,240329.46,0.0,979.3754325241779,6855.628027669245,1.0
44.0,96.0,20746.19,20746.19,0.0,700.548687680538,4903.840813763766,1.0
44.0,97.0,53036.87,52575.48079978852,461.3892002114799,583.5329055886762,6391.676340178133,0.9913005952234458
44.0,98.0,26754.190000000002,26754.190000000002,0.0,529.1109651358283,3703.7767559507984,1.0
45.0,1.0,116679.58,116679.58,0.0,1540.2036452167517,10781.425516517262,1.0
45.0,2.0,243362.29,242942.1345111348,420.1554888652172,1626.7856566729158,13488.277041036497,0.9982735390562555
45.0,3.0,61641.729999999996,61641.729999999996,0.0,1582.7075462619225,11078.952823833457,1.0
45.0,4.0,162231.83,161593.1030105409,638.7269894591009,1913.3601742079736,16587.15616675132,0.9960628750260716
45.0,5.0,92590.31,90176.77433777339,2413.5356622266227,2007.8043244532503,26122.308582305865,0.9739331722485148
45.0,6.0,12440.58,12440.58,0.0,1129.4673458453062,7906.271420917144,1.0
45.0,7.0,133177.97,111300.43923061181,21877.530769388184,3147.2053426405223,131418.09124542458,0.8357271043447487
45.0,8.0,251905.01,249648.0507507993,2256.9592492006923,552.5370838757829,15152.555833133942,0.9910404352450127
45.0,9.0,88290.13,83814.74711939253,4475.382880607476,919.4519316276068,28813.077924430625,0.9493104961946769
45.0,10.0,87989.35,87989.35,0.0,1078.712437421552,7550.987061950864,1.0
45.0,11.0,73195.29,69867.84117487865,3327.448825121357,1557.2440289348704,27537.952328150874,0.954540123754939
45.0,12.0,24916.6,24916.6,0.0,874.0356349898699,6118.249444929089,1.0
45.0,13.0,188215.43,188215.43,0.0,2240.8101054512786,15685.670738158951,1.0
45.0,14.0,71296.83,70573.02123787264,723.8087621273608,1280.1920626540116,12580.388249214884,0.9898479530979518
45.0,16.0,41188.95,41188.95,0.0,2764.18794108175,19349.31558757225,1.0
45.0,17.0,70648.15,70589.92719394717,58.22280605283777,1101.513183431607,8001.706314285439,0.9991758764234756
45.0,18.0,45739.28,40521.51897931782,5217.761020682177,1487.1848877107482,36499.09931738613,0.8859238488082415
45.0,19.0,8405.94,8405.94,0.0,947.8628071496095,6635.039650047266,1.0
45.0,20.0,26425.45,26425.45,0.0,1318.3255204405425,9228.278643083797,1.0
45.0,21.0,23887.760000000002,23887.760000000002,0.0,1016.2089785914906,7113.462850140434,1.0
45.0,22.0,53903.04,53716.75444321756,186.28555678244447,927.3419879583998,7422.821699621021,0.9965440621385651
45.0,23.0,135950.73,132913.23929048833,3037.4907095116832,2293.953806014057,31245.130189656815,0.977657415230417
45.0,24.0,41408.65,38825.310705839656,2583.3392941603433,1270.1246664568334,21807.56913599955,0.9376135349942502
45.0,25.0,53771.55,53771.55,0.0,1223.9297506806547,8567.508254764583,1.0
45.0,26.0,63124.8,60345.25564017802,2779.544359821981,804.1282890745952,19526.61982263207,0.9559674745928385
45.0,27.0,8353.24,8353.24,0.0,832.6459047363811,5828.521333154667,1.0
45.0,28.0,5086.87,5086.87,0.0,727.9697756426916,5095.788429498842,1.0
45.0,29.0,28107.09,28078.610602172557,28.47939782744197,1138.6150863292553,8112.702593441996,0.9989867539532751
45.0,30.0,17107.73,17107.73,0.0,892.5663549173768,6247.964484421637,1.0
45.0,31.0,14749.16,14749.16,0.0,967.7631074601741,6774.3417522212185,1.0
45.0,32.0,24762.81,24617.483126245017,145.3268737549829,1010.274650448523,7798.5569219145755,0.9941312446465088
45.0,33.0,36271.28,35940.61211922535,330.66788077464935,888.4733187464735,7872.652635098561,0.9908834791390144
45.0,34.0,97322.34,93780.19495213893,3542.145047861073,1164.8506625457878,25864.67987712588,0.9636039880682989
45.0,35.0,14850.74,14527.181485518706,323.5585144812944,1006.9050989611018,8666.128265134184,0.9782126335467933
45.0,36.0,7346.91,7346.91,0.0,787.9227036912669,5515.458925838868,1.0
45.0,38.0,374048.02,373163.3801285657,884.6398714342722,4101.424241602676,33133.1690483901,0.9976349564116546
45.0,40.0,272421.31,270237.6376483673,2183.672351632711,919.1843635295809,17352.65230287062,0.9919842087550615
45.0,41.0,17522.68,17522.68,0.0,1120.8450993632637,7845.915695542845,1.0
45.0,42.0,32471.83,32471.83,0.0,895.4585612729943,6268.20992891096,1.0
45.0,44.0,18959.09,18959.09,0.0,668.1531864337634,4677.072305036344,1.0
45.0,45.0,10.47,10.47,0.0,1144.3439228987452,1144.3439228987452,1.0
45.0,46.0,83928.88,83526.84211583406,402.0378841659367,765.4350275160092,7368.234613441748,0.9952097789918567
45.0,49.0,10.0,10.0,0.0,1007.2928272984866,2014.5856545969732,1.0
45.0,52.0,7555.25,7555.25,0.0,1029.2250711551933,7204.575498086353,1.0
45.0,54.0,38.8,38.8,0.0,1040.1978729242924,3120.593618772877,1.0
45.0,55.0,26882.39,26291.276952747747,591.1130472522527,1121.1985615216688,10803.955166912945,0.9780111423406828
45.0,56.0,10150.65,10139.207053981276,11.44294601872457,659.5923611764612,4674.361258328851,0.9988726883481626
45.0,58.0,9895.0,7608.441563884673,2286.558436115327,1077.3633581292706,18974.33568748153,0.7689177932172484
45.0,59.0,1109.19,1109.19,0.0,745.1050653459042,5215.73545742133,1.0
45.0,60.0,1314.0,1314.0,0.0,681.80651162645,4772.64558138515,1.0
45.0,67.0,37059.7,37059.7,0.0,769.2530568551717,5384.771397986202,1.0
45.0,71.0,19730.8,19730.8,0.0,1228.4846028306013,8599.392219814208,1.0
45.0,72.0,217154.5,204250.29494165428,12904.205058345702,4282.293170943504,94497.07748833305,0.9405759260878972
45.0,74.0,64353.4,63984.138947554,369.2610524460033,1089.7787185339246,9474.75629196749,0.9942619806809585
45.0,79.0,100918.71,100361.40022854805,557.3097714519481,1020.0092164502219,9926.613372411293,0.9944776367885405
45.0,80.0,4658.5,4658.5,0.0,846.6314259374112,5926.419981561879,1.0
45.0,81.0,101388.84,101180.64115681191,208.19884318808727,749.1850371973422,6285.289476321832,0.997946530967431
45.0,82.0,92865.22,89306.68056816101,3558.5394318389936,590.8927826648176,21928.94663784869,0.9616806008553149
45.0,83.0,4534.68,4534.68,0.0,705.8717475350729,4941.10223274551,1.0
45.0,85.0,10545.0,10545.0,0.0,815.8150176015143,5710.7051232106005,1.0
45.0,87.0,56383.81,54014.03838427206,2369.771615727939,725.3986606903206,16926.64870347194,0.9579707079793307
45.0,90.0,163635.14,162020.69410590286,1614.4458940971417,921.9400090764419,14525.809534020802,0.9901338679815525
45.0,91.0,113399.84,113135.82110911296,264.018890887035,767.0951875443583,6689.760767245683,0.9976717878006968
45.0,92.0,353640.54,346373.2959109011,7267.244089098887,1111.006951064365,44113.26910294499,0.9794501951357192
45.0,93.0,17886.59,17886.59,0.0,870.136312654777,6090.95418858344,1.0
45.0,94.0,32038.85,31548.948960446523,489.90103955347695,429.11646552059227,5453.320456411531,0.9847091565535756
45.0,95.0,361280.79,352587.3293956077,8693.46060439232,2221.36687059546,59016.87111612982,0.9759371080748791
45.0,96.0,2.94,2.94,0.0,1118.4593790255708,1118.4593790255708,1.0
45.0,97.0,45583.27,45242.83775123607,340.4322487639338,644.3694385761455,6212.7473138526875,0.9925316404732717
45.0,98.0,5107.5599999999995,5107.5599999999995,0.0,810.820054503212,5675.740381522483,1.0
