Store,Dept,Total_Demand,Fulfilled_Demand,Lost_Sales,Average_Inventory,Holding_Cost,Stockout_Cost,Total_Cost,Fill_Rate
2.0,92.0,1922568.91,1069818.8477346057,852750.0622653943,2534.5144761813017,27879.659237994318,4263750.311326971,4291629.970564965,0.5564527971767762
4.0,92.0,1906726.28,1067541.8734647378,839184.4065352622,3940.712248135223,43347.834729487455,4195922.032676311,4239269.867405798,0.5598820788607045
20.0,92.0,1902098.65,1086602.8834335566,815495.7665664433,2861.5221626805405,31476.743789485947,4077478.8328322163,4108955.576621702,0.5712652618903634
13.0,92.0,1958975.87,1147759.2708287598,811216.5991712403,1956.7171857336361,21523.889043069998,4056082.9958562017,4077606.8848992717,0.5858976051750753
4.0,95.0,1745114.77,995885.3696879648,749229.4003120352,3351.2877309719015,36864.16504069092,3746147.0015601763,3783011.166600867,0.570670414810577
20.0,95.0,1660674.82,944880.7713385393,715794.0486614606,1897.912622855463,20877.038851410092,3578970.243307303,3599847.2821587133,0.568973985731017
2.0,95.0,1623322.3599999999,936163.4686196324,687158.8913803676,2956.742319950461,32524.16551945507,3435794.456901838,3468318.622421293,0.5766959734477091
1.0,92.0,1575845.1400000001,899807.445627748,676037.694372252,1953.9598508292138,21493.55835912135,3380188.47186126,3401682.030220381,0.5709999179410155
13.0,95.0,1575264.72,917899.5790623173,657365.1409376827,3676.925590574555,40446.1814963201,3286825.7046884135,3327271.886184734,0.5826954463008079
14.0,92.0,1701075.64,1067846.3429157776,633229.2970842223,12214.430950440843,134358.74045484926,3166146.485421112,3300505.225875961,0.6277477131562342
31.0,92.0,1455654.39,815404.2362545757,640250.1537454244,2771.5168630457747,30486.685493503523,3201250.768727122,3231737.4542206256,0.560163347739827
41.0,92.0,1454507.75,814342.8966143499,640164.85338565,1822.2819034092033,20045.100937501236,3200824.26692825,3220869.3678657515,0.5598752544387268
27.0,92.0,1583380.58,949539.7191711597,633840.8608288404,4411.522321419573,48526.74553561531,3169204.304144202,3217731.049679817,0.5996914015272056
24.0,92.0,1428946.67,818018.9127017073,610927.7572982926,4368.394464377544,48052.339108152984,3054638.786491463,3102691.125599616,0.5724628706414266
39.0,92.0,1395576.33,784627.9954090787,610948.3345909213,2636.0410980459155,28996.45207850507,3054741.672954607,3083738.125033112,0.5622250668360638
13.0,90.0,1378581.09,786195.3372213596,592385.7527786404,1321.0897405980477,14531.987146578525,2961928.763893202,2976460.75103978,0.5702931390284481
1.0,95.0,1375790.07,807104.5024950224,568685.5675049777,1876.8132933508168,20644.946226858985,2843427.837524888,2864072.783751747,0.5866480069121464
39.0,95.0,1289545.24,731341.142667874,558204.097332126,2434.0315399801116,26774.34693978123,2791020.48666063,2817794.833600411,0.5671310474286843
19.0,92.0,1269390.14,732939.4093501096,536450.7306498904,3453.3039693013907,37986.343662315296,2682253.653249452,2720239.9969117674,0.5773949129226021
20.0,38.0,1263804.8900000001,746371.9396601729,517432.9503398271,1475.3483513432504,16228.831864775755,2587164.7516991356,2603393.5835639113,0.5905752901938628
31.0,95.0,1166655.73,673843.7045642135,492812.0254357865,2798.2065338053812,30780.271871859193,2464060.1271789325,2494840.3990507917,0.5775857326515796
32.0,92.0,1137608.63,642219.5276145353,495389.10238546476,1045.8959805489285,11504.855786038213,2476945.511927324,2488450.367713362,0.5645346832632022
2.0,90.0,1113253.62,618671.7250598978,494581.89494010224,608.9176272037519,6698.09389924127,2472909.4747005114,2479607.5685997526,0.5557329560355687
10.0,2.0,1137709.33,657119.1079924109,480590.22200758907,2420.522696207673,26625.749658284403,2402951.1100379457,2429576.85969623,0.57758083779836
40.0,92.0,1112193.22,638721.1359007382,473472.0840992619,4046.6022941673186,44512.6252358405,2367360.4204963096,2411873.04573215,0.5742897226983079
41.0,95.0,1089848.98,615107.5162591927,474741.46374080726,1862.211130648698,20484.322437135677,2373707.318704036,2394191.641141172,0.5643970197221203
27.0,95.0,1221385.9,752050.1574878921,469335.7425121078,3850.080595010766,42350.886545118425,2346678.712560539,2389029.5991056575,0.6157350903493254
6.0,92.0,1089620.71,619319.9922888922,470300.71771110786,950.6761859685158,10457.438045653675,2351503.588555539,2361961.026601193,0.5683812601991497
4.0,2.0,1083967.3900000001,620574.0819477991,463393.308052201,2503.8142341802672,27541.956575982942,2316966.540261005,2344508.496836988,0.5725025380586394
20.0,90.0,1062813.97,600097.1716895056,462716.7983104945,2098.7065229887507,23085.77175287626,2313583.9915524726,2336669.763305349,0.5646304890869148
10.0,40.0,1055554.25,602785.7777425252,452768.4722574748,1308.7851975932506,14396.637173525756,2263842.361287374,2278238.9984609,0.5710609168051052
4.0,90.0,1048192.0,600560.0909615444,447631.9090384556,1933.4437749387407,21267.88152432615,2238159.545192278,2259427.426716604,0.5729485542358121
14.0,95.0,1255280.99,826232.3981282138,429048.59187178616,8789.482429365324,96684.30672301856,2145242.9593589306,2241927.266081949,0.6582051386982398
10.0,72.0,1258948.33,820317.6867335978,438630.64326640224,4315.257156477723,47467.82872125495,2193153.2163320114,2240621.0450532665,0.6515896381018256
19.0,95.0,1038645.23,597154.6436404506,441490.58635954943,2642.6512927977074,29069.16422077478,2207452.931797747,2236522.096018522,0.5749361056040767
26.0,38.0,1091112.91,650569.20823524,440543.7017647601,1922.230867834812,21144.539546182932,2202718.5088238004,2223863.048369983,0.5962437088524963
24.0,95.0,1038291.99,602710.89121142,435581.09878858004,3120.7608406300346,34328.36924693038,2177905.4939429,2212233.8631898304,0.5804830404320271
26.0,92.0,1021447.13,596563.3720157556,424883.7579842444,4143.226862813653,45575.49549095018,2124418.789921222,2169994.285412172,0.5840374450078054
20.0,40.0,969666.87,537525.3990775439,432141.4709224562,626.6214415305493,6892.835856836042,2160707.354612281,2167600.190469117,0.554340274694075
31.0,90.0,978507.85,548651.3476295738,429856.50237042614,1582.9282602838475,17412.210863122324,2149282.5118521308,2166694.722715253,0.5607020399780889
1.0,90.0,973808.76,554849.890643588,418958.869356412,1068.3639723821716,11752.003696203887,2094794.3467820599,2106546.3504782636,0.5697729507419794
13.0,38.0,976316.03,557765.1411564398,418550.8888435602,1031.2962769160208,11344.25904607623,2092754.4442178009,2104098.703263877,0.5712956911671724
39.0,90.0,952744.3200000001,537890.8987197093,414853.42128029076,1693.2453431375695,18625.698774513265,2074267.1064014537,2092892.805175967,0.5645700398609663
27.0,90.0,1007963.1,597742.7857228493,410220.3142771507,2912.204799639557,32034.25279603513,2051101.5713857536,2083135.8241817888,0.593020504146282
10.0,8.0,937798.08,525823.5937825838,411974.4862174162,1272.054380439091,13992.59818483,2059872.431087081,2073865.029271911,0.5607002242770468
6.0,95.0,983038.31,573710.5943388538,409327.71566114615,1599.4293262394376,17593.722588633813,2046638.5783057308,2064232.3008943647,0.5836095994456756
32.0,95.0,942564.75,534812.0366511578,407752.71334884217,1311.280394807229,14424.08434287952,2038763.566744211,2053187.6510870904,0.5674008460969475
3.0,38.0,970602.71,563723.0128262086,406879.6971737914,1637.1892369042287,18009.081605946514,2034398.4858689571,2052407.5674749035,0.580796866749124
28.0,95.0,978298.1900000001,581342.2254556083,396955.9645443917,5814.919691727832,63964.11660900616,1984779.8227219586,2048743.9393309648,0.5942382715188386
14.0,90.0,995811.15,600479.5006994188,395331.6493005812,5996.29406065232,65959.23466717552,1976658.2465029059,2042617.4811700813,0.6030053998686586
28.0,92.0,1059851.62,672173.9005550141,387677.71944498585,8048.891269954088,88537.80396949497,1938388.597224929,2026926.401194424,0.6342150994259121
20.0,8.0,902059.54,506136.3611716341,395923.1788283659,540.2996286470589,5943.295915117647,1979615.8941418296,1985559.1900569473,0.5610897493214628
41.0,90.0,876273.15,485432.63121028186,390840.5187897181,877.6987494039005,9654.686243442906,1954202.5939485906,1963857.2801920334,0.5539741018086448
13.0,91.0,913331.25,523522.2169489644,389809.0330510356,1279.1715412476942,14070.886953724636,1949045.1652551778,1963116.0522089023,0.5732008150919663
42.0,92.0,921698.06,535155.4921609614,386542.56783903856,2169.8302350230133,23868.132585253144,1932712.8391951928,1956580.971780446,0.5806190935901084
2.0,91.0,889588.99,502803.36071805726,386785.62928194273,1142.012994829605,12562.142943125655,1933928.1464097137,1946490.2893528393,0.5652086147312336
13.0,40.0,882940.21,498769.18701127014,384171.0229887299,1026.6311028051741,11292.942130856914,1920855.1149436494,1932148.0570745063,0.5648957668507023
4.0,40.0,900751.84,519243.1268652864,381508.7131347136,948.8902626123374,10437.792888735712,1907543.565673568,1917981.358562304,0.5764552497225944
43.0,92.0,893000.2,517233.1622152277,375767.0377847722,2725.1419208525544,29976.561129378097,1878835.1889238611,1908811.7500532393,0.5792083386042106
11.0,92.0,884101.2,506456.2799880167,377644.9200119833,1386.577105600846,15252.348161609305,1888224.6000599165,1903476.9482215259,0.5728487643586693
2.0,40.0,866524.58,491323.4343442619,375201.14565573813,769.1116183634651,8460.227801998117,1876005.7282786907,1884465.9560806889,0.5670046132381633
2.0,93.0,844160.48,470470.39729324507,373690.0827067549,1351.173908637494,14862.912995012433,1868450.4135337747,1883313.3265287871,0.5573234099910068
4.0,93.0,846451.05,474033.8093590577,372417.2406409423,1777.818836363256,19556.007199995816,1862086.2032047114,1881642.2104047074,0.5600250709820227
24.0,90.0,842318.72,471366.6982653505,370952.0217346495,1990.1215656514144,21891.33722216556,1854760.1086732475,1876651.4458954132,0.5596061052345489
4.0,72.0,1084348.98,726549.6898472277,357799.29015277233,7890.251816449116,86792.76998094027,1788996.4507638616,1875789.220744802,0.670033082750931
23.0,92.0,829812.38,458009.14925509045,371803.2307449096,1239.7360072830606,13637.096080113668,1859016.153724548,1872653.2498046616,0.5519430178362613
13.0,2.0,861223.65,491580.1999005787,369643.4500994213,1936.820460757836,21305.025068336196,1848217.2504971065,1869522.2755654426,0.5707927318305515
4.0,13.0,842423.87,471524.96781695075,370898.90218304924,1082.1628971305008,11903.79186843551,1854494.510915246,1866398.3027836815,0.5597241301067962
20.0,2.0,854124.87,486127.4432138623,367997.4267861377,1286.2818689975645,14149.100558973209,1839987.1339306885,1854136.2344896616,0.5691526617341821
10.0,38.0,919964.37,554679.3064947767,365285.06350522325,1696.274914272324,18659.024056995564,1826425.3175261165,1845084.341583112,0.6029356403170013
20.0,91.0,837670.1,471669.81611446966,366000.2838855303,868.5547440869282,9554.10218495621,1830001.4194276514,1839555.5216126079,0.5630734773921974
11.0,95.0,851735.8,490389.6322821745,361346.1677178255,2269.089826407679,24959.98809048447,1806730.8385891274,1831690.8266796118,0.5757532233377703
17.0,38.0,908724.74,550246.9870141132,358477.75298588676,2651.9210542164074,29171.13159638048,1792388.7649294338,1821559.8965258144,0.6055155789134928
23.0,2.0,845473.34,488790.7112215675,356682.6287784325,3245.659826100648,35702.258087107126,1783413.1438921625,1819115.4019792697,0.5781266990885454
12.0,2.0,829391.2,468405.45393769507,360985.74606230494,1029.6201136608645,11325.82125026951,1804928.7303115246,1816254.5515617942,0.5647581671202867
1.0,93.0,837250.14,481116.6342554611,356133.50574453885,1737.547573169639,19113.02330486603,1780667.5287226944,1799780.5520275603,0.5746390609805824
27.0,2.0,865504.98,514154.59689955926,351350.3831004407,2953.200068171148,32485.200749882628,1756751.9155022036,1789237.1162520861,0.5940515754161915
14.0,38.0,916835.92,567113.316014399,349722.60398560093,2791.1257297754823,30702.383027530304,1748613.0199280046,1779315.4029555349,0.6185548620459799
39.0,2.0,825556.38,474625.48684330913,350930.8931566909,2007.8176109582841,22085.993720541126,1754654.4657834545,1776740.4595039955,0.5749158971351044
34.0,92.0,810493.4099999999,459850.2600122107,350643.1499877892,1405.5934103434251,15461.527513777677,1753215.7499389462,1768677.2774527238,0.567370757539177
13.0,94.0,844236.75,500814.85415072116,343421.89584927884,1866.8748045966945,20535.62285056364,1717109.4792463942,1737645.1020969579,0.5932161258683908
18.0,92.0,777379.98,435259.4420629606,342120.5379370394,1189.5034133038682,13084.537546342552,1710602.689685197,1723687.2272315396,0.5599056487960503
39.0,40.0,769050.02,426282.37661345844,342767.6433865415,529.4583521003634,5824.041873103997,1713838.2169327077,1719662.2588058116,0.5542973350595042
14.0,91.0,811024.42,478453.7096560701,332570.7103439299,4569.8888126057045,50268.77693866275,1662853.5517196492,1713122.328658312,0.5899374887578231
2.0,94.0,789233.19,449147.56035667326,340085.62964332674,930.7682323157006,10238.450555472707,1700428.1482166336,1710666.5987721062,0.5690936038266121
17.0,92.0,755775.64,418914.78492386185,336860.85507613816,2299.646445911478,25296.11090502626,1684304.275380691,1709600.3862857174,0.5542845822919906
43.0,95.0,777177.26,438801.25726148573,338376.0027385142,1398.462558543752,15383.088143981273,1691880.0136925713,1707263.1018365526,0.5646089764148345
4.0,94.0,811479.47,475016.731478131,336462.738521869,1477.2773717377765,16250.051089115543,1682313.6926093448,1698563.7436984605,0.5853712250762562
34.0,95.0,783029.3200000001,448918.1158975224,334111.20410247764,1718.3014477840347,18901.31592562438,1670556.020512388,1689457.3364380125,0.5733094590858008
26.0,95.0,810685.08,480477.3342621465,330207.74573785346,2469.326144500142,27162.587589501563,1651038.7286892673,1678201.316278769,0.5926806180547279
35.0,72.0,881152.94,554712.954787792,326439.9852122079,3607.3075886803776,39680.38347548415,1632199.9260610396,1671880.309536524,0.629530844881244
27.0,40.0,785281.42,454818.2629348036,330463.1570651964,1704.2652357996756,18746.917593796432,1652315.7853259821,1671062.7029197784,0.5791786884946337
31.0,91.0,756412.18,427152.74327411724,329259.4367258828,1569.5120940286915,17264.633034315608,1646297.183629414,1663561.8166637295,0.5647089702787668
10.0,95.0,767088.19,437894.30873737537,329193.88126262464,1360.4405387887011,14964.845926675713,1645969.4063131232,1660934.252239799,0.5708526274369775
39.0,94.0,739727.17,413130.3929234206,326596.7770765794,1219.2136001277097,13411.349601404807,1632983.885382897,1646395.234984302,0.5584902240692613
1.0,38.0,832398.04,513588.9214164449,318809.1185835551,2997.4275830480765,32971.70341352884,1594045.5929177757,1627017.2963313046,0.6169991959813419
6.0,72.0,795929.27,475997.78961951233,319931.4803804876,2464.0514818609386,27104.566300470324,1599657.4019024381,1626761.9682029085,0.5980403128276867
31.0,94.0,760832.51,440450.30607203883,320382.2039279612,1317.8277509414606,14496.105260356067,1601911.019639806,1616407.124900162,0.5789057384943223
8.0,92.0,722125.96,401456.7807629928,320669.17923700716,973.8966813443516,10712.863494787867,1603345.896185036,1614058.7596798239,0.5559373336515874
31.0,38.0,817674.41,503641.8961050806,314032.51389491936,1992.1842286314668,21914.026514946134,1570162.569474597,1592076.595989543,0.6159443049038071
39.0,91.0,717956.72,402281.5126856964,315675.2073143036,1231.2095783044379,13543.305361348815,1578376.036571518,1591919.3419328667,0.5603144332790652
2.0,2.0,721817.67,407669.0109200678,314148.6590799322,1412.4606388945242,15537.067027839767,1570743.2953996612,1586280.3624275008,0.5647811460753901
23.0,40.0,728534.04,416665.21756309905,311868.8224369009,2015.169293952824,22166.862233481064,1559344.1121845047,1581510.9744179859,0.5719227856025767
40.0,95.0,747629.03,437266.8710652086,310362.1589347914,2601.9903773825845,28621.894151208428,1551810.794673957,1580432.6888251654,0.5848714449533996
4.0,91.0,754153.28,443244.5114672449,310908.7685327551,1877.6351940854477,20653.987134939925,1554543.8426637757,1575197.8297987154,0.587737961528517
11.0,72.0,818649.58,514319.74804762425,304329.8319523757,4307.427110904851,47381.69821995337,1521649.1597618787,1569030.857981832,0.628253847082685
22.0,38.0,804545.81,494155.54473927524,310390.2652607247,1376.5706613325417,15142.277274657958,1551951.3263036236,1567093.6035782816,0.6142043605189805
4.0,38.0,819416.59,511757.63869521447,307658.95130478556,2231.6259857636587,24547.885843400247,1538294.7565239277,1562842.6423673278,0.6245390256196967
19.0,90.0,727893.63,419152.8041013379,308740.8258986621,1730.3650711389676,19034.015782528644,1543704.1294933106,1562738.1452758391,0.5758434843032462
8.0,95.0,704620.4,396591.33650770615,308029.0634922939,879.8250583771052,9678.075642148156,1540145.3174614692,1549823.3931036175,0.5628439603901706
32.0,90.0,693269.01,385736.3765476364,307532.6334523636,987.2081597855994,10859.289757641593,1537663.167261818,1548522.4570194595,0.5564021627732018
6.0,40.0,714760.44,407246.80112024554,307513.63887975446,871.0491888811462,9581.541077692607,1537568.1943987724,1547149.735476465,0.569766845406617
19.0,38.0,767047.5,460765.5733142525,306281.9266857475,1429.6205498243255,15725.826048067582,1531409.6334287378,1547135.4594768053,0.6007001826017978
43.0,90.0,682759.91,377586.7316497103,305173.17835028976,1205.0647247398942,13255.711972138837,1525865.8917514486,1539121.6037235877,0.5530300272751958
1.0,91.0,713056.49,409605.6094452313,303450.88055476866,1459.6680636191786,16056.348699810966,1517254.4027738431,1533310.7514736543,0.5744364088814777
37.0,92.0,678258.33,373345.3191872375,304913.01081276254,646.3180488845908,7109.498537730498,1524565.0540638126,1531674.552601543,0.5504470828795239
19.0,72.0,738847.25,437250.2803272318,301596.9696727682,2059.9339365040864,22659.27330154495,1507984.848363841,1530644.121665386,0.5918006466522435
32.0,38.0,747285.8300000001,445068.9536679726,302216.87633202743,1479.0827394138344,16269.910133552177,1511084.3816601373,1527354.2917936894,0.5955806142717474
40.0,90.0,696287.84,395247.9528064017,301039.8871935983,1706.2762095075848,18769.03830458343,1505199.4359679916,1523968.474272575,0.5676502304081624
2.0,38.0,761536.75,459672.565026566,301864.184973434,1168.1249398508292,12849.37433835912,1509320.9248671702,1522170.2992055293,0.6036117955260413
41.0,40.0,684986.91,382712.96331190976,302273.9466880902,699.7342875688945,7697.07716325784,1511369.7334404513,1519066.810603709,0.558715732701972
31.0,93.0,686018.59,386297.4688405343,299721.12115946575,1546.1960252453289,17008.156277698617,1498605.6057973285,1515613.7620750272,0.5631005842575407
13.0,72.0,748719.97,455563.6504350221,293156.3195649779,3288.330606514725,36171.636671661974,1465781.5978248892,1501953.2344965513,0.608456657613957
9.0,38.0,756907.59,462369.35981679696,294538.23018320306,2194.796592093281,24142.762513026093,1472691.1509160153,1496833.9134290414,0.6108663275748061
1.0,94.0,697347.22,400829.11973219644,296518.10026780353,984.3928601311477,10828.321461442625,1482590.5013390179,1493418.8228004603,0.57479130659214
32.0,40.0,668838.49,374399.422365151,294439.06763484905,923.0036157133377,10153.039772846714,1472195.338174245,1482348.3779470918,0.5597755332010736
38.0,38.0,795278.67,505461.15927223983,289817.51072776015,2819.7154526857803,31016.869979543582,1449087.553638801,1480104.4236183446,0.6355774124713288
39.0,13.0,688950.24,396928.3843707334,292021.8556292666,1526.0807442632047,16786.888186895252,1460109.278146333,1476896.1663332281,0.5761350549362366
42.0,95.0,677657.61,387843.4599295243,289814.1500704757,2079.3873634088372,22873.260997497207,1449070.7503523785,1471944.0113498757,0.5723295277825099
6.0,38.0,763547.26,477528.8605516029,286018.3994483971,2977.079542964944,32747.87497261438,1430091.9972419855,1462839.8722145997,0.6254083873624311
14.0,2.0,702030.84,417559.2682833278,284471.57171667216,2425.9631876925705,26685.595064618276,1422357.858583361,1449043.4536479793,0.5947876424963436
28.0,90.0,710883.08,430312.2114070821,280570.8685929179,3898.5788802708107,42884.36768297892,1402854.3429645896,1445738.7106475683,0.605320654708904
2.0,8.0,659622.72,372261.1292329353,287361.5907670647,496.1799861306625,5457.979847437287,1436807.9538353235,1442265.9336827607,0.5643546196118523
10.0,13.0,679783.5,396258.262100356,283525.237899644,1686.2967160723485,18549.263876795834,1417626.18949822,1436175.4533750159,0.5829183292921291
27.0,91.0,676142.39,393039.1593649163,283103.2306350837,1821.2533975641657,20033.78737320582,1415516.1531754183,1435549.9405486241,0.581296432789721
20.0,94.0,663344.21,379908.1299177354,283436.0800822646,1147.1932539122697,12619.125793034968,1417180.400411323,1429799.5262043579,0.5727164331738652
4.0,8.0,664290.11,382176.97874200885,282113.1312579912,1164.3726445293678,12808.099089823045,1410565.6562899558,1423373.7553797788,0.5753163760664882
23.0,72.0,760476.5,490209.80829138716,270266.69170861284,6415.1712106900095,70566.88331759011,1351333.458543064,1421900.3418606543,0.6446087529218683
4.0,4.0,648087.91,366609.772437804,281478.137562196,1165.522244134388,12820.744685478268,1407390.68781098,1420211.4324964583,0.5656790796140665
26.0,90.0,659870.32,381978.4431561589,277891.87684384105,2273.249126464831,25005.74039111314,1389459.3842192055,1414465.1246103186,0.5788689558823602
20.0,13.0,644585.23,366774.8799018905,277810.3500981095,1546.373626806508,17010.109894871588,1389051.7504905474,1406061.860385419,0.5690091284001194
23.0,95.0,646995.85,369944.0518342526,277051.79816574743,1700.9373008387795,18710.310309226574,1385258.9908287372,1403969.3011379638,0.571787364376839
1.0,40.0,641662.46,363803.4785603858,277858.9814396142,721.355041155087,7934.905452705956,1389294.907198071,1397229.812650777,0.5669701770622296
43.0,38.0,671540.3400000001,399114.4069271395,272425.9330728605,2230.799338651345,24538.792725164793,1362129.6653643027,1386668.4580894674,0.5943267785329761
37.0,38.0,680221.31,406959.84572763904,273261.46427236096,1213.014276019179,13343.15703621097,1366307.3213618048,1379650.478398016,0.598275649034928
22.0,40.0,627312.16,354895.09845422435,272417.0615457756,741.7736822841154,8159.5105051252685,1362085.3077288782,1370244.8182340034,0.5657392301373918
27.0,94.0,674193.55,405785.51093972113,268408.03906027885,2396.5731453987933,26362.304599386727,1342040.1953013942,1368402.4999007809,0.6018828138295318
10.0,9.0,679909.98,412235.3142484553,267674.6657515447,2501.0600976220394,27511.661073842435,1338373.3287577236,1365884.989831566,0.6063086678746138
41.0,91.0,618469.98,347124.803607073,271345.17639292707,759.2517698687317,8351.76946855605,1356725.881964635,1365077.6514331913,0.5612637877865518
31.0,40.0,628269.63,356581.5121274127,271688.1178725873,574.6647151083499,6321.311866191849,1358440.5893629363,1364761.9012291282,0.5675612748103274
18.0,2.0,678808.5,411079.5720065045,267728.9279934955,2242.562722100399,24668.189943104386,1338644.6399674774,1363312.8299105817,0.6055899005485413
31.0,2.0,638728.91,369913.5738734497,268815.33612655033,1222.8098226731856,13450.908049405043,1344076.6806327517,1357527.5886821565,0.5791401768137435
20.0,72.0,869536.29,611362.4999928168,258173.79000718315,5557.646106641627,61134.1071730579,1290868.9500359157,1352003.0572089737,0.7030902643440181
30.0,92.0,607326.98,341345.9021925336,265981.0778074664,592.7611329731272,6520.372462704399,1329905.389037332,1336425.7615000363,0.5620463332495678
17.0,95.0,621154.63,359250.66868720786,261903.96131279218,1717.922049434531,18897.14254377984,1309519.8065639609,1328416.9491077408,0.5783594798081242
16.0,9.0,553359.46,311819.63125215296,241539.82874784703,10561.381988813375,116175.20187694712,1207699.1437392351,1323874.3456161823,0.5635028472308994
37.0,95.0,598723.75,335829.94396474725,262893.80603525275,575.6125368134883,6331.737904948372,1314469.0301762638,1320800.7680812122,0.5609096748955545
14.0,72.0,817223.0,570733.7077894476,246489.29221055243,7994.353943179664,87937.89337497631,1232446.461052762,1320384.3544277386,0.6983818465577298
18.0,95.0,651979.28,394036.7082665586,257942.5717334414,2409.493986498371,26504.433851482085,1289712.858667207,1316217.292518689,0.6043699859089978
18.0,38.0,648590.28,392266.6718160025,256323.6081839975,3129.2386570386825,34421.62522742551,1281618.0409199875,1316039.666147413,0.6047988752097896
11.0,38.0,729098.62,473336.2437299779,255762.3762700221,3099.9478825716487,34099.426708288134,1278811.8813501105,1312911.3080583985,0.6492074333235989
8.0,38.0,673269.04,414946.87480257277,258322.16519742724,1864.013118980971,20504.14430879068,1291610.8259871362,1312114.9702959268,0.6163165839358553
19.0,40.0,597143.79,338773.80456850235,258369.98543149765,1474.1657141034032,16215.822855137434,1291849.9271574882,1308065.7500126257,0.5673236668315722
18.0,40.0,649895.7,395523.6952053566,254372.0047946434,2360.4603043573793,25965.063347931173,1271860.023973217,1297825.0873211483,0.6085956488177359
41.0,94.0,578467.7,320849.66354476777,257618.03645523224,745.5994554211164,8201.594009632281,1288090.1822761612,1296291.7762857934,0.5546544146626817
6.0,9.0,624636.95,370133.8995127696,254503.05048723042,1853.8986928735003,20392.885621608504,1272515.252436152,1292908.1380577604,0.5925584445697131
11.0,40.0,600211.75,343864.2071097656,256347.54289023436,882.4901068667975,9707.391175534773,1281737.7144511717,1291445.1056267065,0.5729048241887394
32.0,2.0,584458.75,327846.78779097367,256611.96220902633,714.588212297509,7860.470335272599,1283059.8110451316,1290920.2813804043,0.5609408496168014
4.0,79.0,603641.72,348410.54304757784,255231.1769524222,1304.5403554060342,14349.943909466376,1276155.884762111,1290505.8286715774,0.577181018978572
24.0,8.0,583239.19,326859.37177017966,256379.81822982035,759.312326505347,8352.435591558817,1281899.0911491017,1290251.5267406604,0.5604207971178681
20.0,93.0,590907.33,338412.4330646633,252494.8969353367,1943.1348565270878,21374.483421797966,1262474.4846766836,1283848.9680984814,0.5726996702929092
11.0,2.0,612206.37,358620.16518795583,253586.20481204416,1161.8048498058422,12779.853347864264,1267931.0240602207,1280710.877408085,0.585783132553743
22.0,92.0,612879.29,362873.28285811533,250006.00714188465,2546.637814359326,28013.015957952586,1250030.0357094232,1278043.051667376,0.592079531449195
13.0,93.0,583425.79,331044.9565690331,252380.8334309669,1288.873499512804,14177.608494640845,1261904.1671548346,1276081.7756494754,0.5674157060644046
42.0,90.0,591629.29,342469.0276852475,249160.26231475256,1780.2253232759626,19582.47855603559,1245801.3115737627,1265383.7901297985,0.5788574593479769
13.0,79.0,580665.76,332397.9067920862,248267.85320791378,1504.6171466011954,16550.78861261315,1241339.266039569,1257890.054652182,0.5724427539727609
22.0,2.0,596289.68,349149.88540062256,247139.79459937743,1898.5274416910515,20883.801858601568,1235698.9729968873,1256582.774855489,0.5855373606342181
17.0,40.0,567513.9299999999,318665.2088644667,248848.7211355333,902.8884592343827,9931.77305157821,1244243.6056776664,1254175.3787292447,0.5615108141300897
10.0,23.0,617480.09,370607.68160427205,246872.40839572795,1702.9626417191287,18732.589058910416,1234362.0419786398,1253094.63103755,0.6001937351603872
28.0,2.0,585645.44,338077.9943718502,247567.44562814978,1088.1976611380503,11970.174272518554,1237837.2281407488,1249807.4024132674,0.5772741855069344
27.0,93.0,589006.6,343359.23046598444,245647.36953401554,1823.5477804165164,20059.02558458168,1228236.8476700778,1248295.8732546594,0.5829463209172604
6.0,90.0,577605.6,330441.55538965884,247164.04461034117,761.7750505380318,8379.52555591835,1235820.2230517059,1244199.748607624,0.5720885590265379
41.0,2.0,573380.55,328403.68696292053,244976.86303707949,1169.4404169526117,12863.844586478728,1224884.3151853974,1237748.1597718762,0.5727499598005557
27.0,13.0,593207.02,349607.01728524565,243600.00271475437,1773.9258907419571,19513.18479816153,1218000.0135737718,1237513.1983719333,0.589350775527312
20.0,4.0,568095.51,323175.20779185055,244920.30220814946,1067.4543201873398,11741.997522060738,1224601.5110407472,1236343.508562808,0.5688747791579105
13.0,13.0,568559.3,325921.9180603903,242637.3819396097,1706.0435116048936,18766.47862765383,1213186.9096980486,1231953.3883257024,0.5732417323230669
24.0,91.0,569455.47,326840.24043151276,242615.2295684872,1570.4472047392655,17274.91925213192,1213076.147842436,1230351.067094568,0.5739522362152616
22.0,95.0,628343.5599999999,389631.5841466142,238711.9758533858,2689.8746075071717,29588.62068257889,1193559.879266929,1223148.499949508,0.6200932243924235
5.0,38.0,637828.5599999999,397391.69942248764,240436.86057751236,1829.6576974022782,20126.23467142506,1202184.3028875617,1222310.5375589868,0.623038421833114
14.0,13.0,575549.04,335849.98723296553,239699.05276703447,2115.680687954708,23272.48756750179,1198495.2638351724,1221767.7514026742,0.5835297496681873
35.0,2.0,538756.8,296709.28337362927,242047.51662637072,827.1834909853297,9099.018400838628,1210237.5831318537,1219336.6015326923,0.5507295376571196
1.0,87.0,564413.75,325554.8391614478,238858.91083855223,1703.106747316139,18734.17422047753,1194294.5541927612,1213028.7284132387,0.5768017507749373
6.0,2.0,547177.09,308222.8925821363,238954.19741786367,1561.6581926951812,17178.240119646995,1194770.9870893185,1211949.2272089655,0.5632964139308836
43.0,94.0,543566.58,304027.98635957664,239538.59364042335,1015.5213930006158,11170.735323006775,1197692.968202117,1208863.7035251237,0.5593206012768053
12.0,40.0,539825.42,300153.194811966,239672.22518803403,540.7820154056376,5948.602169462014,1198361.1259401701,1204309.7281096322,0.5560190085379194
30.0,38.0,627260.92,390483.78044131486,236777.13955868513,1456.010373815408,16016.114111969488,1183885.6977934258,1199901.8119053952,0.6225220924672221
32.0,94.0,544049.47,306933.0220145814,237116.44798541855,831.412779958842,9145.540579547262,1185582.2399270928,1194727.78050664,0.5641638103508886
10.0,92.0,572116.69,335921.3245646466,236195.36543535342,1104.823506901794,12153.058575919735,1180976.8271767672,1193129.8857526868,0.5871552612189073
14.0,40.0,741405.02,511367.1926734206,230037.82732657943,3841.9822147808345,42261.80436258918,1150189.1366328972,1192450.9409954862,0.6897271786390394
39.0,72.0,613143.74,381997.88073253335,231145.85926746664,3287.112316129061,36158.23547741967,1155729.296337333,1191887.5318147528,0.6230152178223876
28.0,91.0,586653.93,360282.0668935481,226371.86310645193,4949.72491646175,54446.97408107925,1131859.3155322596,1186306.289613339,0.6141304923902037
39.0,4.0,555938.58,322217.9100951152,233720.66990488482,1347.1990325170952,14819.189357688047,1168603.3495244242,1183422.5388821124,0.5795926415020797
22.0,72.0,639477.57,408995.0073327733,230482.56266722668,2681.6239063031603,29497.86296933476,1152412.8133361335,1181910.6763054682,0.6395767834871414
19.0,2.0,556503.15,323572.3946808213,232930.75531917872,1327.5356122490252,14602.891734739278,1164653.7765958935,1179256.6683306328,0.581438568103022
2.0,72.0,735898.75,513900.83126564027,221997.91873435976,6252.295093351099,68775.24602686209,1109989.593671799,1178764.839698661,0.6983308930279339
23.0,23.0,565821.99,339002.3616475838,226819.6283524162,3137.717848845307,34514.89633729838,1134098.141762081,1168613.0380993795,0.5991325322078482
6.0,8.0,527271.84,295998.1581944635,231273.68180553647,478.36301829894893,5261.993201288438,1156368.4090276824,1161630.4022289708,0.5613767619269475
27.0,72.0,596467.26,373266.34293073433,223200.91706926565,4117.346877835817,45290.81565619399,1116004.5853463283,1161295.4010025223,0.6257951910566463
19.0,91.0,547146.33,319676.2033693901,227470.12663060986,1957.5280553037685,21532.808608341453,1137350.6331530493,1158883.4417613908,0.5842608930035045
23.0,9.0,554604.72,326469.3336421173,228135.38635788276,1497.7515065193795,16475.266571713175,1140676.9317894138,1157152.198361127,0.5886522812898478
11.0,90.0,540193.71,311022.5947053544,229171.1152946456,969.0108613511316,10659.119474862448,1145855.576473228,1156514.6959480904,0.5757612296251181
34.0,65.0,551976.63,324390.67085382115,227585.95914617885,1426.5942452206118,15692.53669742673,1137929.7957308944,1153622.3324283212,0.5876891397627126
45.0,95.0,570269.12,343659.25444518775,226609.86555481228,1653.9387773314256,18193.32655064568,1133049.3277740614,1151242.654324707,0.6026264484480376
45.0,38.0,588034.94,361638.57202519506,226396.36797480495,1436.7536623636697,15804.290286000367,1131981.8398740247,1147786.130160025,0.6149950409837808
24.0,94.0,539713.24,314769.2901396933,224943.9498603067,1685.2009258192093,18537.210184011303,1124719.7493015334,1143256.9594855446,0.5832158020427539
17.0,2.0,507766.97000000003,283725.91148359893,224041.0585164011,1434.6422532165777,15781.064785382354,1120205.2925820055,1135986.3573673877,0.5587718938937657
39.0,93.0,508472.01,283483.34821575735,224988.66178424266,984.1732384414889,10825.905622856379,1124943.3089212133,1135769.2145440697,0.557520065294759
32.0,91.0,513996.61,288572.1167968701,225424.49320312994,661.0414677034317,7271.456144737749,1127122.4660156497,1134393.9221603875,0.5614280545485895
37.0,90.0,504221.92,278726.61773466284,225495.30226533714,378.48392293618633,4163.3231522980495,1127476.5113266858,1131639.8344789837,0.5527856022892913
45.0,92.0,542903.8,320309.7928039151,222594.00719608492,1488.2541412414648,16370.795553656113,1112970.0359804246,1129340.8315340807,0.5899936467637822
10.0,10.0,534509.54,313142.23456028366,221367.30543971635,1923.8850816191373,21162.73589781051,1106836.5271985817,1127999.2630963922,0.5858496642740626
14.0,94.0,551794.05,333103.2291446511,218690.82085534887,2480.2781136991975,27283.05925069117,1093454.1042767444,1120737.1635274356,0.6036731080095029
41.0,38.0,579996.43,360677.00059421785,219319.42940578214,2010.8678726467056,22119.54659911376,1096597.1470289107,1118716.6936280243,0.6218607252362188
12.0,13.0,503880.48,282016.89255641645,221863.58744358356,671.9782913932412,7391.761205325653,1109317.9372179178,1116709.6984232434,0.559690052999109
24.0,38.0,620186.49,404100.0456265472,216086.44437345283,3246.341547076646,35709.757017843105,1080432.2218672642,1116141.9788851072,0.6515782786989558
44.0,92.0,507440.14,285880.91315782076,221559.22684217925,511.92112147741665,5631.132336251583,1107796.1342108962,1113427.2665471479,0.56337859507492
38.0,92.0,537882.92,318891.81699123513,218991.10300876485,1626.2715948832636,17888.9875437159,1094955.5150438244,1112844.5025875403,0.5928647390239405
24.0,40.0,519782.93,299813.165808437,219969.764191563,1042.868137845192,11471.549516297113,1099848.820957815,1111320.3704741122,0.5768045630287185
12.0,38.0,634655.9400000001,416031.31786547584,218624.62213452416,1507.4858172320958,16582.343989553054,1093123.1106726208,1109705.4546621738,0.6555226094086125
2.0,13.0,510150.71,289671.9037834099,220478.8062165901,593.0349684351412,6523.3846527865535,1102394.0310829505,1108917.415735737,0.5678163297732348
41.0,72.0,599813.5700000001,383059.75912874064,216753.81087125934,2254.910302783121,24804.013330614333,1083769.0543562968,1108573.067686911,0.6386313652902861
25.0,95.0,507309.99,287020.26067331445,220289.72932668554,517.6736354876193,5694.4099903638125,1101448.6466334278,1107143.0566237916,0.5657689900278022
13.0,4.0,500870.42,282648.0438438919,218222.37615610816,1124.5836077394792,12370.419685134271,1091111.8807805409,1103482.300465675,0.5643137078126752
6.0,87.0,504378.3,286875.93144069565,217502.36855930433,1398.5190668415578,15383.709735257136,1087511.8427965217,1102895.5525317788,0.5687713595939707
30.0,95.0,499941.33999999997,283310.5898305546,216630.75016944538,694.8294210437908,7643.1236314817,1083153.750847227,1090796.8744787085,0.5666876634577861
31.0,13.0,492430.64,276011.34797266964,216419.29202733038,709.5847595667966,7805.432355234763,1082096.460136652,1089901.8924918866,0.5605080706851825
25.0,92.0,486088.67,269118.4113076121,216970.25869238793,429.58111421577235,4725.392256373496,1084851.2934619396,1089576.685718313,0.5536405761270101
34.0,90.0,507198.14,291044.9968165446,216153.14318345537,754.1613390855954,8295.77472994155,1080765.715917277,1089061.4906472184,0.5738289908092814
20.0,87.0,552141.11,336436.43832710106,215704.67167289896,614.8846509164617,6763.731160081079,1078523.3583644948,1085287.0895245757,0.6093305356797306
10.0,46.0,518245.83999999997,305026.56405993353,213219.27594006647,1340.3802300578159,14744.182530635975,1066096.3797003324,1080840.5622309684,0.588575036241359
1.0,2.0,499662.28,285670.9722699193,213991.30773008068,894.9572951524103,9844.530246676513,1069956.5386504035,1079801.06889708,0.571728112576197
2.0,4.0,497441.24,284638.55956713064,212802.68043286938,680.8034294076656,7488.837723484321,1064013.402164347,1071502.2398878313,0.5722053916702415
39.0,79.0,488207.47,276909.83105220395,211297.63894779602,1242.5891055780462,13668.480161358508,1056488.1947389801,1070156.6749003385,0.5671970382841622
10.0,4.0,501894.15,291678.1312518253,210216.0187481747,1196.678817270067,13163.466989970737,1051080.0937408735,1064243.5607308443,0.5811546742511848
21.0,2.0,507394.29,298004.8398131346,209389.4501868654,1203.8996952567647,13242.896647824411,1046947.250934327,1060190.1475821515,0.587323991787796
24.0,72.0,557592.61,354400.4923596921,203192.11764030784,3737.210399975296,41109.31439972825,1015960.5882015392,1057069.9026012674,0.6355903683151255
28.0,40.0,482295.95,272646.32176986325,209649.62823013676,490.3758337614636,5394.134171376099,1048248.1411506839,1053642.2753220599,0.5653091670578267
14.0,93.0,539655.48,336824.3454220535,202831.13457794653,3577.755247316265,39355.307720478915,1014155.6728897326,1053510.9806102116,0.6241469936005347
4.0,96.0,491759.31,283570.4537653801,208188.85623461995,1110.4986465637921,12215.485112201713,1040944.2811730998,1053159.7662853014,0.5766448097655337
6.0,91.0,487091.15,278463.781395761,208627.36860423902,831.7250560380417,9148.975616418458,1043136.843021195,1052285.8186376134,0.5716872117174804
12.0,72.0,527283.21,321768.06905342644,205515.14094657358,2244.011250044397,24684.12375048837,1027575.7047328679,1052259.8284833562,0.6102376539799673
18.0,72.0,565337.04,360760.09973151126,204576.94026848875,2482.886520545777,27311.751726003546,1022884.7013424437,1050196.4530684473,0.6381327848808761
25.0,40.0,486182.57,278190.3575524388,207992.2124475612,805.598784256534,8861.586626821874,1039961.062237806,1048822.6488646278,0.5721931939115769
38.0,95.0,491988.33999999997,284959.5138923368,207028.82610766316,1053.1349471296292,11584.48441842592,1035144.1305383159,1046728.6149567418,0.5791997304089297
10.0,7.0,519474.16,313949.9507490313,205524.20925096865,1563.2551986303529,17195.80718493388,1027621.0462548432,1044816.8534397772,0.6043610537799057
19.0,8.0,470256.02999999997,264728.99648367794,205527.03351632203,914.1064977455575,10055.171475201132,1027635.1675816103,1037690.3390568114,0.5629465218844253
7.0,9.0,440271.66,245887.63093734172,194384.0290626583,5750.076327781816,63250.83960559998,971920.1453132913,1035170.9849188913,0.5584907076175235
2.0,97.0,463736.39,258956.26516164272,204780.12483835727,896.2408108625929,9858.648919488522,1023900.6241917864,1033759.2731112749,0.558412647240478
6.0,10.0,511383.32,308732.1468627975,202651.1731372025,1650.9435323944722,18160.378856339194,1013255.8656860125,1031416.2445423518,0.6037196263319607
44.0,38.0,563462.58,363352.2706587782,200110.30934122181,2639.8737953237182,29038.6117485609,1000551.5467061091,1029590.1584546699,0.6448560801655688
24.0,93.0,461221.91000000003,258372.62054316705,202849.28945683298,1270.6277405154462,13976.905145669909,1014246.4472841648,1028223.3524298347,0.56019155842611
6.0,93.0,472946.21,269494.7330259391,203451.47697406093,861.505874047333,9476.564614520663,1017257.3848703046,1026733.9494848253,0.569821107195127
28.0,93.0,525119.41,331977.3326123114,193142.0773876886,5266.715174517692,57933.86691969461,965710.3869384429,1023644.2538581375,0.63219398538765
4.0,97.0,468945.14,266731.7730024008,202213.3669975992,810.5630298330976,8916.193328164074,1011066.834987996,1019983.0283161601,0.5687909954720947
23.0,13.0,474435.43,275355.88382820255,199079.5461717974,2138.9000561740218,23527.900617914238,995397.7308589871,1018925.6314769012,0.5803864265116173
20.0,10.0,484872.86,284368.43982732267,200504.42017267732,1006.7242199471174,11073.966419418291,1002522.1008633866,1013596.067282805,0.5864804225737087
17.0,72.0,569535.85,374470.68578519527,195065.16421480474,3339.5088975278773,36734.59787280665,975325.8210740238,1012060.4189468304,0.6575015177450116
23.0,38.0,508442.72,310015.07837122417,198427.6416287758,1750.2122691491459,19252.334960640605,992138.2081438791,1011390.5431045197,0.6097345210709757
15.0,38.0,531150.22,333344.91420208,197805.30579792,1994.0224564482016,21934.24702093022,989026.5289896,1010960.7760105302,0.6275906544895717
8.0,90.0,457896.74,257209.21445325363,200687.5255467464,626.1413683565618,6887.55505192218,1003437.6277337319,1010325.1827856541,0.5617188155854825
13.0,1.0,477842.1,277384.6574963112,200457.44250368883,406.0190046241074,4466.209050865182,1002287.2125184442,1006753.4215693093,0.5804943882012723
40.0,91.0,462998.85,265368.894904467,197629.955095533,1662.2151558517826,18284.366714369608,988149.775477665,1006434.1421920346,0.5731523845134108
34.0,38.0,507327.54,308768.1345687026,198559.40543129737,1133.0789033894835,12463.867937284318,992797.027156487,1005260.8950937713,0.6086169392040153
12.0,79.0,462655.88,264047.3745130971,198608.50548690293,771.8319967930128,8490.15196472314,993042.5274345146,1001532.6793992377,0.5707208876564955
4.0,7.0,501951.69,306381.79464611295,195569.89535388708,2131.1842787805235,23443.02706658576,977849.4767694355,1001292.5038360212,0.610381040147734
23.0,74.0,494078.75,301427.2133575408,192651.53664245916,3192.062059457722,35112.68265403494,963257.6832122959,998370.3658663308,0.6100792907153785
23.0,8.0,443331.05,245500.15001114333,197830.8999888567,671.3270987944779,7384.598086739257,989154.4999442834,996539.0980310227,0.5537625889527551
41.0,93.0,446687.0,249108.76713652772,197578.23286347228,755.4207350464766,8309.628085511242,987891.1643173613,996200.7924028726,0.5576808081196178
41.0,9.0,440221.6,244990.23109811405,195231.36890188596,1624.2119664630156,17866.331631093173,976156.8445094298,994023.1761405229,0.55651569822588
18.0,13.0,486065.72,291610.1237027072,194455.59629729285,1815.9266452148468,19975.193097363313,972277.9814864642,992253.1745838276,0.5999397030152779
20.0,80.0,455835.33999999997,260161.97799383505,195673.36200616494,951.9260144886906,10471.186159375597,978366.8100308247,988837.9961902003,0.5707367445311174
11.0,13.0,471367.77999999997,276799.28604210773,194568.49395789223,1301.6521885184477,14318.174073702925,972842.4697894612,987160.6438631641,0.5872257243422699
27.0,8.0,467625.89,272610.21596655337,195015.67403344664,956.1867848727693,10518.054633600463,975078.3701672332,985596.4248008337,0.5829664734058103
14.0,8.0,491207.45,298437.33732035017,192770.11267964984,1732.484855222672,19057.33340744939,963850.5633982491,982907.8968056985,0.6075586543330118
11.0,91.0,456019.74,262226.87983439,193792.86016561,1125.7334975177139,12383.068472694853,968964.3008280501,981347.369300745,0.5750340540836895
12.0,95.0,455795.31,262185.22164574446,193610.08835425554,1184.9251169466197,13034.176286412818,968050.4417712777,981084.6180576904,0.5752257995935598
28.0,38.0,529287.29,337388.6477225188,191898.64227748118,1716.2957925584096,18879.253718142507,959493.2113874059,978372.4651055484,0.6374395419971615
13.0,7.0,489076.87,297646.1482532093,191430.7217467907,1889.604649155107,20785.651140706177,957153.6087339534,977939.2598746596,0.6085876607765346
22.0,13.0,444053.36,250678.99160593215,193374.36839406783,881.7512301251217,9699.263531376339,966871.8419703392,976571.1055017154,0.5645244787832079
19.0,9.0,487225.19,295071.4048175047,192153.7851824953,1044.0036181050602,11484.039799155664,960768.9259124765,972252.9657116322,0.6056160700917469
42.0,91.0,459337.17,269206.2942171127,190130.8757828873,1878.6863622344993,20665.54998457949,950654.3789144366,971319.928899016,0.5860755710606061
14.0,4.0,471829.05,283103.3124411212,188725.73755887878,2344.9410655301735,25794.35172083191,943628.687794394,969423.0395152258,0.600012467314425
6.0,94.0,458207.19,269112.2895896678,189094.90041033222,896.9256226123834,9866.181848736218,945474.502051661,955340.6839003973,0.587315728480096
35.0,95.0,480471.14,293889.5114840436,186581.62851595637,1995.8832695182812,21954.715964701092,932908.1425797818,954862.858544483,0.6116694365535537
12.0,8.0,444606.88,255313.52347396943,189293.35652603058,752.2970330945576,8275.267364040134,946466.7826301529,954742.049994193,0.5742455525518846
20.0,7.0,527075.61,340719.3946765289,186356.21532347114,2055.9685225468816,22615.653748015695,931781.0766173557,954396.7303653714,0.6464336201717413
20.0,9.0,462708.89,274926.49712003383,187782.39287996615,972.3460499524656,10695.806549477122,938911.9643998308,949607.7709493078,0.5941673113737534
24.0,2.0,450777.89,263947.4824079238,186830.4075920762,1401.679554445546,15418.475098901006,934152.037960381,949570.513059282,0.5855377742859655
26.0,40.0,438653.41,251431.644277784,187221.765722216,901.6636683525682,9918.30035187825,936108.82861108,946027.1289629582,0.5731897633664447
27.0,4.0,460250.88,274939.0667972368,185311.8132027632,1691.2932945129387,18604.226239642325,926559.066013816,945163.2922534583,0.5973678242554078
8.0,40.0,436006.6,247840.03878279953,188166.56121720048,315.57700360182537,3471.347039620079,940832.8060860024,944304.1531256224,0.5684318512215172
22.0,8.0,421192.77,234156.14588554399,187036.624114456,506.19761550661366,5568.17377057275,935183.1205722801,940751.2943428528,0.5559358150557617
39.0,8.0,428045.2,241957.73974295304,186087.46025704694,403.79255823049806,4441.718140535479,930437.3012852347,934879.0194257702,0.5652621259225732
39.0,38.0,513221.92,332088.01409214054,181133.90590785944,2216.6781231207347,24383.45935432808,905669.5295392972,930052.9888936253,0.647065141122851
1.0,13.0,443119.62,258593.35028235486,184526.26971764513,627.2668644391041,6899.935508830145,922631.3485882257,929531.2840970558,0.5835745893678886
13.0,46.0,427238.65,243590.25988756717,183648.39011243283,880.4739564107196,9685.213520517915,918241.9505621641,927927.164082682,0.5701503360886642
4.0,1.0,424748.73,240431.313029725,184317.416970275,521.3603303990329,5734.963634389362,921587.084851375,927322.0484857644,0.5660554018130319
28.0,79.0,448133.79,265390.9167300695,182742.87326993048,912.6431431474431,10039.074574621874,913714.3663496524,923753.4409242744,0.5922135814174367
45.0,40.0,420193.94,236857.69201671414,183336.24798328587,593.4076044957553,6527.483649453308,916681.2399164294,923208.7235658827,0.5636865967574738
11.0,94.0,427329.83999999997,245091.90087059216,182237.9391294078,825.4644258553473,9080.10868440882,911189.6956470391,920269.8043314479,0.5735426781115781
26.0,94.0,447046.98,266331.2001016413,180715.7798983587,1308.4305811703498,14392.736392873849,903578.8994917935,917971.6358846674,0.5957566251798442
17.0,90.0,422416.08999999997,241083.13613691193,181332.95386308807,783.5581480432357,8619.139628475594,906664.7693154403,915283.9089439159,0.5707243209815042
26.0,91.0,434741.9,257009.02605440488,177732.8739455951,2176.3434307190137,23939.77773790915,888664.3697279757,912604.1474658848,0.5911761117444738
1.0,8.0,415325.20999999996,234592.43610256122,180732.77389743878,368.20783359449973,4050.2861695394968,903663.8694871939,907714.1556567333,0.5648403478868071
30.0,90.0,400644.04000000004,220175.6157621532,180468.4242378468,263.3215701517825,2896.5372716696074,902342.121189234,905238.6584609036,0.5495542021844457
34.0,40.0,415441.14,235453.9850360569,179987.1549639431,371.78858775712894,4089.6744653284186,899935.7748197154,904025.4492850439,0.5667565447082513
13.0,8.0,406189.57,226847.03499902514,179342.53500097487,499.7135070426415,5496.848577469056,896712.6750048744,902209.5235823434,0.5584757752372251
1.0,97.0,408922.44,230772.59509893722,178149.84490106278,855.0827026626437,9405.90972928908,890749.2245053139,900155.134234603,0.5643431920706949
1.0,9.0,396105.41,216597.53370861395,179507.87629138606,171.60419120524404,1887.6461032576844,897539.3814569302,899427.027560188,0.5468179132130863
40.0,8.0,400270.99,221850.42688182107,178420.56311817892,553.480507491474,6088.2855824062135,892102.8155908947,898191.1011733009,0.554250576295377
27.0,3.0,381691.15,232655.26169428736,149035.88830571264,13872.907662305672,152601.98428536238,745179.4415285633,897781.4258139256,0.6095380039445173
25.0,38.0,461607.89,286329.8306245133,175278.0593754867,1906.3932992700238,20970.32629197026,876390.2968774333,897360.6231694035,0.6202879907978032
21.0,95.0,428416.38,250869.14145124075,177547.23854875925,845.4760104209603,9300.236114630563,887736.1927437963,897036.4288584269,0.5855731787174915
28.0,13.0,408142.99,230683.6473192263,177459.3426807737,724.3702786442095,7968.073065086304,887296.7134038684,895264.7864689548,0.5652030121091295
41.0,13.0,409201.56,232350.04161026073,176851.51838973927,972.1003094176353,10693.103403593988,884257.5919486964,894950.6953522903,0.567813186270015
21.0,40.0,412427.11,235616.14895712672,176810.96104287327,926.2011365635573,10188.21250219913,884054.8052143664,894243.0177165655,0.5712916130977101
20.0,81.0,399843.84,222730.90699013945,177112.93300986057,692.6975370659407,7619.672907725348,885564.6650493027,893184.3379570281,0.5570447377409626
35.0,40.0,403980.32,226476.90509236156,177503.41490763845,475.0961035990291,5226.05713958932,887517.0745381922,892743.1316777816,0.5606137078468614
23.0,87.0,411833.48,237866.59608145905,173966.88391854096,1632.0971023784984,17953.06812616348,869834.4195927047,887787.4877188683,0.5775795500682923
25.0,2.0,411098.56,235867.2727914523,175231.2872085477,998.4043155744558,10982.447471319014,876156.4360427384,887138.8835140574,0.5737487204806855
4.0,9.0,432456.85,258007.11245025526,174449.73754974475,1298.1854320019818,14280.0397520218,872248.6877487238,886528.7275007456,0.5966077597111834
41.0,8.0,402360.98,226196.67150775154,176164.30849224847,338.02752377348554,3718.302761508341,880821.5424612423,884539.8452227507,0.5621734779246028
34.0,94.0,412121.41,237315.31469719572,174806.0953028043,728.8915491739423,8017.807040913365,874030.4765140214,882048.2835549348,0.575838354763456
42.0,94.0,404964.12,232435.8412058832,172528.2787941168,1264.2229546454064,13906.45250109947,862641.393970584,876547.8464716836,0.5739665064793473
40.0,40.0,394389.63,221247.4368597758,173142.1931402242,733.9350232668155,8073.28525593497,865710.9657011209,873784.250957056,0.5609869530793083
38.0,90.0,417790.02999999997,244878.41363834115,172911.61636165885,721.8536635282362,7940.390298810598,864558.0818082942,872498.4721071047,0.5861279495787421
43.0,93.0,392091.36,219915.72301892022,172175.6369810798,1042.8817981391655,11471.69977953082,860878.1849053989,872349.8846849297,0.5608787784023607
27.0,46.0,402673.16000000003,231936.85481629544,170736.30518370456,1660.2013406112455,18262.2147467237,853681.5259185228,871943.7406652466,0.5759928345268789
32.0,72.0,513487.14999999997,343669.3902539468,169817.75974605317,1883.9295013147473,20723.22451446222,849088.7987302659,869812.0232447281,0.6692852786168979
44.0,95.0,385999.22000000003,214597.15566544558,171402.06433455442,713.3566793789145,7846.923473168059,857010.321672772,864857.2451459401,0.5559523039073643
10.0,5.0,514028.45,347918.2630494537,166110.18695054634,3071.60524084996,33787.65764934956,830550.9347527317,864338.5924020812,0.6768463166765452
13.0,3.0,486782.2,380801.46852147265,105980.73147852733,30381.832529896088,334200.15782885696,529903.6573926366,864103.8152214937,0.7822830590795486
45.0,8.0,389209.74,218222.14743245053,170987.5925675495,720.4869436121953,7925.3563797341485,854937.9628377474,862863.3192174817,0.5606800781307542
45.0,2.0,393732.73,223386.38160347115,170346.34839652886,696.1597752451675,7657.757527696842,851731.7419826442,859389.4995103411,0.5673553773481599
1.0,4.0,402931.44,232824.7184701147,170106.7215298853,668.9095989047518,7358.00558795227,850533.6076494266,857891.6132373789,0.5778271322538512
42.0,38.0,433310.83999999997,265070.25297674077,168240.58702325923,1396.9329927498884,15366.262920248773,841202.9351162962,856569.198036545,0.6117323374064235
8.0,2.0,395831.62,226579.87350296607,169251.74649703392,852.2930549567675,9375.223604524443,846258.7324851695,855633.956089694,0.5724147896597197
44.0,90.0,393779.7,223555.01927494118,170224.6807250588,317.5421559900728,3492.963715890801,851123.403625294,854616.3673411848,0.5677159571073399
6.0,13.0,409069.91,239883.31914939545,169186.59085060455,783.0728421921416,8613.801264113557,845932.9542530228,854546.7555171363,0.5864115479659588
2.0,96.0,397554.8,228354.92658458222,169199.87341541777,716.5199132391579,7881.719045630736,845999.3670770888,853881.0861227196,0.5743986151961497
19.0,93.0,400232.57,233031.26078159778,167201.30921840222,1620.584174899497,17826.425923894465,836006.546092011,853832.9720159055,0.5822396232810283
28.0,94.0,402476.62,234551.57722254813,167925.04277745186,1234.3491622205356,13577.84078442589,839625.2138872594,853203.0546716852,0.5827706891956809
34.0,91.0,392328.86,223619.53569176985,168709.32430823013,792.6143242818722,8718.757567100594,843546.6215411507,852265.3791082513,0.5699798268518147
16.0,38.0,499912.54,334808.202204395,165104.33779560498,1688.0753655375797,18568.829020913377,825521.6889780249,844090.5179989382,0.6697335542020911
35.0,92.0,401796.99,236144.60229363502,165652.38770636497,1406.569829484266,15472.268124326925,828261.9385318249,843734.2066561518,0.5877211830124338
39.0,46.0,383270.69,216824.24722012435,166446.44277987565,1035.0475121660677,11385.522633826746,832232.2138993782,843617.736533205,0.5657209196459149
19.0,13.0,388664.25,223329.54773704323,165334.70226295677,1299.765800045951,14297.423800505461,826673.5113147838,840970.9351152894,0.5746078980432165
9.0,95.0,385385.02,219139.5484220347,166245.4715779653,768.9759061873718,8458.73496806109,831227.3578898265,839686.0928578876,0.568624977748317
27.0,23.0,400102.89,236239.34602018437,163863.54397981561,1799.5921806375752,19795.513987013328,819317.7198990781,839113.2338860914,0.5904464874527259
37.0,94.0,382100.7,215765.32345423056,166335.37654576945,548.1161674479604,6029.277841927564,831676.8827288473,837706.1605707748,0.5646818324442497
35.0,13.0,380978.87,215529.39851566992,165449.47148433008,760.3425802173343,8363.768382390677,827247.3574216504,835611.125804041,0.5657253340996836
4.0,23.0,491544.51,328531.2155207764,163013.2944792236,1800.8981271779028,19809.87939895693,815066.4723961181,834876.351795075,0.6683651405663679
27.0,79.0,390405.13,227001.44031771043,163403.68968228958,1396.1996097883007,15358.195707671308,817018.4484114478,832376.6441191192,0.58145096689101
34.0,93.0,368342.05,203552.70400078018,164789.34599921983,516.152038198115,5677.672420179264,823946.7299960991,829624.4024162784,0.5526186977587277
1.0,96.0,390528.23,226345.4341162849,164182.79588371512,599.6484223756105,6596.132646131715,820913.9794185755,827510.1120647072,0.5795878933420124
29.0,38.0,456505.13,295760.73874917167,160744.39125082834,2080.43707895765,22884.807868534153,803721.9562541418,826606.7641226759,0.6478804274317173
2.0,9.0,416674.54000000004,252648.73904076315,164025.80095923686,319.03080054312755,3509.338805974403,820129.0047961844,823638.3436021587,0.6063455161929575
11.0,8.0,381751.14,218284.76638054047,163466.3736194595,307.0780891822393,3377.8589810046324,817331.8680972976,820709.7270783022,0.5717985973284597
13.0,81.0,384432.59,222311.94987057778,162120.64012942222,852.5631178942184,9378.194296836402,810603.200647111,819981.3949439474,0.5782859092944689
4.0,5.0,441842.9,282405.65373491566,159437.2462650843,2012.7215712071309,22139.93728327844,797186.2313254216,819326.1686087,0.6391539928216922
31.0,4.0,385965.46,224133.42913046843,161832.03086953156,875.2473496571461,9627.720846228607,809160.1543476578,818787.8751938865,0.5807085150325846
40.0,38.0,412341.06,250371.92712146594,161969.13287853406,750.1712221784302,8251.883443962732,809845.6643926703,818097.547836633,0.6071962057852447
13.0,9.0,418697.31,259838.36460925525,158858.94539074478,1860.6377843143985,20467.015627458382,794294.7269537238,814761.7425811822,0.6205876140194339
4.0,10.0,423404.47,263434.05918051035,159970.41081948968,1283.3558049380154,14116.913854318169,799852.0540974484,813968.9679517666,0.6221806283257009
2.0,10.0,403274.11,242936.70680151263,160337.40319848736,1057.9370865738892,11637.307952312782,801687.0159924368,813324.3239447497,0.6024108683830773
4.0,46.0,390300.08,230761.47918426915,159538.60081573084,1223.5526073086776,13459.078680395454,797693.0040786542,811152.0827590497,0.5912411782858695
23.0,14.0,393640.44,236576.68964505143,157063.7503549486,2246.9182439239253,24716.10068316318,785318.751774743,810034.8524579061,0.6009969139477932
20.0,79.0,412291.23,252804.3436657649,159486.88633423508,760.2814391406963,8363.09583054766,797434.4316711755,805797.5275017231,0.613169345527347
41.0,4.0,380681.81,222170.47590623976,158511.33409376023,848.9138810645723,9338.052691710294,792556.6704688013,801894.7231605115,0.5836120089537238
4.0,81.0,366958.8,207884.970331447,159073.829668553,565.6769218687891,6222.44614055668,795369.1483427649,801591.5944833218,0.5665076578936028
35.0,23.0,399238.69,243718.9813387137,155519.70866128628,2129.5049523425782,23424.55447576836,777598.5433064315,801023.0977821999,0.6104593253191811
7.0,95.0,382943.81,225951.22009213723,156992.58990786277,1399.853979341755,15398.393772759304,784962.9495393138,800361.3433120731,0.5900375308119936
35.0,38.0,396198.87,239411.67717407542,156787.19282592458,1245.0120346579758,13695.132381237734,783935.9641296229,797631.0965108606,0.6042714790531215
22.0,4.0,378304.8,221137.1006181847,157167.6993818153,1021.0227424746276,11231.250167220904,785838.4969090765,797069.7470762973,0.5845474353436295
12.0,46.0,359068.16,200364.70354450124,158703.45645549876,276.74370635585365,3044.18076991439,793517.2822774937,796561.4630474083,0.5580130066238712
12.0,23.0,385625.44,228529.6185999491,157095.82140005092,960.9606530168286,10570.567183185114,785479.1070002546,796049.6741834396,0.5926207010614992
43.0,91.0,363185.63,206728.5093834683,156457.1206165317,957.6184297625729,10533.802727388302,782285.6030826585,792819.4058100468,0.5692089452533359
6.0,4.0,364768.98,208898.27543380696,155870.70456619302,726.7025511936864,7993.728063130551,779353.522830965,787347.2508940956,0.572686513622422
28.0,72.0,466568.03,314413.85683448217,152154.17316551783,2247.4968167797833,24722.46498457762,760770.8658275892,785493.3308121668,0.6738864144516763
7.0,72.0,442587.07,292599.0723857793,149987.9976142207,2979.3142114278653,32772.45632570652,749939.9880711033,782712.4443968099,0.6611107558695271
32.0,93.0,351026.4,195871.64766340464,155154.75233659535,606.3976586753154,6670.374245428469,775773.7616829769,782444.1359284053,0.5579969132333199
10.0,1.0,381322.24,225733.39101673444,155588.84898326558,345.73149214619747,3803.046413608172,777944.2449163278,781747.291329936,0.5919754143286645
10.0,74.0,410352.21,259621.7811639113,150730.4288360887,2279.3362068809506,25072.698275690454,753652.1441804435,778724.8424561339,0.6326803532114798
28.0,8.0,350502.65,195943.14315844164,154559.50684155838,431.8527997280762,4750.380797008838,772797.5342077918,777547.9150048007,0.5590346981925576
37.0,91.0,349584.08,195529.1042333588,154054.9757666412,493.2063053653725,5425.2693590190975,770274.878833206,775700.1481922251,0.5593192465553889
40.0,94.0,370164.91,217765.7297562806,152399.1802437194,1243.5857053713466,13679.442759084814,761995.901218597,775675.3439776818,0.5882938222217785
13.0,74.0,363426.49,212380.31202151833,151046.1779784817,1522.5223885423038,16747.746273965342,755230.8898924084,771978.6361663737,0.5843831362472184
11.0,93.0,362862.11,210323.28799713534,152538.82200286468,817.086814350343,8987.954957853774,762694.1100143234,771682.0649721771,0.5796231742055828
13.0,5.0,553134.95,409124.2203656243,144010.72963437572,4636.9648373898735,51006.613211288604,720053.6481718787,771060.2613831672,0.7396463021648231
10.0,14.0,384041.61,233724.6736255504,150316.93637444958,1707.8654723130355,18786.52019544339,751584.681872248,770371.2020676914,0.6085920575782151
39.0,7.0,407083.82,255800.88058382526,151282.93941617475,1140.314057172298,12543.454628895277,756414.6970808738,768958.151709769,0.628373981023921
23.0,46.0,377638.97,227217.60835160565,150421.36164839435,1485.6397700128307,16342.037470141138,752106.8082419718,768448.8457121128,0.6016794515449655
27.0,38.0,412324.31,261647.845436481,150676.464563519,1157.4837200928016,12732.320921020819,753382.3228175949,766114.6437386157,0.6345680792783743
25.0,8.0,342876.24,190954.89750259122,151921.34249740877,345.55207785893305,3801.0728564482633,759606.7124870438,763407.7853434922,0.5569207638960088
26.0,72.0,435190.98,288046.1125461657,147144.86745383433,2369.00217226328,26059.02389489608,735724.3372691716,761783.3611640678,0.6618843813035044
8.0,91.0,353789.58,204223.76725357078,149565.8127464292,635.3486688435346,6988.83535727888,747829.063732146,754817.899089425,0.5772464165099797
9.0,40.0,332710.64,183098.02420091353,149612.61579908646,339.6183365946596,3735.8017025412555,748063.0789954324,751798.8806979735,0.5503221183455795
32.0,13.0,345157.64,196117.24727606957,149040.39272393042,581.4173790115568,6395.591169127125,745201.9636196522,751597.5547887792,0.5681961647323511
30.0,91.0,337960.73,189500.18378889715,148460.54621110283,640.2282939269585,7042.511233196543,742302.7310555142,749345.2422887108,0.560716577304402
10.0,34.0,396604.39,249265.22090500998,147339.16909499,1100.107504933705,12101.182554270756,736695.84547495,748797.0280292209,0.6284983908146099
2.0,1.0,320516.59,170806.75910785623,149709.83089214377,0.0,0.0,748549.1544607189,748549.1544607189,0.5329108209589283
27.0,10.0,375499.67,229601.7275339018,145897.9424660982,1605.4352020573094,17659.787222630403,729489.712330491,747149.4995531214,0.6114565361239913
31.0,97.0,341452.45,194156.07269276178,147296.3773072382,914.0723729308464,10054.79610223931,736481.886536191,746536.6826384304,0.5686181859077648
34.0,2.0,371203.4,223073.26095881956,148130.13904118043,519.373862598438,5713.112488582818,740650.6952059022,746363.807694485,0.6009461684855784
20.0,1.0,397872.61,249715.1736977834,148157.4363022166,500.8667475320895,5509.534222852984,740787.1815110829,746296.7157339359,0.6276259471537471
33.0,92.0,364870.88,217628.67351272193,147242.20648727808,893.5854811308666,9829.440292439533,736211.0324363903,746040.47272883,0.5964539387542298
20.0,23.0,381885.16000000003,238384.54830156924,143500.6116984308,2441.491156028963,26856.402716318593,717503.0584921539,744359.4612084725,0.624230981642673
19.0,4.0,346278.11,200074.4296074352,146203.68039256483,1092.1278674316093,12013.406541747703,731018.401962824,743031.8085045718,0.5777853806798102
19.0,94.0,358979.78,213406.23207374974,145573.54792625026,1173.7686739447852,12911.455413392636,727867.7396312513,740779.195044644,0.5944798118538869
20.0,82.0,332024.06,185098.53011399382,146925.52988600617,424.4733242624818,4669.2065668873,734627.6494300308,739296.8559969182,0.5574852922224788
8.0,72.0,402633.93,261667.71897899688,140966.2110210031,2878.892964627172,31667.822610898893,704831.0551050155,736498.8777159144,0.6498898862770877
11.0,5.0,383283.38,238438.71621389216,144844.66378610785,1072.5486903241438,11798.035593565583,724223.3189305393,736021.3545241049,0.6220951094041494
40.0,72.0,381326.94,240148.40745726204,141178.53254273796,2682.2619261442965,29504.88118758726,705892.6627136897,735397.543901277,0.6297703683281911
29.0,95.0,345367.18,201443.92778894483,143923.25221105517,1379.3317808015183,15172.649588816701,719616.2610552758,734788.9106440925,0.5832746695529808
13.0,97.0,331550.58999999997,186214.90124429463,145335.68875570537,725.396792030465,7979.364712335115,726678.4437785269,734657.808490862,0.5616485292464557
1.0,81.0,333743.65,187823.13021338425,145920.51978661574,397.5360033606663,4372.89603696733,729602.5989330788,733975.4949700461,0.5627766407342409
13.0,82.0,349185.67,204129.71222296974,145055.95777703027,758.6189047773488,8344.807952550836,725279.7888851513,733624.5968377022,0.5845878847862507
18.0,23.0,373508.64,232076.235323717,141432.40467628298,2105.0808731499023,23155.889604648924,707162.0233814149,730317.9129860639,0.6213410092032061
36.0,95.0,362892.24,218757.79530096686,144134.44469903316,792.9887476081075,8722.876223689182,720672.2234951658,729395.099718855,0.6028175066542257
8.0,93.0,333252.48,189443.6119913586,143808.8680086414,724.8720682842454,7973.5927511267,719044.3400432069,727017.9327943337,0.5684687237477081
31.0,79.0,384500.35,243168.4722652051,141331.87773479486,1642.261148124547,18064.872629370017,706659.3886739744,724724.2613033444,0.6324271805349595
23.0,4.0,337297.01,195073.272463493,142223.737536507,1159.0537029467675,12749.590732414443,711118.687682535,723868.2784149494,0.5783427266772776
2.0,81.0,333102.3,189464.9041723251,143637.3958276749,501.3295360022917,5514.624896025209,718186.9791383744,723701.6040343996,0.5687889401313804
36.0,92.0,352934.08,211199.5996035958,141734.48039640422,1295.3269900339894,14248.596890373883,708672.401982021,722920.998872395,0.598410897591969
23.0,1.0,370880.98,228295.14598246786,142585.83401753215,645.9769574458289,7105.7465319041185,712929.1700876607,720034.9166195649,0.6155482709910545
42.0,93.0,350137.91000000003,209249.5601081251,140888.3498918749,1389.9982009544933,15289.980210499427,704441.7494593746,719731.7296698741,0.5976204065081815
21.0,23.0,374595.95,235220.49461456278,139375.45538543724,2066.271750233276,22728.98925256604,696877.2769271862,719606.2661797522,0.6279312272718452
4.0,82.0,345113.8,202638.08344248563,142475.71655751436,636.7968153721195,7004.764969093314,712378.5827875718,719383.3477566652,0.5871630848794966
13.0,10.0,354123.82,212248.42140091903,141875.39859908097,880.3152266012905,9683.467492614196,709376.9929954049,719060.460488019,0.5993621705563863
23.0,10.0,333217.33,192192.62259430054,141024.70740569948,870.3433740467252,9573.777114513978,705123.5370284973,714697.3141430113,0.5767785925008778
14.0,79.0,345210.94,207378.57136549923,137832.36863450077,2229.562278417819,24525.18506259601,689161.8431725039,713687.0282350999,0.600730009789085
36.0,94.0,337304.45,197905.08284873507,139399.36715126495,1324.4219364987393,14568.641301486132,696996.8357563247,711565.4770578109,0.5867253836963463
28.0,96.0,313340.46,171987.01937760774,141353.44062239226,423.3670793665766,4657.037873032343,706767.2031119613,711424.2409849936,0.5488822585426973
15.0,40.0,333497.28,193863.09264287382,139634.18735712618,1019.7989996371223,11217.788996008345,698170.9367856309,709388.7257816392,0.5813033696792783
39.0,96.0,319823.27999999997,179624.50212453853,140198.77787546144,546.118957755347,6007.308535308817,700993.8893773073,707001.1979126161,0.5616367330249961
24.0,4.0,332526.18,193558.57573419434,138967.60426580568,1037.504888003791,11412.5537680417,694838.0213290283,706250.5750970701,0.5820852232873645
16.0,95.0,333112.37,194316.4645643375,138795.9054356625,1083.915264845671,11923.06791330238,693979.5271783125,705902.5950916149,0.5833360813479773
24.0,13.0,342030.14,203531.1892688183,138498.95073118169,1095.9204883835262,12055.125372218787,692494.7536559084,704549.8790281272,0.595067993916613
20.0,46.0,329168.71,190023.85891544994,139144.8510845501,568.6559266190462,6255.215192809508,695724.2554227504,701979.4706155598,0.5772840891087428
11.0,23.0,348041.36,210959.60006034194,137081.75993965808,1361.5286088270748,14976.814697097823,685408.7996982904,700385.6143953883,0.6061337079602894
14.0,80.0,327142.25,190852.84144727158,136289.40855272842,1480.466580693392,16285.132387627313,681447.042763642,697732.1751512693,0.5833940478408752
23.0,7.0,342149.0,204892.43246665518,137256.56753334482,957.610679852424,10533.717478376664,686282.8376667241,696816.5551451007,0.5988397816935171
26.0,8.0,328137.85,191530.98617152474,136606.86382847527,955.0850952393253,10505.936047632578,683034.3191423763,693540.2551900089,0.5836906232290019
33.0,95.0,316434.32,179931.5209581332,136502.79904186682,662.8845361565952,7291.729897722547,682513.9952093341,689805.7251070566,0.5686220159625327
1.0,79.0,369718.47000000003,235524.83889910535,134193.63110089465,1630.496037277222,17935.456410049443,670968.1555044734,688903.6119145228,0.63703833595088
29.0,40.0,333600.93,197825.63318206853,135775.29681793146,886.9873213698874,9756.860535068761,678876.4840896573,688633.3446247261,0.5930008443983311
25.0,72.0,359839.1,226995.4677183532,132843.63228164677,2205.086728842995,24255.954017272947,664218.1614082339,688474.1154255068,0.6308249095730654
40.0,93.0,319178.42,184907.84577398386,134270.57422601615,1545.992261200901,17005.914873209913,671352.8711300808,688358.7860032907,0.579324397225802
1.0,72.0,480342.97,349409.6693869381,130933.30061306187,3060.804723677802,33668.851960455824,654666.5030653094,688335.3550257653,0.7274170565813384
20.0,5.0,364978.15,231222.9232813545,133755.22671864548,1619.4110486482225,17813.521535130447,668776.1335932275,686589.6551283579,0.6335253857836545
37.0,40.0,303721.5,166938.7151431241,136782.7848568759,225.7470766755644,2483.217843431208,683913.9242843795,686397.1421278106,0.549644049377881
10.0,79.0,388412.94,254050.7974209333,134362.14257906668,1195.6841804775179,13152.525985252698,671810.7128953335,684963.2388805862,0.6540739796695066
17.0,9.0,327033.48,192478.72926188435,134554.75073811563,958.2858379640437,10541.14421760448,672773.7536905783,683314.8979081827,0.5885597072871083
23.0,79.0,318858.16,185137.77836958744,133720.38163041256,1120.8041645860017,12328.845810446019,668601.9081520628,680930.7539625088,0.580627381057419
8.0,8.0,310759.29,175209.65616590917,135549.63383409084,288.2118880064349,3170.330768070784,677748.1691704541,680918.4999385249,0.5638114830482113
14.0,81.0,349784.1,219182.8287316055,130601.2712683945,2531.3305006274672,27844.63550690214,653006.3563419726,680850.9918488746,0.6266231905098187
17.0,46.0,296556.52999999997,161154.88997700976,135401.64002299024,326.2480638156657,3588.7287019723226,677008.2001149511,680596.9288169234,0.5434204735839395
34.0,8.0,305816.64,170314.69021336385,135501.94978663616,234.4389808517765,2578.8287893695415,677509.7489331808,680088.5777225504,0.5569176687487112
34.0,72.0,367167.66000000003,235512.16695072615,131655.49304927385,1912.9509444734692,21042.46038920816,658277.4652463692,679319.9256355774,0.641429495589906
32.0,4.0,319976.38,185722.7854320768,134253.59456792317,665.317972181064,7318.497693991703,671267.9728396159,678586.4705336076,0.580426547209756
41.0,46.0,308786.99,175629.15587298598,133157.83412701404,736.111783739768,8097.229621137449,665789.1706350702,673886.4002562076,0.5687712292314712
18.0,8.0,338993.85,206677.72437355874,132316.12562644127,1014.5330481624478,11159.863529786926,661580.6281322064,672740.4916619933,0.6096798640257302
16.0,40.0,317979.6,184799.73570053352,133179.86429946648,601.7140626641201,6618.854689305321,665899.3214973324,672518.1761866377,0.5811685268505701
27.0,1.0,312238.27,179605.95153526304,132632.31846473695,808.1772536946482,8889.94979064113,663161.5923236848,672051.5421143259,0.5752208130517218
11.0,4.0,321020.42,188649.87586595895,132370.54413404106,901.9354989475161,9921.290488422677,661852.7206702053,671774.0111586279,0.5876569343033037
17.0,13.0,313697.52,182518.36962440013,131179.15037559986,1370.8962322965883,15079.858555262472,655895.7518779993,670975.6104332617,0.5818291761579758
23.0,17.0,317663.34,188043.08715287567,129620.25284712433,1919.2631852267143,21111.895037493858,648101.2642356217,669213.1592731155,0.5919571554995161
17.0,4.0,299699.12,168645.48265303232,131053.63734696769,1240.3950513038806,13644.345564342686,655268.1867348384,668912.5322991811,0.5627159754524215
11.0,79.0,338132.06,206555.02680623223,131577.03319376777,782.0253069281326,8602.278376209459,657885.1659688388,666487.4443450483,0.6108708733689205
29.0,92.0,304207.3,173974.67467069806,130232.62532930193,1193.5282148703545,13128.810363573899,651163.1266465097,664291.9370100836,0.5718951342413482
31.0,96.0,315793.82,185955.92104771256,129837.89895228743,1006.6577257582579,11073.234983340837,649189.4947614371,660262.729744778,0.5888523120804345
39.0,97.0,298792.94,168561.6030939142,130231.3369060858,765.3802366334537,8419.18260296799,651156.6845304291,659575.867133397,0.5641418538668088
10.0,87.0,322724.35,192242.75912400786,130481.59087599214,534.547355481314,5880.020910294454,652407.9543799607,658287.9752902552,0.5956871835794475
21.0,38.0,341947.24,213741.52413248149,128205.7158675185,1482.3405175816756,16305.745693398432,641028.5793375926,657334.325030991,0.6250716459430452
19.0,3.0,348861.21,224539.26662800394,124321.94337199608,3171.064647923078,34881.71112715386,621609.7168599804,656491.4279871343,0.6436349476286112
6.0,96.0,327068.17,197745.64292507464,129322.52707492537,750.3237554024983,8253.561309427481,646612.6353746268,654866.1966840543,0.6046006950938535
10.0,11.0,314449.3,186057.28607406875,128392.01392593126,1044.5999237859776,11490.599161645754,641960.0696296563,653450.668791302,0.5916924797545066
7.0,40.0,325528.49,197022.0827683061,128506.4072316939,953.9377433237285,10493.315176561013,642532.0361584695,653025.3513350305,0.6052376023011261
26.0,87.0,295339.98,165883.40966392503,129456.57033607498,514.4927618632842,5659.420380496125,647282.8516803749,652942.272060871,0.5616693333016581
31.0,72.0,449395.0,326926.03246119316,122468.96753880683,3298.7990551857815,36286.789607043596,612344.8376940341,648631.6273010777,0.727480351274921
2.0,79.0,343907.26,216886.3296013912,127020.9303986088,975.7575495821058,10733.333045403164,635104.651993044,645837.9850384472,0.6306535360765317
32.0,9.0,280757.85,153217.1634747473,127540.68652525269,345.3298207288724,3798.628028017596,637703.4326262635,641502.060654281,0.5457270864367544
18.0,90.0,287659.44,160854.42311866363,126805.01688133637,570.7216004756513,6277.937605232164,634025.0844066818,640303.0220119139,0.5591835370278954
32.0,10.0,296395.35,169326.08891374504,127069.26108625496,420.21712530635835,4622.388378369942,635346.3054312748,639968.6938096448,0.5712845660829196
20.0,97.0,286253.74,159964.94243183173,126288.79756816827,625.8152781120284,6883.968059232313,631443.9878408413,638327.9559000736,0.5588221919190706
26.0,2.0,310041.67,184233.57840220895,125808.09159779105,830.0491662018583,9130.54082822044,629040.4579889553,638170.9988171757,0.5942219908769326
23.0,22.0,296882.08999999997,173787.68231344654,123094.40768655347,2017.3019986193708,22190.32198481308,615472.0384327674,637662.3604175803,0.5853761077788375
41.0,7.0,317756.45,193937.11404676974,123819.33595323027,1671.5456903474333,18387.002593821766,619096.6797661514,637483.6823599731,0.6103325803355675
18.0,4.0,310489.99,185203.1768351576,125286.81316484242,953.2181020093944,10485.39912210334,626434.0658242122,636919.4649463155,0.5964867879803712
24.0,80.0,318314.42,193777.68535919045,124536.73464080956,1247.969722534937,13727.666947884307,622683.6732040478,636411.3401519321,0.6087618819128284
30.0,94.0,283986.52,157514.52242585487,126471.99757414512,352.6541923524581,3879.196115877039,632359.9878707256,636239.1839866027,0.554654926669952
27.0,7.0,328386.65,203968.24218481462,124418.40781518539,1234.1052586696317,13575.15784536595,622092.039075927,635667.1969212929,0.6211222112251353
27.0,81.0,303078.08999999997,178163.45854704498,124914.63145295501,974.184651580151,10716.031167381661,624573.1572647751,635289.1884321567,0.5878467115423784
16.0,72.0,317037.85,192947.28598571464,124090.56401428537,1327.4457593855338,14601.903353240872,620452.8200714268,635054.7234246676,0.6085938508153353
8.0,13.0,289608.79,164179.70801081244,125429.08198918757,622.4772493065241,6847.249742371765,627145.4099459378,633992.6596883096,0.566901674534162
36.0,90.0,295942.68,170695.07261018487,125247.60738981512,691.3788461895437,7605.16730808498,626238.0369490756,633843.2042571607,0.5767842360898565
39.0,1.0,274717.38,148648.84255220427,126068.53744779572,231.6948217279215,2548.6430390071364,630342.6872389787,632891.3302779858,0.5410973362959572
38.0,91.0,297208.88,172558.39078031687,124650.48921968314,845.9066000890515,9304.972600979567,623252.4460984158,632557.4186993953,0.5805963495448617
24.0,87.0,309115.9,184587.76957441805,124528.13042558196,899.6349348651241,9895.984283516365,622640.6521279098,632536.6364114261,0.5971474439665447
45.0,13.0,304027.56,179023.03086811214,125004.52913188786,622.8754416275889,6851.629857903477,625022.6456594393,631874.2755173427,0.5888381660797861
21.0,13.0,295976.22,171484.3629242222,124491.8570757778,578.0289312749727,6358.3182440247,622459.2853788891,628817.6036229137,0.5793856105204067
22.0,23.0,314325.49,193394.34013284591,120931.14986715408,2186.7012776159045,24053.71405377495,604655.7493357704,628709.4633895453,0.6152677599670517
32.0,46.0,295657.17,170901.806768875,124755.36323112503,442.4589111503023,4867.0480226533255,623776.8161556252,628643.8641782785,0.5780404607433501
8.0,94.0,287485.15,163118.8724234718,124366.2775765282,571.1418154949765,6282.559970444741,621831.3878826409,628113.9478530857,0.5673992984454042
12.0,4.0,292305.4,167714.2649310824,124591.13506891759,461.2996053321612,5074.295658653773,622955.675344588,628029.9710032417,0.573763826912135
24.0,9.0,316329.71,193368.02527982777,122961.68472017223,1091.5713091963423,12007.284401159766,614808.4236008612,626815.708002021,0.6112863229945356
2.0,46.0,297372.41,173085.34221349366,124287.06778650635,445.11109002728335,4896.221990300117,621435.3389325318,626331.5609228319,0.5820490953195478
44.0,94.0,290072.22,166023.4608066643,124048.75919333569,488.7473598435754,5376.220958279329,620243.7959666784,625620.0169249577,0.5723521570133959
23.0,34.0,296724.15,174031.68961831887,122692.46038168114,1094.8021232563997,12042.823355820397,613462.3019084057,625505.1252642262,0.5865100283152512
2.0,7.0,363760.75,242795.5784095232,120965.17159047679,1753.8872377467242,19292.759615213967,604825.8579523839,624118.6175675979,0.6674595277514773
14.0,23.0,319418.62,198608.6411195485,120809.97888045148,1823.6738027515464,20060.41183026701,604049.8944022574,624110.3062325245,0.6217816641983754
17.0,3.0,329020.08,208441.18281836697,120578.89718163303,1904.876669467931,20953.64336414724,602894.4859081652,623848.1292723124,0.6335211602233121
26.0,93.0,299052.2,177715.57923697226,121336.62076302775,1558.925134802406,17148.176482826468,606683.1038151388,623831.2802979653,0.5942627382007966
13.0,23.0,323501.65,201779.514673111,121722.135326889,1319.1660801175822,14510.826881293404,608610.676634445,623121.5035157383,0.6237356584521624
25.0,13.0,292354.98,169384.15084573763,122970.82915426238,698.5394015358517,7683.933416894368,614854.1457713118,622538.0791882062,0.5793783668256229
19.0,23.0,311219.38,190110.59969133424,121108.78030866577,1500.3725534869614,16504.098088356575,605543.9015433289,622047.9996316854,0.6108572020525658
40.0,2.0,296746.07,174734.31601767673,122011.75398232328,1047.8436544741483,11526.280199215631,610058.7699116163,621585.050110832,0.5888344739247152
1.0,10.0,316418.37,194050.30661212257,122368.06338787742,568.2453632308697,6250.698995539566,611840.3169393871,618091.0159349267,0.6132713047353179
35.0,79.0,279501.02,157615.97404669787,121885.04595330213,676.1887442151532,7438.076186366685,609425.2297665107,616863.3059528774,0.563919137206361
39.0,3.0,398274.32999999996,290762.344840928,107511.98515907198,7178.617047875538,78964.78752663093,537559.9257953599,616524.7133219908,0.7300554490693086
28.0,4.0,290557.35,168411.23157049937,122146.11842950064,481.12882541354736,5292.417079549021,610730.5921475032,616023.0092270522,0.5796144257596628
9.0,2.0,287672.62,165442.6476279017,122229.97237209833,435.76161537192525,4793.3777690911775,611149.8618604916,615943.2396295827,0.5751073829268204
4.0,14.0,301855.16,180997.43243483326,120857.72756516674,1007.3203275898966,11080.523603488862,604288.6378258337,615369.1614293226,0.5996168242902764
28.0,23.0,296152.3,175529.44426251054,120622.85573748947,966.1840955531902,10628.025051085093,603114.2786874474,613742.3037385325,0.5926999191379252
3.0,72.0,302184.4,182408.56799787728,119775.83200212271,1203.4700517193771,13238.170568913149,598879.1600106135,612117.3305795267,0.603633304690372
33.0,90.0,284393.14,163359.80209397053,121033.33790602945,613.8617313468051,6752.479044814856,605166.6895301472,611919.1685749622,0.5744154099285605
14.0,3.0,307497.4,198290.13125607252,109207.26874392747,5766.882203988775,63435.70424387652,546036.3437196373,609472.0479635139,0.6448514077064473
21.0,72.0,369420.42,253210.16774557083,116210.25225442919,2484.3862674105253,27328.24894151578,581051.2612721459,608379.5102136617,0.6854254774155983
12.0,3.0,337307.29,218980.42587739808,118326.86412260192,1483.178533141604,16314.963864557645,591634.3206130096,607949.2844775673,0.649201580782313
23.0,90.0,273465.32,153249.10822005462,120216.21177994538,585.2591378609782,6437.85051647076,601081.058899727,607518.9094161977,0.5603968657526834
24.0,81.0,279541.32,159493.5780624393,120047.74193756068,657.1201424187635,7228.321566606399,600238.7096878034,607467.0312544098,0.5705545715475597
2.0,82.0,274820.03,154231.53704499974,120588.49295500026,142.92560793322593,1572.1816872654854,602942.4647750013,604514.6464622668,0.5612092286177238
7.0,38.0,340279.27,223514.67123452597,116764.59876547405,1879.0329339495286,20669.362273444814,583822.9938273702,604492.356100815,0.656856561478241
26.0,4.0,286202.46,166883.2151897263,119319.24481027371,700.848654879186,7709.335203671046,596596.2240513685,604305.5592550396,0.5830949712651886
31.0,81.0,272217.49,152514.3814959821,119703.1085040179,507.55349551339134,5583.088450647305,598515.5425200895,604098.6309707368,0.5602666511104121
17.0,79.0,292196.1,173163.00598438815,119033.09401561186,709.2291813019732,7801.520994321705,595165.4700780592,602966.991072381,0.5926260000882564
23.0,3.0,339533.47,224221.09392120203,115312.37607879796,2397.66981835274,26374.368001880142,576561.8803939897,602936.2483958699,0.6603799440485265
14.0,7.0,382761.98,267759.39012620464,115002.58987379535,2498.39418447709,27482.336029247992,575012.9493689768,602495.2853982248,0.6995454201752344
2.0,80.0,281533.7,162096.7789744549,119436.9210255451,445.9983335979774,4905.981669577752,597184.6051277255,602090.5867973033,0.5757633241578358
7.0,92.0,293968.69,175657.34011130643,118311.34988869357,933.4221122945432,10267.643235239975,591556.7494434678,601824.3926787078,0.5975375816768325
15.0,95.0,288224.36,169636.56152715697,118587.79847284303,738.6477762675866,8125.125538943452,592938.9923642152,601064.1179031587,0.5885573361223075
19.0,10.0,305358.47,187196.09439567316,118162.37560432684,817.2116994085753,8989.328693494328,590811.8780216342,599801.2067151285,0.6130371769143105
40.0,4.0,283109.37,165222.3762730041,117886.9937269959,766.0834905108597,8426.918395619457,589434.9686349796,597861.887030599,0.5835991096762503
37.0,93.0,263974.89,145489.85573787283,118485.03426212718,310.37426660410944,3414.1169326452036,592425.1713106359,595839.2882432811,0.5511503603159862
35.0,3.0,285309.74,181406.92365406334,103902.81634593666,6896.874079103713,75865.61487014084,519514.0817296833,595379.6965998242,0.6358245030613513
32.0,1.0,265931.8,147869.37801307216,118062.42198692783,268.4056259887829,2952.4618858766116,590312.1099346392,593264.5718205158,0.5560424816177387
9.0,8.0,262342.72,144194.40796410386,118148.31203589616,86.79185888522228,954.7104477374451,590741.5601794808,591696.2706272182,0.5496413545003417
17.0,1.0,253832.24,136063.64052595777,117768.59947404223,245.37063939038424,2699.0770332942266,588842.9973702112,591542.0744035053,0.5360376622211496
12.0,7.0,300904.77,184512.67886439618,116392.09113560383,844.0466755731487,9284.513431304636,581960.4556780191,591244.9691093237,0.6131929343107329
27.0,9.0,320977.33,206247.86952945043,114729.46047054957,1452.8661127543005,15981.527240297306,573647.3023527479,589628.8295930452,0.6425621072038029
30.0,93.0,260509.81,143201.2348828726,117308.57511712739,255.9991062969536,2815.99016926649,586542.8755856369,589358.8657549034,0.5496961319148503
31.0,8.0,271640.47000000003,154384.2028198001,117256.26718019992,218.20452697893714,2400.2497967683084,586281.3359009996,588681.5856977679,0.5683402138856558
40.0,87.0,281007.69,166300.01235678958,114707.67764321044,1038.1143927807504,11419.258320588255,573538.3882160522,584957.6465366404,0.5917987951033994
6.0,23.0,295418.54,181677.5527649332,113740.98723506677,1409.6956648261412,15506.652313087554,568704.9361753339,584211.5884884214,0.6149835848655038
10.0,17.0,284282.48,169434.74748713733,114847.73251286268,855.4091751467924,9409.500926614717,574238.6625643134,583648.1634909281,0.5960084050453526
41.0,1.0,277507.83999999997,161458.7527934532,116049.0872065468,299.1298021301409,3290.4278234315498,580245.436032734,583535.8638561656,0.5818169057618452
29.0,2.0,283285.65,168718.13464377355,114567.51535622645,895.739875752798,9853.138633280778,572837.5767811323,582690.715414413,0.5955760012685907
23.0,49.0,295097.08,180759.98261901477,114337.09738098523,968.778696411863,10656.565660530494,571685.4869049261,582342.0525654566,0.6125441248656706
14.0,46.0,275550.26,162269.51487214537,113280.74512785464,1177.4382375782893,12951.820613361182,566403.7256392732,579355.5462526344,0.5888926211579164
35.0,34.0,276302.43,162011.49903701473,114290.9309629853,682.1391230860642,7503.530353946706,571454.6548149264,578958.1851688732,0.5863556793076874
24.0,10.0,298369.57,185062.37229413167,113307.19770586834,1011.1970148942069,11123.167163836275,566535.9885293418,577659.155693178,0.6202454636849585
11.0,46.0,282093.68,168324.5828914983,113769.09710850168,730.9377974323926,8040.315771756319,568845.4855425084,576885.8013142648,0.596697461961921
18.0,91.0,279995.68,166096.4256256438,113899.2543743562,619.6965772218841,6816.662349440725,569496.271871781,576312.9342212217,0.5932106724848176
38.0,94.0,259435.45,145342.56254450916,114092.88745549084,333.0183066333315,3663.201372966647,570464.4372774542,574127.6386504208,0.5602263011647374
9.0,13.0,263654.12,150317.98162841282,113336.13837158718,438.66841277607057,4825.352540536776,566680.6918579359,571506.0443984726,0.5701332549948881
11.0,7.0,342281.01,232322.18929871495,109958.82070128505,1954.0987200195914,21495.085920215504,549794.1035064253,571289.1894266407,0.6787469433338266
4.0,34.0,286628.91,174977.7367794701,111651.17322052989,970.8715335766336,10679.58686934297,558255.8661026495,568935.4529719924,0.6104678581775653
12.0,92.0,274276.46,161498.12600611168,112778.33399388834,405.16676166861726,4456.83437835479,563891.6699694417,568348.5043477966,0.5888151174406716
13.0,14.0,280372.81,168877.4894452974,111495.3205547026,913.3614422201744,10046.975864421918,557476.602773513,567523.5786379349,0.6023319074531421
21.0,92.0,271849.64,159947.63581438857,111902.00418561143,541.3702803954809,5955.07308435029,559510.0209280571,565465.0940124075,0.5883680251126636
27.0,82.0,289676.7,179945.44196282738,109731.25803717262,1481.7861543531822,16299.647697885004,548656.2901858632,564955.9378837481,0.6211940482711498
23.0,82.0,272061.35,161056.78732119477,111004.56267880522,890.4178573104565,9794.596430415022,555022.813394026,564817.4098244411,0.5919870180795427
32.0,8.0,263463.3,151487.48887441333,111975.81112558667,389.06592185246006,4279.725140377061,559879.0556279334,564158.7807683104,0.5749851644400314
35.0,14.0,279265.07,169116.41848800654,110148.65151199345,1217.52070732876,13392.727780616358,550743.2575599672,564135.9853405836,0.605576696319402
23.0,91.0,253367.48,142409.34535091874,110958.13464908126,848.7634754360174,9336.398229796192,554790.6732454062,564127.0714752025,0.5620663920678326
23.0,11.0,287461.1,180385.40954150242,107075.69045849756,2294.589757602832,25240.48733363115,535378.4522924878,560618.939626119,0.6275124166069859
34.0,13.0,265928.98,155309.43446509368,110619.54553490631,594.9777325726976,6544.755058299674,553097.7276745315,559642.4827328313,0.5840259849268541
30.0,40.0,262080.24,150934.9183513892,111145.3216486108,269.67268192668485,2966.399501193533,555726.608243054,558693.0077442476,0.5759110963550294
39.0,82.0,259553.95,149633.79110897356,109920.15889102644,821.5131748384212,9036.644923222633,549600.7944551322,558637.4393783548,0.5765036174905971
41.0,97.0,247037.13,137074.0996058077,109963.03039419229,365.97628055555305,4025.7390861110835,549815.1519709615,553840.8910570726,0.5548724582649083
15.0,72.0,351369.42,244940.97603815788,106428.44396184213,1924.2357293608802,21166.593022969682,532142.2198092106,553308.8128321803,0.6971038516617578
18.0,3.0,298187.3,219448.12056016957,78739.17943983042,14494.582765465586,159440.41042012145,393695.8971991521,553136.3076192735,0.735940533215766
18.0,79.0,247886.01,139265.74847526097,108620.26152473903,801.8503646731627,8820.35401140479,543101.3076236952,551921.6616351,0.5618136678034431
40.0,13.0,254246.29,145322.33969100515,108923.95030899486,641.6796108696504,7058.475719566155,544619.7515449743,551678.2272645405,0.5715809646268787
43.0,96.0,270923.55,162205.96078816985,108717.58921183014,735.0888613574181,8085.977474931598,543587.9460591507,551673.9235340822,0.5987148802242177
27.0,80.0,269888.91,161149.47800181745,108739.43199818255,671.1081382268901,7382.189520495791,543697.1599909128,551079.3495114085,0.5970955901886352
9.0,72.0,329348.23,222551.33520867943,106796.89479132056,1499.1643427988793,16490.807770787673,533984.4739566029,550475.2817273905,0.6757325983160117
8.0,87.0,267364.87,159185.48134125315,108179.38865874686,821.7470081523944,9039.217089676338,540896.9432937342,549936.1603834106,0.5953866764218244
41.0,79.0,248660.28,140250.9359762165,108409.34402378349,691.8750483915967,7610.625532307564,542046.7201189174,549657.345651225,0.5640262931265762
15.0,2.0,267444.16,159089.60785772986,108354.55214227013,695.7553223030901,7653.308545333992,541772.7607113506,549426.0692566846,0.5948516799085457
16.0,92.0,264040.07,155207.7612693933,108832.3087306067,445.12165737336676,4896.3382311070345,544161.5436530336,549057.8818841405,0.5878189672855082
22.0,90.0,249753.75,141544.9301593276,108208.8198406724,652.6195160791672,7178.814676870839,541044.099203362,548222.9138802328,0.566737957525473
10.0,22.0,259761.91,152519.23784280632,107242.67215719368,761.0303073280246,8371.33338060827,536213.3607859684,544584.6941665767,0.5871501246768871
39.0,11.0,253294.6,145926.3869133937,107368.2130866063,608.3393937588295,6691.7333313471245,536841.0654330315,543532.7987643786,0.5761132961910507
27.0,14.0,284389.98,178812.66552967118,105577.31447032883,1302.6020519112174,14328.622571023392,527886.5723516442,542215.1949226676,0.628758669801486
39.0,74.0,265878.4,159620.99345223384,106257.40654776616,931.2100648744861,10243.310713619347,531287.0327388308,541530.3434524501,0.6003533700076193
24.0,23.0,296843.12,194167.9626962022,102675.15730379781,2418.752698759997,26606.27968635997,513375.786518989,539982.066205349,0.6541096950342059
6.0,5.0,308732.6,203609.97333864987,105122.62666135014,1274.1757549236754,14015.93330416043,525613.1333067507,539629.066610911,0.6595026678058938
2.0,5.0,288004.05,182413.77168466244,105590.27831533755,971.9373534855608,10691.31088834117,527951.3915766878,538642.702465029,0.633372244885662
14.0,1.0,265012.48,159075.17316381287,105937.30683618714,603.4047469109005,6637.452216019905,529686.5341809357,536323.9863969557,0.6002554036844335
26.0,13.0,251233.85,145934.15942663464,105299.69057336537,730.4040423909279,8034.444466300207,526498.4528668269,534532.8973331271,0.5808698128322861
31.0,46.0,255458.30000000002,149791.60412626356,105666.69587373643,543.2713188311321,5975.984507142453,528333.4793686823,534309.4638758247,0.5863642094473484
11.0,10.0,266676.77,162969.28769845006,103707.48230154996,1047.4084665442235,11521.493131986459,518537.41150774976,530058.9046397362,0.6111116753755869
8.0,4.0,245484.71,140758.144033242,104726.565966758,583.420196784976,6417.622164634737,523632.8298337901,530050.4519984248,0.57338864010407
6.0,79.0,257840.49,153511.13065327698,104329.35934672301,648.182274495986,7130.005019455846,521646.79673361505,528776.8017530709,0.5953724748710996
11.0,14.0,253269.88999999998,150149.55518717432,103120.33481282566,882.6699292565125,9709.369221821638,515601.6740641283,525311.04328595,0.5928440810203468
41.0,81.0,236090.02,131754.86729772322,104335.15270227677,293.2845141766907,3226.1296559435978,521675.76351138385,524901.8931673274,0.5580704652306914
19.0,81.0,239798.07,136182.9790839039,103615.09091609612,591.2319211234549,6503.551132358003,518075.4545804806,524579.0057128386,0.567906902186093
17.0,8.0,232317.78,127977.11099309215,104340.66900690785,203.90565459591744,2242.962200555092,521703.34503453923,523946.30723509437,0.5508709277141515
7.0,2.0,247231.74,143999.44111649535,103232.29888350463,704.0999951694939,7745.099946864433,516161.49441752315,523906.59436438757,0.5824472258962193
45.0,90.0,254766.43,151756.37663425694,103010.05336574305,773.7433156951506,8511.176472646657,515050.2668287152,523561.44330136187,0.5956686547527354
19.0,7.0,277624.02,176657.62269970943,100966.39730029057,1600.5110279525632,17605.621307478195,504831.98650145286,522437.6078089311,0.6363196624690811
33.0,94.0,269825.93,168051.71518459165,101774.21481540836,790.1322196386278,8691.454416024906,508871.07407704176,517562.52849306667,0.6228152912679358
33.0,38.0,234228.59,132179.57485345635,102049.01514654365,611.8105106302312,6729.915616932543,510245.0757327182,516974.9913496508,0.564318706155625
14.0,5.0,269265.5,168108.74445400108,101156.75554599892,665.8092574798152,7323.901832277967,505783.7777299946,513107.6795622726,0.6243233702572408
27.0,74.0,284154.93,185034.84200212423,99120.08799787577,1487.8264027560858,16366.090430316945,495600.4399893789,511966.53041969583,0.6511758990144012
22.0,91.0,232489.71,131915.7249710206,100573.98502897943,705.5577530188959,7761.1352832078555,502869.92514489713,510631.06042810495,0.5674045744692124
19.0,80.0,234425.08,133966.0268162654,100459.05318373462,518.2335932222883,5700.569525445171,502295.2659186731,507995.83544411825,0.5714662732172915
29.0,8.0,239579.77,140599.20878245932,98980.5612175407,787.9391133088135,8667.330246396948,494902.80608770344,503570.1363341004,0.5868575997984276
37.0,96.0,226000.66,126183.5221456256,99817.1378543744,288.00749168414404,3168.0824085255845,499085.68927187205,502253.7716803976,0.5583325382573024
25.0,4.0,230612.38,131115.485145732,99496.894854268,408.06603630586255,4488.726399364488,497484.47427133995,501973.2006707044,0.5685535405589761
19.0,87.0,232865.07,134318.87373696806,98546.19626303192,687.0865783998204,7557.952362398024,492730.98131515965,500288.9336775577,0.5768098828088217
40.0,9.0,237345.42,138761.95623339366,98583.46376660632,573.3742382896642,6307.116621186306,492917.31883303163,499224.43545421795,0.5846413898923926
23.0,5.0,323659.83,227584.03937093547,96075.79062906455,1667.0411264606344,18337.452391066978,480378.9531453228,498716.40553638974,0.7031581255262214
45.0,4.0,256776.22,158709.42130344643,98066.79869655357,705.0939647395452,7756.033612134997,490333.99348276784,498090.0270949028,0.6180845769263463
1.0,1.0,222679.80000000002,123458.30051771938,99221.49948228063,86.35651104100444,949.9216214510488,496107.4974114031,497057.4190328542,0.5544207445745837
16.0,2.0,239619.27,141493.99180518425,98125.27819481574,551.2596049930253,6063.855654923278,490626.3909740787,496690.2466290019,0.5904950457664956
2.0,23.0,277166.72,181738.68251001072,95428.03748998928,1763.322583026054,19396.548413286593,477140.1874499464,496536.735863233,0.6557016748259341
18.0,87.0,224360.72,126675.39532329352,97685.32467670648,675.4079407387806,7429.487348126586,488426.62338353245,495856.110731659,0.5646059404841165
20.0,74.0,240905.15,143893.35450691963,97011.79549308038,902.6716982798479,9929.388681078326,485058.9774654019,494988.36614648026,0.5973029406258838
6.0,97.0,228465.9,130460.54594583233,98005.35405416766,397.0728995312374,4367.801894843611,490026.7702708383,494394.5721656819,0.5710285252452656
24.0,79.0,235710.09,139074.96037251473,96635.12962748528,999.2688751659135,10991.95762682505,483175.6481374264,494167.6057642515,0.5900254858521955
22.0,34.0,236042.51,139008.71275855252,97033.79724144748,721.9149402101975,7941.064342312173,485168.9862072374,493110.0505495496,0.5889138899537736
6.0,1.0,230189.59,132227.84674493517,97961.74325506484,260.7003977632928,2867.7043753962207,489808.7162753242,492676.4206507204,0.5744301762079475
5.0,40.0,223112.57,125390.85282038414,97721.71717961585,342.1304566251337,3763.4350228764706,488608.58589807927,492372.02092095575,0.5620071196364425
15.0,8.0,226039.74,128622.21683154348,97417.52316845652,472.9982912967131,5202.981204263844,487087.6158422826,492290.59704654646,0.5690247955140255
10.0,82.0,238797.18,141991.98094993405,96805.19905006594,660.4130781055471,7264.543859161018,484025.9952503298,491290.53910949075,0.5946133072004203
34.0,9.0,226311.88,129857.71603573824,96454.16396426177,747.1725322967969,8218.897855264766,482270.81982130883,490489.7176765736,0.573799820123178
28.0,97.0,255377.49,161250.5734382381,94126.91656176191,1780.3770683905052,19584.147752295557,470634.5828088096,490218.7305611051,0.6314204648116719
22.0,46.0,221601.74,124669.98054716643,96931.75945283356,392.60177861426894,4318.619564756958,484658.7972641678,488977.4168289248,0.5625857475088708
11.0,96.0,230134.12,133327.9155465211,96806.20445347889,443.86742702722603,4882.541697299486,484031.02226739447,488913.5639646939,0.5793487534422149
43.0,2.0,221919.94,125308.20677632332,96611.73322367668,460.93523748647664,5070.287612351243,483058.6661183834,488128.9537307347,0.5646550137690346
18.0,74.0,250584.66999999998,155385.8708099886,95198.79919001137,1083.4270576604451,11917.697634264896,475993.9959500569,487911.69358432177,0.6200932834797461
18.0,7.0,255821.36,161028.56087423934,94792.79912576066,1248.2226874196938,13730.449561616631,473963.99562880327,487694.4451904199,0.6294570589189243
39.0,81.0,225738.56,129335.28315219402,96403.27684780597,501.6459096429677,5518.105006072645,482016.3842390299,487534.4892451025,0.5729428022939193
32.0,3.0,249420.55,164724.89786132026,84695.65213867974,5698.604721975368,62684.65194172905,423478.2606933987,486162.9126351278,0.6604303368801018
43.0,97.0,212311.39,116230.14711610223,96081.24288389776,409.4226807403879,4503.649488144267,480406.21441948885,484909.8639076331,0.5474513030888367
19.0,82.0,237669.75,143045.0944148383,94624.65558516169,1002.7303408270342,11030.033749097376,473123.2779258084,484153.31167490577,0.6018649593178699
3.0,40.0,216880.23,120664.68775290613,96215.54224709386,209.7417974860916,2307.1597723470077,481077.7112354693,483384.87100781634,0.5563655467946808
22.0,9.0,243964.79,149843.06542054084,94121.72457945917,1134.9579497948812,12484.537447743693,470608.6228972958,483093.1603450395,0.6141995548642115
41.0,3.0,272186.71,186290.81096422742,85895.89903577259,4788.74480636633,52676.19287002963,429479.49517886294,482155.68804889254,0.6844228763565546
35.0,22.0,233908.09,139212.40069753723,94695.68930246275,715.598521770402,7871.583739474423,473478.4465123138,481350.0302517882,0.5951585543601217
18.0,46.0,234900.81,140576.6656225145,94324.1443774855,866.6895248380814,9533.584773218896,471620.7218874275,481154.3066606464,0.5984511744447135
20.0,14.0,233855.39,139552.29978876386,94303.09021123612,836.7239460677625,9203.963406745388,471515.4510561806,480719.41446292604,0.596746133534762
34.0,96.0,224596.8,129447.31924791564,95149.48075208436,402.6321292043001,4428.953421247301,475747.4037604218,480176.3571816691,0.5763542456878978
6.0,46.0,238620.18,144173.0091675845,94447.1708324155,702.6726943912879,7729.399638304167,472235.85416207754,479965.2538003817,0.6041945369732958
5.0,95.0,231204.49,136655.93333155054,94548.55666844947,622.5159232909394,6847.675156200334,472742.78334224736,479590.45849844767,0.5910608973534663
28.0,81.0,232011.65,138261.8238790345,93749.82612096553,930.4491020100987,10234.940122111086,468749.1306048276,478984.07072693866,0.5959262126666247
45.0,72.0,325713.63,233942.91501375096,91770.71498624902,1734.3240105796497,19077.564116376147,458853.5749312451,477931.1390476212,0.7182472376539814
40.0,81.0,219969.73,126098.53038454629,93871.19961545372,695.5980622730015,7651.578685003016,469355.9980772686,477007.57676227164,0.5732540126523149
6.0,7.0,262197.0,169835.7458861151,92361.2541138849,1318.3968299644885,14502.365129609374,461806.27056942455,476308.6356990339,0.6477409958394456
6.0,14.0,239649.14,145696.1826178099,93952.95738219007,569.8104316077618,6267.91474768538,469764.7869109504,476032.70165863575,0.6079562088885856
14.0,34.0,232310.22999999998,138824.79854307944,93485.43145692055,747.6717833816481,8224.389617198129,467427.15728460276,475651.54690180084,0.5975836644950137
28.0,10.0,234979.33000000002,140553.00838152273,94426.32161847729,269.03707570026813,2959.4078327029492,472131.60809238645,475091.01592508936,0.5981505197990084
14.0,97.0,229698.93,138760.26657984144,90938.66342015857,1816.0658740913218,19976.72461500454,454693.3171007929,474670.0417157974,0.6040962688848461
31.0,80.0,211812.86,117690.3221156872,94122.5378843128,306.4849073390608,3371.333980729669,470612.68942156393,473984.0234022936,0.5556335064626728
11.0,82.0,242412.61000000002,149025.1354078559,93387.4745921441,564.634049219972,6210.974541419691,466937.37296072056,473148.34750214027,0.6147581819603192
35.0,7.0,232536.28,138787.6971210251,93748.5828789749,379.2137220541643,4171.350942595807,468742.91439487453,472914.26533747034,0.5968431984936935
2.0,3.0,285091.94,204956.62142195908,80135.31857804093,6553.678369295797,72090.46206225376,400676.5928902046,472767.0549524584,0.7189141209041514
39.0,14.0,236139.2,143808.71850917605,92330.48149082395,918.019088405414,10098.209972459554,461652.40745411976,471750.61742657935,0.6089997700897438
18.0,14.0,220577.78,129152.86710398382,91424.91289601618,1294.9736286044047,14244.70991464845,457124.5644800809,471369.27439472935,0.5855207496602052
32.0,80.0,207343.49,113540.43025120793,93803.05974879207,182.46177482267606,2007.0795230494368,469015.2987439604,471022.3782670098,0.5475958287921552
26.0,81.0,220984.1,128148.13462708532,92835.96537291467,590.4797191851827,6495.27691103701,464179.82686457335,470675.10377561033,0.5798975339270351
42.0,40.0,222421.80000000002,128990.9425410711,93430.8574589289,290.7774800513762,3198.552280565138,467154.2872946446,470352.83957520965,0.5799383987588945
13.0,87.0,212472.88,119840.92619947119,92631.95380052882,577.7255088797806,6354.980597677586,463159.76900264405,469514.74960032164,0.5640292831700271
34.0,4.0,221047.6,128012.12772598461,93035.47227401538,335.36659253623924,3689.0325178986313,465177.3613700769,468866.39388797554,0.5791156643455283
20.0,98.0,217322.1,124390.44712136136,92931.65287863865,345.04268157654786,3795.4694973420264,464658.26439319324,468453.73389053525,0.5723782676559879
42.0,8.0,216119.68,123282.32260593935,92837.35739406066,377.2705441359609,4149.97598549557,464186.7869703033,468336.7629557988,0.5704354300632841
19.0,1.0,206821.16,113477.89347111165,93343.26652888834,145.3252288362551,1598.5775171988062,466716.33264444175,468314.91016164055,0.5486764191396647
43.0,81.0,209071.82,116355.51896388407,92716.30103611594,330.6192559806292,3636.811815786921,463581.50518057967,467218.3169963666,0.5565337258932556
13.0,34.0,219420.16999999998,127997.99316049318,91422.17683950682,812.273963638692,8935.013600025612,457110.88419753406,466045.8977975597,0.5833465226122703
24.0,97.0,215843.77000000002,124080.9013888399,91762.8686111601,624.1052318355224,6865.157550190746,458814.3430558005,465679.5006059912,0.5748644095163826
9.0,92.0,204799.74,112164.70954445229,92635.0304555477,196.18035595947003,2157.9839155541704,463175.15227773855,465333.13619329274,0.5476799411193212
28.0,7.0,244839.77,153377.8010266373,91461.96897336272,707.2201445730597,7779.421590303657,457309.8448668136,465089.2664571173,0.6264415336880822
8.0,79.0,237897.03,146335.96177572542,91561.06822427458,575.0010980129671,6325.012078142638,457805.3411213729,464130.35319951555,0.6151231134567986
13.0,11.0,224019.63,132828.77277686226,91190.85722313773,742.6865210574192,8169.551731631611,455954.2861156887,464123.8378473203,0.5929336316503258
44.0,91.0,216029.5,124409.23027563271,91620.26972436729,500.3083029201414,5503.391332121555,458101.3486218364,463604.73995395796,0.575890007039005
25.0,10.0,234971.97999999998,143769.16474500188,91202.81525499813,634.9260768270452,6984.186845097498,456014.0762749906,462998.26312008814,0.6118566339058891
11.0,74.0,241076.28999999998,150780.57162438805,90295.71837561193,1045.4431844669932,11499.875029136925,451478.59187805967,462978.4669071966,0.6254475362317383
21.0,3.0,275151.71,200496.2098660827,74655.50013391729,8116.866261104766,89285.52887215243,373277.5006695865,462563.0295417389,0.728675136585859
1.0,82.0,218891.4,127038.39690595283,91853.00309404716,288.6226256797252,3174.8488824769775,459265.01547023584,462439.86435271276,0.5803718049496364
22.0,3.0,239526.48,164217.00233792298,75309.477662077,7790.025811076287,85690.28392183916,376547.388310385,462237.6722322242,0.685590179164838
29.0,13.0,216591.88,125286.50609258417,91305.37390741584,508.9172793295415,5598.0900726249565,456526.8695370792,462124.95960970415,0.5784450741762995
18.0,34.0,209682.66999999998,118570.48026226235,91112.18973773764,540.3402635140963,5943.7428986550585,455560.9486886882,461504.6915873433,0.5654758224046954
13.0,80.0,212550.42,121415.46315151511,91134.95684848489,350.08414672906224,3850.925614019685,455674.7842424244,459525.7098564441,0.5712313490206941
17.0,82.0,208731.27,117644.37170515888,91086.89829484113,326.98281183162277,3596.8109301478507,455434.4914742056,459031.3024043535,0.5636164227102095
12.0,5.0,244492.68,154951.98353626803,89540.69646373196,1012.0552601649586,11132.607861814544,447703.48231865984,458836.0901804744,0.6337694181121006
30.0,96.0,207653.8,116660.690378091,90993.109621909,306.59755033356055,3372.5730536691663,454965.5481095449,458338.1211632141,0.56180378292182
41.0,80.0,209935.98,119117.46669151081,90818.51330848919,367.96045358969786,4047.5649894866765,454092.566542446,458140.1315319326,0.567399007504625
3.0,2.0,209131.39,118215.3932728711,90915.9967271289,319.0350689027655,3509.3857579304204,454579.9836356445,458089.36939357495,0.5652685293817972
26.0,96.0,226301.8,136640.6771884055,89661.12281159448,887.3559722415653,9760.915694657218,448305.61405797245,458066.52975262963,0.6037984549323315
28.0,46.0,206646.63,115736.04009780093,90910.58990219908,295.1567548533087,3246.724303386396,454552.94951099536,457799.67381438176,0.5600673966848669
25.0,1.0,217979.49,127219.73785190076,90759.75214809924,334.096060672463,3675.0566673970934,453798.7607404962,457473.8174078933,0.5836316887056703
24.0,5.0,251649.63,163022.08941838227,88627.54058161775,1290.164919997818,14191.814119976,443137.7029080888,457329.5170280648,0.6478137457161461
15.0,92.0,213068.42,122649.9209226711,90418.4990773289,304.2096062238892,3346.305668462781,452092.4953866445,455438.80105510727,0.5756363187124168
43.0,40.0,202711.26,112438.21485535425,90273.04514464574,242.23749234798777,2664.6124158278653,451365.2257232287,454029.8381390566,0.5546717772626654
22.0,1.0,199653.4,109944.14480607986,89709.25519392014,427.08457643023127,4697.930340732544,448546.27596960065,453244.2063103332,0.5506750438814458
35.0,8.0,207912.0,118055.17279105904,89856.82720894096,281.7150251447982,3098.86527659278,449284.1360447048,452383.00132129755,0.5678131747617216
1.0,80.0,213530.24,124010.94488216969,89519.29511783032,378.0528713817204,4158.581585198925,447596.4755891516,451755.05717435054,0.580765257802219
4.0,26.0,228985.64,140176.96366861588,88808.67633138412,638.8371256246828,7027.208381871511,444043.3816569206,451070.5900387921,0.6121648661838177
40.0,10.0,230989.66,142758.1502667974,88231.5097332026,843.844555310903,9282.290108419933,441157.54866601306,450439.83877443295,0.618028314630176
17.0,74.0,212209.34,126049.82491854079,86159.5150814592,1764.857828939019,19413.43611832921,430797.575407296,450211.01152562525,0.5939881106012619
27.0,97.0,215519.86,127393.03071208275,88126.82928791725,776.816453099306,8544.980984092366,440634.1464395863,449179.12742367864,0.591096480445388
34.0,97.0,206112.89,116994.68747072689,89118.20252927313,295.4505774851244,3249.9563523363686,445591.01264636556,448840.96899870195,0.5676243124373583
41.0,82.0,212819.86,123900.3736512607,88919.4863487393,375.3825925247931,4129.208517772724,444597.43174369645,448726.6402614692,0.5821842644350048
10.0,41.0,198217.87,110818.93205116037,87398.93794883962,1046.4037776191956,11510.441553811152,436994.6897441981,448505.1312980093,0.559076394328929
26.0,80.0,216405.21,128345.111888948,88060.09811105201,696.5241168572466,7661.765285429712,440300.49055526,447962.2558406897,0.5930777354618588
39.0,9.0,220814.73,132838.78555028737,87975.94444971261,728.5716736092538,8014.288409701792,439879.7222485631,447894.01065826486,0.6015848016583285
10.0,16.0,236580.03,150910.34720233406,85669.68279766594,1776.0605872030442,19536.666459233486,428348.4139883297,447885.0804475632,0.6378828644257677
19.0,97.0,209741.13,122021.10288134578,87720.02711865424,811.149780859677,8922.647589456446,438600.1355932712,447522.78318272764,0.5817700270869418
12.0,34.0,232947.38,146503.1043495288,86444.27565047122,1200.0833429492714,13200.916772441986,432221.3782523561,445422.295024798,0.6289107194488678
29.0,72.0,299584.16000000003,213661.73758667157,85922.42241332843,1223.3080732505646,13456.38880575621,429612.11206664215,443068.5008723984,0.7131943744511444
32.0,23.0,217012.2,129677.66881228308,87334.5311877169,574.395992489441,6318.355917383851,436672.65593858453,442991.0118559684,0.5975593483328728
41.0,23.0,220839.46,133604.5086843879,87234.9513156121,591.6197897418361,6507.817687160197,436174.7565780605,442682.5742652207,0.604984764427462
19.0,46.0,208939.7,122052.07979778011,86887.62020221987,738.1764603636356,8119.9410639999915,434438.1010110994,442558.0420750994,0.5841497800455352
34.0,1.0,214925.34,126951.70351221255,87973.63648778744,226.0337153218891,2486.37086854078,439868.18243893725,442354.553307478,0.590678156015538
24.0,7.0,250007.83,166115.69497588396,83892.13502411604,1938.5093513290813,21323.602864619894,419460.6751205802,440784.2779852001,0.6644419695810486
20.0,17.0,205297.22,118362.88764164278,86934.3323583572,533.1297858237866,5864.427644061652,434671.6617917861,440536.0894358477,0.5765440352365355
8.0,10.0,227091.02000000002,140593.27547481155,86497.74452518845,730.7022694448777,8037.7249638936555,432488.72262594226,440526.4475898359,0.6191053942811633
13.0,18.0,169631.67,85534.10145847638,84097.56854152362,2391.888737420124,19135.109899360992,420487.8427076181,439622.9526069791,0.5042342709853436
8.0,97.0,200105.83000000002,113197.46375314568,86908.36624685433,415.5797361828736,4571.37709801161,434541.83123427164,439113.20833228325,0.5656879849684823
39.0,23.0,222194.33,136647.4682853993,85546.86171460067,1026.3331499499598,11289.664649449556,427734.3085730034,439023.9732224529,0.6149907978542897
21.0,79.0,211726.25,125132.43876567447,86593.81123432553,514.1574467134272,5655.7319138477,432969.05617162766,438624.78808547533,0.5910105089268547
35.0,4.0,213814.14,127883.35136956368,85930.78863043632,737.2439442805576,8109.683387086134,429653.9431521816,437763.6265392677,0.5981052112342228
27.0,96.0,222615.34,137933.9240043702,84681.4159956298,1236.8092835044422,13604.902118548864,423407.079978149,437011.98209669784,0.619606555434905
2.0,87.0,276937.55,192169.30270374735,84768.24729625267,1130.7654684022411,12438.420152424653,423841.2364812633,436279.65663368796,0.6939084378544815
15.0,13.0,206356.33000000002,120670.43923881828,85685.89076118173,624.1422857339305,6865.565143073236,428429.4538059087,435295.0189489819,0.5847673257167263
38.0,93.0,220968.05,135402.6436219185,85565.40637808148,670.7558493002878,7378.314342303165,427827.03189040744,435205.3462327106,0.612770233623904
39.0,5.0,255811.67,170811.86042931062,84999.8095706894,877.4465868458551,9651.912455304406,424999.047853447,434650.9603087514,0.6677250511257388
19.0,5.0,255805.54,171910.90525397888,83894.63474602113,1331.1234291772962,14642.357720950258,419473.1737301056,434115.5314510559,0.6720374596030206
11.0,3.0,286110.57999999996,214717.00259680723,71393.57740319277,6944.524728799874,76389.77201679861,356967.8870159639,433357.65903276246,0.7504685866450911
41.0,5.0,256091.46,171662.39683963676,84429.06316036325,944.6873673037946,10391.561040341741,422145.3158018163,432536.87684215803,0.6703167565198651
12.0,25.0,206035.04,120143.63945537101,85891.400544629,218.93652163046664,2408.301737935133,429457.00272314495,431865.3044610801,0.583122363338639
6.0,74.0,221205.63999999998,136271.03842964603,84934.60157035396,644.9203137385742,7094.1234511243165,424673.0078517698,431767.13130289415,0.6160378118281524
3.0,95.0,205274.47,119586.89724210184,85687.57275789816,257.927408988825,2837.201498877075,428437.86378949083,431275.0652883679,0.5825707270957847
45.0,23.0,215739.85,132180.92722149316,83558.92277850685,1175.1008537408163,12926.10939114898,417794.6138925342,430720.72328368324,0.6126866558101952
4.0,80.0,216042.77,131653.32482641606,84389.44517358394,689.4413203985777,7583.854524384355,421947.2258679197,429531.08039230405,0.6093854694902129
35.0,74.0,224904.81,140914.49178531102,83990.31821468899,864.38414672443,9508.22561396873,419951.5910734449,429459.81668741367,0.6265517032975463
22.0,10.0,199108.26,114149.35893407636,84958.90106592364,406.303545480512,4469.339000285632,424794.5053296182,429263.84432990383,0.5733029806702964
9.0,4.0,201937.94,116769.27710676802,85168.66289323199,284.9166397347561,3134.083037082317,425843.31446615997,428977.39750324225,0.5782433806483716
37.0,8.0,188781.36,103430.65548651498,85350.70451348502,157.22380412039686,1729.4618453243656,426753.5225674251,428482.9844127495,0.5478859538172359
7.0,10.0,213972.85,129489.00596888244,84483.84403111755,471.62275352848684,5187.850288813355,422419.22015558777,427607.0704444011,0.6051655897880616
41.0,10.0,197985.26,113258.01726249607,84727.24273750394,359.3680344290776,3953.0483787198536,423636.2136875197,427589.26206623955,0.5720527743454036
21.0,4.0,204047.91,120249.29876814401,83798.61123185599,684.0908256995499,7524.999082695049,418993.0561592799,426518.05524197494,0.5893189436154677
41.0,74.0,223880.12,140735.0734078913,83145.04659210872,967.068630085999,10637.754930945988,415725.2329605436,426362.9878914896,0.6286180005973344
44.0,40.0,190324.78,105546.27450704415,84778.50549295587,187.96507371777113,2067.6158108954824,423892.5274647793,425960.14327567484,0.5545587626952421
38.0,40.0,194544.32,109894.78623766702,84649.53376233298,100.70529084445594,1107.7581992890155,423247.6688116649,424355.42701095395,0.564883036614315
20.0,34.0,219404.3,136827.38736390535,82576.91263609465,938.3692569744879,10322.061826719368,412884.5631804733,423206.6250071926,0.6236312932969197
6.0,82.0,202210.03999999998,118796.03430479666,83414.00569520333,518.9035863545108,5707.939449899619,417070.0284760167,422777.9679259163,0.5874883082204854
1.0,11.0,222509.37,139582.70315818867,82926.66684181133,693.4649455657801,7628.114401223582,414633.3342090567,422261.44861028023,0.6273115741516354
31.0,23.0,219935.86,138050.25961451785,81885.60038548215,1120.7162570657313,12327.878827723043,409428.0019274107,421755.88075513375,0.6276841785351323
28.0,5.0,231151.66,148577.00015595806,82574.65984404196,718.2799412803018,7901.07935408332,412873.29922020977,420774.3785742931,0.642768475709662
14.0,82.0,250341.29,170994.43723383825,79346.85276616174,2162.517906201099,23787.696968212087,396734.2638308087,420521.9607990208,0.6830452828370351
4.0,22.0,209404.62,126773.3514551229,82631.2685448771,665.422323997656,7319.645563974216,413156.34272438544,420475.9882883597,0.6053990186803085
41.0,14.0,203895.85,121401.33891532829,82494.51108467171,700.8588630384264,7709.447493422691,412472.5554233585,420182.00291678123,0.595408581956564
40.0,97.0,193386.08,110938.92604263886,82447.15395736112,713.6104649081145,7849.715113989259,412235.7697868056,420085.48490079487,0.5736655194760598
43.0,13.0,191841.77,108716.45389528832,83125.31610471169,399.0807649187889,4389.888414106677,415626.5805235584,420016.4689376651,0.5666985552483608
20.0,49.0,228397.09,147422.35639430495,80974.73360569503,1350.6905694303482,14857.59626373383,404873.66802847513,419731.264292209,0.6454651256472005
37.0,4.0,194417.76,111284.0501326858,83133.70986731419,319.34728976403096,3512.8201874043407,415668.54933657096,419181.3695239753,0.572396524539146
19.0,17.0,202323.37,121143.67535710022,81179.69464289978,1109.5212464963806,12204.733711460187,405898.47321449884,418103.2069259591,0.5987626409994071
26.0,1.0,204721.7,122224.77413277703,82496.92586722298,426.1351403155156,4687.486543470672,412484.6293361149,417172.11587958556,0.5970289135581476
19.0,79.0,206107.40000000002,124593.5165222767,81513.88347772331,833.3404511724674,9166.74496289714,407569.4173886166,416736.1623515137,0.6045077300585844
37.0,13.0,189545.62,106920.74144001832,82624.87855998168,303.68977408304437,3340.587514913488,413124.3927999084,416464.98031482194,0.5640897502143195
42.0,97.0,195160.14,113928.0416463373,81232.0983536627,932.3422692176993,10255.764961394692,406160.4917683135,416416.25672970817,0.5837669600274794
14.0,14.0,208765.49,128613.30868493405,80152.18131506594,1366.1262443376393,15027.388687714032,400760.9065753297,415788.2952630438,0.6160659440644815
32.0,97.0,188095.57,105856.39916197748,82239.17083802253,297.7971984638782,3275.7691831026605,411195.8541901126,414471.6233732153,0.5627798632470582
10.0,49.0,221024.06,139976.72829111983,81047.33170888019,637.6607443080618,7014.2681873886795,405236.65854440094,412250.9267317896,0.6333099133692496
19.0,74.0,226156.84,147231.46368066306,78925.37631933695,1585.1365174135353,17436.50169154889,394626.8815966848,412063.38328823366,0.6510148606633479
31.0,10.0,215074.87,134054.7599886606,81020.11001133939,579.5316735841408,6374.848409425549,405100.5500566969,411475.3984661225,0.6232934604989444
1.0,46.0,194143.44,112661.72603703907,81481.71396296093,321.33055353342303,3534.6360888676536,407408.56981480465,410943.20590367226,0.5803014824350443
14.0,74.0,217472.05,137824.8829742615,79647.16702573848,1140.64782202777,12547.12604230547,398235.83512869244,410782.9611709979,0.6337590645522563
14.0,17.0,212780.7,133130.72733899465,79649.97266100535,1131.597346205525,12447.570808260774,398249.8633050267,410697.4341132875,0.6256710657451293
2.0,14.0,196474.09,115529.69463662835,80944.39536337164,511.9241219837973,5631.16534182177,404721.9768168582,410353.14215868,0.5880149114655696
40.0,1.0,197907.6,116325.45670697645,81582.14329302355,215.26505978153563,2367.915657596892,407910.71646511776,410278.63212271465,0.5877766023486538
37.0,2.0,190340.69,108911.67951381857,81429.01048618143,272.062993180549,2992.6929249860386,407145.05243090715,410137.7453558932,0.5721933629315864
18.0,1.0,195722.28,115163.00029429112,80559.27970570888,633.1764269855619,6964.94069684118,402796.39852854435,409761.3392253856,0.5884000548853769
26.0,9.0,203976.71,124186.63357687835,79790.07642312165,952.4225777113744,10476.648354825118,398950.3821156082,409427.03047043335,0.6088275155378198
11.0,1.0,201223.35,120030.38504620004,81192.96495379995,301.5917265571481,3317.508992128629,405964.82476899977,409282.33376112836,0.5965032638915913
25.0,46.0,191341.2,110669.42840364603,80671.77159635397,488.3491620645901,5371.840782710491,403358.85798176983,408730.6987644803,0.5783878663019048
27.0,5.0,233077.83000000002,153389.3276476106,79688.50235238942,876.4594132872943,9641.053546160238,398442.51176194707,408083.5653081073,0.6581034654716434
11.0,97.0,188064.16999999998,107741.02295572787,80323.14704427213,560.0010193256741,6160.011212582414,401615.7352213607,407775.7464339431,0.5728950015078783
20.0,11.0,223560.97,145261.34717175917,78299.62282824084,1476.4906176313148,16241.396793944463,391498.11414120416,407739.51093514863,0.6497616608648602
32.0,82.0,194164.81,113895.53931178074,80269.27068821926,444.40984123251803,4888.5082535576985,401346.3534410963,406234.86169465404,0.5865920776879227
2.0,11.0,209855.78,129589.56905205324,80266.21094794676,441.26602173858987,4853.926239124488,401331.05473973375,406184.98097885825,0.6175172733009938
24.0,1.0,191575.87,111192.98225564478,80382.88774435523,369.91026590937327,4069.012925003106,401914.4387217762,405983.4516467793,0.5804122526268302
15.0,23.0,210228.43,132079.79751025198,78148.63248974802,1314.1558587336585,14455.714446070244,390743.16244874016,405198.8768948104,0.6282680107074575
24.0,82.0,214582.85,135967.2152683839,78615.63473161611,1093.4233636839301,12027.657000523232,393078.1736580806,405105.83065860375,0.6336350517685077
4.0,3.0,293816.07,222369.17952834678,71446.89047165323,4327.128896656107,47598.417863217175,357234.45235826616,404832.87022148335,0.7568312363865829
8.0,46.0,188798.9,108922.76200324392,79876.1379967561,409.33074400886454,4502.63818409751,399380.68998378044,403883.328167878,0.5769247702356525
1.0,23.0,211957.3,133306.81380937758,78650.48619062243,963.3635909035752,10596.999499939328,393252.43095311214,403849.43045305146,0.6289324019950131
43.0,4.0,186500.44,106958.93312391317,79541.50687608682,487.5752711683883,5363.327982852272,397707.5343804341,403070.8623632864,0.5735049907866875
28.0,82.0,185239.97,105953.05503584907,79286.91496415093,467.85104542107416,5146.361499631816,396434.57482075464,401580.9363203864,0.57197728457767
17.0,87.0,184976.22,106216.8858236082,78759.3341763918,655.154354215401,7206.697896369411,393796.670881959,401003.36877832847,0.5742191392148039
39.0,10.0,193283.09,115257.53652925917,78025.55347074082,707.4243150431838,7781.667465475022,390127.7673537041,397909.43481917906,0.5963146415408569
9.0,9.0,190626.66,112581.7025290543,78044.95747094571,671.6541808694654,7388.195989564119,390224.7873547285,397612.9833442926,0.590587394906118
34.0,81.0,182907.94999999998,104148.57199248405,78759.37800751594,286.33924000205644,3149.731640022621,393796.8900375797,396946.62167760235,0.5694042932113342
10.0,25.0,199045.72,121309.2951627168,77736.42483728322,647.5137780543132,7122.651558597445,388682.1241864161,395804.77574501355,0.6094544266649732
27.0,17.0,194033.37,116699.46880050012,77333.90119949989,810.2567142373468,8912.823856610816,386669.50599749945,395582.32985411026,0.6014401996960632
27.0,87.0,198929.69,121076.41609277642,77853.27390722359,515.892486964556,5674.817356610116,389266.3695361179,394941.18689272803,0.6086392438090886
12.0,1.0,171178.0,92933.10918477149,78244.89081522851,126.936227836008,1396.298506196088,391224.4540761426,392620.75258233864,0.5429033473038094
1.0,5.0,235157.09,159081.7058509451,76075.3841490549,1009.149028165525,11100.639309820775,380376.9207452745,391477.5600550953,0.676491216364963
19.0,14.0,193046.69,116798.30242821499,76248.38757178502,922.7336859318606,10150.070545250466,381241.9378589251,391392.0084041756,0.6050261852623061
4.0,74.0,215850.59,139617.1160176347,76233.4739823653,919.3642674568982,10113.00694202588,381167.36991182656,391280.3768538525,0.6468229529399697
12.0,14.0,191978.09,114490.49965907262,77487.59034092737,307.24456561961034,3379.690221815714,387437.95170463686,390817.6419264526,0.596372740551136
6.0,3.0,260824.55,196162.27430676066,64662.27569323934,6097.68203179946,67074.50234979406,323311.3784661967,390385.88081599073,0.7520851634049045
21.0,46.0,186302.02,109399.1450558522,76902.87494414778,527.6703484869072,5804.3738333559795,384514.37472073897,390318.7485540949,0.5872139499928782
32.0,74.0,179284.05,102239.82368443519,77044.22631556481,442.1317542162484,4863.4492963787325,385221.131577824,390084.5808742028,0.5702672584897274
28.0,3.0,218033.56,141295.75214826074,76737.80785173926,425.90234048430744,4684.925745327382,383689.03925869626,388373.96500402363,0.6480458886616388
11.0,9.0,186939.97,110248.33784455154,76691.63215544846,440.418633326013,4844.604966586143,383458.1607772423,388302.76574382844,0.5897526240351464
1.0,7.0,210243.26,134068.1513989741,76175.10860102592,586.0840711771211,6446.924782948332,380875.54300512956,387322.4677880779,0.6376810909371082
21.0,34.0,192609.29,116802.59413166504,75806.69586833497,691.7621587900139,7609.383746690153,379033.4793416748,386642.86308836495,0.6064224323326515
19.0,34.0,181616.42,106474.92586678613,75141.49413321387,897.4641329097307,9872.105462007037,375707.4706660693,385579.57612807635,0.5862626620808081
29.0,4.0,177794.77,101892.99351536282,75901.77648463719,540.6934745076082,5947.62821958369,379508.8824231859,385456.51064276963,0.5730933115488314
29.0,23.0,200539.11,125435.89949777926,75103.21050222073,880.4650683616499,9685.115751978148,375516.0525111036,385201.1682630818,0.6254934486234593
34.0,10.0,196610.39,120999.15807363555,75611.23192636445,621.8134853585107,6839.948338943617,378056.15963182226,384896.10797076585,0.6154260620389164
13.0,17.0,186137.02,110032.79553461556,76104.22446538444,391.5502663984067,4307.052930382473,380521.12232692214,384828.1752573046,0.5911386973672168
42.0,96.0,179305.14,102985.59748748163,76319.54251251837,252.8681243025585,2781.5493673281435,381597.7125625918,384379.26192992,0.5743594271055567
22.0,74.0,200247.29,125964.76631351587,74282.52368648413,1111.0841056909849,12221.925162600834,371412.61843242066,383634.54359502153,0.6290460475820465
14.0,87.0,198933.03,123601.14124465098,75331.88875534902,625.5496166508536,6881.04578315939,376659.44377674506,383540.4895599045,0.6213203571304925
13.0,22.0,183827.46,108423.63117776674,75403.82882223326,588.2265637581257,6470.4922013393825,377019.1441111663,383489.6363125057,0.5898119420121822
32.0,81.0,176562.2,100593.39531220135,75968.80468779865,330.5118510680057,3635.6303617480626,379844.02343899326,383479.6538007413,0.5697334724658015
18.0,25.0,182855.7,107952.22817556812,74903.47182443188,779.6247627678263,8575.87239044609,374517.3591221594,383093.23151260545,0.5903684062108434
40.0,80.0,181251.01,105835.04874116718,75415.96125883283,535.9823757562107,5895.806133318318,377079.80629416415,382975.61242748244,0.5839142564842379
28.0,9.0,186142.84,110651.82579289199,75491.01420710802,479.0869963065412,5269.956959371953,377455.0710355401,382725.027994912,0.5944457804172967
4.0,87.0,191710.46,116325.20575341443,75385.25424658557,485.4098888847465,5339.5087777322115,376926.2712329278,382265.78001066,0.6067754766923746
22.0,7.0,219027.84,145457.87450295844,73569.96549704156,1261.3048074831677,13874.352882314844,367849.8274852078,381724.18036752264,0.6641067843382761
4.0,98.0,175852.87,99770.79548023338,76082.07451976661,97.37692268236937,1071.146149506063,380410.3725988331,381481.51874833915,0.5673538082161149
27.0,22.0,201564.86,127780.05020724962,73784.80979275038,1122.4250197703589,12346.675217473947,368924.0489637519,381270.7241812259,0.6339401134069184
24.0,3.0,198039.39,134173.5339984351,63865.8560015649,5548.156831536766,61029.72514690443,319329.28000782453,380359.00515472895,0.6775093278081451
23.0,25.0,180293.36,105996.05499647804,74297.30500352196,753.1894362392399,8285.083798631638,371486.5250176098,379771.60881624144,0.5879088114863357
39.0,34.0,186183.96,111356.6338486907,74827.32615130929,500.4669826091125,5505.136808700237,374136.63075654645,379641.7675652467,0.5981000395989574
11.0,34.0,203699.6,129426.88204868726,74272.71795131273,731.6197070853352,8047.816777938688,371363.5897565637,379411.4065345024,0.6353811300988674
17.0,5.0,267934.32,197549.04224368033,70385.27775631967,2454.960159663922,27004.561756303137,351926.38878159836,378930.9505379015,0.7373039864533977
31.0,14.0,178189.26,103526.25564721953,74663.00435278047,500.60918418344096,5506.70102601785,373315.02176390233,378821.7227899202,0.5809904348175615
12.0,10.0,186908.56,112367.6068843138,74540.95311568619,536.5489020299952,5902.037922329948,372704.76557843096,378606.80350076087,0.6011902658942629
42.0,2.0,180157.61,105626.10474676032,74531.50525323968,518.4258888342414,5702.684777176655,372657.52626619843,378360.2110433751,0.5862983237108903
34.0,82.0,180824.7,105691.83654186927,75132.86345813074,206.66604305050217,2273.326473555524,375664.31729065365,377937.6437642092,0.5844988905933164
18.0,5.0,200855.88,127871.21620957913,72984.66379042088,1178.643717249025,12965.080889739274,364923.31895210437,377888.39984184364,0.6366316794389048
11.0,87.0,190705.06,116168.58104646363,74536.47895353637,424.9572671993949,4674.529939193344,372682.3947676819,377356.92470687523,0.6091531134331917
31.0,82.0,189785.66999999998,115944.42786767843,73841.24213232157,689.6293420944035,7585.922763038438,369206.21066160785,376792.1334246463,0.6109229841624947
2.0,58.0,253330.0,184674.18895277576,68655.81104722424,3025.415609416561,33279.57170358217,343279.05523612123,376558.6269397034,0.7289866535853462
12.0,9.0,183298.62,109738.52717998238,73560.09282001763,793.564592997737,8729.210522975107,367800.4641000881,376529.67462306324,0.5986871433073658
28.0,80.0,183879.29,110319.91997867977,73559.37002132024,790.5173777231038,8695.691154954142,367796.8501066012,376492.5412615553,0.5999583747505212
45.0,1.0,161935.66999999998,87202.49163277038,74733.17836722962,147.25529942553342,1619.8082936808678,373665.89183614805,375285.70012982894,0.5385008233996277
31.0,1.0,175752.72,101133.84833102752,74618.87166897248,148.63987959987736,1635.038675598651,373094.3583448624,374729.3970204611,0.5754326210770878
15.0,7.0,175732.51,102458.69835811728,73273.81164188271,616.7037583600078,6783.741341960085,366369.0582094136,373152.79955137364,0.5830378133113633
36.0,38.0,202399.52,128932.4205753312,73467.09942466879,500.1239058916445,5501.36296480809,367335.497123344,372836.86008815205,0.6370193989359817
20.0,3.0,215303.18,145492.28618129075,69810.89381870926,2146.3402536196813,23609.742789816497,349054.4690935463,372664.2118833628,0.6757553984167385
34.0,46.0,172980.74,99318.38268011193,73662.35731988808,359.0387187010884,3949.4259057119725,368311.7865994404,372261.21250515233,0.5741586183531874
42.0,13.0,173478.25,100136.88491361945,73341.36508638055,443.6011034482346,4879.6121379305805,366706.8254319027,371586.4375698333,0.5772301998297737
19.0,11.0,198792.87,128891.5016159305,69901.3683840695,1926.0328976786855,21186.36187446554,349506.84192034754,370693.2037948131,0.6483708475858843
19.0,96.0,181062.77,108960.35807184335,72102.41192815665,909.2040516467142,10001.244568113856,360512.05964078323,370513.3042088971,0.601782233155073
18.0,10.0,172069.05,98912.31372075442,73156.73627924558,394.9779890105669,4344.757879116236,365783.6813962279,370128.43927534414,0.574840819547469
17.0,14.0,179026.57,108449.34619928351,70577.2238007165,1402.7023782642143,15429.726160906357,352886.1190035825,368315.8451644889,0.605772350993953
34.0,79.0,167264.22,94695.51510418144,72568.70489581856,426.3311981361165,4689.643179497281,362843.5244790928,367533.1676585901,0.5661432857797168
37.0,97.0,163242.2,90264.78442150654,72977.41557849346,177.39663692089016,1951.3630061297918,364887.07789246726,366838.44089859707,0.5529500608390878
22.0,5.0,210501.58000000002,138938.82232607473,71562.75767392527,801.9511791044562,8821.462970149018,357813.7883696264,366635.2513397754,0.6600369570911283
17.0,81.0,167839.17,95333.0152484819,72506.1547515181,336.4889922452099,3701.3789146973086,362530.77375759056,366232.15267228783,0.5680021847610537
6.0,22.0,184531.41999999998,112434.41658677277,72097.00341322723,489.6659185271743,5386.325103798918,360485.0170661361,365871.34216993506,0.6092968698055474
43.0,79.0,123243.01,123243.01,0.0,33253.22295533971,365785.45250873687,0.0,365785.45250873687,1.0
24.0,34.0,174486.88999999998,103184.1662139759,71302.7237860241,834.7478535324946,9182.22638885744,356513.6189301205,365695.8453189779,0.5913577015097002
21.0,8.0,172375.03,99992.55652481706,72382.47347518294,321.2176432639204,3533.3940759031248,361912.3673759147,365445.7614518178,0.5800872465392294
5.0,8.0,160923.33000000002,88259.30461426037,72664.02538573963,168.51698920385536,1853.686881242409,363320.1269286981,365173.81380994053,0.5484556192956009
26.0,97.0,171034.66,99526.87682721461,71507.78317278539,687.7410422961437,7565.151465257581,357538.915863927,365104.06732918456,0.581910571969533
12.0,82.0,169970.15,97848.10590631046,72122.04409368955,408.3972328439458,4492.3695612834035,360610.2204684477,365102.5900297311,0.5756781758815325
35.0,1.0,174747.95,102952.22404789741,71795.72595210258,350.7356924996096,3858.092617495706,358978.6297605129,362836.7223780086,0.589146963085389
16.0,13.0,169664.84,97568.00314415214,72096.83685584785,204.40544247102497,2248.4598671812746,360484.18427923927,362732.6441464205,0.5750631842410728
24.0,14.0,181006.38,110749.18485969427,70257.19514030573,980.1414544478117,10781.555998925929,351285.97570152866,362067.5317004546,0.6118523825496884
28.0,1.0,188921.55,117550.39715482235,71371.15284517765,469.0358282521525,5159.394110773677,356855.76422588824,362015.1583366619,0.622218043176241
23.0,26.0,169870.35,99846.20811709473,70024.14188290527,1040.313998074746,11443.453978822206,350120.70941452635,361564.1633933486,0.5877789038351586
2.0,74.0,175246.91,104350.54738538657,70896.36261461343,631.5297557719939,6946.827313491933,354481.81307306717,361428.6403865591,0.595448715103659
32.0,7.0,203474.41,134299.1633651986,69175.24663480141,1366.8183972754018,15035.00237002942,345876.2331740071,360911.2355440365,0.6600297470586035
4.0,11.0,238843.38,170117.07165650063,68726.30834349938,1561.3079995898117,17174.38799548793,343631.5417174969,360805.9297129848,0.7122536603547506
20.0,25.0,181560.78,111798.06517541046,69762.71482458954,1063.6197924861278,11699.817717347405,348813.57412294764,360513.39184029505,0.6157610976082525
21.0,25.0,180880.79,110197.24965773485,70683.54034226516,644.3126219174142,7087.438841091556,353417.70171132573,360505.1405524173,0.6092258313209206
42.0,81.0,171040.74,100260.52151540901,70780.218484591,587.9576301259532,6467.533931385486,353901.092422955,360368.62635434046,0.5861791846516159
4.0,18.0,130356.04999999999,64166.85179285979,66189.1982071402,2670.5142014707963,29375.65621617876,330945.991035701,360321.6472518798,0.4922429898179624
18.0,22.0,170765.52,100105.21367019098,70660.30632980901,619.7157510912336,6816.87326200357,353301.53164904506,360118.40491104865,0.5862144399536334
8.0,7.0,180363.62,109502.0738131008,70861.5461868992,474.1475863143483,5215.623449457831,354307.730934496,359523.35438395385,0.6071184078757168
22.0,82.0,208377.84,139587.34909646405,68790.49090353595,1354.1197793851316,14895.317573236447,343952.45451767975,358847.7720909162,0.6698761686773606
22.0,14.0,171633.42,101213.10641205117,70420.31358794883,582.1290939240741,6403.420033164815,352101.56793974416,358504.987972909,0.5897051192713585
36.0,80.0,169633.01,99170.77051789511,70462.23948210488,511.5725352693702,5627.297887963072,352311.1974105244,357938.4952984875,0.584619529641637
1.0,3.0,225530.28,167716.47998231443,57813.80001768557,6235.407464502911,68589.48210953202,289069.00008842786,357658.4821979599,0.7436539341072712
43.0,80.0,184689.41999999998,114570.09420164213,70119.32579835787,617.0134898059255,6787.14838786518,350596.62899178936,357383.7773796545,0.620339238715689
25.0,23.0,174738.18,104933.48134655741,69804.6986534426,743.8938166116563,8182.831982728219,349023.493267213,357206.3252499412,0.6005183374724254
15.0,3.0,178768.56,110694.23901051946,68074.32098948053,1458.5634476319997,16044.197923951997,340371.60494740267,356415.8028713547,0.619204176676925
21.0,9.0,162324.27,92107.21865025922,70217.05134974077,441.1682791247268,4852.851070371995,351085.2567487039,355938.10781907587,0.5674272778202497
9.0,87.0,176890.06,107950.83898049849,68939.2210195015,1016.5452275868175,11181.997503454993,344696.10509750753,355878.1026009625,0.6102708031219984
10.0,32.0,185917.71,116815.39051947309,69102.3194805269,908.5209414712459,9993.730356183705,345511.5974026345,355505.3277588182,0.6283177138932762
7.0,8.0,163593.92,93230.94847628256,70362.97152371744,203.42152918966912,2237.63682108636,351814.8576185872,354052.49443967355,0.5698925025837303
32.0,5.0,209219.68,140410.67818831594,68809.00181168405,904.8958860295006,9953.854746324507,344045.0090584202,353998.86380474473,0.6711160163724366
42.0,4.0,163979.44,94217.19198007617,69762.24801992382,427.46115271799204,4702.072679897912,348811.24009961914,353513.31277951703,0.5745671041447401
35.0,46.0,169741.97,100066.0237475023,69675.9462524977,460.6148661026646,5066.763527129311,348379.7312624885,353446.4947896178,0.5895184540835853
6.0,11.0,189052.13,120080.62876179352,68971.50123820649,576.7203589072595,6343.923947979854,344857.5061910324,351201.4301390123,0.6351720489041489
17.0,11.0,171703.89,103466.66503852875,68237.22496147125,882.3376383012969,9705.714021314267,341186.1248073563,350891.8388286705,0.602587775026697
6.0,17.0,169390.2,100479.63960613467,68910.56039386532,508.29149347398646,5591.206428213851,344552.8019693266,350144.0083975405,0.593184491228741
22.0,79.0,171412.09,103237.4730674857,68174.6169325143,760.088464749744,8360.973112247184,340873.0846625715,349234.0577748187,0.6022764967598593
7.0,13.0,172284.76,103402.28014642728,68882.47985357273,420.93820599284663,4630.320265921313,344412.39926786366,349042.71953378496,0.6001823965533996
23.0,96.0,173135.15,104731.3976456023,68403.7523543977,635.5134403085437,6990.647843393981,342018.76177198853,349009.4096153825,0.604911236369982
9.0,5.0,197775.87,129735.581851279,68040.28814872101,794.8541346509418,8743.39548116036,340201.440743605,348944.8362247654,0.6559727526481315
13.0,98.0,164225.03,94977.59105524469,69247.4389447553,223.92863725878786,2463.2150098466664,346237.19472377654,348700.4097336232,0.5783380953271537
16.0,8.0,157012.74,87616.18989353396,69396.55010646605,95.28451632005222,1048.1296795205744,346982.75053233025,348030.8802118508,0.5580196224429557
45.0,91.0,174925.24,106579.39789356077,68345.84210643922,559.974029019661,6159.714319216271,341729.2105321961,347888.92485141236,0.609285417550725
35.0,26.0,157934.13999999998,90070.53388702837,67863.60611297161,758.8526393883825,8347.379033272207,339318.0305648581,347665.40959813027,0.5703043932554949
20.0,26.0,156931.43,88692.50809938525,68238.92190061475,576.2699988460846,6338.969987306931,341194.60950307373,347533.57949038065,0.5651672714598042
40.0,96.0,172784.84,105258.39194051344,67526.44805948656,850.4745600949958,9355.220161044954,337632.2402974328,346987.4604584778,0.6091876575544095
26.0,82.0,165500.18,97418.559212307,68081.62078769301,466.6894013988109,5133.58341538692,340408.103938465,345541.6873538519,0.5886311375148172
8.0,1.0,152689.12,84151.32012467532,68537.7998753247,189.9698027795143,2089.6678305746573,342688.9993766235,344778.6672071981,0.5511284636696794
35.0,17.0,169013.48,101387.66630219088,67625.81369780912,555.2569909261697,6107.826900187867,338129.06848904566,344236.8953892335,0.5998791711891316
10.0,90.0,157234.87,88808.16215322669,68426.70784677331,174.50207623182771,1919.522838550105,342133.53923386656,344053.0620724167,0.564812132024065
4.0,25.0,167314.11,99585.05554638569,67729.05445361431,440.47718998694637,4845.24908985641,338645.27226807154,343490.521357928,0.595198190674927
22.0,87.0,178899.57,111015.74398362514,67883.82601637486,322.18834329418763,3544.0717762360637,339419.1300818743,342963.2018581104,0.6205478525388582
27.0,34.0,170721.56,103567.44582678063,67154.11417321936,645.6292909687046,7101.92220065575,335770.5708660968,342872.49306675256,0.606645381091765
41.0,87.0,162765.08,95145.2240095501,67619.8559904499,422.8270880881783,4651.097968969962,338099.2799522495,342750.37792121945,0.5845555079108499
31.0,7.0,184937.93,118893.78256979123,66044.14743020877,1081.2712275613574,11893.98350317493,330220.73715104384,342114.7206542188,0.6428847915070275
6.0,81.0,160232.31,92424.5189370523,67807.7910629477,261.42480784896594,2875.672886338625,339038.9553147385,341914.6282010771,0.5768157429487991
18.0,11.0,169650.76,103485.37503377824,66165.38496622175,964.4617691461209,10609.07946060733,330826.9248311088,341436.0042917161,0.609990636256379
12.0,11.0,166220.54,99316.66829366643,66903.87170633356,587.510591556989,6462.616507126879,334519.35853166785,340981.97503879474,0.5974993721814791
35.0,10.0,157390.4,89807.23195625783,67583.16804374216,255.461552283151,2810.077075114661,337915.84021871083,340725.9172938255,0.5706017136766781
4.0,17.0,171291.61,104746.31840887554,66545.29159112446,696.392826477168,7660.3210912488485,332726.45795562235,340386.7790468712,0.6115087505387774
7.0,4.0,165565.06,98832.13046746764,66732.92953253236,577.3381433195996,6350.719576515596,333664.6476626618,340015.3672391774,0.5969383302700922
29.0,1.0,154591.09,87705.44383312766,66885.64616687234,397.51741885252903,4372.691607377819,334428.2308343617,338800.9224417395,0.567338284716976
9.0,1.0,143428.09,76010.92573685439,67417.1642631456,154.54738479200205,1700.0212327120225,337085.82131572807,338785.8425484401,0.5299584323883445
2.0,49.0,179441.48,113600.14268189741,65841.3373181026,825.6054306792884,9081.659737472171,329206.6865905129,338288.3463279851,0.6330762691095582
16.0,4.0,160502.98,93561.35987854049,66941.6201214595,318.4819867365368,3503.3018541019046,334708.10060729756,338211.40246139944,0.5829259984988471
12.0,74.0,173596.75,107068.87806291619,66527.87193708381,413.661720750444,4550.278928254884,332639.35968541907,337189.638613674,0.6167677566712291
45.0,79.0,160266.69,93965.81061617238,66300.87938382762,475.19811311733463,5227.179244290681,331504.3969191381,336731.5761634288,0.5863090490991758
11.0,80.0,153471.79,86690.74301870281,66781.04698129719,208.2934607227329,2291.228067950062,333905.23490648594,336196.462974436,0.5648643507624613
40.0,23.0,163172.3,97637.75627816605,65534.54372183395,743.4377161554316,8177.8148777097485,327672.71860916977,335850.5334868795,0.5983721273657726
20.0,67.0,156314.24,89719.31594729704,66594.92405270296,217.99639598612305,2397.9603558473536,332974.6202635148,335372.5806193621,0.5739676433017046
17.0,10.0,166271.13,100340.61128012075,65930.51871987926,405.17996524113533,4456.979617652489,329652.5935993963,334109.5732170488,0.6034758486342202
32.0,79.0,158523.71,93362.0991244515,65161.61087554849,729.8926019328497,8028.818621261347,325808.05437774246,333836.8729990038,0.5889472251466453
10.0,96.0,147988.27,81836.70608956195,66151.56391043804,213.14735112491474,2344.620862374062,330757.8195521902,333102.4404145643,0.5529945453755352
17.0,91.0,154515.51,88539.18452466403,65976.32547533597,255.5651296897279,2811.216426587007,329881.62737667985,332692.8438032669,0.5730116318074737
17.0,7.0,166862.61000000002,101820.35732160781,65042.252678392186,672.2745423371348,7395.019965708483,325211.26339196094,332606.2833576694,0.6102047506125416
35.0,25.0,156717.69,91548.17549211704,65169.51450788296,583.2352618739337,6415.587880613271,325847.5725394148,332263.160420028,0.5841598066696685
10.0,26.0,168832.83,103619.23020963372,65213.59979036628,535.7921609685014,5893.713770653516,326067.99895183137,331961.7127224849,0.6137386325256393
33.0,93.0,194936.33000000002,130764.24408490692,64172.08591509308,929.0126133550206,10219.138746905226,320860.4295754654,331079.56832237064,0.6708048934998772
2.0,34.0,174130.75,108769.54559080453,65361.20440919548,353.26465139290303,3885.9111653219334,326806.0220459774,330691.93321129936,0.624642951292661
36.0,93.0,167341.57,102996.84736595278,64344.72263404722,763.6878133622457,8400.565946984703,321723.6131702361,330124.1791172208,0.6154887118959907
41.0,11.0,161960.11,96796.74188649899,65163.36811350101,389.27133272381946,4281.984659962014,325816.8405675051,330098.8252274671,0.5976579164245999
28.0,25.0,160051.09,95303.22751980991,64747.86248019009,574.432022212798,6318.752244340778,323739.31240095047,330058.06464529125,0.595455035762705
13.0,67.0,155110.16,89724.75280383341,65385.40719616658,175.7978515327691,1933.7763668604603,326927.0359808329,328860.81234769337,0.5784582570466913
24.0,74.0,168459.07,105054.39191275633,63404.67808724367,1018.8658100928941,11207.523911021835,317023.39043621835,328230.9143472402,0.6236196834801256
6.0,80.0,154060.34,89160.33212484502,64900.00787515497,317.3578942155233,3490.9368363707563,324500.03937577485,327990.9762121456,0.5787364361577095
28.0,34.0,165914.89,101423.30761536658,64491.582384633424,459.84155731935755,5058.257130512933,322457.9119231671,327516.1690536801,0.6112971995181781
10.0,29.0,157349.97,93070.0541516552,64279.915848344805,513.3525280440451,5646.877808484496,321399.57924172404,327046.4570502085,0.5914844098899745
17.0,23.0,163464.29,99051.1009005332,64413.18909946679,448.9110835463264,4938.02191900959,322065.94549733395,327003.96741634357,0.605949476185491
26.0,23.0,160164.88,96427.52856361467,63737.35143638533,735.2474449862912,8087.721894849203,318686.75718192663,326774.47907677584,0.6020516393082845
32.0,14.0,160674.77,96202.77939011369,64471.9906098863,399.6491319026938,4396.140450929632,322359.9530494315,326756.09350036114,0.598742287853368
11.0,22.0,166649.41,103013.809058055,63635.600941945,779.6403383031793,8576.043721334972,318178.004709725,326754.0484310599,0.6181468572739321
35.0,90.0,151906.77,87756.5929750372,64150.177024962795,431.4603944772323,4746.064339249555,320750.885124814,325496.9494640635,0.5777003419599878
30.0,97.0,145322.25,80938.60767085136,64383.64232914864,263.31390167696736,2896.452918446641,321918.21164574317,324814.6645641898,0.5569594998071621
36.0,96.0,155094.75,90755.44374912648,64339.30625087351,266.8718924014662,2935.5908164161283,321696.53125436755,324632.1220707837,0.5851612884970412
15.0,9.0,179898.89,117278.62569391653,62620.26430608347,1019.1355593255674,11210.491152581242,313101.32153041736,324311.8126829986,0.6519141151672282
9.0,10.0,155397.1,91334.82196352849,64062.2780364715,349.19002977971917,3841.0903275769106,320311.3901823575,324152.4805099344,0.5877511354042546
40.0,82.0,161944.4,98231.303180083,63713.096819916995,501.2663907700287,5513.930298470315,318565.484099585,324079.4143980553,0.6065742512867565
8.0,82.0,156533.61,92390.59379988932,64143.01620011069,298.78790137790287,3286.6669151569313,320715.08100055344,324001.7479157104,0.590228474254758
8.0,11.0,178397.7,115059.57906749612,63338.120932503894,614.0331236463021,6754.364360109323,316690.6046625195,323444.9690226288,0.6449611125451511
10.0,20.0,159000.7,95473.90572616941,63526.794273830594,502.8911803100205,5531.802983410225,317633.97136915295,323165.7743525632,0.6004621723437029
30.0,4.0,141986.66999999998,77459.22714572193,64527.442854278066,35.65016347412811,392.15179821540914,322637.21427139034,323029.36606960575,0.5455387265982218
43.0,8.0,144415.45,80054.9696996148,64360.4803003852,72.12918195076914,793.4210014584605,321802.401501926,322595.82250338444,0.5543379859953682
2.0,98.0,148924.63,84791.29424717992,64133.33575282008,125.34300193225731,1378.7730212548304,320666.67876410036,322045.4517853552,0.5693570918872178
45.0,81.0,158814.72,95593.7664670634,63220.953532936604,536.9823934335668,5906.8063277692345,316104.76766468305,322011.57399245223,0.6019200642551483
21.0,7.0,189000.57,126966.31819260484,62034.251807395165,947.4452816811,10421.8980984921,310171.2590369758,320593.1571354679,0.6717774353410936
27.0,26.0,152738.67,90956.11480625623,61782.55519374377,872.9273149669851,9602.200464636837,308912.7759687188,318514.97643335565,0.595501550499662
32.0,11.0,159207.16999999998,96481.2457934877,62725.924206512296,434.67383404407155,4781.412174484787,313629.62103256147,318411.0332070463,0.6060106827694237
44.0,93.0,143111.82,80025.02575924042,63086.79424075958,244.6456035295958,2691.101638825554,315433.97120379785,318125.0728426234,0.5591783107729356
9.0,79.0,144659.68,81397.53323529627,63262.14676470373,159.3277961277687,1752.6057574054557,316310.7338235186,318063.3395809241,0.562682934424411
41.0,17.0,153494.03,90834.59060666521,62659.4393933348,427.83832353797266,4706.221558917699,313297.19696667395,318003.41852559167,0.5917793063786598
24.0,46.0,158067.96,95643.67086118172,62424.289138818276,516.9791053132957,5686.770158446252,312121.4456940914,317808.21585253766,0.6050794282483415
6.0,34.0,170831.85,108701.4156357221,62130.43436427789,648.7782194997093,7136.560414496802,310652.17182138946,317788.7322358863,0.6363064945776921
39.0,22.0,156142.36,94487.4279156457,61654.932084354296,809.7666195025249,8907.432814527774,308274.6604217715,317182.0932362993,0.6051364147156846
28.0,87.0,163140.31,101183.52272006164,61956.78727993838,664.99140077349,7314.90540850839,309783.93639969185,317098.84180820023,0.6202239208694751
20.0,22.0,154063.22,92203.55769399102,61859.66230600897,643.3541744624406,7076.895919086846,309298.3115300448,316375.2074491317,0.5984787134397881
39.0,80.0,144951.02,82241.38916670115,62709.63083329885,241.59301421256913,2657.5231563382604,313548.15416649426,316205.6773228325,0.5673736491588756
45.0,3.0,174981.43,114508.71260563136,60472.717394368636,1051.4737685937707,11566.211454531478,302363.5869718432,313929.7984263747,0.6544049423166296
25.0,90.0,142055.09,79488.84741935984,62566.242580640166,88.32600263170752,971.5860289487828,312831.2129032008,313802.7989321496,0.559563528623718
3.0,10.0,145970.8,83695.70280233637,62275.09719766363,160.37707734577106,1764.1478508034816,311375.4859883181,313139.6338391216,0.5733729129547579
23.0,42.0,144504.82,82797.44125521503,61707.37874478497,409.7824741930361,4507.607216123397,308536.8937239249,313044.50094004825,0.5729735607103973
42.0,80.0,152080.92,90333.74439089617,61747.175609103826,377.59142180955826,4153.505639905141,308735.8780455192,312889.3836854243,0.5939847312266139
30.0,8.0,134625.5,72303.58455251002,62321.915447489984,109.68527432380043,1206.5380175618047,311609.5772374499,312816.1152550117,0.53707198526661
28.0,14.0,144124.65,82723.9418821497,61400.708117850314,397.9157426556005,4377.073169211606,307003.54058925156,311380.6137584632,0.5739749715412992
35.0,24.0,144011.13999999998,84607.91810946664,59403.22189053335,1236.0099925303548,13596.109917833903,297016.1094526668,310612.21937050065,0.5875095364807656
22.0,17.0,150396.73,89505.42791093184,60891.30208906815,518.8083123911518,5706.891436302671,304456.51044534077,310163.4018816434,0.5951288163707538
30.0,2.0,138213.13,76740.71886593281,61472.411134067195,222.97774486308035,2452.755193493884,307362.05567033595,309814.81086382986,0.555234650036019
14.0,22.0,167947.31,108851.49630767787,59095.81369232214,1296.79006539885,14264.69071938735,295479.0684616107,309743.759180998,0.6481288465273892
8.0,3.0,188641.3,143834.6491190389,44806.650880961126,7761.894859101865,85380.84345012052,224033.2544048056,309414.09785492613,0.7624769820767716
35.0,87.0,155457.02,94404.5957996744,61052.42420032561,377.1537718611005,4148.691490472105,305262.12100162805,309410.8124921001,0.6072713589883197
23.0,67.0,141894.15,80781.61480416775,61112.53519583224,332.25842448994973,3654.842669389447,305562.6759791612,309217.5186485507,0.569308987045398
40.0,7.0,161315.71,100881.7676191109,60433.94238088909,617.9231765231897,6797.154941755087,302169.7119044455,308966.86684620054,0.6253685249819184
9.0,11.0,153824.67,93346.56822858835,60478.101771411646,521.3732137899814,5735.1053516897955,302390.50885705824,308125.614208748,0.6068374352994766
34.0,5.0,192671.77000000002,133285.43110730383,59386.33889269617,1013.0456497485447,11143.502147233992,296931.69446348085,308075.19661071483,0.6917745713723594
27.0,11.0,167684.52,107827.08659725482,59857.43340274517,780.726991044862,8587.996901493481,299287.16701372585,307875.1639152193,0.6430354250783247
15.0,74.0,150480.79,90373.59449346334,60107.19550653665,654.2875428868045,7197.162971754849,300535.9775326833,307733.14050443814,0.6005656568752951
38.0,96.0,146541.7,85587.7459274431,60953.954072556895,263.489284606482,2898.3821306713016,304769.7703627845,307668.1524934558,0.5840504506733789
24.0,17.0,153275.87,93013.67227022699,60262.19772977301,547.6681933328197,6024.3501266610165,301310.988648865,307335.3387755261,0.6068383253686767
18.0,81.0,149925.88,89714.09211247918,60211.78788752082,562.2138831640942,6184.352714805036,301058.9394376041,307243.29215240915,0.5983896316798619
11.0,11.0,165233.55,105093.27861286952,60140.27138713048,576.8155167071462,6344.970683778609,300701.35693565244,307046.327619431,0.6360286915875711
7.0,90.0,153661.84,93676.33336979453,59985.50663020547,516.870081791324,5685.570899704564,299927.53315102734,305613.1040507319,0.6096265238643149
15.0,4.0,146057.22,85634.67144622367,60422.54855377633,309.58245656539924,3405.4070222193914,302112.74276888167,305518.14979110105,0.5863090605601261
8.0,9.0,153714.05,94020.33292594455,59693.71707405545,626.7927851501732,6894.720636651906,298468.58537027723,305363.30600692914,0.6116573789184824
8.0,23.0,164670.76,104869.76278051236,59800.99721948764,541.7527261752283,5959.279987927512,299004.9860974382,304964.2660853657,0.6368450766882496
14.0,10.0,169727.1,111224.72845170398,58502.371548296025,1050.5282743898624,11555.811018288487,292511.8577414801,304067.6687597686,0.6553150819857523
7.0,87.0,148713.83,88778.96109502391,59934.86890497609,393.8047152392074,4331.8518676312815,299674.34452488046,304006.1963925117,0.596978512993875
8.0,81.0,140365.25,80247.75674624024,60117.49325375976,287.37467431330236,3161.1214174463257,300587.4662687988,303748.58768624516,0.571706720475618
14.0,98.0,154813.69,96167.98984664858,58645.70015335143,938.8415578001568,10327.257135801725,293228.5007667571,303555.75790255883,0.62118530891324
2.0,17.0,145573.95,85374.59575877982,60199.35424122018,215.40217495552827,2369.423924510811,300996.7712061009,303366.1951306117,0.5864689098480862
12.0,26.0,155813.8,96189.88919173827,59623.91080826173,435.6854344463675,4792.5397789100425,298119.55404130864,302912.0938202187,0.617338702937341
39.0,17.0,143000.28,83296.32402707402,59703.95597292598,394.5575695317875,4340.133264849663,298519.7798646299,302859.91312947957,0.5824906358719999
27.0,25.0,143010.64,83822.23464282292,59188.40535717708,615.1042214602422,6766.146436062665,295942.0267858854,302708.17322194803,0.5861258619835763
14.0,11.0,165230.53,107958.84964192158,57271.68035807842,1483.1703327496093,16314.873660245703,286358.4017903921,302673.2754506378,0.6533831831316015
25.0,3.0,190573.12,139342.9572886223,51230.16271137771,4143.683642543419,45580.52006797761,256150.81355688852,301731.33362486615,0.7311784436788478
11.0,81.0,140156.82,80323.89132243794,59832.92867756206,224.12666797817639,2465.3933477599403,299164.64338781027,301630.03673557023,0.5731001268610256
7.0,23.0,158711.79,99832.12767190041,58879.662328099585,509.98463109552654,5609.830942050792,294398.31164049794,300008.1425825487,0.6290151958584829
8.0,5.0,194959.5,137246.32378642884,57713.17621357115,1018.7291774710176,11206.020952181194,288565.88106785575,299771.90202003694,0.7039735113519928
39.0,16.0,184047.89,127232.17259614712,56815.717403852876,1323.5998726335317,14559.598598968849,284078.5870192644,298638.1856182332,0.6912992732280012
25.0,9.0,146349.46,87518.60173675086,58830.858263249145,370.6100934842934,4076.711028327227,294154.29131624574,298231.002344573,0.5980111012145235
15.0,1.0,134717.84,75488.03864310215,59229.80135689786,155.21457090796156,1707.360279987577,296149.00678448926,297856.3670644769,0.5603418125105194
13.0,26.0,145363.19,86434.29856738204,58928.89143261797,291.3033812285652,3204.337193514217,294644.4571630898,297848.79435660405,0.5946092581442526
18.0,17.0,155833.47999999998,98006.99426671828,57826.48573328172,769.1676230860027,8460.84385394603,289132.4286664086,297593.2725203546,0.6289212964166512
3.0,9.0,143010.23,86289.54834972389,56720.68165027612,1064.4030567555174,11708.433624310692,283603.4082513806,295311.84187569126,0.6033802501382166
23.0,71.0,157368.44,100708.60621577414,56659.83378422585,1085.6514940499856,11942.166434549841,283299.16892112925,295241.3353556791,0.6399542768281502
3.0,23.0,148674.76,90727.1940088038,57947.56599119621,495.0522652677568,5445.574917945325,289737.82995598105,295183.40487392637,0.6102393843366809
35.0,33.0,134319.38999999998,77516.27404505631,56803.115954943685,965.8951433764677,10624.846577141145,284015.57977471844,294640.4263518596,0.5771041250638222
10.0,71.0,159869.7,102950.86053702788,56918.839462972115,908.6036702679772,9994.64037294775,284594.1973148606,294588.8376878083,0.6439673092338816
45.0,34.0,150155.38,93076.33821427617,57079.04178572383,742.241873022064,8164.660603242704,285395.20892861916,293559.86953186186,0.6198668220497738
37.0,80.0,128175.6,69936.49428062234,58239.105719377665,187.02265816659963,2057.249239832596,291195.5285968883,293252.7778367209,0.5456303249653003
21.0,82.0,151598.88,94612.01097188724,56986.869028112764,644.0991731843983,7085.090905028381,284934.34514056385,292019.4360455922,0.6240943928602061
7.0,46.0,142045.52,84939.44761857434,57106.07238142565,558.4285669697248,6142.714236666972,285530.36190712824,291673.0761437952,0.5979734356886043
35.0,5.0,183473.06,126959.76826860663,56513.291731393365,819.5053475175719,9014.55882269329,282566.4586569668,291581.0174796601,0.6919804371748454
2.0,25.0,150863.85,94157.75337296285,56706.09662703715,695.0360753377349,7645.396828715084,283530.4831351857,291175.87996390084,0.624124025556572
37.0,1.0,130262.89,72256.11437700578,58006.77562299421,93.9340666498766,1033.2747331486426,290033.87811497104,291067.1528481197,0.5546945440639754
38.0,2.0,134266.55,76414.52530266822,57852.024697331784,117.12071398389095,1288.3278538228005,289260.1234866589,290548.4513404817,0.5691255588429749
34.0,7.0,148654.06,91965.14104013515,56688.91895986486,641.8065819859611,7059.872401845572,283444.5947993243,290504.4672011699,0.6186520639943177
19.0,22.0,144897.41,88867.90800206868,56029.501997931315,890.9010196143028,9799.91121575733,280147.50998965657,289947.4212054139,0.6133160558361166
12.0,87.0,145515.22,89062.45432029507,56452.76567970492,629.4997573189604,6924.497330508564,282263.8283985246,289188.32572903315,0.6120490648352459
19.0,25.0,138976.08000000002,83409.0628192709,55567.017180729104,923.7904402750411,10161.694843025452,277835.08590364555,287996.780746671,0.6001684809304658
6.0,18.0,104495.04,50884.37616553738,53610.66383446261,2186.6302851297432,19679.67256616769,268053.3191723131,287732.99173848075,0.48695494222058183
12.0,18.0,98617.33,48083.64998140297,50533.68001859702,3142.1180647339456,34563.2987120734,252668.40009298513,287231.6988050585,0.48757809587222617
31.0,3.0,184433.81,146950.14427031082,37483.665729689186,9019.702386030303,99216.72624633333,187418.32864844595,286635.0548947793,0.7967635883589392
21.0,10.0,145024.25,89281.31401464756,55742.93598535244,613.1367882065161,6744.504670271677,278714.6799267622,285459.18459703383,0.6156302412503258
33.0,79.0,137133.49,80480.0881740347,56653.401825965295,157.90640260431593,1736.9704286474753,283267.0091298265,285003.979558474,0.5868740609900229
5.0,2.0,137127.77,81164.91274658174,55962.85725341826,379.17226079093865,4170.894868700325,279814.2862670913,283985.18113579164,0.5918926031290508
45.0,46.0,132851.87,77180.68029590421,55671.18970409579,435.23809135136867,4787.619004865055,278355.94852047897,283143.567525344,0.580952908648589
3.0,5.0,152556.41,97648.85292485694,54907.55707514307,711.005771633147,7821.063487964617,274537.78537571535,282358.84886368,0.640083579083022
24.0,11.0,150946.61,96647.28796236549,54299.32203763452,922.1915033765039,10144.106537141543,271496.61018817255,281640.71672531415,0.6402746505030189
21.0,14.0,134266.94,78945.14461145317,55321.79538854682,358.45250228992387,3942.9775251891624,276608.9769427341,280551.95446792326,0.587971578196786
25.0,7.0,153847.81,99263.34777205205,54584.46222794796,685.9022216161596,7544.924437777756,272922.3111397398,280467.23557751754,0.645204814888506
40.0,79.0,139883.84,85328.02210321353,54555.817896786466,675.4799323006769,7430.279255307445,272779.08948393236,280209.36873923976,0.60999199123511
31.0,34.0,138895.04,84028.03833160136,54867.00166839865,471.9953797379691,5191.94917711766,274335.0083419932,279526.9575191109,0.6049750828510605
13.0,25.0,174194.83000000002,120988.48042232766,53206.34957767235,1226.1371076074297,13487.508183681726,266031.7478883618,279519.2560720435,0.6945583885717369
10.0,42.0,131990.51,76693.57517597177,55296.934824028234,271.0558454988957,2981.6143004878522,276484.67412014114,279466.288420629,0.581053707391325
3.0,13.0,135259.12,79827.55865174883,55431.561348251176,189.33878073165613,2082.7265880482173,277157.80674125586,279240.5333293041,0.5901824487084407
31.0,74.0,154364.66,99616.44589870534,54748.21410129467,459.4002462821182,5053.4027091033,273741.0705064733,278794.4732155766,0.6453319425489314
20.0,21.0,132148.04,77027.22994618473,55120.81005381528,286.389011227161,3150.279123498771,275604.05026907637,278754.32939257513,0.5828859054298855
28.0,49.0,135360.34,80901.56794845278,54458.772051547225,557.957667063709,6137.534337700799,272293.8602577361,278431.3945954369,0.5976755669234636
10.0,18.0,105747.94,55971.82364234058,49776.11635765942,2890.7526292976545,28907.526292976545,248880.58178829707,277788.1080812736,0.5292946949353394
26.0,7.0,138830.63,85383.5936624892,53447.0363375108,953.9360013404831,10493.296014745314,267235.181687554,277728.4777022993,0.6150198530575652
6.0,16.0,175004.72,122543.76701602555,52460.95298397445,1304.8719821533755,14353.59180368713,262304.7649198722,276658.3567235594,0.7002312109983407
33.0,96.0,122749.13,67785.97892158819,54963.15107841181,161.39142515211427,1775.305676673257,274815.75539205904,276591.0610687323,0.5522318481734917
21.0,1.0,137627.39,82800.30544596407,54827.08455403594,174.3740519201436,1918.1145711215795,274135.4227701797,276053.5373413013,0.601626648924782
16.0,10.0,139759.34,85540.48647056558,54218.85352943442,423.0423566569516,4653.465923226468,271094.2676471721,275747.73357039853,0.6120555983633408
24.0,96.0,146668.43,93380.53598214708,53287.89401785293,728.827282671773,8017.100109389503,266439.4700892647,274456.57019865414,0.6366778180017818
1.0,98.0,130382.05,76068.50290951892,54313.54709048108,183.00760848183,2013.08369330013,271567.7354524054,273580.81914570555,0.5834277257453685
38.0,4.0,125095.3,71180.62516699686,53914.67483300314,258.15712415075427,2839.7283656582968,269573.3741650157,272413.10253067396,0.5690111872068484
1.0,16.0,159795.59,107363.16287804223,52432.427121957764,911.4525186136669,10025.977704750336,262162.1356097888,272188.11331453914,0.6718781342967114
45.0,82.0,146961.02000000002,94257.1632832264,52703.8567167736,772.0889787974199,8492.97876677162,263519.283583868,272012.2623506396,0.6413752659257971
22.0,22.0,135359.12,82773.30474127008,52585.81525872991,823.665322590135,9060.318548491485,262929.07629364956,271989.394842141,0.611508886444224
23.0,33.0,143999.49,91791.07145810801,52208.418541891995,977.6086516204255,10753.69516782468,261042.09270945998,271795.78787728463,0.6374402538377603
23.0,20.0,139854.42,87808.2985644522,52046.12143554781,986.4535921147288,10850.989513262017,260230.60717773903,271081.59669100103,0.6278550121222639
14.0,58.0,160504.0,112968.3805645981,47535.619435401895,2959.746113649008,32557.207250139087,237678.0971770095,270235.3044271486,0.7038352973421105
26.0,5.0,160895.64,109442.32707122373,51453.31292877628,1137.5571862409865,12513.129048650851,257266.5646438814,269779.69369253225,0.6802069159314927
19.0,98.0,129255.97,75834.81801554101,53421.151984458986,240.25841337343297,2642.8425471077626,267105.75992229494,269748.6024694027,0.5867026336620351
36.0,2.0,130392.56999999999,76819.08607907905,53573.483920920946,158.01303226948187,1738.1433549643007,267867.4196046047,269605.56295956904,0.5891369890100261
30.0,13.0,122308.73,68491.83882099001,53816.89117900999,34.870209315782965,383.5723024736126,269084.45589504996,269468.02819752356,0.5599914153387907
25.0,74.0,134195.71,81421.86552080633,52773.84447919367,488.46365451054555,5373.100199616001,263869.22239596833,269242.3225955844,0.6067397051724406
9.0,7.0,135674.5,82832.21934747572,52842.280652524285,343.5244149197161,3778.7685641168773,264211.40326262143,267990.1718267383,0.6105216481171902
12.0,90.0,127689.74,74538.63700467725,53151.102995322755,184.85102705089147,2033.3612975598062,265755.51497661375,267788.87627417356,0.5837480521510753
11.0,17.0,145565.24,93525.37992337585,52039.86007662415,680.1597622468427,7481.757384715269,260199.30038312075,267681.057767836,0.6424980299099967
10.0,91.0,130020.06,77340.14277765437,52679.91722234563,373.2788522093737,4106.067374303111,263399.58611172816,267505.6534860313,0.5948323879996239
16.0,11.0,135724.4,83054.94013536083,52669.45986463918,365.4203944460564,4019.6243389066203,263347.2993231959,267366.9236621025,0.6119381639216002
30.0,81.0,118821.56,65646.9114275165,53174.64857248349,103.28817871525429,1136.1699658677971,265873.2428624174,267009.41282828525,0.5524831640614423
10.0,55.0,151832.36000000002,100127.8058715204,51704.554128479605,753.0542119354257,8283.596331289682,258522.770642398,266806.3669736877,0.6594628830871125
18.0,82.0,166201.58000000002,115834.60600967408,50366.97399032591,1353.276075072821,14886.036825801031,251834.86995162955,266720.90677743056,0.6969524959370066
5.0,13.0,126397.79000000001,73466.68823325963,52931.101766740365,164.10172163320533,1805.1189379652587,264655.50883370184,266460.6277716671,0.5812339617113529
2.0,18.0,99653.51,51471.90154329913,48181.608456700866,2313.6392199715424,25450.031419686966,240908.04228350433,266358.0737031913,0.5165086663108919
26.0,11.0,133603.47,82055.23940616785,51548.23059383215,762.1693902728601,8383.863293001461,257741.15296916076,266125.0162621622,0.6141699718290838
29.0,90.0,126471.27,73864.2408008333,52607.0291991667,278.18742738913465,3060.0617012804814,263035.1459958335,266095.207697114,0.5840396858577707
34.0,80.0,126324.05,73583.29759229835,52740.75240770165,178.81562710381743,1966.971898141992,263703.76203850826,265670.7339366503,0.5824963464383729
40.0,11.0,133787.21,82514.8097752604,51272.4002247396,817.8766525602026,8996.643178162229,256362.00112369802,265358.64430186024,0.6167615706707719
20.0,32.0,127024.81,74506.32065002606,52518.48934997395,225.4956837873193,2480.4525216605125,262592.44674986973,265072.8992715302,0.5865493571690921
42.0,79.0,137266.67,85430.62267541891,51836.047324581086,436.4315181947128,4800.746700141841,259180.23662290542,263980.9833230473,0.6223697469707606
14.0,18.0,107230.4,59513.402642977046,47716.997357022956,2294.9497152936774,25244.44686823045,238584.9867851148,263829.4336533452,0.5550049486244297
40.0,5.0,152680.65,102181.26079515097,50499.38920484902,952.2716169266319,10474.98778619295,252496.94602424512,262971.9338104381,0.6692482694771799
2.0,22.0,137419.22,85953.41175942603,51465.80824057396,498.93615232331155,5488.297675556427,257329.0412028698,262817.33887842624,0.6254831875732232
28.0,11.0,123365.91,71890.17060885056,51475.73939114944,465.37304531222367,5119.103498434461,257378.69695574717,262497.8004541816,0.5827393532690721
38.0,80.0,124374.38,72343.59730661233,52030.782693387664,185.7246240611679,2042.9708646728468,260153.91346693833,262196.8843316112,0.5816599633028308
32.0,17.0,130301.93000000001,79085.3544353319,51216.57556466809,503.2221715006546,5535.443886507201,256082.87782334047,261618.32170984766,0.6069392405418085
22.0,81.0,128075.7,77087.68970801462,50988.01029198539,534.4192614019756,5878.611875421731,254940.05145992694,260818.66333534865,0.6018916133818876
34.0,11.0,136913.48,85601.37174911938,51312.10825088062,376.1224719177049,4137.347191094754,256560.5412544031,260697.88844549787,0.6252223794846159
37.0,81.0,117609.99,65841.83400988608,51768.155990113926,126.0135585003351,1386.149143503686,258840.77995056967,260226.92909407336,0.5598319837446298
40.0,14.0,129004.34,78998.79701840904,50005.54298159096,879.387573606565,9673.263309672215,250027.7149079548,259700.978217627,0.6123731730142493
27.0,24.0,121216.39,71377.52350548857,49838.86649451143,920.2057338031227,10122.26307183435,249194.33247255714,259316.5955443915,0.5888438313126515
12.0,24.0,152860.19,102774.716404733,50085.473595267,803.6707247890462,8840.377972679507,250427.36797633502,259267.7459490145,0.672344554882033
41.0,98.0,114513.86,62734.6801381955,51779.17986180451,28.269378259573966,310.9631608553136,258895.89930902253,259206.86246987784,0.5478348222494247
17.0,34.0,127944.3,77074.08857434135,50870.21142565864,404.53135267224866,4449.8448793947355,254351.0571282932,258800.90200768795,0.60240345661621
39.0,18.0,133795.62,86179.19402254999,47616.42597745001,1850.1712449171675,20351.883694088843,238082.12988725005,258434.0135813389,0.6441107266631747
5.0,1.0,115724.31,64105.36902201159,51618.94097798841,15.917932614493111,175.09725875942422,258094.70488994205,258269.80214870145,0.5539490278404908
21.0,90.0,119813.8,68576.83537310598,51236.96462689402,187.46080273033095,2062.0688300336406,256184.8231344701,258246.89196450374,0.5723617427467118
41.0,34.0,136809.64,86386.98658946512,50422.653410534884,547.1190728618374,6018.309801480211,252113.26705267443,258131.57685415464,0.6314393239355436
12.0,17.0,120525.56,70080.62284376023,50444.93715623977,516.288724811983,5679.175972931813,252224.68578119887,257903.8617541307,0.5814585955357539
16.0,23.0,126052.23,75338.1992911374,50714.0307088626,354.07740564946437,3894.851462144108,253570.15354431298,257465.0050064571,0.5976744662997029
26.0,79.0,129655.98999999999,79736.64097756403,49919.349022435956,685.05919718029,7535.65116898319,249596.7451121798,257132.396281163,0.6149861720817067
31.0,5.0,158395.12,108201.38472810262,50193.73527189737,531.1465745771482,5842.6123203486295,250968.67635948682,256811.28867983547,0.6831105953775762
14.0,25.0,128991.4,79943.34144250503,49048.058557494965,1045.3448672000927,11498.79353920102,245240.2927874748,256739.08632667584,0.6197571422785165
39.0,98.0,115132.62,64214.90408038587,50917.71591961413,164.82978227917872,1813.1276050709657,254588.57959807065,256401.70720314162,0.5577472664166409
16.0,87.0,133649.19,83530.3492222069,50118.8407777931,504.3228190525613,5547.551009578174,250594.2038889655,256141.75489854367,0.6249970480345366
13.0,33.0,141997.37,93358.31972433427,48639.05027566572,1062.2126150018514,11684.338765020366,243195.2513783286,254879.59014334896,0.6574651328002362
38.0,8.0,116458.17,65759.20360452737,50698.966395472635,55.835287446665625,614.1881619133219,253494.83197736318,254109.0201392765,0.5646594275397542
23.0,24.0,144621.26,95943.55948081949,48677.70051918051,958.2800253580547,10541.080278938602,243388.50259590254,253929.58287484114,0.6634125541488124
25.0,17.0,122283.37,72275.04982152427,50008.320178475726,348.7502718205935,3836.252990026529,250041.60089237866,253877.85388240518,0.5910456165995774
24.0,22.0,137890.82,89839.54794762659,48051.2720523734,1231.5741571737767,13547.315728911544,240256.36026186703,253803.67599077857,0.6515266784810373
38.0,81.0,120221.98,69991.94721758757,50230.03278241243,165.9293336745921,1825.2226704205132,251150.16391206215,252975.38658248266,0.5821892736884517
4.0,55.0,148135.11,98736.693176593,49398.416823406995,505.10205002289945,5556.122550251894,246992.08411703497,252548.2066672869,0.6665313386987934
38.0,13.0,117527.97,67277.86866562584,50250.101334374165,117.12530684966573,1288.378375346323,251250.50667187083,252538.88504721716,0.5724413402667112
9.0,23.0,136828.3,87502.61340778442,49325.686592215585,484.73640934170066,5332.100502758707,246628.43296107795,251960.53346383665,0.6395066912896267
26.0,10.0,117290.44,68249.64577308559,49040.79422691441,589.3455596595516,6482.801156255067,245203.97113457206,251686.77229082712,0.5818858363314656
38.0,97.0,118556.97,68880.62110307779,49676.34889692221,282.7874771339863,3110.662248473849,248381.74448461106,251492.4067330849,0.5809917468629452
18.0,26.0,121426.21,73308.44555066412,48117.76444933588,978.1307493180248,10759.438242498272,240588.8222466794,251348.2604891777,0.6037283511579923
33.0,91.0,119778.26000000001,70431.90891336199,49346.35108663801,401.5966881606,4417.5635697666,246731.75543319006,251149.31900295668,0.5880191356374853
36.0,13.0,116870.32,66876.44657891848,49993.873421081524,98.7765616921588,1086.5421786137467,249969.3671054076,251055.90928402136,0.5722278041073087
5.0,9.0,122733.48,73063.15482635626,49670.32517364374,214.70017604971292,2361.7019365468423,248351.6258682187,250713.32780476552,0.5952993007804901
14.0,49.0,129041.03,80096.40401206914,48944.62598793087,540.1554084737286,5941.709493211014,244723.12993965435,250664.83943286538,0.6207049340203588
10.0,67.0,118027.56,68297.04047906416,49730.519520935835,174.10775196966873,1915.1852716663561,248652.59760467918,250567.7828763455,0.5786533287569798
1.0,14.0,134929.65,86018.78113987035,48910.868860129645,534.2634827155383,5876.898309870921,244554.34430064823,250431.24261051914,0.6375083692862936
39.0,67.0,118190.7,68546.52989994324,49644.170100056755,109.92952039973038,1209.2247243970342,248220.8505002838,249430.07522468083,0.5799655125144638
6.0,25.0,124036.44,75292.02384991244,48744.41615008756,509.38922169003837,5603.281438590422,243722.0807504378,249325.3621890282,0.6070153565348412
40.0,74.0,126973.43,78366.11288356742,48607.31711643259,554.8603831376316,6103.464214513948,243036.58558216292,249140.04979667687,0.6171851298619516
25.0,49.0,134757.95,86246.781225803,48511.168774196994,553.349510526446,6086.844615790906,242555.84387098497,248642.68848677588,0.6400125649418309
14.0,9.0,176405.01,130365.38653316667,46039.62346683333,1616.7142115843346,17783.856327427682,230198.11733416663,247981.97366159433,0.7390118145350105
19.0,67.0,120905.35,72300.4877310131,48604.8622689869,425.63056272131956,4681.936189934515,243024.31134493448,247706.247534869,0.5979924604743553
45.0,10.0,135961.32,87476.53089794448,48484.78910205552,446.34638908275105,4909.810279910262,242423.94551027758,247333.75579018786,0.6433927744886889
26.0,14.0,118973.7,70582.86527309075,48390.834726909256,467.38450286798104,5141.229531547791,241954.17363454629,247095.40316609404,0.5932644380488356
23.0,18.0,97322.75,50151.65724837169,47171.09275162831,1013.0300612443978,11143.330673688375,235855.46375814156,246998.79443182994,0.5153127839931742
25.0,82.0,119221.09999999999,70463.5423887972,48757.5576112028,226.88715685124342,2495.7587253636775,243787.788056014,246283.54678137766,0.5910324798948945
35.0,82.0,130925.35,82965.05835279926,47960.29164720075,569.3615426568692,6262.976969225561,239801.45823600373,246064.4352052293,0.6336821582130523
36.0,79.0,144162.76,96658.58478538855,47504.17521461146,771.0120736386019,8481.132810024621,237520.8760730573,246002.0088830819,0.6704823408305206
14.0,26.0,129174.03,81763.04683372636,47410.98316627364,788.5822047310824,8674.404252041906,237054.91583136818,245729.3200834101,0.6329681502831983
35.0,11.0,126115.74,78678.54039933486,47437.19960066514,754.5193447612551,8299.712792373806,237185.9980033257,245485.7107956995,0.6238598005239858
5.0,87.0,120603.14,72757.1523031434,47845.9876968566,548.7787580196717,6036.566338216389,239229.93848428302,245266.50482249938,0.6032774296186932
42.0,1.0,114585.37,65815.18870053838,48770.18129946162,80.68241615714247,887.5065777285672,243850.9064973081,244738.41307503666,0.5743768920983401
11.0,18.0,106749.12,62743.764463804866,44005.35553619514,2237.839222280845,24616.2314450893,220026.77768097568,244643.00912606498,0.5877684468387643
30.0,1.0,103524.74,54896.01225646696,48628.72774353305,117.00343140765389,1287.0377454841928,243143.63871766522,244430.67646314943,0.5302695013430312
15.0,10.0,118459.21,69982.54922337846,48476.660776621546,180.39225949407162,1984.3148544347878,242383.30388310773,244367.61873754254,0.5907733913081006
13.0,55.0,143944.02000000002,97377.98956644953,46566.03043355047,973.34841421913,10706.832556410429,232830.15216775233,243536.98472416276,0.6764990276528995
36.0,40.0,110201.97,61815.168933621026,48386.801066378976,132.59134262060599,1458.504768826666,241934.00533189488,243392.51010072153,0.5609261697737439
44.0,2.0,117602.0,69622.4954630552,47979.504536944805,274.48797237989544,3019.3676961788497,239897.52268472404,242916.89038090289,0.5920179543124708
24.0,98.0,113671.92,65908.62619547371,47763.29380452629,327.94651544655574,3607.411669912113,238816.46902263147,242423.8806925436,0.5798144888858543
23.0,29.0,126038.78,78747.79885724693,47290.98114275306,539.4406238291581,5933.846862120739,236454.9057137653,242388.75257588603,0.6247902340632536
15.0,17.0,119388.94,72589.37440318472,46799.565596815286,699.757023340169,7697.327256741859,233997.8279840764,241695.15524081828,0.6080075290322933
13.0,44.0,112246.12000000001,64432.60446388382,47813.51553611619,101.62929638550337,1117.922260240537,239067.57768058096,240185.4999408215,0.5740296810605464
4.0,67.0,117556.14,70133.68508066122,47422.45491933879,264.27509592229796,2907.0260551452775,237112.27459669393,240019.30065183918,0.5965973796065541
5.0,4.0,111106.97,63356.96980628731,47750.00019371269,110.90626203394889,1219.9688823734377,238750.00096856343,239969.96985093685,0.570233980877053
27.0,98.0,116836.31999999999,69870.9610455342,46965.358954465795,446.68503815456114,4913.5354197001725,234826.79477232895,239740.33019202913,0.598024321936314
35.0,9.0,136490.84,90510.72688770648,45980.11311229352,872.3470230073075,9595.817253080382,229900.56556146758,239496.38281454798,0.6631267481957506
34.0,23.0,130780.37,83985.23139091623,46795.13860908377,459.7528557195538,5057.281412915092,233975.69304541886,239032.97445833395,0.6421853018990253
28.0,74.0,119414.71,72334.74096119328,47079.96903880671,315.0179659556386,3465.1976255120244,235399.84519403355,238865.04281954558,0.60574397376331
29.0,7.0,144911.45,100153.47385413614,44757.97614586386,1358.8901197631044,14947.791317394149,223789.8807293193,238737.67204671344,0.691135682198585
17.0,17.0,122017.7,75628.4974711864,46389.20252881359,583.5714421900535,6419.285864090589,231946.01264406796,238365.29850815856,0.6198157928823966
32.0,34.0,120064.8,73325.36174471794,46739.43825528206,387.80729104633116,4265.880201509643,233697.19127641033,237963.07147791996,0.610714895162595
19.0,16.0,153518.25,108866.58189375263,44651.66810624736,1319.3599048715303,14512.958953586833,223258.34053123678,237771.29948482363,0.7091442346024178
8.0,14.0,111252.39,64582.895478937746,46669.494521062246,352.5654388208201,3878.219827029021,233347.47260531125,237225.69243234023,0.5805079376626223
4.0,83.0,108931.48999999999,62231.01212882527,46700.47787117472,265.1201828126108,2916.3220109387184,233502.38935587363,236418.71136681235,0.5712857882401615
24.0,25.0,131351.37,86122.4402814888,45228.9297185112,915.0742772595808,10065.817049855388,226144.648592556,236210.4656424114,0.6556645757215079
18.0,29.0,115110.8,69285.09213767074,45825.707862329255,620.5261974695895,6825.788172165485,229128.53931164625,235954.32748381176,0.6018991453249455
22.0,67.0,110878.13,64180.07912312474,46698.05087687526,189.01115737375122,2079.1227311112634,233490.2543843763,235569.3771154876,0.5788344295049415
21.0,5.0,137558.6,91638.68779827999,45919.91220172001,533.3025650258547,5866.328215284402,229599.56100860005,235465.88922388444,0.6661792704947563
20.0,55.0,146167.51,100744.30439800318,45423.205601996815,692.4750221618021,7617.225243779823,227116.0280099841,234733.2532537639,0.6892386987915657
36.0,81.0,110296.45999999999,63745.31736855474,46551.142631445255,160.49415657856827,1765.435722364251,232755.71315722627,234521.14887959056,0.5779452701252129
15.0,34.0,124075.91,78796.50945367942,45279.40054632058,707.7275252468727,7785.002777715599,226397.0027316029,234182.0055093185,0.635066947755446
10.0,81.0,110077.06,63671.436970477225,46405.62302952277,185.61563606685706,2041.7719967354278,232028.11514761386,234069.88714434928,0.5784260314590273
45.0,14.0,115016.98999999999,69380.83052587108,45636.159474128915,528.3084415189206,5811.3928567081275,228180.79737064458,233992.19022735272,0.6032224502299276
13.0,96.0,109354.67,63418.170288962625,45936.49971103737,387.63347384002105,4263.968212240232,229682.49855518687,233946.4667674271,0.5799310654859333
11.0,25.0,117186.41,71158.6605602174,46027.74943978261,343.6553685839656,3780.2090544236216,230138.74719891304,233918.95625333668,0.6072262181273186
13.0,24.0,139348.55,96238.91608562556,43109.63391437444,1650.6194978187004,18156.814476005704,215548.16957187222,233704.9840478779,0.6906344995023311
22.0,26.0,109966.72,64644.52964287777,45322.19035712222,589.03323742475,6479.36561167225,226610.95178561113,233090.3173972834,0.5878553951857232
29.0,46.0,121456.11,75865.81557292817,45590.294427071836,413.417154955339,4547.588704508729,227951.4721353592,232499.06083986792,0.6246356447026681
41.0,22.0,128822.11,84108.94777484771,44713.162225152286,800.0838195158616,8800.922014674477,223565.81112576145,232366.7331404359,0.6529077017512577
11.0,71.0,118392.9,72739.63056880358,45653.26943119642,298.8502335293155,3287.352568822471,228266.3471559821,231553.69972480458,0.6143918306655516
15.0,5.0,137739.87,93167.95903954741,44571.91096045259,787.847108817544,8666.318196992985,222859.55480226295,231525.87299925595,0.6764051616975347
6.0,98.0,107661.04000000001,61717.82875669318,45943.21124330681,149.4511074049943,1643.9621814549373,229716.05621653408,231360.018397989,0.5732605662799949
14.0,67.0,110831.72,65132.97631683526,45698.74368316474,232.5802875657432,2558.383163223175,228493.7184158237,231052.1015790469,0.5876745061507235
7.0,74.0,115390.18,70465.59847120024,44924.581528799754,500.640040513069,5507.040445643759,224622.90764399877,230129.94808964254,0.6106724027226601
16.0,46.0,116836.64,71962.91201863531,44873.7279813647,420.085586299752,4620.941449297272,224368.6399068235,228989.58135612073,0.6159276064309561
45.0,7.0,187731.38,145975.79548686076,41755.58451313924,1826.8221044051402,20095.04314845654,208777.9225656962,228872.96571415276,0.7775780239130015
9.0,3.0,134269.65,99920.98452346367,34348.66547653633,5164.193159574805,56806.12475532285,171743.32738268166,228549.4521380045,0.7441814626273597
45.0,9.0,147003.18,103722.32429392019,43280.855706079805,1023.133172761331,11254.464900374642,216404.27853039905,227658.74343077367,0.7055787792748442
9.0,82.0,112126.04000000001,67143.66064344556,44982.37935655445,229.88124250946882,2528.693667604157,224911.89678277224,227440.5904503764,0.598823080200153
31.0,98.0,105621.27,60440.758269909646,45180.51173009035,117.74066204214772,1295.1472824636248,225902.55865045177,227197.70593291539,0.5722404045123642
35.0,20.0,116022.66,71871.23547180282,44151.42452819718,576.5591915733937,6342.151107307331,220757.1226409859,227099.27374829323,0.6194586081012349
13.0,58.0,124557.97,81189.42637310947,43368.54362689053,892.9675938850723,9822.643532735796,216842.71813445265,226665.36166718847,0.6518204043716309
2.0,67.0,105976.14,60991.13669158919,44985.0033084108,113.15026365368034,1244.6529001904837,224925.016542054,226169.66944224449,0.5755176277564855
3.0,92.0,104094.8,59202.98463882529,44891.81536117471,97.32782925868742,1070.6061218455616,224459.07680587354,225529.6829277191,0.5687410383499012
8.0,80.0,105911.51,61118.72811665404,44792.78188334596,141.2044202728772,1553.2486230016493,223963.9094167298,225517.15803973144,0.5770735221946514
27.0,18.0,117123.53,77013.74445746979,40109.785542530204,2059.7660773834,22657.426851217402,200548.92771265103,223206.35456386843,0.6575428904633406
21.0,11.0,113658.41,69930.10178507082,43728.30821492919,398.97051308426256,4388.675643926888,218641.54107464594,223030.21671857283,0.6152655292738198
39.0,26.0,119056.75,75786.8232087919,43269.926791208105,600.2957996479134,6603.253796127048,216349.63395604052,222952.88775216756,0.6365604907642104
26.0,3.0,112190.52,68290.07590817657,43900.444091823425,297.49742119554844,3272.4716331510326,219502.22045911712,222774.69209226815,0.6086973828820526
15.0,46.0,116218.67,72688.82310478076,43529.84689521924,447.03326901810743,4917.365959199182,217649.2344760962,222566.60043529538,0.6254487605543995
21.0,74.0,111081.43000000001,67921.19685883162,43160.233141168384,550.8880417011031,6059.768458712135,215801.1657058419,221860.93416455403,0.6114541094657462
6.0,42.0,105145.37,60994.83055419545,44150.539445804556,96.35610001243252,1059.9171001367577,220752.69722902277,221812.61432915955,0.580100013478439
16.0,5.0,124453.08,81593.38843266472,42859.691567335285,594.9709069180495,6544.679976098545,214298.45783667642,220843.13781277498,0.6556156620042246
22.0,25.0,110149.15,67297.80631797893,42851.34368202107,589.9827230355578,6489.809953391135,214256.71841010536,220746.5283634965,0.6109698197215224
15.0,87.0,112368.54000000001,69041.59199100477,43326.948008995234,367.4096223792585,4041.5058461718436,216634.74004497618,220676.24589114802,0.6144210113525082
17.0,97.0,102574.64,59044.09280377443,43530.54719622557,251.2965420165321,2764.261962181853,217652.73598112783,220416.9979433097,0.5756207655593472
15.0,82.0,106875.79000000001,63552.69462397877,43323.09537602123,285.2001511000943,3137.201662101037,216615.47688010614,219752.67854220717,0.5946407004240976
3.0,1.0,98535.86,54885.40468204384,43650.45531795616,124.12866717751488,1365.4153389526637,218252.2765897808,219617.69192873346,0.5570094449071012
45.0,5.0,132050.34,89509.7816592268,42540.5583407732,623.0383764407673,6853.42214084844,212702.79170386598,219556.21384471442,0.6778459007316968
7.0,11.0,135067.32,93076.4530533936,41990.866946606395,850.4824071592404,9355.306478751645,209954.33473303198,219309.64121178363,0.6891115708329268
21.0,24.0,141393.55,101523.17127914846,39870.37872085154,1805.8390685338716,19864.229753872587,199351.89360425773,219216.1233581303,0.7180184052182611
44.0,1.0,100589.5,57024.27646810858,43565.22353189141,76.35933178705586,839.9526496576145,217826.11765945706,218666.07030911467,0.5669008839700822
14.0,33.0,109624.23,68458.90633246044,41165.32366753957,1166.2482534953124,12828.730788448436,205826.61833769784,218655.3491261463,0.6244869982891595
2.0,44.0,99329.31,55913.16290894017,43416.14709105983,129.30877153458857,1422.3964868804742,217080.73545529917,218503.13194217964,0.5629069899805019
17.0,26.0,99981.28,56782.87119893328,43198.40880106672,206.87463417760037,2275.620975953604,215992.0440053336,218267.6649812872,0.5679350294268415
38.0,79.0,101129.28,57688.05649882543,43441.22350117457,89.14754908683857,980.6230399552242,217206.11750587285,218186.74054582807,0.5704387146712152
24.0,67.0,103280.07,60188.73074203315,43091.33925796685,233.39320105608294,2567.3252116169124,215456.69628983425,218024.02150145115,0.5827719785824423
32.0,22.0,104370.99,61599.41313409241,42771.5768659076,375.4565331938398,4130.0218651322375,213857.88432953798,217987.9061946702,0.5901966929133508
20.0,42.0,103826.68,60624.027141514314,43202.652858485686,156.8181185863852,1724.999304450237,216013.26429242842,217738.26359687865,0.5838964237469051
18.0,9.0,151502.22,110898.0361847809,40604.183815219105,1293.1959168760147,14225.155085636161,203020.91907609554,217246.0741617317,0.7319895126604804
29.0,34.0,106652.20999999999,64184.37432369005,42467.83567630995,445.2529864044993,4897.782850449493,212339.17838154975,217236.96123199924,0.6018100733560988
6.0,67.0,103605.94,60437.03412542461,43168.905874575394,115.65719809269218,1272.229179019614,215844.52937287695,217116.75855189658,0.5833356091882821
18.0,49.0,116050.44,74920.75760669606,41129.68239330394,1033.3373302121056,11366.710632333163,205648.41196651972,217015.1225988529,0.6455878806379024
27.0,20.0,117142.29,75458.25081649618,41684.03918350382,737.9450210819778,8117.395231901755,208420.19591751907,216537.59114942083,0.6441589183248525
32.0,87.0,106764.87,64709.97742073973,42054.892579260275,559.2903732309732,6152.194105540704,210274.46289630138,216426.65700184208,0.6060980303796533
7.0,3.0,122164.23,81839.04705831692,40325.18294168307,1317.7706685769585,14495.477354346544,201625.9147084154,216121.39206276194,0.6699100633492875
15.0,49.0,115120.35,72334.08418296676,42786.26581703324,182.54231270426018,2007.965439746862,213931.32908516622,215939.2945249131,0.6283344706906012
16.0,1.0,108999.61,66421.41453743515,42578.19546256484,179.2069274457294,1971.2762019030233,212890.97731282422,214862.25351472726,0.6093729558980546
13.0,16.0,124112.23999999999,83465.29796199773,40646.94203800227,1051.0218960201091,11561.2408562212,203234.71019001136,214795.95104623254,0.6724985219991012
26.0,74.0,110546.9,68763.83305969881,41783.066940301185,490.67150018489303,5397.3865020338235,208915.33470150596,214312.72120353978,0.622033119514874
10.0,44.0,101002.13,58617.89595599429,42384.23404400571,202.6244413478985,2228.8688548268838,211921.17022002852,214150.0390748554,0.5803629681472489
45.0,74.0,108251.04,66388.38054406541,41862.65945593459,361.2731830593215,3974.005013652537,209313.29727967293,213287.30229332548,0.6132816880472041
27.0,33.0,112598.73,73726.68326284259,38872.046737157405,1689.526945215094,18584.796397366033,194360.233685787,212945.03008315305,0.6547736663001669
1.0,34.0,108740.75,66830.27850816608,41910.47149183392,304.8422522284828,3353.264774513311,209552.3574591696,212905.62223368292,0.6145835715512914
1.0,12.0,114784.32,73368.35735647987,41415.962643520135,526.0319179270479,5786.3510971975265,207079.81321760066,212866.1643147982,0.6391844927641673
27.0,67.0,98608.61,56595.45251011894,42013.15748988106,251.5344722845194,2766.8791951297135,210065.7874494053,212832.666644535,0.5739402726609668
25.0,11.0,108728.42,67522.71048697234,41205.70951302766,541.1855908737535,5953.041499611289,206028.5475651383,211981.5890647496,0.6210217207881099
3.0,4.0,101757.94,59623.7681849449,42134.1718150551,108.83928844566245,1197.232172902287,210670.8590752755,211868.0912481778,0.5859372564435257
15.0,11.0,115754.73,74993.52790854097,40761.20209145903,706.234813702349,7768.582950725839,203806.01045729517,211574.593408021,0.6478657754075446
4.0,29.0,105254.12,63912.045510200194,41342.07448979981,410.45630587491956,4515.019364624115,206710.37244899906,211225.39181362317,0.6072165679614271
6.0,44.0,97364.86,55353.5823332017,42011.2776667983,103.11513310619152,1134.2664641681067,210056.38833399146,211190.65479815958,0.5685170433481002
26.0,46.0,101439.07,59867.98475311188,41571.08524688812,287.15354372318234,3158.6889809550057,207855.4262344406,211014.1152153956,0.5901866485281447
25.0,81.0,99968.53,58026.47081081751,41942.059189182495,95.4852133616142,1050.3373469777562,209710.29594591248,210760.6332928902,0.5804473748970552
23.0,81.0,99517.54,58018.03122344328,41499.508776556715,276.2319839341953,3038.551823276148,207497.5438827836,210536.09570605974,0.582993020360464
13.0,32.0,103648.29,62577.81983916455,41070.47016083545,441.23495024962034,4853.584452745824,205352.35080417723,210205.93525692305,0.603751589526123
31.0,11.0,113150.02,72054.25294375884,41095.767056241166,400.51305345056875,4405.643587956256,205478.83528120583,209884.4788691621,0.6368028299399225
16.0,74.0,111270.61,70399.603782912,40871.006217088005,489.76453601989886,5387.409896218887,204355.03108544002,209742.4409816589,0.6326882164383929
23.0,16.0,104865.94,64476.68316744412,40389.25683255588,700.591805781215,7706.5098635933655,201946.2841627794,209652.79402637275,0.614848664565865
41.0,18.0,83559.75,45121.40912583088,38438.34087416911,1570.575851630491,17276.3343679354,192191.70437084557,209468.03873878098,0.5399897573392798
5.0,10.0,109616.37,69241.05283750466,40375.31716249534,639.5478161264175,7035.025977390593,201876.5858124767,208911.61178986728,0.6316670843734805
6.0,49.0,133213.6,92834.2720095454,40379.32799045461,598.921999147833,6588.1419906261635,201896.63995227302,208484.7819428992,0.6968828408626851
12.0,33.0,125847.54,86609.70330758207,39237.83669241793,1096.7358696816873,12064.09456649856,196189.18346208966,208253.2780285882,0.6882113333926279
1.0,74.0,112569.39,72440.99319725927,40128.39680274073,664.9291763933884,7314.220940327273,200641.98401370365,207956.20495403092,0.6435230145358278
15.0,14.0,113309.34,73165.08211342056,40144.25788657944,640.8440153491243,7049.284168840368,200721.2894328972,207770.5736017376,0.6457109547493664
4.0,42.0,110261.20999999999,69656.54411361097,40604.66588638903,422.9165407731736,4652.08194850491,203023.32943194514,207675.41138045007,0.6317411546056041
13.0,71.0,99819.26,59815.77401661092,40003.48598338908,680.6166092510827,7486.782701761909,200017.4299169454,207504.2126187073,0.5992408080024929
23.0,55.0,106407.53,66009.64992188809,40397.880078111906,484.6856090570836,5331.541699627919,201989.40039055952,207320.94209018743,0.6203475442187982
28.0,18.0,66622.92,30565.056249024783,36057.863750975215,2667.4350573379074,26674.350573379073,180289.3187548761,206963.66932825517,0.4587768931326454
31.0,83.0,99142.12,58388.715548652995,40753.40445134701,285.7896996100346,3143.6866957103803,203767.022256735,206910.7089524454,0.5889395500989186
34.0,14.0,100174.56,59666.337452031454,40508.222547968544,385.5985593806585,4241.584153187244,202541.11273984273,206782.69689302996,0.5956236538701188
22.0,18.0,82690.45,45786.268810513735,36904.18118948627,2023.136801958065,22254.504821538714,184520.90594743134,206775.41076897003,0.5537068526113201
4.0,33.0,139697.72,100436.81327005159,39260.906729948416,926.5191671082316,10191.710838190547,196304.53364974208,206496.24448793265,0.7189581424095653
7.0,14.0,108073.45,68578.7265719007,39494.72342809931,781.8485606474113,8600.334167121524,197473.61714049653,206073.95130761806,0.634556651720665
25.0,34.0,109411.97,69313.79585190862,40098.17414809138,455.81692534275186,5013.98617877027,200490.87074045688,205504.85691922717,0.6335119992072954
29.0,3.0,131240.12,94830.32005978498,36409.799940215016,2072.461052959549,22797.07158255504,182048.9997010751,204846.07128363015,0.7225711166660392
27.0,49.0,121012.27,82383.6343028658,38628.6356971342,1027.9865516756827,11307.852068432509,193143.17848567103,204451.03055410352,0.6807874466189734
27.0,16.0,128934.48000000001,93060.00164446549,35874.47835553452,2269.6061384961363,24965.667523457498,179372.3917776726,204338.0593011301,0.7217619495147107
20.0,44.0,95856.45,55486.87135687732,40369.57864312268,202.76937984323797,2230.463178275618,201847.8932156134,204078.35639388903,0.5788538106395273
23.0,32.0,106426.68000000001,67053.7604161818,39372.919583818206,573.8131226362125,6311.944348998337,196864.597919091,203176.54226808937,0.6300465298380237
2.0,16.0,146098.28,108383.04256606566,37715.237433934344,1302.2488845317685,14324.737729849454,188576.18716967173,202900.92489952117,0.7418502296266983
37.0,46.0,94118.5,53909.05354202359,40209.44645797641,163.3801161112012,1797.1812772232133,201047.23228988206,202844.41356710525,0.5727785030788165
11.0,20.0,98562.45,58866.11048096771,39696.339519032284,383.26556185811637,4215.92118043928,198481.69759516141,202697.6187756007,0.5972468265649618
18.0,24.0,105413.61,68180.6108289908,37232.99917100919,1440.7354246716952,15848.089671388649,186164.99585504597,202013.08552643462,0.6467913472367638
7.0,91.0,107425.34,67826.5484189226,39598.79158107741,365.2198998848314,4017.4188987331454,197993.95790538704,202011.3768041202,0.6313831393870627
4.0,20.0,101376.83,61957.41367710627,39419.41632289373,360.0464655549665,3960.5111211046315,197097.08161446865,201057.5927355733,0.6111595092991788
22.0,24.0,108632.17000000001,71169.34543589276,37462.82456410724,1189.8071327365187,13087.878460101707,187314.12282053623,200402.00128063795,0.6551406037078404
33.0,81.0,96421.69,56725.69254743583,39695.997452564174,174.57429947748997,1920.3172942523897,198479.98726282085,200400.30455707325,0.588308424664988
32.0,98.0,89573.9,49675.975570536175,39897.92442946383,70.29742115919122,773.2716327511034,199489.62214731914,200262.89378007024,0.55458091665693
41.0,67.0,93601.69,53690.37450449412,39911.315495505885,58.84113825776562,647.2525208354218,199556.5774775294,200203.82999836482,0.5736047554749718
33.0,2.0,92161.98,52585.67386362978,39576.306136370215,139.88815000884486,1538.7696500972934,197881.5306818511,199420.30033194838,0.5705788207201037
21.0,49.0,110048.93,71600.97664687978,38447.95335312022,648.4635900137172,7133.099490150889,192239.7667656011,199372.86625575196,0.6506285581048338
22.0,16.0,108928.61,71330.48551855357,37598.12448144644,924.1000425128888,10165.100467641776,187990.62240723218,198155.72287487396,0.6548370122280416
44.0,4.0,91579.21,52368.51283254847,39210.69716745153,152.616484516493,1678.781329681423,196053.48583725764,197732.26716693907,0.5718384427267768
17.0,12.0,98691.33,59835.03799782935,38856.29200217065,305.404504552252,3359.4495500747717,194281.46001085325,197640.90956092803,0.6062846452452242
22.0,11.0,113791.08,75845.49246714993,37945.58753285007,719.0650319951714,7909.715351946885,189727.93766425038,197637.65301619726,0.6665328465741772
28.0,98.0,96672.36,57821.852113537396,38850.507886462605,284.90350556072536,3133.938561167979,194252.53943231303,197386.477993481,0.5981218635144254
45.0,17.0,108484.78,70291.78744256737,38192.99255743264,550.1540893801231,6051.6949831813545,190964.9627871632,197016.65777034455,0.6479414664671612
5.0,72.0,115619.48,77678.98682309342,37940.49317690657,661.3497738521236,7274.847512373359,189702.4658845329,196977.31339690625,0.6718503389142852
12.0,22.0,97512.41,58980.48719495339,38531.922805046604,387.9460683386189,4267.406751724808,192659.61402523305,196927.02077695786,0.6048510871073065
5.0,92.0,96443.45,57494.709607865145,38948.74039213486,159.6395745668556,1756.0353202354117,194743.70196067428,196499.7372809097,0.5961494493183844
29.0,9.0,115235.19,78224.82802370639,37010.36197629362,1030.1008219145492,11331.10904106004,185051.8098814681,196382.91892252813,0.6788276048636392
44.0,13.0,91456.39,52516.215603215984,38940.174396784016,133.61387632219837,1469.7526395441819,194700.8719839201,196170.62462346427,0.5742213923293493
27.0,42.0,105108.85,67085.45604274746,38023.393957252534,535.6028075159029,5891.630882674932,190116.96978626266,196008.6006689376,0.6382474553070219
5.0,96.0,88362.12,49424.74464726619,38937.37535273381,102.32970325977286,1125.6267358575014,194686.87676366905,195812.50349952656,0.5593431285630788
40.0,17.0,88983.45999999999,50666.44088054081,38317.01911945919,369.84978659314396,4068.3476525245833,191585.09559729593,195653.4432498205,0.5693916698737138
31.0,9.0,105302.48999999999,66955.96498217802,38346.52501782197,335.44745966126646,3689.922056273931,191732.62508910988,195422.5471453838,0.6358440810106012
2.0,42.0,94665.89,56006.3490840577,38659.5409159423,182.89484693049633,2011.8433162354595,193297.7045797115,195309.54789594698,0.5916212173577801
28.0,22.0,95558.74,57201.531369756325,38357.20863024367,315.31050241673324,3468.4155265840654,191786.0431512184,195254.45867780244,0.598600728408059
43.0,98.0,94699.4,56008.80274622589,38690.59725377411,159.41595526891763,1753.575507958094,193452.98626887056,195206.56177682863,0.5914377783410021
18.0,33.0,107034.01,70195.25248066119,36838.757519338804,969.1819594953427,10661.001554448769,184193.78759669402,194854.7891511428,0.65582194370426
1.0,25.0,102577.25,64769.802292623535,37807.447707376465,495.5555044418594,5451.1105488604535,189037.23853688233,194488.34908574278,0.6314246316081152
17.0,18.0,65491.759999999995,27843.404261204552,37648.35573879545,887.5114665024987,6212.580265517491,188241.77869397722,194454.3589594947,0.42514362510954895
16.0,17.0,88460.22,49863.82053175861,38596.39946824139,130.23260831604966,1432.5586914765463,192981.99734120694,194414.5560326835,0.5636863726063377
25.0,91.0,91775.86,53222.36487279926,38553.49512720074,108.39760119109881,1192.373613102087,192767.47563600368,193959.84924910578,0.5799168198783347
1.0,49.0,116344.03,78760.57356983212,37583.45643016788,537.124569937219,5908.370269309409,187917.28215083937,193825.65242014878,0.6769627420490086
41.0,25.0,92689.37,54551.80170336161,38137.56829663838,261.79611776544203,2879.757295419862,190687.84148319194,193567.59877861178,0.5885443142332462
25.0,14.0,105264.44,68200.7371236173,37063.7028763827,730.302466563652,8033.327132200172,185318.51438191347,193351.84151411365,0.6478991112631892
3.0,8.0,92117.42,53743.131716390744,38374.288283609254,125.55832493122116,1381.1415742434328,191871.44141804628,193252.5829922897,0.5834198538820425
10.0,12.0,94951.19,56885.8747741995,38065.31522580049,218.88985692795086,2407.7884262074595,190326.57612900247,192734.36455520993,0.5991064964451683
25.0,5.0,111411.82,74413.94618561146,36997.873814388535,645.1117886168412,7096.229674785253,184989.36907194267,192085.59874672792,0.6679178760890133
16.0,82.0,97583.51,59999.79061687836,37583.719383121635,376.52936550728987,4141.823020580188,187918.59691560818,192060.41993618838,0.6148558359591529
39.0,20.0,93369.61,56018.102638298515,37351.507361701486,439.05842771893543,4829.6427049082895,186757.53680850743,191587.17951341573,0.5999607649458802
36.0,91.0,97785.66,60516.065639517416,37269.59436048259,463.9502920971752,5103.453213068927,186347.97180241294,191451.4250154819,0.6188644187656699
21.0,26.0,111188.08,74325.24473501097,36862.83526498903,625.958159055261,6885.539749607871,184314.17632494518,191199.71607455306,0.6684641441331748
26.0,17.0,91790.71,54221.929362682524,37568.780637317475,288.4189125148634,3172.6080376634973,187843.90318658738,191016.5112242509,0.590712604387552
18.0,18.0,72164.64,38080.26898498378,34084.37101501622,1867.6420578675495,20544.062636543043,170421.8550750811,190965.91771162415,0.5276859828440047
10.0,21.0,92973.26,55524.10668011886,37449.153319881145,329.46444003737537,3624.1088404111288,187245.76659940573,190869.87543981688,0.5972051176878046
40.0,46.0,95196.7,57927.56337985131,37269.13662014869,410.4214396476727,4514.635836124399,186345.68310074345,190860.31893686784,0.6085039017093167
19.0,26.0,95051.13,58273.281780084966,36777.84821991504,629.2895865638195,6922.185452202015,183889.24109957519,190811.4265517772,0.6130730037621327
34.0,98.0,87971.19,50124.806751273485,37846.38324872652,127.39618255953577,1401.3580081548935,189231.9162436326,190633.27425178746,0.5697866170876339
44.0,81.0,89656.52,51810.78625294451,37845.73374705549,119.56205206604136,1315.182572726455,189228.66873527746,190543.8513080039,0.5778808529814062
13.0,42.0,91256.56,53616.14929759622,37640.41070240378,158.01852855080827,1738.203814058891,188202.05351201893,189940.25732607782,0.5875320009607662
20.0,41.0,103778.08,67499.30257322626,36278.77742677375,760.3659512745435,8364.025464019978,181393.88713386873,189757.91259788873,0.6504196509824258
19.0,18.0,84639.95,52750.011802777044,31889.938197222953,3353.0115398469948,30177.10385862295,159449.69098611476,189626.7948447377,0.6232282958907354
39.0,24.0,98116.76000000001,62032.16946938906,36084.59053061094,804.0032716123874,8844.03598773626,180422.9526530547,189266.98864079095,0.6322280665340871
8.0,74.0,100528.27,64055.80445955692,36472.465540443074,625.4441446005933,6879.885590606526,182362.32770221538,189242.2132928219,0.6371919506777239
34.0,87.0,93410.97,56506.95294375546,36904.01705624454,424.6728126226746,4671.4009388494205,184520.0852812227,189191.48622007214,0.6049284462387604
24.0,26.0,92866.17,56494.51368442496,36371.65631557505,665.0862409589798,7315.9486505487785,181858.28157787523,189174.230228424,0.6083433147337179
3.0,7.0,103558.83,67004.70337018787,36554.126629812126,557.3136883023718,6130.4505713260905,182770.63314906062,188901.08372038673,0.6470206680607329
28.0,58.0,106755.7,76386.38286175305,30369.31713824695,3358.5139477451985,36943.65342519718,151846.58569123477,188790.23911643194,0.715525099472469
15.0,22.0,89200.07,52872.12080967775,36327.94919032225,629.6133430405598,6925.746773446158,181639.74595161126,188565.49272505744,0.5927363152257363
25.0,79.0,91833.99,54931.351580187984,36902.63841981202,365.25169509137595,4017.7686460051355,184513.1920990601,188530.96074506524,0.5981592608596009
43.0,1.0,74836.72,37313.142056451725,37523.57794354828,41.95589735061995,461.51487085681947,187617.88971774137,188079.4045885982,0.4985940332025739
33.0,13.0,84821.95,47504.28174153259,37317.66825846741,113.13630337215157,1244.4993370936672,186588.34129233705,187832.84062943072,0.5600470366636536
13.0,12.0,91158.12,54634.810425488744,36523.30957451126,435.6551211849384,4792.206333034323,182616.5478725563,187408.7542055906,0.5993411275428755
20.0,18.0,110691.63,75088.92340008073,35602.70659991926,847.6612439619057,9324.273683580963,178013.53299959627,187337.80668317724,0.6783613485507507
28.0,17.0,92689.79,56298.214135828995,36391.575864171005,474.59677905435433,5220.564569597897,181957.87932085502,187178.4438904529,0.6073831231663056
45.0,11.0,114489.64,78630.7580747425,35858.881925257505,716.4646449688506,7881.111094657357,179294.40962628752,187175.52072094489,0.6867936528994457
13.0,21.0,89727.96,52828.051219388166,36899.90878061184,227.49669003292027,2502.463590362123,184499.5439030592,187002.00749342132,0.5887579659605341
14.0,24.0,104502.01,69204.41291710656,35297.59708289344,954.5459232224123,10500.005155446535,176487.9854144672,186987.99056991373,0.6622304481713468
11.0,98.0,92463.53,55497.81309178955,36965.71690821045,172.5205073433547,1897.7255807769016,184828.58454105226,186726.31012182916,0.6002130038923406
3.0,82.0,87926.15,50973.45903486242,36952.69096513758,159.64780781361358,1756.1258859497493,184763.4548256879,186519.58071163762,0.5797303650263593
10.0,30.0,98405.12,62064.879978481855,36340.24002151815,407.267304259113,4479.940346850243,181701.20010759076,186181.140454441,0.6307078328696907
23.0,21.0,93931.66,57652.323898685245,36279.33610131475,392.15737798107364,4313.73115779181,181396.6805065738,185710.4116643656,0.6137688176562114
45.0,16.0,107017.61,74733.6143493111,32283.9956506889,2205.258324597004,24257.841570567045,161419.97825344448,185677.81982401153,0.6983300631485893
6.0,55.0,104980.68000000001,68714.31370871044,36266.36629128956,383.3065969854668,4216.372566840135,181331.8314564478,185548.20402328795,0.6545424711357407
36.0,4.0,86778.97,50081.58679155091,36697.38320844909,125.44233015331329,1379.8656316864462,183486.91604224546,184866.7816739319,0.5771166308098714
39.0,87.0,98063.78,61647.627541722024,36416.15245827798,245.22923026659802,2697.5215329325783,182080.7622913899,184778.28382432248,0.6286482893247846
11.0,49.0,95239.53,59109.16747653908,36130.36252346092,372.9479310064155,4102.427241070571,180651.8126173046,184754.23985837516,0.6206369086086322
31.0,49.0,95688.53,59575.310315858005,36113.219684142,368.8290582730049,4057.1196410030534,180566.09842071,184623.21806171307,0.6225961493593642
11.0,67.0,90142.32,53558.98588489889,36583.33411510111,145.3950120447212,1599.3451324919333,182916.67057550556,184516.0157079975,0.5941602777130529
31.0,87.0,102069.22,66144.64917376966,35924.570826230345,435.70643520741544,4792.77078728157,179622.85413115172,184415.62491843328,0.6480371768665388
39.0,49.0,104187.45,68056.6222419718,36130.8277580282,324.11440049432326,3565.2584054375557,180654.138790141,184219.39719557858,0.6532132444164033
18.0,16.0,99015.27,63491.73955562165,35523.53044437835,575.5469008591449,6331.015909450594,177617.65222189174,183948.66813134233,0.6412317974350992
35.0,42.0,88114.96,51806.222600142464,36308.73739985754,217.82295099562816,2396.05246095191,181543.6869992877,183939.7394602396,0.5879390128548257
27.0,71.0,110890.53,76217.82538865127,34672.70461134873,954.9917995562507,10504.909795118758,173363.52305674367,183868.43285186242,0.6873249265618198
18.0,94.0,88141.2,51838.32012695873,36302.879873041275,185.2821770036983,2038.1039470406813,181514.39936520637,183552.50331224705,0.5881281412887359
4.0,24.0,122907.95999999999,88335.52744222022,34572.43255777978,949.5610537009298,10445.171590710228,172862.16278889892,183307.33437960915,0.718712827405322
41.0,16.0,102746.96,67928.12230473124,34818.83769526877,824.7952550285518,9072.74780531407,174094.18847634384,183166.93628165792,0.6611205071637276
7.0,1.0,95285.19,59237.5752842732,36047.6147157268,249.7017990363481,2746.719789399829,180238.073578634,182984.79336803383,0.6216871193128041
40.0,98.0,86628.79,50803.54388472108,35825.24611527892,320.1409318391624,3521.5502502307863,179126.2305763946,182647.78082662539,0.5864510387911581
14.0,20.0,97463.81,62499.759149162164,34964.05085083784,657.2828340029897,7230.111174032887,174820.2542541892,182050.36542822208,0.6412611937616862
7.0,82.0,95681.03,60155.71182491585,35525.31817508415,381.9097867154744,4201.007653870219,177626.59087542075,181827.59852929096,0.6287109558176355
15.0,25.0,92291.44,57294.207316344095,34997.23268365591,619.9189568489628,6819.108525338591,174986.16341827955,181805.27194361814,0.6207965475058586
44.0,97.0,83914.06,48187.90967931511,35726.15032068489,189.8792404129701,2088.671644542671,178630.75160342443,180719.42324796712,0.5742531070396917
43.0,82.0,84933.25,49239.32098825622,35693.92901174378,132.61724627534593,1458.7897090288052,178469.64505871892,179928.4347677477,0.5797413967822522
29.0,10.0,96760.33,61560.39145613339,35199.938543866614,342.9075463898835,3771.983010288719,175999.69271933308,179771.67572962178,0.6362151871137003
38.0,1.0,85409.23,49638.790682729195,35770.43931727081,68.0971596806436,749.0687564870796,178852.19658635402,179601.2653428411,0.5811876618338463
26.0,34.0,90032.55,55399.21915892768,34633.33084107232,562.5628227287357,6188.191050016093,173166.6542053616,179354.8452553777,0.6153243372416718
29.0,14.0,94545.74,59709.36943452623,34836.37056547377,434.4853176875789,4779.338494563368,174181.85282736886,178961.19132193222,0.6315395007170733
24.0,16.0,103204.99,69262.97690876531,33942.01309123468,828.2898503398836,9111.18835373872,169710.0654561734,178821.25380991213,0.6711204265294276
15.0,79.0,87098.94,51857.402175531905,35241.53782446809,214.60892829113592,2360.6982112024953,176207.68912234044,178568.38733354295,0.5953849975158355
32.0,67.0,85328.12,49853.241720360944,35474.87827963905,86.33486457322132,949.6835103054345,177374.39139819526,178324.0749085007,0.5842533706398424
2.0,21.0,92274.69,57055.18768188312,35219.50231811688,179.74405519926313,1977.1846071918944,176097.51159058438,178074.6961977763,0.6183189310295502
23.0,97.0,82411.83,47339.41493922014,35072.41506077985,228.45193409647015,2512.9712750611716,175362.07530389927,177875.04657896043,0.574424993829407
11.0,26.0,112709.8,78093.15941754167,34616.64058245834,435.3906039987014,4789.2966439857155,173083.2029122917,177872.4995562774,0.6928692927992213
37.0,79.0,84116.16,49075.01525576513,35041.144744234865,237.44449423873382,2611.889436626072,175205.72372117435,177817.6131578004,0.5834195861504511
7.0,5.0,117278.3,82747.19739072217,34531.102609277834,459.9003144940062,5058.903459434068,172655.51304638915,177714.41650582323,0.7055627289167916
21.0,33.0,111441.76,78617.36363264389,32824.39636735611,1171.76857679726,12889.454344769862,164121.98183678053,177011.4361815504,0.7054569456965135
20.0,16.0,121387.51,88151.64849820433,33235.86150179566,972.309872186962,10695.408594056582,166179.30750897832,176874.7161030349,0.7262003191119444
1.0,17.0,88710.41,54026.783094105136,34683.62690589486,298.34813488516227,3281.829483736785,173418.1345294743,176699.9640132111,0.6090241618103798
9.0,74.0,83485.24,48504.648020142646,34980.59197985736,148.44426432951852,1632.8869076247038,174902.9598992868,176535.8468069115,0.5809966889972724
22.0,33.0,92253.92,58501.76464508765,33752.15535491235,687.5847327067709,7563.432059774479,168760.77677456176,176324.20883433623,0.6341385238165235
12.0,55.0,100875.9,66803.94017088562,34071.95982911439,507.28727520463815,5580.1600272510195,170359.79914557195,175939.95917282297,0.662238851607625
17.0,44.0,81038.85,46204.012146566834,34834.83785343317,134.36350838211663,1477.998592203283,174174.18926716584,175652.18785936912,0.5701464439163048
32.0,16.0,95877.93,62661.035869477615,33216.894130522385,856.5628089398954,9422.19089833885,166084.47065261193,175506.66155095078,0.6535501535074612
4.0,32.0,113629.82,80554.74721619996,33075.07278380004,905.5858208039776,9961.444028843754,165375.3639190002,175336.80794784395,0.7089225981014486
29.0,87.0,95359.31,60997.56117079749,34361.74882920251,314.42596482733717,3458.685613100709,171808.74414601256,175267.42975911326,0.6396602614972517
12.0,44.0,80173.5,45596.44403902319,34577.05596097681,215.77224813105394,2373.4947294415933,172885.27980488405,175258.77453432564,0.5687221343588991
31.0,25.0,90313.27,56305.958293546806,34007.31170645319,470.7378322255377,5178.116154480915,170036.55853226595,175214.67468674688,0.6234516621261394
16.0,90.0,88562.34,54047.18573941919,34515.154260580806,224.81241902490174,2472.936609273919,172575.77130290406,175048.70791217795,0.6102727834361558
20.0,12.0,89810.18000000001,55258.59428503371,34551.5857149663,202.1060939797163,2223.167033776879,172757.9285748315,174981.09560860836,0.6152820792145579
1.0,55.0,104216.31,70306.9049821186,33909.40501788139,434.14567240213563,4775.602396423492,169547.025089407,174322.62748583048,0.6746247778502099
25.0,16.0,98350.87,65039.079374360364,33311.79062563964,699.5986577387571,7695.5852351263275,166558.9531281982,174254.5383633245,0.6612964315858149
39.0,33.0,89623.73,56003.564259099796,33620.16574090021,557.7754025414671,6135.5294279561385,168100.82870450104,174236.35813245716,0.6248742856283687
29.0,5.0,112951.28,79345.75315689699,33605.52684310302,549.8809470240392,6048.690417264431,168027.6342155151,174076.32463277952,0.7024776802608788
28.0,24.0,103603.73999999999,70338.9201712062,33264.81982879379,701.3632288843811,7714.995517728193,166324.09914396898,174039.09466169716,0.6789225965318068
26.0,98.0,85519.09,51534.980789599635,33984.10921040037,373.55593031045197,4109.115233414972,169920.54605200185,174029.6612854168,0.6026137648284101
16.0,7.0,89106.74,54954.46460797522,34152.275392024785,263.5851970722393,2899.437167794632,170761.37696012392,173660.81412791854,0.6167262387556229
42.0,82.0,80533.84,46354.65388345079,34179.18611654921,209.81795553479532,2307.9975108827484,170895.93058274605,173203.9280936288,0.5755922464823581
2.0,55.0,97470.13,63714.46785630674,33755.66214369326,391.4377852694277,4305.815637963705,168778.3107184663,173084.12635643,0.653681982944998
17.0,22.0,98330.70999999999,66225.87436357635,32104.835636423642,1136.6511506591298,12503.162657250428,160524.17818211822,173027.34083936864,0.6735014357526388
39.0,55.0,90974.62,57258.29422780026,33716.325772199736,396.3384109342507,4359.722520276758,168581.6288609987,172941.35138127545,0.6293875613638206
35.0,29.0,85216.9,51475.78325486649,33741.11674513351,372.03942816634174,4092.433709829759,168705.58372566756,172798.0174354973,0.6040560411710176
11.0,29.0,85504.29,51733.718743757614,33770.57125624239,323.64699716903874,3560.1169688594264,168852.85628121192,172412.97325007134,0.6050423755785542
29.0,82.0,105040.5,72211.0002006914,32829.4997993086,687.4475909086631,7561.923499995293,164147.498996543,171709.4224965383,0.687458648813471
29.0,74.0,93107.43000000001,59694.55728477104,33412.87271522896,409.21015820853063,4501.311740293837,167064.3635761448,171565.67531643863,0.6411363441647034
45.0,26.0,86252.82,52907.51545493213,33345.30454506787,437.4567924034789,4812.024716438268,166726.52272533934,171538.5474417776,0.6134004135161276
33.0,40.0,82519.75,48642.96487535694,33876.78512464306,175.42648341527573,1929.691317568033,169383.9256232153,171313.61694078334,0.5894705797746229
31.0,22.0,87421.59999999999,54060.16161675756,33361.438383242436,404.99768079160907,4454.9744887076995,166807.19191621218,171262.16640491987,0.6183844909811484
22.0,42.0,85426.20999999999,51985.32695306402,33440.88304693598,336.27934346973694,3699.0727781671067,167204.4152346799,170903.48801284702,0.6085407154673492
8.0,12.0,84829.3,51562.454692836865,33266.84530716314,356.272176641534,3918.993943056874,166334.2265358157,170253.22047887256,0.6078377953470896
32.0,25.0,82694.22,49085.59277445552,33608.62722554448,162.16485437440727,1783.81339811848,168043.1361277224,169826.94952584087,0.5935794880761379
45.0,25.0,83798.86,50579.78556312812,33219.07443687187,324.00525569530186,3564.0578126483206,166095.37218435938,169659.4299970077,0.6035856044238325
34.0,16.0,98755.5,67349.39478459294,31406.105215407064,1069.116928706203,11760.286215768232,157030.52607703532,168790.81229280354,0.6819812039288236
18.0,97.0,85749.93,52712.35221249283,33037.57778750717,295.12723660424876,3246.3996026467366,165187.88893753584,168434.28854018258,0.6147218104142222
39.0,25.0,82291.08,49259.81438074724,33031.265619252765,293.09572812184905,3224.0530093403395,165156.3280962638,168380.38110560414,0.5986045435391932
14.0,55.0,109436.98,76813.84093907005,32623.13906092995,439.1466733183545,4830.6134065019,163115.69530464974,167946.30871115165,0.7019002254911462
14.0,16.0,104464.06,75880.5280966471,28583.53190335289,2274.0235072244573,25014.258579469028,142917.65951676446,167931.91809623348,0.726379274332695
11.0,55.0,99329.53,66523.34805355826,32806.18194644174,309.4678429678011,3404.146272645812,164030.90973220873,167435.05600485453,0.6697237775469014
12.0,81.0,78238.46,45159.062122014766,33079.39787798523,164.70278849495182,1811.73067344447,165396.98938992617,167208.72006337065,0.5771977378135352
14.0,83.0,93018.34,61271.80627303866,31746.533726961337,734.7132496584044,8081.845746242448,158732.6686348067,166814.51438104914,0.6587067267921429
2.0,32.0,96637.57,64478.00218828955,32159.567811710447,524.7024232754267,5771.726656029694,160797.83905855223,166569.56571458193,0.6672146473497786
39.0,71.0,85260.47,53063.51049249505,32196.95950750495,507.20585948170975,5579.264454298807,160984.79753752475,166564.06199182355,0.6223694344224826
4.0,16.0,113720.95,84113.63367317899,29607.316326821,1673.2897040549558,18406.186744604514,148036.581634105,166442.76837870953,0.7396494108884862
11.0,32.0,93851.75,61513.55301671457,32338.19698328543,390.82332487400896,4299.056573614099,161690.98491642714,165990.04149004124,0.6554332020097076
8.0,18.0,57281.44,27483.330258530532,29798.10974146947,1476.6621342543558,16243.283476797913,148990.54870734736,165233.83218414526,0.4797946814628007
20.0,33.0,110930.01,79561.17805915495,31368.831940845055,759.2569444362285,8351.826388798514,156844.15970422528,165195.9860930238,0.7172196059403128
41.0,26.0,85053.86,52998.22848743279,32055.631512567215,427.4264119370841,4701.690531307925,160278.15756283607,164979.84809414402,0.6231137362540958
25.0,67.0,80257.93,47603.4238438165,32654.506156183503,137.25347397432282,1509.7882137175511,163272.5307809175,164782.31899463508,0.5931304712670324
29.0,79.0,88015.89,55806.02946365597,32209.860536344033,338.1966598309254,3720.163258140179,161049.30268172018,164769.46593986035,0.6340449373818292
1.0,21.0,81894.31,49374.50330332754,32519.80669667246,160.73170482512936,1768.048753076423,162599.0334833623,164367.0822364387,0.602905175015548
45.0,87.0,87335.67,55193.59899973725,32142.07100026275,296.7454360005786,3264.1997960063645,160710.35500131376,163974.5547973201,0.6319708659673333
31.0,17.0,83563.15,51307.65963378603,32255.49036621397,242.3132569734734,2665.4458267082073,161277.45183106983,163942.89765777806,0.6139986301831134
13.0,20.0,91622.07,60006.344137301596,31615.725862698404,498.12205366315396,5479.342590294694,158078.629313492,163557.97190378673,0.6549332943176419
35.0,81.0,77525.15,45520.72279891036,32004.42720108964,282.01865122280236,3102.205163450826,160022.1360054482,163124.34116889903,0.5871736178377
40.0,22.0,77240.18,45707.54241592398,31532.63758407602,469.84595546121403,5168.3055100733545,157663.1879203801,162831.49343045344,0.591758621172607
29.0,17.0,84886.87,53071.217720114895,31815.652279885107,317.74094021801244,3495.1503423981367,159078.26139942554,162573.41174182366,0.6251993708816793
9.0,14.0,78409.93,46276.73924861792,32133.190751382077,166.0631180607165,1826.6942986678814,160665.9537569104,162492.64805557826,0.5901897788790007
45.0,22.0,83551.31999999999,51705.66923635557,31845.650763644426,286.16999267017655,3147.869919371942,159228.25381822212,162376.12373759405,0.6188492202918586
17.0,67.0,75419.84,43116.595227495614,32303.244772504386,65.07884062631571,715.8672468894729,161516.22386252193,162232.0911094114,0.5716877048200528
27.0,83.0,85576.14,53943.70173366822,31632.43826633178,364.3996995726438,4008.3966952990813,158162.1913316589,162170.588026958,0.6303591367134369
22.0,29.0,78449.77,46572.41292929416,31877.357070705846,252.56753303186187,2778.2428633504805,159386.7853535292,162165.0282168797,0.5936590117382645
8.0,98.0,79524.98,47765.60631838882,31759.373681611178,227.45943753340327,2502.053812867436,158796.8684080559,161298.92222092333,0.6006365084076578
6.0,21.0,84453.67,52851.93870654469,31601.731293455312,286.24275115814237,3148.670262739566,158008.65646727654,161157.32673001612,0.6258098517985624
4.0,21.0,86420.62,54947.58812023439,31473.031879765615,340.9933311022039,3750.926642124243,157365.15939882808,161116.0860409523,0.6358157129656602
28.0,33.0,106204.35,75511.97904913146,30692.37095086854,681.7368463506418,7499.10530985706,153461.8547543427,160960.96006419975,0.7110064611207683
35.0,91.0,80904.75,49593.81368720197,31310.936312798036,360.0299222527992,3960.3291447807915,156554.68156399016,160515.01070877095,0.6129901357732639
12.0,71.0,76225.44,44741.565772822374,31483.87422717762,280.38370150321913,3084.2207165354102,157419.37113588813,160503.59185242353,0.5869636931295165
35.0,71.0,107929.12,77632.13417275979,30296.985827240213,806.9063450527422,8875.969795580164,151484.92913620107,160360.89893178124,0.7192881232864661
34.0,17.0,73917.86,42397.018984518116,31520.84101548189,245.2883250541913,2698.171575596104,157604.20507740945,160302.37665300554,0.5735693509595396
1.0,18.0,52869.29,25300.225661991833,27569.064338008167,2025.8615264098155,22284.47679050797,137845.32169004082,160129.7984805488,0.47854294358770155
23.0,44.0,81315.31,49938.45171424636,31376.858285753646,294.34928582145307,3237.8421440359834,156884.29142876822,160122.1335728042,0.6141334481076978
12.0,42.0,73411.63,41891.72588029307,31519.904119706935,195.3510705261834,2148.8617757880174,157599.52059853467,159748.38237432268,0.5706415438574659
2.0,12.0,86000.33,54448.85619672958,31551.47380327042,161.69713834729944,1778.6685218202938,157757.36901635208,159536.0375381724,0.6331238054171371
26.0,25.0,76649.89,45726.55948579655,30923.33051420345,437.85056004286923,4816.356160471561,154616.65257101727,159433.0087314888,0.5965639283474059
11.0,44.0,74629.26,43196.18098488255,31433.07901511745,198.94841703365043,2188.4325873701546,157165.39507558726,159353.82766295742,0.5788102546492161
20.0,29.0,87145.73,56346.97272199059,30798.757278009412,468.98559634526924,5158.841559797962,153993.78639004705,159152.62794984502,0.6465832889573659
11.0,16.0,103776.44,74084.93793225843,29691.502067741578,955.9181511782863,10515.099662961149,148457.51033870789,158972.61000166903,0.7138897608383794
9.0,46.0,74879.08,43455.59345272233,31423.48654727767,156.61435399303397,1722.7578939233736,157117.43273638835,158840.19063031173,0.5803435813143314
18.0,42.0,77746.26,46743.34797025987,31002.91202974013,343.9466920373981,3783.4136124113793,155014.56014870066,158797.97376111205,0.6012295378614981
27.0,29.0,81647.61,50939.04289541408,30708.567104585916,458.9130396904984,5048.0434365954825,153542.83552292958,158590.87895952506,0.6238889649729378
24.0,55.0,110286.96,80495.24479857353,29791.715201426472,865.1453590976137,9516.59895007375,148958.57600713236,158475.1749572061,0.7298709185435298
30.0,79.0,70239.75,39163.38352924414,31076.36647075586,243.42572933894246,2677.683022728367,155381.8323537793,158059.51537650765,0.5575672397644375
19.0,55.0,105918.87,75450.57505010007,30468.294949899922,478.8112854406787,5266.924139847466,152341.47474949958,157608.39888934707,0.7123430891030095
25.0,25.0,77216.56,46651.15318265121,30565.406817348794,376.4253986344094,4140.679384978504,152827.03408674395,156967.71347172247,0.6041599519928266
28.0,42.0,73362.86,42479.74919628277,30883.11080371723,228.56564395936957,2514.222083553065,154415.55401858615,156929.7761021392,0.5790361662056628
19.0,42.0,75265.73,44591.41454812185,30674.31545187815,277.03377953846706,3047.371574923138,153371.57725939073,156418.94883431387,0.5924530931689874
14.0,29.0,82134.33,52149.132862368526,29985.197137631476,589.5933229844723,6485.526552829195,149925.98568815738,156411.51224098657,0.634924919486998
8.0,22.0,87572.96,57000.988810927054,30571.971189072952,298.5991460620217,3284.590606682239,152859.85594536475,156144.44655204698,0.6508971354962428
32.0,42.0,77310.44,46719.927451986616,30590.512548013387,255.9191382962309,2815.11052125854,152952.56274006693,155767.67326132546,0.6043158912559108
3.0,79.0,79561.97,48838.175207188484,30723.794792811517,176.5546294853285,1942.1009243386134,153618.97396405757,155561.0748883962,0.6138381843384281
34.0,74.0,81399.58,50703.861655161534,30695.718344838464,164.09059128351757,1804.9965041186933,153478.59172419232,155283.588228311,0.6229007773155775
4.0,12.0,83358.4,53204.08691265023,30154.313087349765,376.1949563244083,4138.144519568491,150771.56543674885,154909.70995631733,0.6382570552295898
8.0,17.0,77287.83,47115.09832270628,30172.73167729372,364.8860484238698,4013.746532662568,150863.6583864686,154877.40491913116,0.609605656190713
18.0,20.0,78548.2,48759.287193926604,29788.9128060734,497.5650031719296,5473.2150348912255,148944.564030367,154417.77906525822,0.6207562642291816
12.0,32.0,81799.62,51532.43565140417,30267.18434859583,216.57377221826434,2382.3114944009076,151335.92174297915,153718.23323738005,0.6299838025091581
6.0,32.0,91936.19,63374.68664694408,28561.503353055923,958.537843044199,10543.91627348619,142807.51676527964,153351.4330387658,0.6893334022972246
26.0,22.0,76691.45,47145.27342533273,29546.176574667268,435.65500929467106,4792.205102241382,147730.88287333635,152523.0879755777,0.6147396277594533
33.0,4.0,71781.03,41623.46795399136,30157.562046008636,104.94104315187955,1154.351474670675,150787.8102300432,151942.16170471386,0.5798672428354869
2.0,24.0,106588.7,79695.17862552615,26893.52137447385,1583.5082582047269,17418.590840251996,134467.60687236924,151886.19771262124,0.747688813406357
40.0,3.0,88273.54,59211.40772927732,29062.13227072268,582.1464364156798,6403.610800572477,145310.6613536134,151714.2721541859,0.670771872627713
19.0,24.0,76072.69,47357.84887134576,28714.84112865424,699.8781413318605,7698.659554650466,143574.2056432712,151272.86519792167,0.6225341692445181
11.0,24.0,108242.36,80559.86656553413,27682.493434465872,1136.392906292843,12500.321969221273,138412.46717232937,150912.78914155063,0.7442545281305224
21.0,91.0,72810.35,43075.863997798995,29734.486002201,201.39917928088,2215.39097208968,148672.430011005,150887.8209830947,0.5916173181120403
1.0,42.0,81429.55,51998.683348856044,29430.86665114396,322.2932578302473,3545.2258361327204,147154.3332557198,150699.5590918525,0.6385726477532547
9.0,12.0,77943.31,48536.978554614674,29406.331445385324,269.51262496565687,2964.6388746222256,147031.65722692662,149996.29610154885,0.6227215466550583
6.0,26.0,98165.12,69453.13379267028,28711.98620732971,556.1192375532678,6117.311613085945,143559.93103664854,149677.24264973451,0.7075133590492253
7.0,22.0,78796.01,49954.86068404632,28841.149315953677,459.2922538956854,5052.214792852539,144205.7465797684,149257.96137262092,0.6339770336600333
13.0,49.0,94923.55,66788.8069441781,28134.743055821895,753.3089673197272,8286.398640517,140673.71527910948,148960.11391962648,0.7036062910013173
28.0,26.0,92414.9,63713.72498787298,28701.175012127023,488.09256372277775,5369.018200950555,143505.8750606351,148874.89326158565,0.6894313036953238
34.0,67.0,71253.8,41832.046851990606,29421.753148009397,158.86806048502868,1747.5486653353155,147108.76574004698,148856.3144053823,0.5870851358382375
21.0,81.0,66093.95999999999,36553.55371469274,29540.406285307257,67.0211214089281,737.2323354982091,147702.0314265363,148439.2637620345,0.5530543746310971
11.0,21.0,75264.89,46252.574922222615,29012.315077777384,278.90185885724185,3067.9204474296603,145061.57538888694,148129.4958363166,0.6145305589661078
9.0,55.0,73887.77,45019.35559261237,28868.414407387627,327.93646896756496,3607.301158643215,144342.07203693813,147949.37319558137,0.6092937382277523
16.0,22.0,77967.25,49450.186722731465,28517.063277268535,408.63059556419034,4494.936551206094,142585.3163863427,147080.2529375488,0.634243053624842
32.0,41.0,74606.7,47220.20629269543,27386.49370730457,904.3768625133777,9948.145487647154,136932.46853652285,146880.61402417,0.6329217924488744
37.0,82.0,68773.41,39676.48021205567,29096.92978794433,116.22393974426937,1278.4633371869631,145484.64893972164,146763.11227690862,0.57691599430733
39.0,21.0,76299.68000000001,47577.76958787412,28721.91041212588,241.60549287118695,2657.6604215830566,143609.5520606294,146267.21248221246,0.6235644708847287
30.0,80.0,72874.19,44003.13710917832,28871.05289082168,171.98888280323115,1891.8777108355425,144355.2644541084,146247.14216494394,0.6038233441658607
8.0,34.0,80242.54,51802.92168024846,28439.618319751542,364.85282244140325,4013.3810468554357,142198.09159875772,146211.47264561313,0.6455792860027669
27.0,32.0,76959.27,48554.3505416483,28404.9194583517,371.16256983360677,4082.7882681696747,142024.5972917585,146107.38555992817,0.630909707714851
12.0,91.0,71849.1,43090.710505511466,28758.389494488536,209.81245163717978,2307.9369680089776,143791.9474724427,146099.88444045166,0.5997390434328539
16.0,3.0,90896.21,63660.69771137981,27235.512288620186,860.1315628713938,9461.447191585332,136177.56144310095,145639.00863468627,0.7003669098126293
29.0,25.0,74115.27,45650.45031869555,28464.819681304452,284.0880852909732,3124.9689382007055,142324.09840652227,145449.06734472298,0.615938528169641
14.0,32.0,89563.44,61757.5171706585,27805.922829341496,574.0568065792947,6314.624872372242,139029.6141467075,145344.23901907972,0.6895393608224349
21.0,22.0,73516.3,45186.90723940232,28329.392760597686,304.0906740698076,3344.997414767884,141646.9638029884,144991.9612177563,0.6146515431190405
6.0,20.0,85271.47,57143.66383660698,28127.806163393023,382.92664099015894,4212.1930508917485,140639.0308169651,144851.22386785687,0.67013813455552
3.0,11.0,85333.33,57059.44971234914,28273.880287650863,303.09047756371893,3333.9952532009083,141369.4014382543,144703.39669145521,0.6686654524363357
16.0,14.0,86228.81,58526.751022269964,27702.058977730037,541.8044469369056,5959.848916305962,138510.29488865018,144470.14380495614,0.6787377794297517
23.0,50.0,85209.0,57248.728876597146,27960.271123402854,418.7846093888089,4606.630703276898,139801.35561701428,144407.98632029118,0.6718624661314785
45.0,97.0,72362.04,44050.29246634093,28311.747533659072,247.9549492956693,2727.5044422523624,141558.73766829536,144286.24211054773,0.6087486265774283
40.0,67.0,68420.81,40112.35272953587,28308.45727046413,243.3639336838349,2677.003270522184,141542.28635232063,144219.28962284283,0.5862595419366692
17.0,55.0,83610.37,55560.797769320176,28049.572230679823,355.59945163908634,3911.59396802995,140247.86115339914,144159.45512142908,0.6645204149834546
1.0,24.0,89916.26,63587.843208801656,26328.416791198342,1093.8735200639042,12032.608720702945,131642.0839559917,143674.69267669466,0.7071895918357999
19.0,33.0,77883.63,50612.89683138102,27270.733168618986,624.7447688650752,6872.192457515827,136353.66584309493,143225.85830061077,0.6498528231334494
43.0,46.0,66300.98,38252.14017990815,28048.839820091853,248.68609855437344,2735.547084098108,140244.1991004593,142979.74618455739,0.5769468291405068
8.0,16.0,95845.82,68988.27325055613,26857.54674944387,779.0781416977317,8569.859558675049,134287.73374721935,142857.5933058944,0.719783849212789
7.0,81.0,70310.01,42399.867933428206,27910.142066571792,284.5435927674449,3129.9795204418942,139550.71033285896,142680.68985330086,0.603041699658814
19.0,21.0,70704.06,42927.8057675841,27776.2542324159,277.1753399979383,3048.928739977321,138881.2711620795,141930.1999020568,0.6071476767753379
7.0,42.0,76519.24,49153.79503977791,27365.44496022209,463.154002069092,5094.694022760012,136827.22480111045,141921.91882387045,0.6423717099095327
17.0,32.0,65197.65,37449.73234941411,27747.917650585892,215.59537118547863,2371.549083040265,138739.58825292945,141111.13733596972,0.5744031011764091
40.0,21.0,69739.94,42093.44005387197,27646.499946128028,251.6070074357902,2767.677081793692,138232.49973064015,141000.1768124338,0.6035772335604529
10.0,33.0,119987.43,95332.04447143825,24655.385528561746,1602.8425676112813,17631.268243724095,123276.92764280875,140908.19588653283,0.7945169295770252
39.0,83.0,66671.19,39020.21936645129,27650.970633548714,208.204836295967,2290.253199255637,138254.85316774357,140545.1063669992,0.5852635803628417
12.0,29.0,73057.0,45763.24132596311,27293.758674036893,364.46116763809846,4009.0728440190833,136468.79337018446,140477.86621420353,0.6264046063479627
26.0,16.0,74231.45,47710.809285610885,26520.640714389116,677.2894714553557,7450.184186008913,132603.20357194557,140053.38775795448,0.642730396423765
8.0,25.0,72933.67,45659.03454228314,27274.63545771686,316.497882813364,3481.476710947004,136373.17728858432,139854.65399953132,0.6260350609297892
19.0,58.0,66910.0,40011.1753378917,26898.8246621083,475.95853029414576,5235.543833235603,134494.1233105415,139729.66714377713,0.5979849848735869
23.0,30.0,76625.56999999999,49873.80545110044,26751.76454889956,518.2420062306373,5700.662068537011,133758.8227444978,139459.4848130348,0.6508767954496187
19.0,12.0,71806.99,44604.342903986966,27202.647096013032,302.80188636603276,3330.8207500263607,136013.23548006517,139344.05623009152,0.6211699293339961
32.0,18.0,57896.08,31728.377277743868,26167.702722256134,1054.0002475672054,8432.001980537643,130838.51361128066,139270.51559181832,0.54802289339354
28.0,32.0,69894.03,42992.81243935041,26901.217560649584,424.66742857200757,4671.341714292083,134506.08780324794,139177.42951754,0.6151142299184982
3.0,55.0,79525.17,52361.16039977236,27164.00960022764,298.87550944411464,3287.630603885261,135820.0480011382,139107.67860502345,0.6584224893800587
9.0,22.0,66348.08,39105.16043570309,27242.91956429691,248.7041853046374,2735.7460383510115,136214.59782148455,138950.3438598356,0.589394002595148
11.0,42.0,70162.64,42966.29282658631,27196.34717341369,250.7977970148656,2758.775767163522,135981.73586706846,138740.51163423198,0.6123813588910895
27.0,55.0,96851.21,71094.24158893805,25756.968411061946,887.0623794131772,9757.68617354495,128784.84205530972,138542.52822885467,0.7340563074941246
22.0,20.0,69228.72,42430.930699674675,26797.789300325323,374.70264719212224,4121.7291191133445,133988.9465016266,138110.67562073996,0.6129093633346778
44.0,80.0,64272.76,37006.481558311134,27266.278441688868,124.34343846181028,1367.777823079913,136331.39220844433,137699.17003152423,0.5757724043328952
24.0,18.0,63561.47,39021.82717401238,24539.642825987616,1343.8246819717442,14782.071501689186,122698.21412993807,137480.28563162725,0.6139226668925747
19.0,20.0,72307.05,45866.34818176396,26440.701818236037,444.472361736415,4889.195979100565,132203.5090911802,137092.70507028076,0.6343274712737411
20.0,71.0,75170.09,48490.821470587536,26679.268529412468,271.3464758142039,2984.811233956243,133396.34264706232,136381.15388101857,0.6450813278338171
41.0,58.0,86030.0,62099.09126140617,23930.908738593833,1486.9078438995382,16355.98628289492,119654.54369296915,136010.52997586408,0.7218306551366519
25.0,87.0,74425.35,47902.926686295155,26522.423313704843,300.6610091422555,3307.2711005648107,132612.11656852422,135919.38766908902,0.6436372376655958
2.0,29.0,66162.33,39462.248972604284,26700.081027395718,218.38804223048143,2402.2684645352956,133500.4051369786,135902.6736015139,0.5964458774744523
22.0,44.0,65671.64,38753.748724190125,26917.891275809874,115.62443813281988,1271.8688194610186,134589.45637904937,135861.32519851037,0.5901139171214564
24.0,24.0,74216.84,49892.354723219905,24324.48527678009,1280.5291272584013,14085.820399842414,121622.42638390046,135708.24678374288,0.6722511322662068
15.0,16.0,79770.79000000001,54180.031749493995,25590.75825050601,679.886298029691,7478.749278326602,127953.79125253005,135432.54053085664,0.6791963793951895
5.0,11.0,70885.39,44318.48301597379,26566.90698402621,229.57280114316836,2525.300812574852,132834.53492013106,135359.83573270592,0.6252132211725687
42.0,46.0,63827.78,37216.85747112749,26610.922528872507,199.31638684689707,2192.480255315868,133054.61264436253,135247.0928996784,0.5830824363800134
40.0,34.0,73322.56,47311.22732713231,26011.33267286769,461.88818617774666,5080.770047955213,130056.66336433846,135137.43341229367,0.6452478926967676
25.0,42.0,63293.18,36785.60287492836,26507.577125071643,234.69174735617128,2581.609220917884,132537.8856253582,135119.4948462761,0.5811937854114513
14.0,42.0,71555.24,45631.53233510395,25923.707664896054,480.64493321930985,5287.094265412408,129618.53832448027,134905.63258989266,0.6377105622887149
10.0,35.0,74834.35,48664.04354869476,26170.30645130524,365.8400752986281,4024.240828284909,130851.5322565262,134875.7730848111,0.6502901882450339
33.0,80.0,71238.54,44820.51516215914,26418.024837840854,218.4231502292724,2402.6546525219965,132090.12418920427,134492.77884172625,0.6291610575140808
41.0,42.0,65960.26,39689.38607980309,26270.87392019691,269.41420108876247,2963.556211976387,131354.36960098456,134317.92581296095,0.6017166408956407
26.0,21.0,66105.38,39726.995128259594,26378.384871740403,194.17494001958684,2135.9243402154552,131891.92435870203,134027.84869891749,0.6009646284199499
1.0,67.0,67312.64,40755.29142916182,26557.348570838178,106.70174185051945,1173.719160355714,132786.7428541909,133960.46201454662,0.6054626802508685
2.0,26.0,94206.76,68538.6232007385,25668.136799261498,503.89809365270446,5542.879030179749,128340.68399630749,133883.56302648725,0.7275340241054729
40.0,16.0,76941.7,51669.51045626338,25272.189543736622,682.0317519393274,7502.3492713326,126360.9477186831,133863.29699001572,0.6715410558418047
13.0,29.0,66846.53,40641.81599559019,26204.714004409812,222.5639180701867,2448.2030987720536,131023.57002204907,133471.77312082113,0.6079869216186717
4.0,71.0,80977.63,55572.69454768378,25404.93545231622,578.8185866613976,6367.004453275374,127024.6772615811,133391.68171485647,0.6862721784730397
20.0,24.0,103822.79000000001,79768.60461720695,24054.18538279305,1165.7610558743581,12823.37161461794,120270.92691396526,133094.2985285832,0.7683149780236781
1.0,83.0,64559.61,38487.77767305292,26071.832326947075,234.5296020324937,2579.825622357431,130359.16163473537,132938.9872570928,0.5961587697486543
42.0,98.0,63254.12,36825.06619339247,26429.053806607528,64.25248873759682,706.777376113565,132145.26903303762,132852.0464091512,0.5821765632561559
1.0,22.0,78845.5,53554.07562662782,25291.42437337218,580.744580893753,6388.190389831283,126457.12186686089,132845.31225669218,0.6792280552045179
14.0,21.0,74098.03,48549.02898870869,25549.001011291308,441.8591439530566,4860.450583483623,127745.00505645655,132605.45563994016,0.655199996392734
24.0,33.0,72323.85,49319.409152165004,23004.440847834998,1533.9641526398423,16873.605679038264,115022.20423917499,131895.80991821326,0.6819245539633882
34.0,55.0,80426.73000000001,55047.27878776813,25379.45121223187,432.37711110734256,4756.148222180768,126897.25606115935,131653.40428334012,0.6844400958209805
4.0,49.0,74658.09,48833.0078591489,25825.082140851096,201.890940222333,2220.800342445663,129125.41070425548,131346.21104670115,0.6540886307049766
29.0,11.0,72391.56,47287.93527055245,25103.62472944755,512.2889154887512,5635.178070376262,125518.12364723776,131153.30171761403,0.6532244265844313
1.0,33.0,79924.75,55781.86312521282,24142.886874787182,933.5197977552435,10268.71777530768,120714.43437393592,130983.15214924359,0.6979297792637802
24.0,42.0,68059.59,42517.25055058075,25542.33944941925,283.80173974175574,3121.819137159313,127711.69724709625,130833.51638425558,0.6247062397904652
10.0,24.0,122995.45,102569.80576614162,20425.644233858373,2608.534568599273,28693.880254592,102128.22116929186,130822.10142388387,0.8339317085806152
15.0,33.0,59065.44,33859.64144073401,25205.798559265986,404.12824933395854,4445.410742673544,126028.99279632993,130474.40353900347,0.5732563990166502
18.0,32.0,72520.45,47277.85704015705,25242.592959842954,383.9053920758066,4222.959312833873,126212.96479921477,130435.92411204864,0.6519244853025188
3.0,46.0,64111.55,38381.73768904965,25729.81231095035,141.0202687934033,1551.2229567274362,128649.06155475174,130200.28451147919,0.5986711862222899
38.0,82.0,63402.55,37593.170713877174,25809.379286122825,102.52371244663813,1127.7608369130194,129046.89643061413,130174.65726752715,0.592928371396374
39.0,29.0,66272.53,41353.39318749207,24919.136812507935,466.4639319057985,5131.1032509637835,124595.68406253967,129726.78731350346,0.6239899576414552
31.0,26.0,79549.24,54649.762504749095,24899.477495250903,436.695882062061,4803.654702682671,124497.38747625452,129301.04217893718,0.6869928927636404
25.0,22.0,66063.27,41059.88684434718,25003.38315565282,365.8522419005838,4024.374660906422,125016.91577826411,129041.29043917052,0.6215236824387769
14.0,71.0,83848.91,60028.37109063332,23820.538909366678,902.9947418988558,9932.942160887413,119102.69454683339,129035.63670772081,0.7159111679642981
35.0,31.0,61630.11,39453.9219725863,22176.1880274137,1637.5400572940387,18012.940630234425,110880.9401370685,128893.88076730292,0.6401728306599859
34.0,34.0,66345.43000000001,41229.21566001187,25116.21433998813,290.0634704622587,3190.6981750848454,125581.07169994066,128771.76987502551,0.621432639143523
33.0,98.0,65753.15,40545.894653880365,25207.255346119637,238.84776191800904,2627.3253810980996,126036.27673059818,128663.60211169628,0.6166380569429809
32.0,26.0,70070.01,44799.47002922364,25270.539970776364,200.23489620243114,2202.5838582267424,126352.69985388183,128555.28371210858,0.6393529846681004
4.0,44.0,66846.47,41485.44289913679,25361.02710086321,127.04053543730846,1397.445889810393,126805.13550431604,128202.58139412644,0.6206078331307067
40.0,25.0,71665.75,47112.12574387576,24553.624256124243,493.79691382579716,5431.766052083769,122768.12128062121,128199.88733270498,0.6573869071889398
45.0,33.0,63160.83,38322.81697905574,24838.013020944265,362.3188610421483,3985.507471463631,124190.06510472132,128175.57257618495,0.6067497368076977
8.0,33.0,75490.73,51060.361513675336,24430.368486324664,488.3220107630956,5371.542118394052,122151.84243162331,127523.38455001736,0.6763792258158762
18.0,55.0,71679.48,47188.88226148474,24490.597738515262,446.5034345404505,4911.537779944955,122452.98869257631,127364.52647252126,0.6583318163229525
41.0,33.0,69773.15,45331.7985864652,24441.3514135348,465.34036575644683,5118.744023320915,122206.75706767401,127325.50109099493,0.6497026232363768
33.0,97.0,61091.92,36047.791595458795,25044.128404541203,166.37608433928233,1830.1369277321055,125220.64202270602,127050.77895043812,0.5900582531283809
24.0,21.0,64703.36,40007.53831312898,24695.82168687102,292.430433863388,3216.734772497268,123479.10843435509,126695.84320685237,0.6183224227169807
11.0,33.0,91586.55,67884.60517961111,23701.94482038889,737.2809965197542,8110.0909617172965,118509.72410194445,126619.81506366175,0.7412071442762186
31.0,20.0,67513.01,42807.74778097632,24705.26221902368,234.22455100634826,2576.470061069831,123526.3110951184,126102.78115618824,0.6340666455395237
44.0,8.0,60582.72,35662.832317311506,24919.88768268849,124.58110842364286,1370.3921926600715,124599.43841344246,125969.83060610254,0.5886634392993828
19.0,49.0,64089.01,39981.874758423844,24107.135241576158,469.0272015558263,5159.2992171140895,120535.67620788078,125694.97542499487,0.6238491553922247
34.0,3.0,114901.84,93608.09601410026,21293.743985899746,1747.1753119271152,19218.928431198266,106468.71992949875,125687.64836069701,0.8146788251093303
45.0,24.0,71530.13,48069.64206238277,23460.48793761723,724.7169705169807,7971.886675686788,117302.43968808615,125274.32636377294,0.6720194981105552
29.0,81.0,60130.27,35674.706374673966,24455.563625326035,253.69204059004616,2790.612446490508,122277.81812663018,125068.4305731207,0.5932903074387321
38.0,46.0,57619.43,32777.88535188977,24841.544648110234,74.10444779882015,815.1489257870217,124207.72324055116,125022.87216633817,0.5688686151857067
12.0,20.0,63387.11,38855.407286331254,24531.70271366874,206.95186297241568,2276.4704926965724,122658.51356834371,124934.98406104028,0.6129859412478539
35.0,55.0,78336.0,54489.409372902555,23846.590627097445,488.01869516100436,5368.205646771048,119232.95313548723,124601.15878225828,0.6955858018395444
17.0,33.0,65854.2,42000.23541781317,23853.964582186825,482.5614074571255,5308.17548202838,119269.82291093413,124577.99839296252,0.6377761087039729
1.0,44.0,64805.42,40441.94615054176,24363.473849458245,218.20862503509272,2400.29487538602,121817.36924729122,124217.66412267725,0.624051910326972
2.0,83.0,61092.13,36779.398064252055,24312.731935747943,238.58647045908072,2624.4511750498878,121563.65967873973,124188.1108537896,0.6020316866387219
26.0,67.0,60502.22,36067.66434265373,24434.555657346278,165.84344843124737,1824.277932743721,122172.7782867314,123997.05621947511,0.5961378663899229
32.0,71.0,63054.53,38691.43125459227,24363.09874540773,159.9925904884786,1759.9184953732647,121815.49372703864,123575.4122224119,0.613618581481652
44.0,46.0,61307.65,37273.599110198404,24034.050889801598,288.8958810519322,3177.854691571254,120170.25444900799,123348.10914057924,0.6079763147045826
19.0,32.0,66902.84,43267.98845693695,23634.851543063043,370.5750991727291,4076.32609090002,118174.25771531521,122250.58380621523,0.646728725670494
6.0,29.0,63511.67,39754.953109868286,23756.716890131713,289.8729396622686,3188.6023362849546,118783.58445065857,121972.18678694352,0.6259472174148197
32.0,55.0,75154.68,51879.23996230806,23275.44003769194,479.6074027394938,5275.681430134432,116377.2001884597,121652.88161859414,0.6902995257555227
39.0,32.0,60168.43,36342.386665004145,23826.04333499586,227.50690872979175,2502.575996027709,119130.21667497928,121632.792671007,0.6040108851935166
8.0,55.0,57999.67,33836.93918602677,24162.73081397323,71.44321302393861,785.8753432633248,120813.65406986616,121599.52941312948,0.5833988225454865
20.0,6.0,66042.09,42530.4420595707,23511.6479404293,360.97785884538496,3970.7564472992344,117558.2397021465,121528.99614944574,0.6439899473134587
21.0,17.0,63754.36,39974.86141697391,23779.498583026092,209.23113687066828,2301.542505577351,118897.49291513045,121199.0354207078,0.6270137668541244
30.0,46.0,58024.14,34132.97391650071,23891.166083499287,154.89757809117634,1703.8733590029397,119455.83041749644,121159.70377649939,0.5882547146153431
5.0,79.0,57424.55,33600.81516141757,23823.734838582423,136.19418818959292,1498.136070085522,119118.67419291212,120616.81026299763,0.5851297948598216
27.0,21.0,66788.9,43582.172571191906,23206.727428808095,401.8187863873891,4420.00665026128,116033.63714404049,120453.64379430177,0.6525361635120792
34.0,18.0,43815.51,21507.7438885223,22307.7661114777,785.5804567398935,8641.385024138828,111538.83055738852,120180.21558152734,0.4908705590445552
35.0,18.0,52041.399999999994,31468.5276184833,20572.8723815167,1568.2853162677964,17251.13847894576,102864.3619075835,120115.50038652927,0.6046825723074956
28.0,83.0,72502.54,49934.542682876534,22567.997317123467,657.9425718446527,7237.36829029118,112839.98658561734,120077.35487590851,0.6887281836315878
20.0,20.0,65540.16,42454.72482078972,23085.435179210283,381.953070253915,4201.483772793064,115427.17589605141,119628.65966884447,0.6477665727515728
41.0,49.0,80140.92,59528.45183613164,20612.468163868365,1489.1949076287337,16381.14398391607,103062.34081934183,119443.4848032579,0.742797210665059
39.0,44.0,57107.74,33386.95082402495,23720.789175975053,75.6401629947501,832.041792942251,118603.94587987526,119435.98767281751,0.584630924354999
18.0,71.0,72781.58,49775.241118624064,23006.338881375937,371.450125056125,4085.9513756173747,115031.69440687969,119117.64578249706,0.6838988809891742
15.0,24.0,63226.55,40691.52201006252,22535.02798993748,555.6931075985148,6112.624183583663,112675.1399496874,118787.76413327105,0.6435828304733141
5.0,23.0,62029.27,39068.663212061816,22960.60678793818,355.2272346808928,3907.499581489821,114803.0339396909,118710.53352118073,0.6298423826696947
29.0,22.0,63379.03,40694.83344192997,22684.19655807003,440.9691116455204,4850.660228100724,113420.98279035016,118271.6430184509,0.6420867192497262
6.0,33.0,82027.36,59906.57025942746,22120.78974057253,690.5784625631837,7596.363088195021,110603.94870286266,118200.31179105768,0.7303242510721722
15.0,90.0,57619.84,34292.46127066215,23327.37872933785,118.74481388476256,1306.1929527323882,116636.89364668925,117943.08659942163,0.5951502342016596
10.0,6.0,73904.32,51637.04327543706,22267.27672456294,572.146959461013,6293.616554071143,111336.3836228147,117630.00017688583,0.6987012839768644
37.0,98.0,56603.43,33292.39689250388,23311.03310749612,86.56501260994587,952.2151387094045,116555.16553748061,117507.38067619002,0.5881692486215743
28.0,67.0,54057.020000000004,30837.339342902,23219.680657098,127.75379868557684,1405.2917855413452,116098.40328549,117503.69507103134,0.5704594767321987
21.0,55.0,60567.119999999995,37484.14858321289,23082.97141678711,169.58590863269927,1865.444994959692,115414.85708393555,117280.30207889524,0.6188860983189046
41.0,44.0,56576.92,33295.469151130594,23281.45084886941,78.94501155030436,868.395127053348,116407.25424434704,117275.64937140039,0.5884991468452259
36.0,97.0,57232.44,34126.115306764004,23106.324693235994,141.42644333707392,1555.690876707813,115531.62346617998,117087.3143428878,0.596272241874783
23.0,58.0,52490.0,29448.098329387947,23041.901670612053,166.66299219708915,1833.2929141679806,115209.50835306026,117042.80126722823,0.5610230201826624
18.0,67.0,58318.82,35252.528231425495,23066.291768574505,146.72440587319815,1613.9684646051796,115331.45884287253,116945.4273074777,0.6044794498829965
23.0,35.0,55092.78,32450.558559624325,22642.221440375673,337.84603833116176,3716.3064216427792,113211.10720187837,116927.41362352115,0.5890165382764189
34.0,22.0,61486.380000000005,38481.69925849467,23004.680741505326,159.95227122384537,1759.474983462299,115023.40370752664,116782.87869098893,0.6258572916228711
12.0,67.0,57589.87,34558.77917471085,23031.09082528915,138.388057109094,1522.268628200034,115155.45412644574,116677.72275464577,0.6000843407826906
26.0,12.0,58578.27,35784.43247029464,22793.83752970536,205.65038403812906,2262.1542244194197,113969.1876485268,116231.34187294623,0.6108823710617374
19.0,44.0,61063.909999999996,38616.064564748944,22447.845435251053,352.13794119817607,3873.5173531799364,112239.22717625527,116112.74452943521,0.6323876830807091
9.0,17.0,59638.08,36854.169507627346,22783.91049237265,193.929058188787,2133.219640076657,113919.55246186326,116052.77210193992,0.6179637155929122
19.0,29.0,60774.89,38260.682629814524,22514.20737018548,275.89184268696175,3034.8102695565794,112571.0368509274,115605.84712048397,0.6295475422467162
33.0,8.0,51110.54,28047.16260338279,23063.37739661721,24.893980899316457,273.83378989248104,115316.88698308605,115590.72077297853,0.5487549652847101
39.0,12.0,56327.56,33660.526481394365,22667.033518605636,156.5429669033828,1721.9726359372107,113335.16759302818,115057.14022896539,0.5975853823846509
4.0,6.0,67006.72,44580.57080244594,22426.149197554063,251.16681296991308,2762.834942669044,112130.74598777032,114893.58093043936,0.6653149236740127
9.0,34.0,56987.6,34430.552882350145,22557.047117649854,147.24233767333928,1619.6657144067321,112785.23558824927,114404.901302656,0.6041762222369453
7.0,7.0,80357.82,59186.33418912069,21171.485810879312,776.0246085303294,8536.270693833623,105857.42905439656,114393.6997482302,0.7365348411532404
16.0,91.0,63198.18,40820.27038295796,22377.909617042038,137.41436444776852,1511.5580089254536,111889.54808521019,113401.10609413566,0.6459089547034101
21.0,87.0,69823.0,48138.74022223556,21684.25977776444,445.2977151215909,4898.2748663375,108421.29888882222,113319.57375515971,0.6894395861282895
31.0,67.0,56543.43,34173.72704004378,22369.702959956223,100.93306251804866,1110.2636876985353,111848.51479978111,112958.77848747965,0.6043801559269357
41.0,71.0,64271.91,43245.122875803965,21026.78712419604,690.6333435545017,7596.966779099519,105133.93562098019,112730.9024000797,0.6728463939503893
32.0,20.0,56068.36,34288.37201113175,21779.987988868244,335.3591757942151,3688.950933736366,108899.93994434123,112588.8908780776,0.611545834604967
31.0,24.0,68909.47,48236.613861482445,20672.856138517553,828.3499446945817,9111.849391640399,103364.28069258777,112476.13008422816,0.6999997803129591
32.0,44.0,52212.94,30026.779396584825,22186.160603415174,135.13136441846044,1486.4450086030647,110930.80301707587,112417.24802567894,0.5750831000243393
34.0,25.0,61062.57,39186.97668070295,21875.593319297048,260.19546558793286,2862.1501214672617,109377.96659648523,112240.1167179525,0.6417511853939811
31.0,55.0,64669.98,42808.95142227656,21861.028577723446,260.12504657133326,2861.375512284666,109305.14288861722,112166.51840090188,0.6619601772302474
10.0,97.0,54892.3,32829.325556642456,22062.974443357547,148.6900199677042,1635.590219644746,110314.87221678774,111950.46243643248,0.5980679540963387
3.0,96.0,47583.759999999995,25297.594329442094,22286.165670557904,0.0,0.0,111430.82835278951,111430.82835278951,0.5316434499804575
6.0,12.0,64940.29,43229.24449757636,21711.045502423643,232.67638488436998,2559.44023372807,108555.22751211822,111114.6677458463,0.6656768009132136
20.0,83.0,55603.36,33943.03313314785,21660.32686685215,232.0261452979211,2552.287598277132,108301.63433426074,110853.92193253787,0.6104493169683963
3.0,3.0,90558.28,71271.89411244253,19286.38588755747,1308.4653635278046,14393.11899880585,96431.92943778736,110825.0484365932,0.7870279129908666
41.0,55.0,66707.4,45353.227122015356,21354.17287798464,343.0762031729479,3773.838234902427,106770.86438992321,110544.70262482563,0.6798829983182579
32.0,32.0,54680.49,33155.06244787707,21525.42755212293,244.5698429840954,2690.2682728250493,107627.13776061464,110317.40603343969,0.6063417216611825
28.0,44.0,51574.03,29768.12667745629,21805.90332254371,115.22296602847547,1267.4526263132302,109029.51661271854,110296.96923903177,0.577192177486543
45.0,67.0,55031.61,33476.390797841304,21555.219202158696,196.99790752501048,2166.976982775115,107776.09601079348,109943.0729935686,0.6083120373516476
8.0,26.0,63910.84,42367.110311187986,21543.729688812015,197.9663312747015,2177.6296440217166,107718.64844406008,109896.27808808179,0.6629096145691089
24.0,32.0,59020.97,38129.20049964375,20891.769500356248,476.8310065273735,5245.141071801108,104458.84750178125,109703.98857358235,0.646028021898721
5.0,7.0,55893.43,34589.22647268743,21304.203527312573,240.43368540706476,2644.770539477712,106521.01763656287,109165.78817604059,0.6188424377013081
40.0,18.0,38387.18,17751.893979676766,20635.286020323234,743.0136872705386,5944.109498164309,103176.43010161618,109120.53959978049,0.46244329434141207
35.0,30.0,56109.16,34889.6214158619,21219.538584138107,257.20584568083837,2829.2643024892222,106097.69292069052,108926.95722317975,0.6218168551420462
16.0,25.0,56284.45,35093.39797509538,21191.052024904617,253.62045203030837,2789.824972333392,105955.26012452309,108745.08509685648,0.6235007710850045
13.0,6.0,59521.75,38357.30402883683,21164.44597116317,261.4611378746442,2876.072516621086,105822.22985581587,108698.30237243694,0.6444250047896244
38.0,98.0,55103.270000000004,33672.91437365641,21430.355626343597,126.24052474105255,1388.645772151578,107151.77813171798,108540.42390386957,0.6110874068572774
6.0,6.0,59259.02,38406.77586162134,20852.244138378665,387.9659998160089,4267.625997976098,104261.22069189332,108528.84668986942,0.6481169594370839
25.0,18.0,57930.83,39232.10329811787,18698.72670188213,1352.249522492027,14874.744747412296,93493.63350941065,108368.37825682295,0.6772232211780476
22.0,55.0,71820.31,51293.02883907659,20527.28116092341,507.1532578217224,5578.685836038946,102636.40580461704,108215.091640656,0.714185567273054
24.0,44.0,52297.01,31333.838828061052,20963.171171938946,274.28539777547957,3017.139375530275,104815.85585969473,107832.99523522501,0.5991516308114183
24.0,29.0,56448.49,35803.13225941118,20645.357740588825,368.6966354117396,4055.6629895291353,103226.78870294413,107282.45169247326,0.6342620016835026
29.0,24.0,59977.32,39992.614554013235,19984.705445986765,661.023060616105,7271.253666777155,99923.52722993382,107194.78089671097,0.6667956246463369
24.0,20.0,59453.19,39000.32551301283,20452.86448698717,426.3038233595851,4689.342056955436,102264.32243493585,106953.6644918913,0.6559837329672777
21.0,42.0,58199.32,37273.677597945985,20925.642402054014,194.45641970360032,2139.0206167396036,104628.21201027007,106767.23262700968,0.6404486787465212
44.0,79.0,53787.65,32709.848168863908,21077.801831136094,110.84544147108772,1219.299856181965,105389.00915568045,106608.30901186242,0.6081293413797387
8.0,42.0,57548.69,36887.87325837705,20660.81674162295,291.69073013257224,3208.598031458295,103304.08370811476,106512.68173957306,0.6409854552445424
27.0,44.0,52109.03,31347.604616397308,20761.42538360269,245.39177901665482,2699.309569183203,103807.12691801345,106506.43648719665,0.6015772048797936
35.0,32.0,60425.99,40187.038273394304,20238.951726605694,481.7799409335981,5299.579350269579,101194.75863302847,106494.33798329804,0.6650621408667745
23.0,31.0,63215.46,43087.199942968015,20128.26005703198,521.8931366713012,5740.824503384314,100641.30028515992,106382.12478854423,0.6815927613746386
2.0,6.0,55615.61,34992.69126842714,20622.918731572863,289.28623884421,3182.1486272863103,103114.59365786433,106296.74228515064,0.6291883028600628
7.0,79.0,60348.77,39938.88399463567,20409.88600536433,370.8599898587714,4079.459888446486,102049.43002682165,106128.88991526814,0.6618011269266245
6.0,24.0,79407.38,60839.10559643672,18568.27440356328,1182.980590218102,13012.786492399122,92841.37201781641,105854.15851021552,0.766164374097681
21.0,18.0,39349.17,19056.630990826965,20292.539009173037,480.1276781148659,4321.149103033793,101462.69504586517,105783.84414889896,0.4842956278576388
23.0,12.0,60972.36,40589.40665506521,20382.953344934787,339.52221822049,3734.7444004253903,101914.76672467394,105649.51112509934,0.6657017483834513
28.0,71.0,58770.479999999996,38296.44341835597,20474.036581644024,282.9173226231847,3112.0905488550316,102370.18290822011,105482.27345707515,0.6516272015875313
29.0,67.0,54983.63,34406.221622961886,20577.40837703812,194.99018356232037,2144.892019185524,102887.04188519059,105031.93390437611,0.6257539129912283
41.0,21.0,53336.42,32870.38724929404,20466.03275070596,221.18466001548106,2433.0312601702917,102330.16375352979,104763.19501370008,0.616284093482353
41.0,20.0,61250.62,41229.94681268591,20020.673187314093,417.4916835864451,4592.408519450896,100103.36593657045,104695.77445602135,0.6731351750020801
6.0,71.0,54189.48,34249.092183892484,19940.38781610752,374.4336178752485,4118.769796627734,99701.93908053759,103820.70887716534,0.6320247432507653
16.0,12.0,52235.11,31835.114797159862,20399.995202840135,164.49271959894602,1809.4199155884062,101999.97601420069,103809.39592978908,0.6094581747250051
19.0,71.0,70694.23,51579.373479852686,19114.85652014732,739.6237378714011,8135.861116585412,95574.28260073661,103710.14371732202,0.7296122113481212
21.0,29.0,49311.72,29013.046631815767,20298.673368184234,199.88195906907137,2198.701549759785,101493.36684092117,103692.06839068094,0.5883600619044674
16.0,34.0,52395.62,32074.013334633535,20321.606665366464,132.78098375029325,1460.5908212532258,101608.03332683233,103068.62414808555,0.6121506594374403
34.0,12.0,55328.07,34996.03377482458,20332.03622517542,124.65110984086559,1371.1622082495214,101660.18112587709,103031.34333412662,0.6325186071884412
22.0,97.0,51242.86,31197.709712273932,20045.15028772607,254.38174475396136,2798.199192293575,100225.75143863034,103023.95063092392,0.6088206183705189
40.0,26.0,51512.8,31522.14747863791,19990.65252136209,264.59248823690285,2910.5173706059313,99953.26260681044,102863.77997741639,0.6119284426130576
45.0,18.0,45974.06,28892.931011395252,17081.128988604745,1582.1937590050095,17404.131349055104,85405.64494302373,102809.77629207884,0.6284615935898473
18.0,30.0,60973.63,41293.41005293215,19680.21994706785,378.33519822646025,4161.6871804910625,98401.09973533924,102562.78691583031,0.6772339132987842
15.0,26.0,56708.19,37332.98686643713,19375.20313356287,514.5544671147356,5660.099138262092,96876.01566781435,102536.11480607644,0.658335010629631
8.0,67.0,50972.61,30687.39263783418,20285.217362165822,99.33030135441695,1092.6333148985864,101426.0868108291,102518.72012572769,0.6020369103688075
10.0,3.0,296168.97,288974.3719581323,7194.598041867681,6049.4251553458735,66543.6767088046,35972.9902093384,102516.666918143,0.9757077926095105
41.0,32.0,58202.04,38632.76369904983,19569.27630095017,401.0448935375623,4411.493828913185,97846.38150475084,102257.87533366404,0.66376992454302
36.0,82.0,54992.78,35264.258729924564,19728.521270075435,325.0491379335102,3575.5405172686123,98642.60635037716,102218.14686764577,0.6412525195111898
35.0,67.0,53147.26,33160.44132508431,19986.818674915685,179.6443376686094,1976.0877143547036,99934.09337457843,101910.18108893314,0.6239351064398111
21.0,44.0,47826.17,27735.980094405582,20090.189905594416,118.65445488861873,1305.199003774806,100450.94952797209,101756.14853174689,0.5799331222718772
45.0,94.0,48234.61,28468.50129826076,19766.108701739242,257.9449058928051,2837.3939648208557,98830.5435086962,101667.93747351706,0.5902090075624279
24.0,12.0,52779.17,33117.19096725282,19661.97903274718,303.7272106566188,3340.999317222807,98309.8951637359,101650.8944809587,0.6274670664061754
16.0,16.0,57468.52,37813.55586857403,19654.964131425968,258.38551174210943,2842.2406291632037,98274.82065712984,101117.06128629304,0.6579872923223712
18.0,44.0,54251.24,34703.33887630523,19547.90112369477,274.6165846587292,3020.7824312460216,97739.50561847385,100760.28804971988,0.6396782612951377
21.0,32.0,57551.45,38082.68773960821,19468.762260391784,295.8153299826979,3253.9686298096767,97343.81130195894,100597.7799317686,0.6617155213223683
25.0,94.0,53448.18,33841.317560003976,19606.862439996024,221.48879163859593,2436.3767080245552,98034.31219998011,100470.68890800467,0.6331612705989984
12.0,16.0,61578.49,42519.13065382004,19059.35934617996,422.3146893493304,4645.461582842635,95296.7967308998,99942.25831374244,0.6904867373951528
1.0,26.0,74469.92,55710.28329445385,18759.636705546145,555.7429067880213,6113.171974668235,93798.18352773073,99911.35550239896,0.748091085561175
2.0,37.0,48369.83,28767.266923010473,19602.563076989525,167.62596736591615,1843.8856410250778,98012.81538494764,99856.70102597271,0.5947357458773469
40.0,55.0,59321.7,40070.12995927075,19251.570040729246,322.6031936783611,3548.635130461972,96257.85020364623,99806.4853341082,0.6754717069684576
41.0,24.0,64654.61,45744.55801743347,18910.051982566532,471.12127581639066,5182.334033980297,94550.25991283267,99732.59394681297,0.7075219851675459
19.0,85.0,49368.08,29922.346066206253,19445.733933793745,211.49113892746462,2326.4025282021107,97228.66966896872,99555.07219717084,0.6061071458765716
14.0,31.0,48360.96,31893.4322899009,16467.5277100991,1554.207975816841,17096.287733985253,82337.6385504955,99433.92628448075,0.6594871625770229
3.0,22.0,45263.54,25878.81399527967,19384.72600472033,202.05171775132678,2222.5688952645946,96923.63002360165,99146.19891886624,0.5717364129115767
45.0,42.0,50472.8,31034.708849552728,19438.09115044727,175.23775568538804,1927.6153125392684,97190.45575223636,99118.07106477562,0.6148798729127911
25.0,21.0,52072.33,32652.970907214265,19419.359092785737,180.05546890710363,1980.6101579781398,97096.79546392868,99077.40562190682,0.6270695186332984
34.0,42.0,47807.35,28315.327921136584,19492.022078863414,134.98171924308318,1484.798911673915,97460.11039431707,98944.909305991,0.5922798046981601
5.0,3.0,66891.34,52605.06129389927,14286.278706100733,2456.3944900650135,27020.339390715148,71431.39353050367,98451.73292121882,0.7864255865392931
28.0,20.0,51700.05,32586.428602457298,19113.6213975427,257.72674592120876,2834.9942051332964,95568.10698771352,98403.10119284682,0.6302978160070889
7.0,16.0,85550.9,67364.76402585048,18186.13597414952,669.6354030233622,7365.989433256984,90930.6798707476,98296.66930400458,0.7874232068376895
40.0,42.0,54302.57,35334.510758327946,18968.059241672054,296.3520076167018,3259.87208378372,94840.29620836026,98100.16829214398,0.6506968410211146
41.0,12.0,49786.479999999996,30610.635691157928,19175.84430884207,201.42782477497713,2215.7060725247484,95879.22154421036,98094.9276167351,0.6148383193822485
41.0,29.0,50643.57,31346.37033159346,19297.199668406538,140.0365348426475,1540.4018832691227,96485.9983420327,98026.40022530183,0.6189605182176822
16.0,44.0,49443.32,30332.90478380523,19110.415216194775,219.97201093685177,2419.6921203053694,95552.07608097387,97971.76820127924,0.6134884304655357
3.0,14.0,51571.14,32409.066414417397,19162.073585582602,192.9356573316556,2122.2922306482114,95810.36792791302,97932.66015856122,0.6284341671411063
31.0,42.0,60217.89,41208.34784239852,19009.542157601478,256.94261550843953,2826.368770592835,95047.71078800739,97874.07955860022,0.6843206867991974
27.0,30.0,52324.28,33546.69327656399,18777.586723436016,316.3844101136318,3480.22851124995,93887.93361718008,97368.16212843003,0.6411305282473831
9.0,25.0,51975.99,32932.43750983321,19043.552490166792,193.07448495198466,2123.819334471831,95217.76245083396,97341.5817853058,0.6336086625734924
29.0,91.0,50236.24,31273.734409187884,18962.505590812114,228.84770893129627,2517.324798244259,94812.52795406057,97329.85275230483,0.6225333426464219
5.0,46.0,48651.24,29498.61018617432,19152.62981382568,141.14283791924342,1552.5712171116775,95763.1490691284,97315.72028624009,0.606328023420869
3.0,25.0,50507.11,31431.240252049585,19075.869747950415,163.3503036992146,1796.8533406913607,95379.34873975208,97176.20208044344,0.6223131803037154
31.0,33.0,61367.46,42892.98774578912,18474.472254210883,430.0318428153283,4730.350270968611,92372.36127105443,97102.71154202304,0.6989532847829961
40.0,12.0,54409.57,35774.70259148441,18634.86740851559,351.91751455908815,3871.0926601499696,93174.33704257796,97045.42970272792,0.657507541255783
24.0,83.0,46211.85,27357.184877823274,18854.665122176728,225.1755077756864,2476.9305855325506,94273.32561088364,96750.25619641619,0.5919950159498759
28.0,29.0,49201.240000000005,30236.760068785865,18964.479931214137,164.8546416285353,1813.401057913888,94822.39965607069,96635.80071398457,0.6145528053517729
9.0,44.0,46363.3,27552.07644524897,18811.223554751028,207.05584158628463,2277.614257449131,94056.11777375513,96333.73203120427,0.5942647836812516
13.0,31.0,61661.86,45052.61380120507,16609.24619879493,1176.859998151123,12945.459979662352,83046.23099397465,95991.690973637,0.7306398769223807
5.0,5.0,59784.56,41120.04153410758,18664.518465892423,239.82900852979517,2638.119093827747,93322.59232946212,95960.71142328986,0.6878036993850516
20.0,37.0,48090.79,29231.17307329653,18859.61692670347,137.87273923767077,1516.6001316143784,94298.08463351736,95814.68476513172,0.6078330814132297
17.0,93.0,48063.240000000005,29274.856837936357,18788.383162063645,168.48371040616595,1853.3208144678256,93941.91581031823,95795.23662478605,0.6090903742223028
15.0,67.0,52497.51,33563.72986268613,18933.780137313872,94.6921284511036,1041.6134129621396,94668.90068656937,95710.5140995315,0.639339463199038
15.0,81.0,46634.78,27756.35089942634,18878.42910057366,105.55969969814375,1161.1566966795813,94392.1455028683,95553.30219954788,0.5951856296829606
26.0,55.0,62642.42,44420.4630845394,18221.956915460607,387.9661110452114,4267.627221497325,91109.78457730303,95377.41179880036,0.7091115426980535
4.0,30.0,66895.31999999999,48912.33618125081,17982.983818749188,478.0022578890097,5258.024836779106,89914.91909374594,95172.94393052504,0.7311772509833395
29.0,29.0,48072.479999999996,29464.23904061388,18608.24095938612,187.90564781058538,2066.962125916439,93041.2047969306,95108.16692284704,0.6129128149954793
43.0,83.0,45577.0,27114.33739934623,18462.66260065377,253.81707759068394,2791.9878534975232,92313.31300326886,95105.30085676638,0.5949127278966635
22.0,35.0,49598.3,31291.153512669018,18307.14648733098,311.6543192945306,3428.197512239836,91535.73243665491,94963.92994889474,0.6308916538000096
12.0,30.0,55033.479999999996,36638.68485339923,18394.79514660077,270.0580546411665,2970.6386010528313,91973.97573300384,94944.61433405668,0.6657526446337617
14.0,12.0,51141.54,32867.47898365548,18274.06101634452,302.0238367637949,3322.2622044017444,91370.3050817226,94692.56728612435,0.6426767552102552
23.0,85.0,53016.47,34808.88076355825,18207.589236441752,326.1410542822107,3587.5515971043174,91037.94618220876,94625.49777931307,0.6565673037748128
11.0,30.0,58724.16,40538.08548232698,18186.07451767302,326.3594560207146,3589.954016227861,90930.3725883651,94520.32660459296,0.6903135861343436
25.0,26.0,48281.29,30163.64422691734,18117.645773082662,319.5987955947488,3515.586751542237,90588.22886541332,94103.81561695554,0.6247481007014796
18.0,58.0,49005.0,35834.37145740347,13170.628542596536,2557.7017081264366,28134.718789390805,65853.14271298268,93987.86150237347,0.7312390869789505
28.0,55.0,68704.68,50929.09856354085,17775.581436459146,439.0436211643233,4829.479832807557,88877.90718229573,93707.38701510329,0.7412755370309687
14.0,44.0,51125.22,32901.943306635476,18223.27669336452,210.10723691992115,2311.1796061191326,91116.3834668226,93427.56307294175,0.6435560239473879
17.0,20.0,58829.82,42189.27923713776,16640.54076286224,920.756669490354,10128.323364393895,83202.7038143112,93331.0271787051,0.7171410559668168
27.0,31.0,49602.29,33311.75344929013,16290.536550709867,1050.3138372796393,11553.452210076033,81452.68275354934,93006.13496362537,0.6715769261719596
22.0,21.0,52184.82,33979.47501566406,18205.34498433594,161.58698045460608,1777.456785000667,91026.7249216797,92804.18170668038,0.651137150912163
26.0,18.0,32836.72,16230.273321299426,16606.446678700573,883.884190778622,9722.726098564843,83032.23339350287,92754.95949206772,0.4942720625354611
16.0,18.0,30175.71,13933.160968178556,16242.549031821443,1151.5317526808471,11515.31752680847,81212.74515910722,92728.06268591569,0.4617343210210648
26.0,26.0,45533.88,27638.19624072928,17895.68375927072,284.4160920202837,3128.577012223121,89478.4187963536,92606.99580857671,0.6069809170826049
34.0,26.0,51988.34,34016.40393837583,17971.93606162417,248.94076254039857,2738.3483879443843,89859.68030812085,92598.02869606523,0.6543083302597434
13.0,83.0,47861.36,29660.596266234334,18200.763733765667,140.02827479653322,1540.3110227618654,91003.81866882835,92544.1296915902,0.6197190440521192
2.0,33.0,78485.04,62431.84292538176,16053.197074618241,1110.5167078794088,12215.683786673497,80265.98537309121,92481.6691597647,0.7954616946794162
31.0,32.0,53715.35,35877.495891064544,17837.854108935455,292.78109211850455,3220.59201330355,89189.27054467727,92409.86255798081,0.6679188703241168
31.0,29.0,46638.19,28426.999305382196,18211.190694617802,112.71585981816658,1239.8744579998324,91055.95347308902,92295.82793108885,0.6095219241008751
1.0,32.0,63276.32,45539.91215635212,17736.40784364788,317.4807901547963,3492.2886917027595,88682.03921823941,92174.32790994216,0.7196991253023582
20.0,30.0,54546.200000000004,36765.366480316494,17780.83351968351,285.8938153404804,3144.8319687452845,88904.16759841754,92048.99956716283,0.6740225071648711
20.0,85.0,49833.36,32094.490983152347,17738.869016847653,281.44466388582754,3095.891302744103,88694.34508423827,91790.23638698237,0.6440362637227822
12.0,12.0,48039.89,30136.600383786586,17903.289616213413,198.5923549065612,2184.5159039721734,89516.44808106706,91700.96398503924,0.6273245085237827
29.0,26.0,49365.42,32169.084902181625,17196.335097818377,449.9205198544177,4949.1257183985945,85981.67548909188,90930.80120749048,0.6516522071964874
21.0,30.0,45671.14,27918.150797826904,17752.989202173096,182.2748466137097,2005.0233127508068,88764.94601086547,90769.96932361629,0.6112864885314205
10.0,48.0,43915.0,27632.795385926976,16282.204614073024,836.0675880606698,9196.743468667368,81411.02307036512,90607.76653903248,0.629233641943003
7.0,25.0,51338.26,34006.26263887697,17331.99736112303,335.5243801623743,3690.7681817861176,86659.98680561516,90350.75498740128,0.6623960889768561
44.0,82.0,48284.14,30528.234580286968,17755.90541971303,122.10693215718055,1343.176253728986,88779.52709856516,90122.70335229415,0.6322621585532427
22.0,30.0,48136.92,30771.324770604348,17365.595229395654,281.78413155864433,3099.6254471450875,86827.97614697827,89927.60159412335,0.6392458173602372
26.0,44.0,45681.39,28242.465652425926,17438.924347574073,247.73859311755749,2725.1245242931323,87194.62173787037,89919.7462621635,0.6182488241366108
6.0,41.0,47264.89,29866.237823143547,17398.652176856453,156.63868986301065,1723.025588493117,86993.26088428227,88716.28647277538,0.6318905602688073
23.0,6.0,54694.630000000005,38328.704351415035,16365.925648584962,621.879733467726,6840.677068144987,81829.62824292481,88670.30531106981,0.7007763714904924
29.0,33.0,51033.81,34131.807542945855,16902.002457054146,376.2813414017988,4139.094755419786,84510.01228527073,88649.1070406905,0.6688077480976995
6.0,52.0,44336.53,27121.16337478205,17215.36662521795,226.62443768114798,2492.8688144926277,86076.83312608974,88569.70194058238,0.6117114572291077
32.0,49.0,53355.28,36434.47697128574,16920.80302871426,346.1941697847069,3808.135867631776,84604.0151435713,88412.15101120308,0.6828654440813681
2.0,20.0,52441.62,35399.766469323695,17041.853530676308,277.734979970198,3055.0847796721782,85209.26765338154,88264.3524330537,0.6750319015568873
15.0,20.0,44907.76,27697.849644353806,17209.910355646192,195.5366937571718,2150.90363132889,86049.55177823098,88200.45540955986,0.6167720154457449
12.0,31.0,50284.479999999996,33576.39313394471,16708.086866055288,416.2367919271412,4578.604711198554,83540.43433027643,88119.03904147499,0.6677287531648872
5.0,82.0,44984.82,27616.20009051403,17368.61990948597,102.6708787411886,1129.3796661530746,86843.09954742985,87972.47921358293,0.613900424421261
21.0,20.0,48234.31,31159.766939305446,17074.543060694556,231.35597076217283,2544.915678383901,85372.71530347278,87917.63098185668,0.6460083483998309
32.0,24.0,52258.15,35527.2097782223,16730.9402217777,366.0999141960894,4027.0990561569834,83654.70110888849,87681.80016504547,0.6798405565107509
16.0,79.0,53178.21,36345.57972779716,16832.630272202845,304.1872018358945,3346.0592201948393,84163.15136101423,87509.21058120906,0.6834675279178664
32.0,21.0,47383.37,30357.81467977246,17025.555320227544,215.65102158306564,2372.161237413722,85127.77660113771,87499.93783855144,0.6406850057261114
39.0,30.0,44638.58,27792.107131554752,16846.472868445246,283.9389941408296,3123.3289355491256,84232.36434222624,87355.69327777537,0.6226028500806869
23.0,27.0,43905.08,27089.367174883973,16815.71282511603,293.5955001475408,3229.550501622949,84078.56412558013,87308.11462720309,0.6169984697644093
5.0,16.0,56128.57,39538.43432778962,16590.13567221038,388.57651362235174,4274.341649845869,82950.6783610519,87225.02001089777,0.7044261830969436
10.0,37.0,42150.15,25230.35202337914,16919.797976620863,203.98616290862554,2243.847791994881,84598.98988310431,86842.83767509919,0.5985827339494435
21.0,67.0,42975.27,25768.927428807674,17206.342571192323,72.04636607957268,792.5100268752994,86031.71285596162,86824.22288283693,0.5996222345736903
35.0,97.0,41977.88,24966.282544265687,17011.597455734314,136.68768672718852,1503.5645539990737,85057.98727867157,86561.55183267064,0.59474853290032
6.0,83.0,41577.88,24458.095627667648,17119.784372332353,64.71127966282224,711.8240762910445,85598.92186166176,86310.74593795282,0.5882477804945238
16.0,55.0,54807.66,38624.34078175111,16183.31921824889,488.98553306661415,5378.840863732756,80916.59609124446,86295.43695497721,0.7047252296805064
30.0,82.0,44985.03,27977.895218119324,17007.134781880675,113.19547308370635,1245.1502039207699,85035.67390940338,86280.82411332415,0.621937902856113
3.0,42.0,57678.55,41701.72619526426,15976.82380473574,579.9597908194236,6379.55769901366,79884.11902367871,86263.67672269237,0.7230023326741788
3.0,34.0,44201.7,27309.145308561594,16892.554691438407,162.17856622451157,1783.9642284696274,84462.77345719203,86246.73768566166,0.6178302035569129
9.0,16.0,61199.47,44924.572305069196,16274.897694930803,431.90129729328856,4750.914270226174,81374.488474654,86125.4027448802,0.7340679960965216
9.0,26.0,50954.979999999996,34260.054102800656,16694.92589719934,234.88639581945347,2583.7503540139883,83474.6294859967,86058.3798400107,0.6723592885877034
16.0,42.0,46732.94,29984.679952336803,16748.2600476632,197.63905650259733,2174.0296215285707,83741.30023831599,85915.32985984455,0.6416176673741648
2.0,71.0,50273.659999999996,33512.88532900008,16760.774670999923,189.06871186066138,2079.7558304672752,83803.87335499961,85883.6291854669,0.66660922099167
28.0,16.0,50577.38,34438.33579272,16139.044207280002,461.476697494461,5076.243672439071,80695.2210364,85771.46470883908,0.6809039098648447
44.0,98.0,39836.14,22883.239730511086,16952.900269488913,68.32434667929452,751.5678134722398,84764.50134744456,85516.0691609168,0.5744341628107313
7.0,18.0,28616.760000000002,14253.107330989047,14363.652669010953,1231.6770335398496,13548.447368938345,71818.26334505476,85366.71071399312,0.4980685210690884
20.0,58.0,59705.0,43992.8810981448,15712.118901855207,602.3554399450235,6625.909839395258,78560.59450927602,85186.50434867128,0.7368374691926103
6.0,37.0,44055.46,27459.329868200854,16596.130131799146,200.52191707664787,2205.7410878431265,82980.65065899573,85186.39174683885,0.6232900500460296
20.0,48.0,41003.99,29961.954013633564,11042.035986366436,2720.8257716586445,29929.083488245087,55210.17993183218,85139.26342007726,0.7307082557973886
10.0,50.0,46607.979999999996,30033.80795617462,16574.17204382538,200.49014817388897,2205.3916299127786,82870.8602191269,85076.25184903968,0.6443919679886282
1.0,29.0,41814.61,25160.755243586285,16653.85475641371,150.1326665918308,1651.4593325101387,83269.27378206856,84920.7331145787,0.6017216289614152
30.0,98.0,38004.63,21065.35528410358,16939.27471589642,16.221142247189245,178.4325647190817,84696.3735794821,84874.80614420117,0.5542839197251384
28.0,21.0,45087.83,28609.523781036005,16478.306218963997,207.3923703410903,2281.3160737519934,82391.53109481998,84672.84716857197,0.634528736047754
39.0,42.0,44815.08,28322.963442498403,16492.116557501595,191.5244916596577,2106.769408256235,82460.58278750797,84567.35219576421,0.6319962709538486
8.0,24.0,60799.270000000004,46164.88060168382,14634.38939831618,1032.0167477587697,11352.184225346467,73171.9469915809,84524.13121692737,0.7592999159641853
14.0,30.0,52703.88,36618.59067642119,16085.289323578807,367.772995763441,4045.5029533978504,80426.44661789403,84471.94957129189,0.6947987638940661
8.0,44.0,45362.19,28910.722923294084,16451.467076705914,200.81945511146708,2209.014006226138,82257.33538352957,84466.3493897557,0.637330845871729
11.0,37.0,44032.4,27366.937308651253,16665.46269134875,80.76953697047425,888.4649066752168,83327.31345674374,84215.77836341895,0.6215181845334629
7.0,97.0,46947.5,30673.97996917602,16273.520030823978,249.1169171394102,2740.286088533512,81367.6001541199,84107.8862426534,0.6533676973039251
36.0,98.0,55432.5,39334.32385381916,16098.176146180842,324.4844113114654,3569.3285244261197,80490.8807309042,84060.20925533032,0.709589570266886
17.0,21.0,42620.01,26011.02203054825,16608.98796945175,87.64214915345578,964.0636406880135,83044.93984725875,84009.00348794677,0.6103007021947731
2.0,30.0,45627.0,29318.5037072959,16308.496292704103,216.99815187257465,2386.9796705983213,81542.48146352051,83929.46113411884,0.6425691741139216
17.0,6.0,47864.18,31595.27009269785,16268.90990730215,234.85347527189813,2583.3882279908794,81344.54953651075,83927.93776450162,0.6601026089384139
17.0,42.0,47845.270000000004,31844.937910822133,16000.332089177868,352.5833042547172,3878.4163468018887,80001.66044588934,83880.07679269122,0.66558173693705
17.0,24.0,61372.95,45777.095425495834,15595.854574504167,519.119480851249,5710.314289363739,77979.27287252083,83689.58716188457,0.7458839020365786
3.0,74.0,40034.64,23672.656441153365,16361.983558846634,167.07877722465255,1837.8665494711781,81809.91779423317,83647.78434370435,0.5913043414691219
22.0,71.0,50233.12,34766.6437753165,15466.476224683502,543.6416161156146,5980.057777271761,77332.38112341751,83312.43890068927,0.6921060004896471
10.0,27.0,40594.34,24389.136285274188,16205.203714725812,169.24118329082947,1861.653016199124,81026.01857362906,82887.67158982818,0.6008013995368366
15.0,32.0,43538.58,27640.860337166156,15897.719662833842,307.93724648841305,3387.3097113725435,79488.59831416921,82875.90802554176,0.6348590224386316
32.0,83.0,38474.0,22191.972904898823,16282.027095101179,128.2514145028614,1410.7655595314754,81410.1354755059,82820.90103503737,0.5768044108982384
31.0,18.0,34397.18,18933.063239753268,15464.116760246732,600.2481131703254,5402.233018532928,77320.58380123368,82722.8168197666,0.5504248673802117
22.0,32.0,53654.68,37714.75681192739,15939.92318807261,260.20322642153144,2862.235490636846,79699.61594036304,82561.8514309999,0.7029164429258994
7.0,17.0,55404.57,39616.519707165615,15788.050292834387,312.5769524384751,3438.346476823226,78940.25146417193,82378.59794099515,0.7150406493032184
18.0,35.0,39690.85,23882.32793814529,15808.52206185471,296.0178013835253,3256.1958152187785,79042.61030927354,82298.80612449233,0.6017086542148956
17.0,19.0,50252.35,38977.73929086445,11274.610709135552,2321.991161629492,25541.902777924413,56373.05354567776,81914.95632360216,0.7756401300807713
15.0,42.0,41256.37,25166.006684419302,16090.363315580697,126.9671462343879,1396.638608578267,80451.81657790349,81848.45518648175,0.6099908131621686
25.0,44.0,41394.53,25257.600673563793,16136.929326436206,104.70223142431396,1151.7245456674536,80684.64663218103,81836.37117784849,0.6101675915528886
18.0,21.0,43440.01,27576.78644930297,15863.223550697028,219.53566665297313,2414.8923331827045,79316.11775348514,81731.01008666785,0.6348245879617194
26.0,29.0,39636.64,23630.439774526516,16006.200225473483,152.75175783715048,1680.2693362086552,80031.00112736742,81711.27046357607,0.596176663171412
34.0,21.0,44004.3,28095.787558484695,15908.512441515306,157.21625711057297,1729.3788282163027,79542.56220757653,81271.94103579283,0.6384782295931237
45.0,20.0,49561.12,33940.50192786094,15620.618072139057,286.2923737236842,3149.216110960526,78103.09036069529,81252.30647165581,0.6848211244592725
19.0,83.0,39094.02,23143.960675221213,15950.059324778787,125.66363316831695,1382.2999648514865,79750.29662389394,81132.59658874542,0.5920076951723362
8.0,21.0,42300.47,26273.091146260198,16027.378853739801,86.57341684421854,952.307585286404,80136.894268699,81089.20185398542,0.6211063646872056
16.0,6.0,46374.35,31629.351922123005,14744.998077876993,668.2558447655057,7350.814292420562,73724.99038938497,81075.80468180553,0.6820441024429023
29.0,42.0,42483.28,26608.133215059905,15875.146784940092,133.0898473649094,1463.9883210140033,79375.73392470046,80839.72224571447,0.6263201244127079
13.0,41.0,43730.46,28208.62151959404,15521.83848040596,284.01486717821314,3124.163538960345,77609.1924020298,80733.35594099015,0.6450565925808701
23.0,56.0,47946.44,33430.94155810922,14515.498441890784,719.3044206287252,7912.348626915978,72577.49220945392,80489.8408363699,0.6972559705811154
13.0,30.0,47492.29,32083.627658569094,15408.662341430905,306.46662651622665,3371.1328916784933,77043.31170715453,80414.44459883303,0.6755544459652102
45.0,29.0,44574.81,29194.612655302877,15380.197344697122,305.1692804235286,3356.862084658815,76900.9867234856,80257.84880814442,0.6549576466013625
10.0,52.0,45455.12,30204.461257034272,15250.658742965727,354.09281746213475,3895.0209920834823,76253.29371482863,80148.3147069121,0.6644897485043328
19.0,31.0,42946.84,27791.18561693693,15155.654383063069,392.24170599276533,4314.658765920419,75778.27191531534,80092.93068123577,0.6471066466575174
13.0,52.0,43133.77,27591.987171898116,15541.782828101885,211.59648797744666,2327.561367751913,77708.91414050941,80036.47550826133,0.6396841076469346
16.0,81.0,41457.46,25671.973005434327,15785.486994565674,79.94314850955764,879.374633605134,78927.43497282837,79806.8096064335,0.6192365138972413
3.0,16.0,53091.45,38160.864601500245,14930.585398499756,467.5871523312893,5143.458675644182,74652.92699249877,79796.38566814296,0.718776085443141
25.0,41.0,52030.630000000005,36822.00261577087,15208.627384229127,340.14924260800797,3741.6416686880875,76043.13692114563,79784.77858983373,0.7076985732398564
11.0,83.0,35987.2,20255.212032873067,15731.987967126932,101.72062456908175,1118.9268702598993,78659.93983563465,79778.86670589456,0.5628449013224999
14.0,41.0,45916.46,30873.150449836863,15043.309550163136,406.8488107224095,4475.336917946504,75216.54775081568,79691.88466876218,0.6723765388236999
32.0,29.0,38410.95,22624.271040660133,15786.678959339866,67.19411894652116,739.1353084117327,78933.39479669933,79672.53010511106,0.5890057663416326
41.0,83.0,38710.35,23066.921999221093,15643.428000778908,90.02033246401537,990.223657104169,78217.14000389454,79207.36366099872,0.5958851314757189
13.0,37.0,37971.08,22416.366666564627,15554.713333435375,121.50818769770761,1336.5900646747837,77773.56666717687,79110.15673185166,0.5903536761810468
15.0,29.0,43859.11,28846.71074667266,15012.399253327341,363.3642482205465,3997.0067304260115,75061.9962666367,79059.00299706271,0.6577130896334344
15.0,12.0,41504.68,26104.69099650566,15399.989003494342,172.42038095376975,1896.6241904914673,76999.94501747172,78896.56920796318,0.6289577704612024
32.0,33.0,45010.72,30084.89949817343,14925.82050182657,351.7008267886047,3868.709094674651,74629.10250913286,78497.81160380751,0.668394095854797
24.0,71.0,49535.54,35270.36331537679,14265.176684623213,640.799552282735,7048.795075110085,71325.88342311606,78374.67849822615,0.7120213752666629
2.0,52.0,42328.22,27088.23475993592,15239.985240064081,188.02179584084325,2068.239754249276,76199.9262003204,78268.16595456967,0.6399568599845663
3.0,33.0,42795.65,27931.973650968393,14863.676349031606,338.1861958194156,3720.048154013572,74318.38174515803,78038.42989917159,0.6526825425240274
41.0,96.0,37367.32,22151.19248589368,15216.127514106322,144.31352938587762,1587.4488232446538,76080.6375705316,77668.08639377626,0.5927958570722675
13.0,85.0,43648.240000000005,28547.592063185613,15100.647936814388,178.12214759036462,1959.343623494011,75503.23968407194,77462.58330756596,0.6540376442025064
9.0,96.0,42381.1,27294.30185945882,15086.798140541177,134.3620697483778,1477.9827672321558,75433.9907027059,76911.97346993804,0.6440206096457813
17.0,25.0,61833.44,47935.8331360885,13897.606863911502,664.8785069303725,7313.6635762340975,69488.03431955751,76801.6978957916,0.7752412470677436
16.0,20.0,38051.12,22923.01643187781,15128.103568122191,70.46516554752134,775.1168210227347,75640.51784061095,76415.6346616337,0.6024268518739477
32.0,31.0,36035.53,21380.80043582178,14654.72956417822,274.01190475092255,3014.130952260148,73273.6478208911,76287.77877315125,0.5933255438680042
12.0,21.0,41337.09,26394.64812292201,14942.441877077988,129.424589240373,1423.670481644103,74712.20938538996,76135.87986703405,0.638522163096677
2.0,31.0,51201.83,38126.4856264591,13075.344373540902,975.1260218808956,10726.386240689852,65376.72186770451,76103.10810839436,0.7446313076399632
8.0,20.0,41367.909999999996,26787.28439617462,14580.62560382538,285.44156046430265,3139.8571651073294,72903.12801912689,76042.98518423423,0.6475377749607031
7.0,55.0,50353.35,35872.97770573982,14480.372294260185,319.9957657864715,3519.9534236511868,72401.86147130092,75921.81489495211,0.7124248477159875
41.0,6.0,43161.57,28975.611934083543,14185.958065916457,451.1583340027618,4962.74167403038,70929.79032958229,75892.53200361266,0.6713289607881164
20.0,35.0,56052.91,41601.08492253891,14451.82507746109,324.0277110478319,3564.3048215261506,72259.12538730545,75823.4302088316,0.7421752933529928
21.0,97.0,35597.92,20625.238184106158,14972.681815893842,73.81474276683325,811.9621704351657,74863.40907946922,75675.37124990438,0.579394475410534
29.0,16.0,39820.13,25516.98277781071,14303.14722218929,370.7171398184066,4077.8885380024726,71515.73611094644,75593.62464894891,0.6408061143399258
26.0,20.0,40004.6,25562.962043076364,14441.637956923638,291.9560513524433,3211.516564876876,72208.18978461818,75419.70634949506,0.6390005660118178
8.0,32.0,44532.11,30102.19576447893,14429.914235521072,290.0483665338556,3190.5320318724116,72149.57117760536,75340.10320947778,0.6759660785100667
7.0,20.0,38058.5,23360.317170283426,14698.182829716576,156.98121030671675,1726.7933133738843,73490.91414858287,75217.70746195676,0.6138002593450458
7.0,34.0,44617.22,30200.353434984747,14416.866565015252,267.7863963921434,2945.6503603135775,72084.33282507626,75029.98318538984,0.6768766282387102
29.0,21.0,38882.520000000004,24184.717736382838,14697.802263617163,131.77398768586272,1449.51386454449,73489.01131808582,74938.52518263031,0.6219946067380107
22.0,31.0,43128.99,29753.98504025915,13375.004959740849,731.4611684024522,8046.072852426974,66875.02479870425,74921.09765113122,0.6898836499593233
27.0,12.0,40067.96,25501.386132601438,14566.573867398565,186.0766296318503,2046.8429259503532,72832.86933699282,74879.71226294318,0.6364533191258411
24.0,49.0,49130.77,35125.44801721593,14005.32198278407,434.80968844819256,4782.906572930118,70026.60991392034,74809.51648685047,0.714937869225659
15.0,44.0,38705.82,24053.160111321497,14652.659888678501,133.86396624160324,1472.5036286576355,73263.2994433925,74735.80307205014,0.6214352288963648
17.0,71.0,45846.67,31646.296532811797,14200.373467188205,320.42261596965506,3524.648775666206,71001.86733594103,74526.51611160723,0.6902637974101892
18.0,93.0,44048.88,29812.912971936137,14235.967028063864,290.7843838120078,3198.6282219320856,71179.83514031932,74378.46336225141,0.676814324721449
11.0,12.0,44822.33,30282.938332091115,14539.391667908887,152.1398175004252,1673.5379925046773,72696.95833954444,74370.49633204912,0.6756216897267748
32.0,12.0,36889.24,22310.6031348612,14578.6368651388,131.14385453527768,1442.5823998880546,72893.18432569399,74335.76672558206,0.6047997501401818
31.0,71.0,51067.47,37020.18009216297,14047.289907837028,371.5240520920197,4086.7645730122167,70236.44953918515,74323.21411219737,0.7249268485821398
31.0,16.0,57481.24,43973.648065274414,13507.591934725584,616.5925216607677,6782.517738268445,67537.95967362792,74320.47741189637,0.7650086891875404
2.0,19.0,41165.05,26681.767009930518,14483.282990069483,168.0201178868435,1848.2212967552787,72416.41495034742,74264.6362471027,0.6481655435844367
27.0,85.0,40579.77,26508.026703892723,14071.743296107277,346.3117359989232,3809.429095988155,70358.71648053639,74168.14557652455,0.653232551685057
19.0,30.0,42469.47,28380.748772722895,14088.721227277107,327.9296607650527,3607.22626841558,70443.60613638553,74050.83240480111,0.6682623723046908
22.0,12.0,39049.8,24613.330275455985,14436.469724544015,161.22731546241258,1773.5004700865384,72182.34862272006,73955.8490928066,0.6303061801969788
7.0,67.0,40140.14,25712.128099758844,14428.011900241156,151.6468467250647,1668.1153139757116,72140.05950120577,73808.1748151815,0.6405590040233752
21.0,31.0,53878.39,41259.32319570354,12619.066804296459,953.7437490894484,10491.181239983933,63095.3340214823,73586.51526146624,0.7657861193644342
39.0,41.0,33102.88,18430.630447165837,14672.249552834164,17.54398289809195,192.98381187901145,73361.24776417081,73554.23157604983,0.5567681859453267
41.0,41.0,40861.8,26432.64775105114,14429.152248948862,98.97050974878833,1088.6756072366716,72145.76124474431,73234.43685198098,0.6468791818043047
15.0,71.0,42299.34,28561.803490322116,13737.536509677882,400.6903732939794,4407.594106233773,68687.68254838942,73095.27665462319,0.6752304761805294
36.0,8.0,35034.91,20667.507862251252,14367.402137748746,57.08839577965029,627.9723535761532,71837.01068874373,72464.98304231989,0.5899118297221614
9.0,21.0,36726.35,22486.797161545386,14239.552838454614,80.23364684577076,882.5701153034784,71197.76419227307,72080.33430757656,0.6122796619197222
31.0,21.0,41078.03,27028.55864447098,14049.47135552902,137.79700993682192,1515.7671093050412,70247.3567776451,71763.12388695014,0.6579808877025257
33.0,82.0,36753.63,22637.7891050464,14115.840894953599,100.45385955306323,1104.9924550836954,70579.204474768,71684.19692985169,0.6159334222237749
40.0,33.0,42273.97,28410.586083602477,13863.383916397523,196.6661617901236,2163.3277796913594,69316.91958198762,71480.24736167898,0.6720586233940762
45.0,21.0,39086.51,25119.799429233077,13966.710570766925,145.08065138416114,1595.8871652257726,69833.55285383463,71429.4400190604,0.6426718432838613
6.0,48.0,37261.0,24442.703193921712,12818.296806078288,663.659064458831,7300.249709047142,64091.48403039144,71391.73373943858,0.6559862374579778
1.0,58.0,45155.0,33987.65111577981,11167.348884220195,1407.6903187202252,15484.593505922478,55836.74442110097,71321.33792702346,0.7526885420391941
15.0,91.0,36906.39,23005.072395862393,13901.317604137608,148.83496908306097,1637.1846599136707,69506.58802068804,71143.77268060172,0.6233357528564131
45.0,12.0,39119.85,25343.014996601483,13776.835003398515,190.51031204803624,2095.613432528399,68884.17501699258,70979.78844952097,0.647830065723705
20.0,31.0,46707.85,33568.75194676379,13139.09805323621,470.4043169901648,5174.447486891812,65695.49026618105,70869.93775307287,0.7186961495072839
9.0,18.0,31031.1,21337.61586529179,9693.484134708207,2028.0802929707604,22308.883222678363,48467.42067354104,70776.3038962194,0.6876203507220754
19.0,41.0,50289.86,37005.43586194961,13284.42413805039,392.7535400660226,4320.288940726248,66422.12069025195,70742.40963097819,0.735842888843787
40.0,29.0,35977.53,22267.25673817592,13710.273261824077,194.55687542894856,2140.125629718434,68551.36630912039,70691.49193883882,0.6189212193882104
5.0,81.0,32353.46,18276.105774634172,14077.35422536583,22.79348760616292,250.7283636677921,70386.77112682915,70637.49949049694,0.5648887560908222
29.0,20.0,40383.86,26708.07631911065,13675.78368088935,202.62361759496832,2228.8597935446514,68378.91840444675,70607.7781979914,0.6613552126792894
26.0,33.0,41015.89,27491.881182574783,13524.00881742522,257.8415452823406,2836.2569981057463,67620.0440871261,70456.30108523184,0.6702739153673073
6.0,30.0,46455.15,32808.14718574731,13647.002814252697,197.12268348902273,2168.34951837925,68235.01407126349,70403.36358964273,0.706232725236003
39.0,58.0,47200.0,33976.588859003285,13223.411140996715,384.6020628655562,4230.622691521118,66117.05570498358,70347.67839650469,0.7198429843009171
17.0,85.0,39031.43,25219.483005935654,13811.946994064347,104.58175670206236,1150.399323722686,69059.73497032173,70210.13429404442,0.646132693727482
18.0,12.0,39690.35,26311.04155938448,13379.30844061552,301.2181338718084,3313.3994725898924,66896.5422030776,70209.94167566749,0.6629077737884519
25.0,29.0,39363.83,25686.313912169197,13677.516087830803,165.21800712668116,1817.3980783934926,68387.58043915402,70204.9785175475,0.6525359425688302
26.0,6.0,48537.78,36134.42558927295,12403.35441072705,740.9526852035549,8150.479537239104,62016.77205363525,70167.25159087435,0.7444597917183883
6.0,31.0,41861.14,28610.223046240826,13250.916953759173,319.45358626763,3513.98944894393,66254.58476879587,69768.5742177398,0.6834554206178051
7.0,6.0,50762.31,38485.49319811605,12276.81680188395,760.0431805648393,8360.474986213232,61384.08400941975,69744.55899563298,0.7581509430543262
40.0,20.0,37474.8,24118.778219712658,13356.021780287341,266.9050155044538,2935.9551705489916,66780.1089014367,69716.0640719857,0.6435999183374602
34.0,48.0,43034.0,30331.155671131426,12702.844328868574,501.8976204761448,5520.873825237593,63514.22164434288,69035.09546958047,0.7048184150004979
27.0,6.0,48438.74,35832.028786197414,12606.711213802584,538.4063997309837,5922.470397040821,63033.55606901291,68956.02646605374,0.7397390763301732
25.0,97.0,32179.39,18542.14855701566,13637.241442984341,69.3563824237673,762.9202066614403,68186.2072149217,68949.12742158314,0.5762119343162085
6.0,58.0,45830.94,33998.35731689791,11832.58268310209,881.0390624700827,9691.42968717091,59162.91341551044,68854.34310268135,0.7418210780075187
25.0,85.0,35261.21,21771.759536770547,13489.450463229452,127.8912539855084,1406.8037938405923,67447.25231614726,68854.05610998785,0.6174422130372312
13.0,27.0,33661.67,20225.204877481443,13436.465122518555,139.0154585338574,1529.1700438724315,67182.32561259279,68711.49565646521,0.600837833579898
12.0,58.0,44250.0,32966.295788470066,11283.704211529932,1113.5347682510735,12248.882450761808,56418.52105764966,68667.40350841146,0.7450010347676851
3.0,32.0,41237.98,29509.083094697842,11728.89690530216,897.5614450690214,9873.175895759236,58644.4845265108,68517.66042227004,0.7155802271279496
5.0,90.0,35991.07,22449.929197530237,13541.140802469765,45.50388951262064,500.542784638827,67705.70401234883,68206.24679698765,0.6237638724697608
42.0,83.0,38171.81,25064.9390857937,13106.8709142063,228.98213104619992,2518.8034415081993,65534.3545710315,68053.1580125397,0.6566348068324164
9.0,67.0,32637.68,19221.694892947704,13415.985107052295,77.42752124429693,851.7027336872661,67079.92553526149,67931.62826894874,0.5889418271441997
9.0,32.0,37760.340000000004,24896.95678350593,12863.383216494069,321.8311892210901,3540.143081431991,64316.91608247035,67857.05916390233,0.6593414355778028
20.0,52.0,34404.77,21343.172494101003,13061.597505898995,202.7005505698388,2229.706056268227,65307.987529494974,67537.6935857632,0.6203550407138605
25.0,24.0,38502.76,25928.23945624445,12574.520543755549,419.27291500788573,4612.002065086743,62872.60271877775,67484.60478386449,0.6734124892928312
21.0,71.0,43607.7,31418.804897993286,12188.895102006712,593.8086656992645,6531.895322691909,60944.47551003356,67476.37083272547,0.720487549171208
7.0,44.0,37885.54,25008.757093767224,12876.782906232776,210.07053564109,2310.77589205199,64383.914531163886,66694.69042321587,0.6601135180801758
12.0,6.0,42739.29,29974.26816864597,12765.02183135403,260.31065384474374,2863.417192292181,63825.10915677015,66688.52634906233,0.7013281729445194
1.0,20.0,40290.87,27585.189410891224,12705.680589108777,225.92943997799404,2485.2238397579345,63528.40294554389,66013.62678530182,0.6846511234652223
25.0,32.0,34637.31,22015.271888585416,12622.038111414584,245.56622202571614,2701.2284422828775,63110.19055707292,65811.4189993558,0.6355941581082774
32.0,37.0,30848.239999999998,17884.12452398002,12964.11547601998,83.67352378748774,920.4087616623651,64820.5773800999,65740.98614176227,0.5797453768506735
21.0,21.0,32570.45,19657.916076734105,12912.533923265895,94.66909553027504,1041.3600508330255,64562.669616329484,65604.02966716251,0.6035506441186445
6.0,19.0,33919.34,21145.470401445215,12773.869598554784,147.26364782359462,1619.900126059541,63869.347992773924,65489.248118833464,0.6234045356261418
9.0,90.0,35517.14,22640.78558733449,12876.354412665512,82.9799605483683,912.7795660320512,64381.77206332757,65294.551629359616,0.6374608312306252
17.0,52.0,34552.33,21814.51626773609,12737.81373226391,132.73881050516147,1460.126915556776,63689.06866131955,65149.19557687633,0.6313471846250626
40.0,32.0,40406.770000000004,27958.450587621137,12448.319412378863,249.50671311010674,2744.573844211174,62241.59706189432,64986.170906105486,0.6919249073266963
16.0,67.0,32892.04,20073.639868529375,12818.400131470626,71.50258846565971,786.5284731222569,64092.00065735313,64878.52913047539,0.6102886859109187
34.0,44.0,42608.51,30251.694627753455,12356.815372246543,262.6311499348046,2888.9426492828507,61784.076861232716,64673.019510515565,0.7099918450035791
16.0,32.0,40296.85,28080.089292876168,12216.760707123834,315.8596093235428,3474.455702558971,61083.80353561917,64558.25923817814,0.6968308761820383
22.0,93.0,32824.82,20339.876321381646,12484.943678618354,179.81954254815182,1978.01496802967,62424.71839309178,64402.73336112145,0.6196492873801485
19.0,6.0,46546.33,35153.41501605878,11392.914983941217,663.8320783590748,7302.152861949823,56964.574919706094,64266.727781655914,0.7552349458283559
40.0,44.0,35259.14,22715.806874954647,12543.333125045354,139.32245828834633,1532.5470411718097,62716.66562522677,64249.21266639858,0.6442530043261023
34.0,33.0,37778.7,25362.535930415448,12416.16406958455,195.00557454722977,2145.0613200195276,62080.82034792275,64225.88166794228,0.6713448565042061
14.0,35.0,36310.84,24233.50195364033,12077.33804635967,312.4418698530115,3436.8605683831265,60386.69023179835,63823.550800181474,0.6673902876837973
21.0,16.0,36993.68,25265.362705953958,11728.31729404604,468.9604959012006,5158.565454913207,58641.586470230206,63800.15192514341,0.6829642983870207
44.0,96.0,33094.0,20532.85977322247,12561.14022677753,88.15092227681853,969.6601450450039,62805.701133887655,63775.36127893265,0.6204405563915656
25.0,12.0,35399.28,22896.346217277416,12502.933782722586,104.61329323377025,1150.7462255714727,62514.668913612935,63665.415139184406,0.6468025964730756
39.0,31.0,40042.79,28907.593653479566,11135.196346520435,722.7939820348333,7950.733802383167,55675.98173260217,63626.71553498534,0.7219175700164641
25.0,55.0,43691.92,31694.46549018276,11997.454509817242,307.7919008984836,3385.71090988332,59987.27254908621,63372.98345896953,0.72540793561333
28.0,12.0,33963.39,21722.11334301292,12241.27665698708,169.47078969695534,1864.1786866665088,61206.3832849354,63070.56197160191,0.639574357654313
24.0,37.0,34391.08,22173.244332108286,12217.835667891715,165.38687724563525,1819.2556497019877,61089.17833945858,62908.43398916057,0.6447382382905185
27.0,56.0,29966.14,18786.87820496124,11179.261795038761,629.9989191068124,6929.988110174936,55896.30897519381,62826.297085368744,0.6269368762530388
26.0,32.0,39189.11,27214.7326791571,11974.377320842901,249.66175060755293,2746.279256683082,59871.8866042145,62618.165860897585,0.6944463061079238
40.0,24.0,38778.9,27038.499680538138,11740.400319461862,331.16974492844037,3642.867194212844,58702.00159730931,62344.86879152215,0.6972477218419846
15.0,55.0,43042.55,31167.99382553062,11874.55617446938,269.5723861662717,2965.2962478289887,59372.7808723469,62338.07712017589,0.7241205231922974
27.0,35.0,35637.81,23642.946927746878,11994.863072253123,212.04629267763195,2332.5092194539516,59974.31536126562,62306.82458071957,0.663423115161871
9.0,33.0,36730.51,24862.024328473286,11868.485671526712,237.45427098624444,2611.996980848689,59342.428357633566,61954.42533848225,0.6768766436532813
5.0,14.0,33735.44,21720.465845451683,12014.974154548316,160.23219863226822,1762.5541849549504,60074.87077274158,61837.42495769654,0.6438471188000418
34.0,32.0,41058.17,29127.216619703184,11930.953380296816,197.00481586449544,2167.05297450945,59654.76690148408,61821.81987599353,0.7094134156418366
26.0,42.0,33128.46,21095.188444267045,12033.271555732954,145.11894100599446,1596.308351065939,60166.35777866477,61762.66612973071,0.6367693652004061
25.0,20.0,37089.87,25326.98893453234,11762.88106546766,267.60933237716904,2943.7026561488597,58814.405327338296,61758.10798348715,0.6828546159512647
16.0,97.0,29672.74,17458.32707969275,12214.41292030725,31.26620527676133,343.9282580443746,61072.06460153625,61415.99285958062,0.588362486231226
35.0,21.0,33993.11,22266.462910431546,11726.647089568454,181.33831685189472,1994.721485370842,58633.23544784227,60627.956933213114,0.655028707594908
14.0,6.0,39088.86,27665.443872050328,11423.416127949671,314.99991930287734,3464.999112331651,57117.080639748354,60582.07975208001,0.707757756866031
33.0,1.0,31150.0,19216.675069300305,11933.324930699695,68.00191275995948,748.0210403595543,59666.624653498475,60414.64569385803,0.6169077068796246
9.0,81.0,28368.8,16389.72914973306,11979.070850266944,42.845695886903165,471.3026547559348,59895.35425133472,60366.65690609065,0.577737836980523
41.0,30.0,31428.06,19713.87714954819,11714.18285045181,155.97228302962347,1715.695113325858,58570.91425225905,60286.6093655849,0.6272699348782008
7.0,32.0,38372.97,26899.349176920747,11473.620823079253,245.1012584004235,2696.1138424046585,57368.104115396265,60064.21795780092,0.7009973212112783
10.0,85.0,29647.309999999998,17893.0926584225,11754.217341577496,116.11809860227649,1277.2990846250414,58771.08670788748,60048.38579251253,0.60353174228699
31.0,31.0,37184.38,26225.446485908313,10958.933514091686,477.4693386779898,5252.162725457888,54794.667570458434,60046.83029591632,0.7052812628826489
25.0,71.0,37453.15,25766.881297992604,11686.268702007394,139.74276123238772,1537.170373556265,58431.34351003697,59968.51388359323,0.6879763463952325
10.0,19.0,31247.89,19658.057319994718,11589.83268000528,176.60524216933925,1942.6576638627316,57949.1634000264,59891.82106388913,0.6291003110928359
25.0,37.0,33383.99,21764.30608483331,11619.683915166686,160.34949157094982,1763.8444072804482,58098.41957583344,59862.26398311389,0.6519384317103292
15.0,96.0,36714.63,25198.567139188555,11516.062860811446,198.84062795484917,2187.246907503341,57580.314304057225,59767.56121156057,0.6863358595521337
5.0,34.0,33897.5,22410.265925109285,11487.234074890715,199.40448592958055,2193.449345225386,57436.17037445358,59629.61971967896,0.6611185463561998
45.0,55.0,42703.54,31562.49263264207,11141.047367357933,347.0640316952237,3817.704348647461,55705.23683678966,59522.94118543712,0.7391071708022817
5.0,12.0,29682.77,17977.828887239153,11704.941112760847,81.46814592881492,896.1496052169641,58524.70556380423,59420.8551690212,0.6056654714920189
24.0,30.0,38365.07,27243.34370304582,11121.72629695418,345.789013540109,3803.679148941199,55608.6314847709,59412.3106337121,0.7101080150002547
32.0,96.0,27204.48,15434.29497800567,11770.18502199433,38.871151890296126,427.5826707932574,58850.92510997165,59278.50778076491,0.5673438704950681
5.0,67.0,29185.13,17496.348557310055,11688.781442689944,35.839707335379735,394.23678068917707,58443.907213449726,58838.143994138896,0.599495310019522
29.0,32.0,33797.73,22499.702252005063,11298.027747994936,185.61420694588594,2041.7562764047454,56490.13873997468,58531.89501637943,0.6657163736145907
21.0,12.0,30294.47,18808.166748958465,11486.303251041536,87.18984179225014,959.0882597147515,57431.51625520768,58390.60451492243,0.6208448851872459
5.0,55.0,31114.74,19716.764825626127,11397.975174373873,108.76981099249525,1196.4679209174478,56989.87587186936,58186.34379278681,0.6336792409522344
15.0,85.0,31880.97,20777.55047878871,11103.41952121129,234.73574707081158,2582.0932177789273,55517.09760605644,58099.19082383537,0.6517226570831662
5.0,74.0,33776.13,22448.677303379856,11327.452696620143,128.93168571152526,1418.2485428267778,56637.263483100716,58055.51202592749,0.6646314217579059
25.0,33.0,33099.84,22268.10619279548,10831.73380720452,351.65303297656413,3868.1833627422056,54158.669036022606,58026.85239876481,0.6727557049458693
17.0,30.0,28615.75,17282.842510984614,11332.907489015384,121.15302821683714,1332.6833103852086,56664.53744507692,57997.22075546213,0.6039625909153041
17.0,16.0,45476.86,36767.50238140972,8709.35761859028,1309.34828350347,14402.831118538168,43546.78809295141,57949.619211489575,0.8084881493887159
45.0,44.0,27885.62,16427.103503140293,11458.516496859707,45.06663782614189,495.7330160875608,57292.58248429853,57788.315500386096,0.5890886952895541
24.0,31.0,32080.260000000002,21672.487601693643,10407.772398306359,521.269276989269,5733.9620468819585,52038.86199153179,57772.82403841375,0.675570821486286
40.0,58.0,41779.0,32290.77123778381,9488.22876221619,929.3582535203313,10222.940788723645,47441.14381108094,57664.084599804584,0.7728947853654662
18.0,6.0,33259.87,22705.83369702198,10554.03630297802,428.0246111124645,4708.27072223711,52770.1815148901,57478.45223712721,0.6826795684114814
41.0,48.0,28855.0,18198.73499809363,10656.26500190637,381.1111164521963,4192.22228097416,53281.32500953185,57473.547290506016,0.6306960664735273
19.0,35.0,33343.93,22541.596541215535,10802.333458784466,310.3365379682131,3413.701917650344,54011.66729392232,57425.369211572666,0.6760329853504231
5.0,25.0,30225.19,19093.405799936696,11131.784200063303,158.80971007592322,1746.9068108351553,55658.921000316506,57405.82781115166,0.6317050711653656
3.0,18.0,19877.21,10708.52482671582,9168.685173284179,1051.0727789689838,11561.800568658822,45843.4258664209,57405.22643507972,0.538733797485453
45.0,93.0,31763.08,20773.60195625249,10989.478043747511,221.03903911266391,2431.429430239303,54947.39021873756,57378.81964897686,0.6540172412830395
9.0,42.0,34786.98,23611.06803025441,11175.911969745592,131.14585448142105,1442.6043992956315,55879.55984872796,57322.16424802359,0.6787329061118386
26.0,83.0,27270.82,16083.998297052109,11186.821702947891,120.05467899628657,1320.6014689591523,55934.108514739455,57254.70998369861,0.5897878500555579
22.0,85.0,29930.3,18707.53020642517,11222.769793574831,101.56427069453106,1117.2069776398416,56113.84896787415,57231.055945513996,0.6250365083686155
16.0,21.0,32546.98,21440.201002074897,11106.778997925105,145.26168813816574,1597.878569519823,55533.89498962552,57131.773559145346,0.6587462493317321
10.0,31.0,51306.07,40907.150045494964,10398.919954505034,449.4604748356356,4944.065223191991,51994.59977252517,56938.66499571716,0.7973159909830351
10.0,58.0,49305.0,39872.1525240227,9432.847475977302,887.0421622928206,9757.463785221027,47164.237379886516,56921.701165107545,0.8086837546703721
4.0,31.0,49010.26,40926.23889085311,8084.021109146894,1487.3675428993158,16361.042971892473,40420.10554573447,56781.14851762695,0.8350545149291823
17.0,29.0,28555.01,17486.94410837358,11068.065891626418,94.59214056907439,1040.5135462598182,55340.329458132095,56380.843004391914,0.6123949565548595
7.0,41.0,26553.74,15868.515409394098,10685.224590605902,250.73637697140575,2758.100146685463,53426.12295302951,56184.22309971497,0.5976000145137407
3.0,24.0,39593.82,29364.36543073272,10229.45456926728,453.8048869238671,4991.853756162538,51147.2728463364,56139.12660249894,0.7416401203706214
40.0,6.0,33970.54,23455.8391484881,10514.700851511901,323.0981703708199,3554.0798740790187,52573.50425755951,56127.58413163853,0.6904758990727877
19.0,56.0,30736.84,20062.190290182825,10674.649709817175,235.77611849041514,2593.5373033945666,53373.248549085874,55966.78585248044,0.6527082904482967
20.0,56.0,26938.739999999998,16125.888407706652,10812.851592293347,159.86106430879957,1758.4717073967954,54064.25796146674,55822.72966886354,0.59861331330666
11.0,52.0,32710.97,21814.947576214472,10896.022423785527,121.15205003074074,1332.672550338148,54480.11211892764,55812.784669265784,0.6669000514571861
45.0,31.0,33509.54,23358.951897216106,10150.588102783895,439.7229188571451,4836.952107428596,50752.94051391947,55589.892621348066,0.6970836334135325
4.0,35.0,39740.03,29129.37834001976,10610.651659980238,223.71185462132942,2460.8304008346236,53053.258299901194,55514.08870073581,0.7329983983409112
3.0,12.0,27671.6,16798.940440787872,10872.659559212127,99.41886187358949,1093.6074806094844,54363.29779606064,55456.90527667012,0.6070823675099334
22.0,56.0,25498.93,15047.252126019785,10451.677873980216,290.674897729308,3197.4238750223876,52258.38936990108,55455.81324492347,0.5901130802751247
8.0,83.0,27760.95,16925.768693163256,10835.181306836745,86.17014514462545,947.87159659088,54175.90653418372,55123.7781307746,0.6096970274130841
32.0,6.0,38410.380000000005,28182.22763220791,10228.15236779209,318.58828107627545,3504.4710918390297,51140.76183896046,54645.23293079949,0.7337138458981115
34.0,83.0,29357.42,18677.5913785699,10679.828621430099,113.02626580424999,1243.2889238467499,53399.14310715049,54642.43203099724,0.6362136515596365
17.0,48.0,31833.0,22417.752865173654,9415.247134826346,674.735435301961,7422.089788321572,47076.235674131734,54498.32546245331,0.7042299772303475
28.0,30.0,33212.85,22760.68343096635,10452.166569033649,198.838504584921,2187.223550434131,52260.83284516824,54448.05639560237,0.685297510781711
1.0,85.0,31471.1,20883.136498197346,10587.963501802653,135.4460900251278,1489.9069902764058,52939.81750901326,54429.72449928967,0.6635655092512606
18.0,27.0,29413.87,19176.21509985835,10237.654900141652,290.2891184051339,3193.1803024564724,51188.27450070826,54381.454803164735,0.6519446471973375
37.0,67.0,25919.91,15114.296605017149,10805.61339498285,27.594102698804942,303.53512968685436,54028.066974914254,54331.60210460111,0.5831153196526203
24.0,35.0,30856.739999999998,20762.25841439443,10094.481585605568,349.229765587598,3841.5274214635783,50472.407928027846,54313.935349491425,0.6728597516910222
15.0,31.0,30521.7,20155.647363776214,10366.052636223787,193.1395471388448,2124.535018527293,51830.26318111894,53954.79819964623,0.6603710594028581
5.0,22.0,27105.02,16552.98720059458,10552.03279940542,98.55867662517072,1084.145442876878,52760.163997027106,53844.309439903984,0.6106982101689864
7.0,12.0,50372.229999999996,40618.15730564171,9754.072694358292,456.16476971427613,5017.812466857037,48770.36347179146,53788.1759386485,0.8063601175814872
15.0,21.0,31236.04,20792.413520234088,10443.626479765913,140.2072467016901,1542.2797137185912,52218.13239882956,53760.412112548154,0.6656545938676633
37.0,83.0,25060.79,14449.245595358645,10611.544404641354,29.3388585680877,322.72744424896473,53057.72202320677,53380.449467455735,0.5765678414510733
3.0,44.0,28629.55,18241.602445261375,10387.947554738626,129.49807702309366,1424.4788472540304,51939.73777369313,53364.21662094716,0.6371599429701611
12.0,52.0,33626.28,23611.292747390908,10014.987252609093,296.7573738397732,3264.3311122375053,50074.93626304547,53339.26737528297,0.702167850484529
26.0,24.0,34172.84,24366.235090054146,9806.604909945854,389.77401124229885,4287.514123665287,49033.02454972926,53320.538673394556,0.7130292679816529
18.0,83.0,23667.33,13367.492907141665,10299.837092858335,153.85812947822765,1692.4394242605042,51499.18546429168,53191.624888552185,0.5648078134348768
34.0,20.0,29812.77,19447.46157084608,10365.30842915392,108.04319688611332,1188.4751657472466,51826.54214576961,53015.01731151685,0.6523198471945438
29.0,97.0,25056.26,14623.473332664644,10432.786667335356,74.8371487101529,823.2086358116819,52163.93333667678,52987.14197248846,0.5836255423860003
2.0,85.0,30231.48,19889.165752858516,10342.314247141483,109.93283088023344,1209.2611396825678,51711.571235707415,52920.83237538998,0.6578958672502476
1.0,37.0,28562.34,18140.426461519506,10421.913538480494,60.861535290837764,669.4768881992154,52109.56769240247,52779.04458060169,0.635116956857159
1.0,6.0,36478.08,26652.20163823635,9825.87836176365,321.8775695212747,3540.653264734022,49129.391808818255,52670.045073552275,0.730636087157996
19.0,37.0,29787.93,19591.954851373797,10195.975148626203,149.13276948662624,1640.4604643528887,50979.87574313102,52620.33620748391,0.6577145458369815
40.0,83.0,27338.38,17200.838971104953,10137.541028895046,172.34535335334186,1895.7988868867606,50687.70514447523,52583.50403136199,0.6291828181152267
15.0,18.0,23700.46,17065.25540891294,6635.204591087059,1932.0025700147955,19320.025700147955,33176.0229554353,52496.048655583254,0.7200389953997914
9.0,24.0,36433.11,26868.8404028373,9564.2695971627,391.0473107876762,4301.520418664439,47821.347985813496,52122.86840447794,0.7374841292120629
12.0,97.0,26739.809999999998,16419.924807529093,10319.885192470905,43.54729471157237,479.0202418272961,51599.42596235453,52078.446204181826,0.6140628825533575
3.0,17.0,28839.95,18735.200151598267,10104.749848401734,127.15464003666511,1398.7010404033163,50523.749242008664,51922.450282411985,0.6496266516272832
5.0,17.0,28030.75,17909.56199969533,10121.188000304672,116.67129016308094,1283.3841917938903,50605.94000152336,51889.324193317254,0.6389255371224576
4.0,48.0,41980.0,33305.63061672996,8674.369383270037,773.9747701076387,8513.722471184026,43371.84691635019,51885.56938753421,0.7933689999221049
32.0,56.0,27670.7,17820.529105345366,9850.170894654635,213.08980091195414,2343.9878100314954,49250.854473273175,51594.84228330467,0.644021622342238
22.0,58.0,38076.97,31341.22972248999,6735.740277510011,1623.2016728133472,17855.21840094682,33678.701387550056,51533.919788496874,0.8231019884851654
13.0,19.0,35253.58,25473.787562348385,9779.792437651613,223.87592605623087,2462.6351866185396,48898.96218825806,51361.597374876605,0.7225872539001255
19.0,27.0,26247.52,16280.66287549067,9966.85712450933,128.5625884286784,1414.1884727154622,49834.28562254665,51248.474095262114,0.6202743297458453
27.0,50.0,30816.0,21234.40675182561,9581.593248174391,238.75672680192963,2626.323994821226,47907.96624087195,50534.29023569318,0.6890708317700418
8.0,29.0,27507.170000000002,17648.28534121422,9858.88465878578,89.45297833250106,983.9827616575117,49294.42329392891,50278.40605558641,0.641588550956504
38.0,83.0,26550.260000000002,16835.503786794958,9714.756213205043,149.42132232074707,1643.6345455282176,48573.781066025214,50217.415611553435,0.634099394386155
29.0,55.0,33518.85,24021.829918387393,9497.020081612607,231.23519129275925,2543.5871042203516,47485.10040806303,50028.68751228339,0.7166662913073508
15.0,56.0,25415.329999999998,15965.513019083268,9449.816980916732,249.42544722450558,2743.6799194695614,47249.084904583666,49992.76482405322,0.6281843682172638
13.0,35.0,31147.57,21446.28816740063,9701.281832599368,119.5976363388435,1315.5739997272785,48506.409162996846,49821.98316272412,0.6885380839468579
27.0,27.0,24525.45,14966.61651012596,9558.83348987404,181.82828673780233,2000.1111541158257,47794.1674493702,49794.27860348603,0.6102483954474213
45.0,30.0,28520.68,18985.750694781913,9534.929305218086,189.59300316608253,2085.523034826908,47674.64652609043,49760.16956091734,0.6656836616371669
24.0,6.0,39317.23,31340.363291788643,7976.866708211356,894.9331076159622,9844.264183775584,39884.33354105678,49728.59772483236,0.7971152416329594
31.0,30.0,30753.89,21161.409368453482,9592.480631546518,160.07346147647056,1760.808076241176,47962.40315773259,49723.211233973765,0.6880888683822919
25.0,6.0,24516.27,14913.353849618605,9602.916150381396,146.75016154206358,1614.2517769626993,48014.58075190698,49628.83252886967,0.6083043566422871
41.0,31.0,29936.17,21044.705395487283,8891.464604512716,468.22874612998527,5150.516207429838,44457.32302256358,49607.83922999342,0.7029858995151111
22.0,27.0,24369.89,14734.928224200285,9634.961775799717,115.13020077632763,1266.4322085396038,48174.808878998585,49441.24108753819,0.6046366325084063
25.0,56.0,24417.170000000002,14744.704949973639,9672.465050026363,96.28824540253585,1059.1706994278943,48362.32525013181,49421.49594955971,0.6038662527219018
18.0,56.0,22774.03,13274.498435350573,9499.531564649427,158.1329326073812,1739.4622586811931,47497.65782324714,49237.120081928326,0.5828787630186917
45.0,71.0,34689.13,25797.593625107707,8891.536374892292,419.54337548021886,4614.977130282407,44457.681874461465,49072.65900474387,0.7436794645788958
28.0,31.0,34018.77,25025.8014510089,8992.968548991099,367.8423033621344,4046.2653369834784,44964.842744955495,49011.108081938975,0.7356468635112
11.0,27.0,24636.010000000002,15049.339156600827,9586.670843399173,96.72238379930063,1063.946221792307,47933.35421699587,48997.30043878818,0.6108675534959122
5.0,42.0,29876.12,20513.619237682455,9362.500762317546,194.27444039671383,2137.018844363852,46812.503811587725,48949.52265595158,0.6866226015186194
16.0,71.0,26251.48,16912.530809806518,9338.949190193482,197.1314947379211,2168.446442117132,46694.74595096741,48863.19239308454,0.644250564532229
20.0,27.0,28533.2,19242.95158972119,9290.24841027881,215.0950905540586,2366.0459960946446,46451.242051394045,48817.28804748869,0.6744056604138754
15.0,30.0,28372.760000000002,19149.498344511474,9223.261655488526,245.4685776620944,2700.154354283038,46116.30827744263,48816.46263172567,0.6749254688127441
16.0,33.0,25072.2,15551.371764566626,9520.828235433375,105.33488738648661,1158.6837612513527,47604.14117716688,48762.82493841823,0.620263549451848
4.0,27.0,28274.0,18812.811671429652,9461.188328570348,128.00919337748326,1408.101127152316,47305.94164285174,48714.04277000406,0.6653749618529268
31.0,44.0,24874.42,15340.220569551566,9534.199430448432,83.30924648105301,916.4017112915831,47670.99715224216,48587.398863533745,0.616706663695136
1.0,30.0,29034.52,19704.091854721453,9330.428145278547,164.97194900316387,1814.6914390348024,46652.14072639274,48466.832165427535,0.6786436233394405
7.0,33.0,29755.370000000003,20521.191618083118,9234.178381916885,204.3843538922556,2248.2278928148116,46170.891909584425,48419.11980239923,0.6896634663955823
36.0,46.0,23253.68,13652.112915495036,9601.567084504964,30.518411556207617,335.7025271182838,48007.83542252482,48343.537949643105,0.5870947271784525
11.0,35.0,35255.85,26062.952690189046,9192.897309810953,184.90462991256163,2033.950929038178,45964.48654905477,47998.43747809294,0.7392518600512836
35.0,44.0,21836.059999999998,12405.260845874469,9430.79915412553,48.462668029156745,533.0893483207242,47153.99577062765,47687.08511894837,0.5681089375040401
23.0,52.0,28944.010000000002,19891.361172594596,9052.648827405405,212.7994350208276,2340.7937852291034,45263.244137027024,47604.037922256124,0.6872358450883134
35.0,6.0,39994.34,31696.181138625703,8298.158861374295,529.3576940422724,5822.934634464997,41490.794306871474,47313.72894133647,0.7925166695743874
31.0,12.0,29569.25,20427.930286428855,9141.319713571143,142.35208755665545,1565.87296312321,45706.59856785572,47272.47153097893,0.6908504708921889
29.0,12.0,24167.5,15007.637466638138,9159.862533361864,130.88671527556787,1439.7538680312464,45799.31266680931,47239.06653484056,0.6209842750238187
32.0,52.0,26388.16,17193.330175002535,9194.829824997465,100.507115447574,1105.5782699233139,45974.14912498733,47079.727394910646,0.6515547190483358
35.0,27.0,20371.85,11213.32687790125,9158.52312209875,112.71433465483766,1239.8576812032143,45792.61561049375,47032.47329169696,0.5504324289596306
26.0,30.0,25522.780000000002,16396.802561554734,9125.977438445267,127.43652442174661,1401.8017686392127,45629.887192226335,47031.68896086555,0.6424379539201738
34.0,6.0,29693.87,20934.202127688553,8759.667872311446,280.54376716855114,3085.9814388540626,43798.33936155723,46884.3208004113,0.7050008007608491
25.0,50.0,24743.0,15579.951598900447,9163.048401099553,94.29962847696127,1037.295913246574,45815.24200549777,46852.53791874434,0.6296710826860302
12.0,19.0,28588.77,19714.063448970282,8874.706551029716,180.15771552570624,1981.7348707827687,44373.53275514858,46355.267625931345,0.6895736839664764
23.0,93.0,27793.48,18946.580638597945,8846.899361402053,190.05507374037495,2090.6058111441243,44234.49680701026,46325.10261815439,0.6816915563865319
4.0,37.0,31671.08,23688.628895953738,7982.451104046262,575.1061002040017,6326.167102244019,39912.25552023131,46238.42262247533,0.74795772344845
13.0,56.0,25944.63,17168.56949586736,8776.06050413264,212.52863054308636,2337.81493597395,43880.3025206632,46218.11745663715,0.6617388452202771
3.0,81.0,21396.7,12206.893349058428,9189.806650941571,15.087422364546228,165.9616460100085,45949.03325470786,46114.994900717866,0.5705035519055942
34.0,37.0,25175.29,16066.55291781037,9108.73708218963,47.39531688624708,521.3484857487178,45543.68541094814,46065.03389669686,0.638187401925077
45.0,32.0,35505.2,27607.578535047825,7897.621464952175,576.6492775715626,6343.142053287189,39488.10732476088,45831.249378048065,0.7775643718398383
27.0,37.0,26580.89,17838.1538176587,8742.736182341303,165.46848865854216,1820.1533752439639,43713.68091170652,45533.834286950485,0.6710894111393072
22.0,52.0,24184.81,15247.546957510938,8937.263042489061,76.84522209251986,845.2974430177185,44686.315212445304,45531.612655463025,0.6304596545315402
34.0,24.0,31692.69,23494.229113435365,8198.460886564633,379.2187656089178,4171.406421698096,40992.30443282316,45163.71085452126,0.7413138207402201
28.0,52.0,23394.25,14643.608296244984,8750.641703755015,105.39634815654604,1159.3598297220065,43753.20851877507,44912.56834849708,0.625949038599014
41.0,85.0,23783.58,15201.815182985627,8581.764817014373,135.6214762515596,1491.8362387671557,42908.824085071865,44400.66032383902,0.6391727058325797
15.0,50.0,26564.5,18101.48892705896,8463.01107294104,189.40112264053815,2083.4123490459197,42315.05536470521,44398.467713751124,0.6814165117754507
8.0,41.0,22506.41,13851.521113676094,8654.888886323906,99.2214140297772,1091.4355543275492,43274.44443161954,44365.87998594708,0.6154478263604055
14.0,27.0,25489.4,17197.67526611275,8291.724733887251,246.16401755964563,2707.804193156102,41458.62366943625,44166.427862592354,0.674699101042502
22.0,6.0,34309.65,26815.389232420253,7494.260767579745,599.2439364646489,6591.683301111138,37471.303837898726,44062.98713900986,0.7815698858023983
9.0,20.0,29736.91,21717.384112828633,8019.525887171367,352.0022414268851,3872.0246556957363,40097.629435856834,43969.65409155257,0.730317444308391
37.0,16.0,22110.02,13621.013511377143,8489.006488622857,101.75354924965463,1119.2890417462008,42445.03244311428,43564.321484860484,0.6160561370535685
11.0,31.0,31716.97,23801.32813890757,7915.64186109243,362.1964778229087,3984.161256051996,39578.20930546215,43562.37056151415,0.7504288126800123
29.0,18.0,16241.66,9885.453678448652,6356.206321551348,1295.1405408448468,11656.26486760362,31781.03160775674,43437.29647536036,0.6086479878564538
34.0,29.0,22130.35,13575.916236611436,8554.433763388564,55.08153755367028,605.8969130903731,42772.168816942816,43378.065730033195,0.613452396216573
43.0,16.0,21818.989999999998,13801.372893130467,8017.617106869532,297.09766005985205,3268.0742606583726,40088.08553434766,43356.15979500603,0.6325394939513913
28.0,6.0,28605.45,20363.35655812365,8242.093441876348,187.91356518303326,2067.0492170133657,41210.46720938174,43277.51642639511,0.7118698205455132
24.0,58.0,29620.0,23243.689529640553,6376.310470359446,1030.5877706053602,11336.465476658963,31881.552351797232,43218.01782845619,0.7847295587319565
35.0,58.0,26040.0,19667.809850973692,6372.190149026309,1031.17013690959,11342.87150600549,31860.950745131544,43203.82225113703,0.7552922369805565
33.0,46.0,20962.06,12509.178734194244,8452.881265805756,54.68172746915091,601.49900216066,42264.40632902878,42865.905331189446,0.5967533121360326
31.0,37.0,26214.94,17905.91509908198,8309.02490091802,96.37355116839345,1060.109062852328,41545.1245045901,42605.23356744243,0.6830423834302874
3.0,26.0,29205.52,21148.484163362868,8057.035836637133,186.6755522475939,2053.431074723533,40285.17918318567,42338.6102579092,0.7241262666565385
7.0,26.0,25105.91,17023.681053518616,8082.228946481382,168.36420660835927,1852.0062726919518,40411.14473240691,42263.15100509886,0.6780746467074332
12.0,35.0,24455.82,16332.352387425728,8123.467612574272,147.9652912597513,1627.6182038572642,40617.33806287136,42244.95626672862,0.6678309043583789
3.0,20.0,21104.16,12809.847377478676,8294.312622521324,69.20409436898886,761.2450380588775,41471.563112606615,42232.80815066549,0.6069821010397323
36.0,1.0,23042.76,14757.810631775606,8284.949368224394,58.907893501631115,647.9868285179423,41424.74684112197,42072.73366963991,0.6404532543747193
1.0,31.0,30054.37,24189.114061764114,5865.255938235886,1148.8027193257992,12636.829912583791,29326.279691179432,41963.10960376322,0.8048451543573901
43.0,14.0,17296.17,9038.865968306016,8257.304031693984,47.94870817276489,527.4357899004137,41286.520158469924,41813.95594837034,0.5225934971907663
39.0,6.0,31509.45,23618.52249914358,7890.927500856423,213.82609196413523,2352.0870116054875,39454.63750428211,41806.7245158876,0.7495694942039159
35.0,83.0,23532.78,15345.270443750187,8187.509556249812,78.07367481294791,858.8104229424271,40937.547781249064,41796.35820419149,0.6520806485145482
28.0,35.0,22686.2,14636.716964429046,8049.483035570955,114.48975546214905,1259.3873100836395,40247.415177854775,41506.80248793841,0.6451815184750661
27.0,52.0,28829.73,20977.681553578986,7852.048446421015,194.5773242859044,2140.3505671449484,39260.242232105076,41400.59279925002,0.7276405832999125
45.0,41.0,25484.420000000002,17694.604170252256,7789.815829747743,215.14984839106626,2366.6483323017287,38949.07914873872,41315.72748104045,0.6943302680717182
4.0,36.0,24050.34,17868.10948213,6182.230517870002,934.0374340060212,10274.411774066233,30911.152589350007,41185.56436341624,0.7429462320337259
4.0,41.0,28995.48,21403.144542651633,7592.3354573483675,291.6865434261232,3208.5519776873552,37961.67728674184,41170.229264429196,0.7381545172782666
18.0,31.0,31011.38,24346.6939549236,6664.686045076399,707.4082471773328,7781.490718950661,33323.43022538199,41104.920944332654,0.7850890207054185
6.0,35.0,29079.149999999998,21402.444339128244,7676.705660871755,238.64229039465465,2625.0651943412013,38383.52830435878,41008.59349869998,0.7360065317978086
8.0,30.0,22135.42,14250.59105200408,7884.82894799592,123.84299464713385,1362.2729411184723,39424.1447399796,40786.41768109808,0.6437913105784341
36.0,83.0,22617.89,14662.296618863613,7955.593381136387,80.52086121648676,885.7294733813544,39777.96690568193,40663.69637906329,0.6482610278352053
17.0,27.0,18209.21,10185.508327867632,8023.701672132368,43.01301414141203,473.1431555555323,40118.50836066184,40591.651516217375,0.5593602538422937
41.0,52.0,25219.29,17306.62108371748,7912.668916282521,84.53807930653744,929.9188723719119,39563.34458141261,40493.26345378452,0.6862453734311108
41.0,56.0,23125.260000000002,15993.200004700067,7132.059995299933,430.094361875506,4731.037980630566,35660.299976499664,40391.33795713023,0.6915900623257886
18.0,98.0,20506.98,12806.214199299466,7700.765800700535,171.28145804972766,1884.0960385470044,38503.82900350267,40387.92504204968,0.6244807474966799
24.0,27.0,21696.33,13959.520240617958,7736.809759382042,146.49629026024093,1611.45919286265,38684.04879691021,40295.507989772865,0.6434046790686699
18.0,19.0,24030.65,16223.512055013167,7807.137944986833,113.35709346666623,1246.9280281333286,39035.689724934164,40282.61775306749,0.67511748766734
41.0,27.0,18917.559999999998,11056.525636403963,7861.034363596037,78.71254659372745,865.8380125310019,39305.17181798019,40171.00983051119,0.5844583358743921
40.0,37.0,22508.31,14760.525347853789,7747.7846521462125,109.71245350214514,1206.8369885235966,38738.92326073106,39945.76024925466,0.6557811469565591
35.0,12.0,23617.29,15906.928991418132,7710.361008581867,116.68537320293031,1283.5391052322334,38551.805042909335,39835.34414814157,0.6735289693024954
7.0,48.0,27969.0,21597.965127370593,6371.034872629406,722.2093171218677,7944.302488340545,31855.17436314703,39799.476851487576,0.7722108451274837
40.0,30.0,26300.62,18683.64615195483,7616.973848045172,153.98060620178586,1693.7866682196445,38084.86924022586,39778.65590844551,0.7103880498617459
35.0,35.0,27750.29,20130.193703342622,7620.096296657376,144.21500629160408,1586.3650692076449,38100.48148328688,39686.84655249453,0.7254048048990703
9.0,29.0,20945.33,13225.023475624399,7720.306524375602,97.27062594341338,1069.9768853775472,38601.53262187801,39671.509507255556,0.6314067849790096
9.0,41.0,20014.88,12315.459303286098,7699.4206967139025,96.55158331450853,1062.067416459594,38497.10348356952,39559.17090002911,0.6153151706773209
8.0,6.0,27678.07,20458.677694889164,7219.392305110835,294.08819186647565,3234.9701105312324,36096.96152555417,39331.931636085406,0.7391656172156933
4.0,19.0,27303.6,19852.79649842343,7450.803501576569,178.97414510341488,1968.7155961375638,37254.01750788285,39222.73310402041,0.7271127799419649
29.0,71.0,28249.51,20838.415118852554,7411.0948811474445,193.96922303735116,2133.6614534108626,37055.47440573722,39189.13585914808,0.7376558077946327
29.0,35.0,23280.15,15656.143366134555,7624.006633865445,90.96248310329179,1000.5873141362097,38120.03316932723,39120.62048346344,0.6725104162187338
26.0,71.0,27475.52,20421.745877749785,7053.774122250215,348.75923820003766,3836.3516202004143,35268.87061125108,39105.222231451495,0.7432705869715945
7.0,94.0,18685.420000000002,11128.804349643824,7556.615650356176,102.001827243849,1122.020099682339,37783.078251780884,38905.09835146322,0.5955875944797506
32.0,85.0,20048.99,12493.614799541205,7555.375200458797,81.23815902179716,893.6197492397687,37776.87600229398,38670.49575153375,0.6231543234617406
39.0,27.0,18416.93,10811.989379197643,7604.9406208023565,50.84217257304768,559.2638983035245,38024.70310401178,38583.96700231531,0.5870679521069821
4.0,58.0,36705.0,32430.080938207422,4274.919061792578,1552.757898493055,17080.336883423606,21374.59530896289,38454.93219238649,0.8835330592073947
18.0,85.0,21139.95,13691.43756331629,7448.512436683708,72.94912397667366,802.4403637434102,37242.562183418544,38045.00254716195,0.6476570457033385
31.0,58.0,29350.0,26419.197160958905,2930.8028390410946,2120.9778302393756,23330.756132633134,14654.014195205473,37984.7703278386,0.9001430037805419
9.0,52.0,19357.23,11924.323050400351,7432.906949599649,71.28407135088698,784.1247848597568,37164.534747998245,37948.659532858,0.6160139157513937
29.0,31.0,23192.04,16060.398803192204,7131.641196807796,192.9559952077424,2122.5159472851665,35658.205984038985,37780.721931324144,0.6924961669259023
26.0,56.0,21440.53,14241.81008379709,7198.719916202909,161.80780163656252,1779.8858180021875,35993.59958101455,37773.48539901674,0.6642471097401553
8.0,37.0,21847.32,14576.197284249749,7271.122715750252,123.05818834545715,1353.6400718000286,36355.613578751254,37709.25365055128,0.6671846837163437
23.0,36.0,22501.29,15516.673937807433,6984.616062192568,252.0548059089876,2772.6028649988634,34923.08031096284,37695.683175961705,0.6895904162742417
9.0,6.0,23079.36,16140.852389356454,6938.507610643546,271.2635859924351,2983.8994459167857,34692.53805321773,37676.43749913452,0.6993630841304288
7.0,21.0,20516.05,13218.401057429259,7297.648942570742,106.79282526572656,1174.7210779229922,36488.24471285371,37662.9657907767,0.6442956152587491
28.0,27.0,16719.03,9384.054868242209,7334.975131757791,76.78086960137061,844.5895656150767,36674.87565878896,37519.46522440403,0.5612798630208935
16.0,24.0,24893.86,17826.950882353114,7066.909117646885,184.51521526788633,2029.6673679467497,35334.545588234425,37364.212956181174,0.7161183875201802
2.0,41.0,30966.59,24547.069788007397,6419.520211992602,475.36977204512453,5229.06749249637,32097.60105996301,37326.66855245938,0.7926952818507752
40.0,56.0,22223.53,15344.867755279309,6878.662244720692,249.29370740356373,2742.230781439201,34393.31122360346,37135.54200504266,0.6904784143328855
21.0,19.0,19208.5,11942.53045709018,7265.969542909818,57.489781424883404,632.3875956737174,36329.84771454909,36962.23531022281,0.6217315489023183
27.0,41.0,22551.36,15528.703637877936,7022.656362122065,151.6322739879548,1667.9550138675027,35113.28181061032,36781.236824477826,0.6885927783458707
7.0,71.0,24001.55,17033.748532675138,6967.801467324863,173.34795677551764,1906.827524530694,34839.007336624316,36745.83486115501,0.709693687810793
18.0,52.0,24166.3,17207.342364259563,6958.957635740438,175.04275617792962,1925.4703179572257,34794.78817870218,36720.258496659415,0.7120387632471484
16.0,19.0,15494.35,8265.07632809931,7229.27367190069,44.76022028718111,492.3624231589922,36146.368359503445,36638.73078266244,0.5334251729242795
35.0,36.0,16456.29,11386.870057139697,5069.419942860303,1026.3144728900747,11289.459201790822,25347.099714301516,36636.55891609234,0.6919463656230959
2.0,27.0,19451.48,12370.28475756954,7081.19524243046,107.58533109715326,1183.4386420686858,35405.9762121523,36589.41485422098,0.6359559662076891
42.0,87.0,17145.19,10058.060025536928,7087.129974463072,101.63173276234266,1117.9490603857694,35435.64987231536,36553.598932701134,0.5866403361839052
25.0,30.0,24531.47,17584.38582655645,6947.0841734435535,162.1754611981467,1783.9300731796138,34735.42086721777,36519.35094039738,0.7168092995061628
34.0,71.0,24034.059999999998,17212.443532294834,6821.616467705166,212.01026486471636,2332.11291351188,34108.08233852583,36440.19525203771,0.7161687843125479
29.0,30.0,26292.21,19374.147300302404,6918.062699697598,156.78433249917848,1724.6276574909632,34590.31349848799,36314.94115597895,0.7368778547068658
20.0,50.0,29650.18,22884.248002961747,6765.931997038253,217.490009839976,2392.390108239736,33829.65998519126,36222.050093431,0.7718080633224401
23.0,80.0,18363.97,11287.598501062585,7076.371498937417,61.36643660224269,675.0308026246696,35381.85749468708,36056.88829731175,0.6146600381650908
26.0,49.0,37271.13,30826.090667358374,6445.039332641625,346.5625393233052,3812.1879325563573,32225.196663208124,36037.38459576448,0.8270769002001919
5.0,41.0,14526.83,7372.967955871713,7153.862044128288,22.984240785799308,252.8266486437924,35769.31022064144,36022.136869285234,0.5075414220357581
22.0,36.0,19336.54,12604.08161415628,6732.45838584372,201.269966635126,2213.969632986386,33662.291929218605,35876.26156220499,0.6518271425061711
29.0,56.0,17804.98,10998.884643039713,6806.095356960286,159.14903150398038,1750.639346543784,34030.47678480143,35781.11613134521,0.6177420386341189
40.0,71.0,22884.05,16025.13238646101,6858.917613538992,133.4387128570881,1467.825841427969,34294.58806769496,35762.41390912292,0.7002751867113125
27.0,58.0,21445.0,16257.910485600296,5187.089514399704,888.1311298365902,9769.442428202492,25935.44757199852,35704.89000020101,0.7581212630263603
26.0,35.0,20454.15,13570.972619801301,6883.177380198699,111.5768504312612,1227.3453547438733,34415.88690099349,35643.23225573737,0.663482599853883
3.0,90.0,19360.19,12329.801240158744,7030.388759841256,37.23884987106579,409.6273485817237,35151.94379920628,35561.571147788,0.6368636485571032
12.0,27.0,21036.67,14101.344451941231,6935.325548058768,61.85715275637713,680.4286803201485,34676.62774029384,35357.05642061398,0.6703220829124207
8.0,31.0,23459.14,16843.148232746407,6615.991767253594,202.3276269698209,2225.60389666803,33079.95883626797,35305.562732936,0.717978077318538
15.0,41.0,25029.73,18466.568748690024,6563.161251309974,210.50162138290253,2315.517835211928,32815.80625654988,35131.3240917618,0.7377853755789625
41.0,35.0,24367.52,17644.675928575034,6722.844071424965,132.38601398514126,1456.2461538365537,33614.220357124825,35070.46651096138,0.724106348474323
4.0,52.0,35217.61,29108.990740722038,6108.619259277964,399.8275433763478,4398.102977139826,30543.09629638982,34941.199273529644,0.8265464561826324
1.0,52.0,21793.559999999998,15038.29440427562,6755.265595724378,102.94673554177074,1132.414090959478,33776.32797862189,34908.74206958137,0.6900338634108252
11.0,6.0,33491.44,27633.93662248382,5857.503377516179,509.9037397251515,5608.941136976667,29287.516887580896,34896.45802455756,0.8251044631847367
32.0,35.0,21231.62,14403.042522190497,6828.577477809502,67.14102476822931,738.5512724505224,34142.88738904751,34881.43866149803,0.6783769925323879
21.0,35.0,22519.879999999997,15900.27270979325,6619.607290206751,147.4048311321952,1621.4531424541472,33098.03645103375,34719.4895934879,0.706054948329798
10.0,94.0,1756.51,1756.51,0.0,4335.108414195898,34680.867313567185,0.0,34680.867313567185,1.0
37.0,11.0,19761.35,13121.344395341519,6640.005604658481,124.49908399412216,1369.4899239353438,33200.02802329241,34569.51794722775,0.6639902838288639
34.0,30.0,18370.5,11762.61625404802,6607.88374595198,113.40778643586455,1247.48565079451,33039.4187297599,34286.90438055441,0.640299189137368
4.0,85.0,23962.65,17544.12312820151,6418.526871798491,192.05807964443466,2112.638876088781,32092.634358992458,34205.27323508124,0.7321445302669575
33.0,83.0,20766.55,14238.770569899167,6527.7794301008325,142.25297614173732,1564.7827375591105,32638.89715050416,34203.67988806327,0.6856589356392452
18.0,36.0,18325.9,12027.834084130562,6298.065915869439,242.51872346086793,2667.7059580695473,31490.32957934719,34158.03553741674,0.6563297892125659
32.0,58.0,24530.0,19020.797032447987,5509.202967552013,599.7031485051002,6596.734633556102,27546.014837760067,34142.74947131617,0.7754095814287806
21.0,52.0,24128.29,18021.887353256912,6106.402646743089,323.0723269811207,3553.7955967923276,30532.01323371544,34085.80883050777,0.7469193777618269
5.0,32.0,23725.63,17220.126490264094,6505.503509735905,138.05085309840786,1518.5593840824865,32527.517548679523,34046.07693276201,0.725802707462946
27.0,19.0,18351.06,11765.10031808417,6585.959681915829,91.89274813253881,1010.8202294579269,32929.79840957915,33940.61863903707,0.6411128467829199
9.0,19.0,16414.04,9786.431654080734,6627.608345919267,65.00231906200274,715.0255096820301,33138.041729596334,33853.06723927837,0.5962232122061805
7.0,24.0,27084.51,21213.752638064343,5870.757361935658,400.5059257399223,4405.565183139145,29353.78680967829,33759.351992817436,0.7832429915868644
14.0,85.0,20066.5,13823.011306845216,6243.488693154783,213.75260623056136,2351.278668536175,31217.443465773915,33568.72213431009,0.6888601054915016
45.0,6.0,22535.79,16516.091371029444,6019.698628970556,313.4555641276887,3448.011205404576,30098.49314485278,33546.50435025735,0.7328827332447384
31.0,35.0,17595.38,11097.382507411005,6497.9974925889965,93.60368299369712,1029.6405129306684,32489.98746294498,33519.62797587565,0.6306986554090337
40.0,35.0,20286.98,13844.220723185555,6442.759276814445,115.10787475872057,1266.1866223459263,32213.796384072226,33479.98300641815,0.6824190058444163
22.0,83.0,15268.5,8714.885173707928,6553.6148262920715,54.15803818372563,595.738420020982,32768.07413146036,33363.812551481344,0.570775464106358
25.0,31.0,19986.65,13897.616719615078,6089.033280384921,234.26107825581263,2576.871860813939,30445.166401924605,33022.03826273854,0.6953449787540722
7.0,85.0,21773.71,15365.05739711617,6408.65260288383,86.57065135877384,952.2771649465124,32043.26301441915,32995.54017936566,0.705670158972273
15.0,35.0,23030.34,16905.784148793795,6124.555851206207,211.97950085130367,2331.7745093643402,30622.779256031034,32954.55376539537,0.7340657649341605
6.0,27.0,17351.16,10950.647147521915,6400.512852478086,81.23172779051707,893.5490056956878,32002.564262390428,32896.11326808612,0.6311190230233549
40.0,85.0,18798.32,12457.443496982267,6340.876503017734,107.00113299743512,1177.0124629717864,31704.38251508867,32881.39497806045,0.6626891922779412
24.0,85.0,18303.08,11932.116543423992,6370.963456576007,93.15306532655433,1024.6837185920976,31854.817282880034,32879.501001472134,0.6519185046136492
21.0,41.0,29459.92,23793.608840887115,5666.311159112886,413.2117775389386,4545.329552928324,28331.55579556443,32876.88534849275,0.8076603344777282
12.0,41.0,16031.71,9657.883024946923,6373.826975053077,79.13328939302363,870.4661833232599,31869.134875265387,32739.601058588647,0.6024237604689034
2.0,48.0,26057.0,21055.17460732731,5001.825392672691,680.6861911126823,7487.548102239505,25009.126963363455,32496.67506560296,0.8080429292446295
39.0,52.0,22989.48,16822.30616273169,6167.173837268311,147.02468936122193,1617.2715829734411,30835.86918634156,32453.140769315,0.7317393069669992
3.0,67.0,18881.92,12525.237765434185,6356.682234565815,48.686512947390796,535.5516424212988,31783.411172829074,32318.962815250372,0.6633455583666379
37.0,21.0,19124.16,12823.764436913008,6300.395563086991,55.013730430435025,605.1510347347853,31501.97781543496,32107.12885016974,0.6705530824314903
37.0,14.0,14583.49,8301.566453699768,6281.9235463002315,59.02991415497069,649.3290557046776,31409.61773150116,32058.946787205838,0.5692441558021961
26.0,85.0,19760.23,13776.996573588442,5983.233426411558,184.48077510215728,2029.28852612373,29916.16713205779,31945.45565818152,0.6972083105099709
43.0,67.0,13311.6,6994.348970418667,6317.251029581333,26.251492343979233,288.76641578377155,31586.255147906664,31875.021563690436,0.5254326279649829
8.0,85.0,19265.13,13297.765465253788,5967.364534746212,180.38385382725843,1984.2223920998426,29836.82267373106,31821.045065830902,0.6902504922237113
6.0,56.0,20886.93,15050.131945633952,5836.798054366048,238.3078448198207,2621.3862930180276,29183.99027183024,31805.376564848266,0.7205526109214686
11.0,41.0,17997.29,12023.591638633037,5973.698361366962,161.078663268589,1771.8652959544788,29868.491806834805,31640.357102789283,0.6680778960961921
7.0,93.0,17862.78,11714.44915828704,6148.33084171296,80.4015479722235,884.4170276944585,30741.654208564803,31626.07123625926,0.6558021292479133
3.0,87.0,15722.65,9510.187262799918,6212.462737200081,40.08353586666287,440.91889453329156,31062.31368600041,31503.2325805337,0.6048717781544408
25.0,35.0,19205.89,13284.903138041502,5920.986861958498,150.1531964767914,1651.6851612447056,29604.93430979249,31256.619471037196,0.6917098420349956
27.0,36.0,12057.74,8464.014819818001,3593.7251801819984,1181.381699052617,12995.198689578787,17968.625900909992,30963.82459048878,0.7019569852906101
29.0,93.0,17088.04,11077.89354307775,6010.146456922252,81.80135684213838,899.8149252635221,30050.73228461126,30950.54720987478,0.6482834510615465
16.0,26.0,20445.68,14568.087456998408,5877.592543001592,138.07403027174465,1518.8143329891911,29387.96271500796,30906.77704799715,0.7125264337991404
2.0,35.0,28096.91,22482.27159060198,5614.638409398018,237.82387977827446,2616.062677561019,28073.19204699009,30689.25472455111,0.8001688296187012
32.0,30.0,23242.88,17383.84690451149,5859.03309548851,120.69814172191421,1327.6795589410563,29295.16547744255,30622.84503638361,0.7479213808491672
23.0,41.0,20219.47,14564.591583780919,5654.878416219081,213.37006469305527,2347.070711623608,28274.392081095408,30621.462792719016,0.7203250917942418
11.0,85.0,17392.64,11553.14757122071,5839.492428779291,128.2103416188719,1410.313757807591,29197.462143896453,30607.775901704044,0.6642549705634516
5.0,91.0,17090.13,11163.995224010574,5926.134775989427,64.98713946231577,714.8585340854734,29630.673879947135,30345.53241403261,0.653242264629384
42.0,14.0,14716.51,8772.837167165235,5943.672832834765,25.945538947071658,285.40092841778824,29718.364164173825,30003.765092591613,0.5961221218322302
32.0,27.0,15293.48,9441.388426541653,5852.091573458347,55.22421725917423,607.4663898509166,29260.457867291734,29867.92425714265,0.617347289599336
7.0,31.0,20510.88,15117.198295349608,5393.681704650391,262.32413899093757,2885.5655289003134,26968.408523251954,29853.97405215227,0.7370331402333594
30.0,67.0,12684.1,6765.631615253675,5918.468384746326,20.72591529625323,227.98506825878553,29592.341923731627,29820.326991990412,0.5333946921936656
1.0,27.0,15196.39,9497.29542284665,5699.094577153351,83.01452625235358,913.1597887758893,28495.472885766754,29408.63267454264,0.6249704977857669
29.0,27.0,14446.0,8731.411427700878,5714.5885722991225,55.62016555710704,611.8218211281775,28572.942861495616,29184.76468262379,0.6044172385228352
45.0,35.0,21453.35,16328.344616599772,5125.005383400228,319.1482214838007,3510.6304363218073,25625.026917001138,29135.657353322946,0.7611093193650303
31.0,56.0,11832.6,6178.963673632113,5653.636326367887,77.2921149197436,850.2132641171795,28268.181631839438,29118.394895956615,0.5221983058357514
30.0,83.0,14947.41,9221.192403790777,5726.217596209222,35.75748423106543,393.3323265417198,28631.087981046112,29024.420307587832,0.6169090433587342
24.0,56.0,19313.44,14787.156414132445,4526.283585867555,576.3456070903048,6339.801677993353,22631.41792933778,28971.21960733113,0.7656407358881921
13.0,50.0,22113.5,16885.235470391075,5228.264529608923,250.9110399322424,2760.0214392546663,26141.322648044617,28901.344087299283,0.7635713690908755
7.0,58.0,16416.97,13132.992790776942,3283.977209223059,1549.3227324672919,12394.581859738335,16419.886046115294,28814.46790585363,0.7999644752214897
2.0,56.0,20581.45,15384.573925964984,5196.876074035017,256.36748032306684,2820.042283553735,25984.380370175084,28804.42265372882,0.7474970872297619
43.0,21.0,15784.47,10155.845723816372,5628.624276183627,52.29041570491222,575.1945727540344,28143.12138091814,28718.315953672172,0.6434074583319156
19.0,52.0,16369.2,10928.788655719341,5440.411344280659,127.65160678692827,1404.167674656211,27202.056721403296,28606.224396059504,0.6676434190870257
35.0,93.0,16311.43,10919.083225193915,5392.346774806085,137.31896292788798,1510.5085922067678,26961.733874030426,28472.242466237192,0.6694129959907816
15.0,97.0,17058.07,11499.388212767542,5558.681787232457,59.288969270201754,652.1786619722193,27793.40893616229,28445.58759813451,0.6741318456758322
15.0,6.0,23850.83,19035.990210260752,4814.839789739249,389.9302587704118,4289.23284647453,24074.19894869624,28363.43179517077,0.7981269503099369
9.0,30.0,16899.18,11485.970344457333,5413.209655542666,117.06809714250772,1287.749068567585,27066.04827771333,28353.797346280917,0.6796761940199071
31.0,6.0,19666.71,15023.333152104587,4643.3768478954125,427.9185251651619,4707.103776816781,23216.88423947706,27923.988016293843,0.7638966127076968
16.0,29.0,16341.54,10887.020323305043,5454.5196766949575,58.46359249715847,643.0995174687432,27272.598383474786,27915.69790094353,0.6662175243768361
37.0,87.0,14053.15,8696.217065609191,5356.932934390808,102.55338670380814,1128.0872537418895,26784.66467195404,27912.75192569593,0.6188090972920086
21.0,27.0,17591.22,12342.254532252344,5248.965467747656,145.95569880311317,1605.512686834245,26244.827338738276,27850.34002557252,0.7016144720066227
11.0,19.0,18138.38,12782.581758637833,5355.7982413621685,94.05034333295175,1034.5537766624693,26778.99120681084,27813.544983473308,0.7047256567917218
17.0,31.0,22279.34,18239.712267318664,4039.6277326813347,669.3170441304053,7362.487485434458,20198.138663406673,27560.626148841133,0.8186827916499619
35.0,85.0,17879.9,12889.856455965859,4990.043544034141,229.01556385466512,2519.1712024013164,24950.2177201707,27469.38892257202,0.7209132297141403
3.0,29.0,14513.81,9227.669985696837,5286.140014303163,93.02888090139703,1023.3176899153673,26430.700071515817,27454.017761431183,0.6357855026141886
5.0,33.0,19674.11,14773.244751083143,4900.865248916857,263.65962167237865,2900.255838396165,24504.326244584285,27404.58208298045,0.750897740791484
21.0,6.0,21877.71,17069.70091459587,4808.00908540413,303.5530325328608,3339.083357861469,24040.04542702065,27379.12878488212,0.7802325250035708
5.0,18.0,11094.7,6497.033429041091,4597.666570958909,438.48446536144013,4384.844653614401,22988.332854794546,27373.177508408946,0.585597936766302
29.0,44.0,17954.36,12679.514252628149,5274.845747371851,89.67986069052195,986.4784675957414,26374.22873685925,27360.707204454993,0.7062080883210623
32.0,19.0,17394.98,12181.080014468023,5213.899985531977,107.13498731167668,1178.4848604284434,26069.499927659883,27247.984788088328,0.7002641000143733
30.0,16.0,13717.91,8464.594984580239,5253.31501541976,76.4031671697814,840.4348388675953,26266.5750770988,27107.009915966395,0.6170469834384567
11.0,58.0,21650.0,18878.225945932983,2771.774054067017,1195.6495323120546,13152.144855432602,13858.870270335085,27011.015125767688,0.8719734848005997
1.0,41.0,13866.1,8558.508143424746,5307.591856575254,42.737365355449946,470.1110189099494,26537.95928287627,27008.070301786218,0.6172253296474672
6.0,85.0,19791.83,14738.632179483608,5053.197820516391,134.3254912918176,1477.5804042099937,25265.98910258196,26743.56950679195,0.744682638214031
14.0,52.0,21360.91,16404.4438135753,4956.466186424697,170.43863862926557,1874.825024921921,24782.33093212349,26657.15595704541,0.7679655882439138
24.0,41.0,18025.37,13154.416353789411,4870.953646210589,208.41627911460327,2292.579070260636,24354.768231052945,26647.34730131358,0.7297723349806086
36.0,14.0,14405.5,9179.526905408,5225.973094591999,46.29017577373429,509.1919335110772,26129.86547296,26639.057406471075,0.6372237621330742
3.0,71.0,14643.28,9560.15105848328,5083.128941516721,98.57107769440576,1084.2818546384633,25415.644707583604,26499.92656222207,0.6528695113719931
15.0,27.0,16197.07,11085.70975992426,5111.360240075741,83.49873317589012,918.4860649347913,25556.8012003787,26475.28726531349,0.6844268599150501
8.0,56.0,18843.36,13866.77871033741,4976.58128966259,104.05418437402817,1144.5960281143098,24882.90644831295,26027.50247642726,0.7358973511272623
16.0,85.0,21756.78,17210.255120410977,4546.524879589024,294.8310900753824,3243.1419908292064,22732.624397945117,25975.766388774326,0.7910295144966755
16.0,56.0,15241.279999999999,10309.836811603345,4931.4431883966545,118.08478103296945,1298.932591362664,24657.21594198327,25956.148533345935,0.6764416644535988
45.0,85.0,17109.33,12294.167374029761,4815.16262597024,146.33136583109655,1609.645024142062,24075.813129851198,25685.458153993262,0.7185650971738671
5.0,44.0,15707.51,10794.235304477972,4913.274695522029,89.99448325849737,989.939315843471,24566.373477610145,25556.312793453617,0.687202192102884
16.0,48.0,8150.0,4950.8481652174305,3199.15183478257,955.2564345500098,9552.564345500097,15995.759173912851,25548.323519412945,0.607466032542016
12.0,85.0,17643.22,12856.116788501698,4787.103211498303,143.07227324021736,1573.795005642391,23935.516057491513,25509.311063133904,0.728671795086254
14.0,50.0,19664.0,14864.091881573408,4799.908118426593,136.28439924012648,1499.1283916413913,23999.540592132966,25498.668983774358,0.7559037775413653
12.0,36.0,8914.46,6418.460272057637,2495.9997279423633,1178.79794973767,12966.777447114371,12479.998639711815,25446.776086826187,0.7200055047706353
14.0,36.0,13818.460000000001,9374.792687564379,4443.667312435622,293.0256386365458,3223.2820250020036,22218.33656217811,25441.61858718011,0.678425286722571
32.0,36.0,14160.17,9366.291596943127,4793.878403056872,127.67486165433657,1404.4234781977023,23969.39201528436,25373.815493482063,0.6614533297935778
35.0,52.0,17222.72,12545.035612119535,4677.684387880466,179.54821697144195,1975.0303866858615,23388.42193940233,25363.45232608819,0.728400369518841
8.0,49.0,23780.23,19962.948179154486,3817.281820845512,567.3483950319902,6240.832345351892,19086.40910422756,25327.24144957945,0.8394766652448057
14.0,19.0,20472.08,15692.114537679361,4779.96546232064,128.33245691172172,1411.657026028939,23899.8273116032,25311.484337632137,0.7665129550919769
1.0,56.0,16325.48,11441.355039830314,4884.124960169685,68.13475426187753,749.4822968806528,24420.62480084843,25170.10709772908,0.7008280944774864
22.0,80.0,16919.010000000002,12170.499955598847,4748.510044401153,119.55470455838484,1315.1017501422332,23742.550222005764,25057.651972148,0.7193387766541214
44.0,5.0,13415.99,8579.943637738797,4836.046362261202,79.11450027026675,870.2595029729342,24180.23181130601,25050.491314278945,0.639531159291174
18.0,28.0,13304.29,8447.863115258413,4856.426884741586,69.52898348569319,764.8188183426251,24282.134423707932,25046.953242050557,0.634972863283829
34.0,49.0,28024.96,23909.396124231975,4115.563875768024,402.82404248641075,4431.0644673505185,20577.819378840122,25008.88384619064,0.85314648528426
3.0,30.0,15267.46,10472.349415275105,4795.110584724896,91.41410569972037,1005.5551626969241,23975.55292362448,24981.108086321405,0.6859261078971293
28.0,41.0,17328.97,12566.753024410775,4762.216975589225,95.78228458915254,1053.6051304806779,23811.084877946123,24864.6900084268,0.7251875341933637
29.0,36.0,11938.57,7067.550764096419,4871.019235903581,38.43328908972092,422.7661799869301,24355.096179517906,24777.862359504834,0.591993074890579
3.0,6.0,19323.61,15203.423442419255,4120.186557580747,372.70984519239613,4099.808297116358,20600.932787903734,24700.74108502009,0.7867796670714868
39.0,56.0,16621.1,12381.363210920346,4239.736789079652,311.310575836831,3424.416334205141,21198.68394539826,24623.100279603404,0.7449183995596168
17.0,96.0,10051.67,5189.881527551574,4861.788472448426,25.318248144318133,278.50072958749945,24308.942362242127,24587.443091829628,0.5163203256326138
26.0,27.0,12488.52,7679.873328505166,4808.646671494835,40.02938736155049,440.3232609770554,24043.23335747417,24483.556618451228,0.6149546406223608
39.0,35.0,17379.21,13000.166344078374,4379.043655921627,228.59203887289343,2514.5124276018278,21895.218279608132,24409.730707209957,0.748029763382707
1.0,48.0,16195.0,12220.073539527886,3974.9264604721143,450.56154484139626,4505.615448413962,19874.632302360573,24380.247750774535,0.7545584155312063
8.0,71.0,18905.35,15191.287967689097,3714.062032310903,524.9383929213761,5774.322322135137,18570.310161554517,24344.632483689653,0.8035443918091492
25.0,27.0,12261.43,7572.756719780814,4688.6732802191855,72.99195201051991,802.911472115719,23443.36640109593,24246.27787321165,0.6176079559872555
5.0,26.0,17079.66,12644.575925923145,4435.084074076856,187.4571280462293,2062.0284085085223,22175.42037038428,24237.4487788928,0.7403294869993399
3.0,21.0,15186.02,10534.835824652384,4651.184175347616,86.45140628413789,950.9654691255168,23255.920876738077,24206.886345863597,0.6937193434917367
35.0,41.0,17622.26,13749.058561906755,3873.201438093245,427.6719512145033,4704.391463359536,19366.007190466225,24070.39865382576,0.7802097212222925
28.0,37.0,17592.39,12977.015463618305,4615.374536381695,86.47274529247439,951.2001982172183,23076.872681908477,24028.072880125696,0.7376493735995112
44.0,67.0,11907.12,7218.635985282834,4688.484014717166,49.34937114727963,542.843082620076,23442.420073585832,23985.263156205907,0.6062453376872688
25.0,98.0,14868.02,10167.509272260379,4700.510727739621,18.965697295723306,208.62267025295637,23502.553638698104,23711.17630895106,0.6838509278478492
1.0,19.0,13278.36,8750.91551092633,4527.4444890736695,94.41581065788347,1038.5739172367182,22637.22244536835,23675.796362605066,0.6590358682040801
7.0,29.0,14582.26,10109.863638805222,4472.396361194779,113.44480997692858,1247.8929097462144,22361.981805973897,23609.87471572011,0.6932988191683059
1.0,71.0,22815.45,18704.832013069907,4110.617986930092,270.11109364024264,2971.2220300426693,20553.08993465046,23524.31196469313,0.8198318250602072
15.0,52.0,15282.02,10894.51543344667,4387.504566553331,135.37725983237232,1489.1498581560954,21937.522832766655,23426.67269092275,0.7128976034219736
1.0,35.0,18504.13,14298.689069369979,4205.44093063002,210.69726027513016,2317.669863026432,21027.204653150104,23344.874516176533,0.772729605194623
10.0,56.0,10822.51,6327.803798791159,4494.706201208841,67.53269389079384,742.8596327987322,22473.531006044203,23216.390638842935,0.5846891154446758
31.0,41.0,17803.06,13607.233155860164,4195.826844139838,194.86067758138572,2143.467453395243,20979.134220699187,23122.60167409443,0.7643199065700033
40.0,31.0,15928.55,11831.19968673002,4097.350313269979,238.3345310793851,2621.679841873236,20486.751566349896,23108.431408223132,0.7427668988533181
37.0,3.0,20450.19,16390.209291296196,4059.980708703804,249.44817241269763,2743.929896539674,20299.90354351902,23043.833440058694,0.8014697805397504
30.0,21.0,12167.92,7666.103905753668,4501.816094246331,43.054970036761006,473.60467040437106,22509.080471231657,22982.68514163603,0.6300258306887018
23.0,28.0,12230.140000000001,7771.59578701116,4458.54421298884,62.466090119958245,687.1269913195407,22292.7210649442,22979.84805626374,0.6354461835278385
16.0,52.0,16565.59,12312.69292664741,4252.897073352589,140.2284920024611,1542.5134120270723,21264.48536676295,22806.99877879002,0.7432692060257081
5.0,21.0,12626.57,8136.965141143953,4489.604858856048,31.471117807963115,346.18229588759425,22448.02429428024,22794.206590167832,0.6444319511271829
45.0,56.0,13590.71,9363.993330047088,4226.7166699529125,135.98053710109042,1495.7859081119946,21133.58334976456,22629.369257876555,0.68899956882658
13.0,28.0,13804.869999999999,9601.98926566633,4202.880734333669,142.82114929010933,1571.0326421912027,21014.403671668348,22585.43631385955,0.6955508647068992
20.0,36.0,16780.46,13431.463768232878,3348.9962317671234,518.2188768874803,5700.407645762283,16744.981158835617,22445.3888045979,0.8004228589819873
19.0,50.0,12335.5,8044.053014305711,4291.446985694289,79.10508840454605,870.1559724500066,21457.234928471444,22327.39090092145,0.6521059555190881
10.0,93.0,12906.99,8647.110781689425,4259.879218310575,77.5105745745874,852.6163203204613,21299.396091552877,22152.012411873337,0.6699556427710431
26.0,19.0,15413.48,11374.525934057889,4038.954065942112,176.5083550761148,1941.5919058372629,20194.770329710558,22136.362235547822,0.7379596258637173
26.0,31.0,15199.050000000001,11171.871128212431,4027.1788717875697,167.69632922288227,1844.659621451705,20135.894358937847,21980.55398038955,0.7350374614342627
22.0,19.0,14620.15,10410.38920982546,4209.76079017454,82.57492489292281,908.3241738221509,21048.803950872698,21957.12812469485,0.7120576197799243
19.0,36.0,12796.97,9233.15701752931,3563.81298247069,375.8464034643219,4134.310438107541,17819.06491235345,21953.37535046099,0.7215111872208274
40.0,48.0,11934.0,7732.144996936981,4201.855003063019,101.83003576295768,916.4703218666191,21009.275015315096,21925.745337181714,0.6479089154463702
42.0,67.0,11884.58,7600.175889120612,4284.404110879388,28.222213430606335,310.44434773666967,21422.020554396942,21732.46490213361,0.6394989043887636
29.0,6.0,17930.34,14491.198456317465,3439.141543682535,409.80599158967544,4507.86590748643,17195.707718412676,21703.573625899106,0.8081942928197382
14.0,28.0,11133.3,6950.493125212298,4182.806874787702,46.35941859889108,509.9536045878019,20914.034373938513,21423.987978526315,0.6242976588443946
3.0,52.0,12288.470000000001,8128.92529116642,4159.54470883358,45.11080417343911,496.2188459078302,20797.7235441679,21293.942390075732,0.6615083318888697
30.0,14.0,8950.93,4736.6919834838245,4214.238016516176,19.343200709746476,212.77520780721125,21071.19008258088,21283.965290388092,0.5291843398936004
31.0,27.0,11496.22,7413.077587448814,4083.1424125511867,73.50776545841663,808.5854200425829,20415.712062755934,21224.297482798516,0.6448273943477781
13.0,48.0,13159.0,10185.755996001652,2973.2440039983494,625.8203711142144,6258.203711142143,14866.220019991746,21124.42373113389,0.774052435291561
40.0,27.0,11716.19,7654.560080973658,4061.6299190263417,70.68809515033989,777.5690466537387,20308.14959513171,21085.718641785446,0.653331849430033
45.0,27.0,12093.880000000001,8131.330721602433,3962.549278397567,111.37782121587014,1225.1560333745715,19812.746391987836,21037.90242536241,0.6723508685055939
3.0,31.0,13142.66,9279.57730751733,3863.0826924826697,152.67839483483803,1679.4623431832183,19315.41346241335,20994.875805596566,0.7060653861179799
43.0,74.0,8717.32,4601.017098969778,4116.302901030222,24.762352878047967,272.38588165852764,20581.51450515111,20853.900386809637,0.5278017898814977
39.0,85.0,15614.53,11734.723385524192,3879.8066144758077,131.99110928544025,1451.9022021398428,19399.03307237904,20850.93527451888,0.7515258791346388
22.0,94.0,315.53,315.53,0.0,1894.1130971714008,20835.244068885408,0.0,20835.244068885408,1.0
44.0,21.0,9556.6,5403.9292710300815,4152.670728969918,5.609064496559819,61.69970946215801,20763.35364484959,20825.05335431175,0.5654656751386562
42.0,21.0,11808.45,7703.057576514111,4105.392423485889,22.468473598315935,247.15320958147527,20526.962117429444,20774.11532701092,0.6523343518001186
9.0,48.0,14519.0,11813.362906607714,2705.637093392286,657.9549833196622,7237.504816516284,13528.18546696143,20765.690283477714,0.8136485230806332
29.0,85.0,15502.13,11545.78556781017,3956.3444321898305,89.22543819480192,981.4798201428212,19781.722160949153,20763.201981091974,0.744787043316639
41.0,19.0,15919.58,11947.991596532485,3971.5884034675146,63.81739184798603,701.9913103278463,19857.942017337573,20559.933327665418,0.7505217849046574
34.0,85.0,15249.82,11853.041462123343,3396.7785378766566,310.65760575022557,3417.233663252481,16983.892689383283,20401.12635263576,0.7772577946574677
7.0,56.0,17263.83,13944.24558950844,3319.58441049156,343.1073658175993,3774.1810239935926,16597.9220524578,20372.103076451393,0.8077144868495831
38.0,21.0,10699.79,6698.405172579289,4001.384827420712,31.063598387007666,341.69958225708433,20006.92413710356,20348.623719360643,0.6260314616061893
17.0,58.0,16320.0,13844.632455746549,2475.367544253452,713.2838090953469,7846.121900048815,12376.837721267259,20222.959621316073,0.8483230671413327
17.0,94.0,8703.550000000001,5950.070038939192,2753.479961060808,1072.0673271752619,6432.403963051571,13767.399805304041,20199.80376835561,0.6836371410446532
25.0,52.0,16655.68,13255.634300968813,3400.045699031187,287.2239723680379,3159.4636960484168,17000.228495155934,20159.69219120435,0.7958626907438672
10.0,28.0,10545.48,6715.310629499778,3830.1693705002217,83.39965344367948,917.3961878804744,19150.84685250111,20068.24304038158,0.6367951605332122
18.0,50.0,14406.0,11664.355617917943,2741.6443820820577,572.4649785450237,6297.114763995261,13708.221910410288,20005.33667440555,0.809687325969592
26.0,52.0,16287.11,12629.315329845655,3657.794670154345,119.99325162280384,1319.9257678508422,18288.973350771725,19608.89911862257,0.7754178199720917
43.0,5.0,9421.59,5614.151716742395,3807.438283257605,44.40793942303231,488.48733365335545,19037.191416288024,19525.678749941377,0.5958815568011764
42.0,16.0,10370.25,6649.75960133149,3720.4903986685104,78.28958932676697,861.1854825944367,18602.45199334255,19463.637475936986,0.6412342615975015
43.0,3.0,12358.47,8712.02284500798,3646.4471549920204,108.88296394516215,1197.7126033967836,18232.235774960103,19429.948378356887,0.7049434796546805
31.0,85.0,11579.44,7812.866673337948,3766.5733266620523,49.19962156991626,541.1958372690789,18832.866633310263,19374.06247057934,0.6747188701127125
16.0,94.0,4492.26,3106.953965142643,1385.306034857357,1371.6789652095367,12345.11068688583,6926.530174286785,19271.640861172615,0.6916238074249137
41.0,36.0,10425.43,7264.800314546086,3160.629685453913,314.7215899517393,3461.9374894691323,15803.148427269567,19265.0859167387,0.6968345971865032
8.0,52.0,14883.369999999999,11266.231447860322,3617.1385521396787,103.21135102148314,1135.3248612363145,18085.692760698395,19221.01762193471,0.7569677732838949
28.0,85.0,13040.7,9330.517329560167,3710.1826704398327,60.642767426026445,667.0704416862909,18550.91335219916,19217.983793885454,0.7154920617420971
21.0,56.0,9871.32,6306.57183078337,3564.74816921663,123.93616771904846,1363.297844909533,17823.740846083147,19187.038690992682,0.6388782686391861
16.0,30.0,12732.5,9099.643536517211,3632.856463482788,88.49442466958634,973.4386713654497,18164.28231741394,19137.72098877939,0.7146784635002719
11.0,56.0,12902.119999999999,9235.720732989104,3666.3992670108955,72.02797557891864,792.307731368105,18331.99633505448,19124.30406642258,0.7158297034122381
8.0,58.0,11285.0,9466.355271834762,1818.6447281652381,904.6042709440862,9950.646980384949,9093.22364082619,19043.87062121114,0.8388440648502226
15.0,36.0,11365.39,8176.672614115321,3188.717385884679,280.70057472763983,3087.706322004038,15943.586929423396,19031.293251427436,0.7194361666529104
5.0,56.0,6823.48,4341.366271835989,2482.113728164011,600.2139904568063,6602.353895024869,12410.568640820053,19012.922535844922,0.6362393195020707
29.0,94.0,381.42,381.42,0.0,1726.589313657183,18992.482450229014,0.0,18992.482450229014,1.0
5.0,20.0,11980.34,8595.021394411911,3385.318605588088,179.6434834132183,1976.0783175454012,16926.593027940442,18902.67134548584,0.7174271677107588
44.0,14.0,8405.6,4641.648502860869,3763.951497139131,6.208926890892082,68.2981957998129,18819.757485695656,18888.05568149547,0.552209063345968
17.0,28.0,11531.130000000001,7936.420807691492,3594.7091923085086,80.09424141856323,881.0366556041955,17973.545961542542,18854.582617146738,0.6882604573612032
38.0,14.0,8972.44,5324.881499382212,3647.5585006177885,55.95971774805907,615.5568952286498,18237.792503088942,18853.349398317594,0.5934708395243893
14.0,56.0,17368.4,13957.343136084839,3411.056863915161,160.65040847446315,1767.1544932190945,17055.284319575807,18822.4388127949,0.8036055788722529
22.0,28.0,9712.27,6034.00827107971,3678.26172892029,38.883562789758315,427.71919068734144,18391.30864460145,18819.02783528879,0.6212768251994343
5.0,24.0,17715.85,15487.651621561683,2228.1983784383165,692.466114992293,7617.127264915223,11140.991892191581,18758.119157106805,0.8742257143496747
7.0,36.0,14230.02,10956.122720368296,3273.897279631704,214.14669241676427,2355.613616584407,16369.48639815852,18725.10001474293,0.7699302404612429
1.0,60.0,10170.0,6498.085953369241,3671.914046630759,27.813479167197865,305.94827083917653,18359.570233153798,18665.51850399297,0.6389465047560708
17.0,80.0,10720.32,7120.712737198781,3599.60726280122,49.274045896529906,542.014504861829,17998.036314006098,18540.050818867927,0.6642257635218707
45.0,19.0,13314.58,9799.051891306222,3515.528108693778,79.01004988517683,869.110548736945,17577.64054346889,18446.751092205835,0.7359640252494801
19.0,28.0,9424.11,5825.610506926272,3598.4994930737275,34.9179805636797,384.0977862004767,17992.497465368637,18376.595251569113,0.6181602832443882
15.0,19.0,11764.949999999999,8275.753093305397,3489.1969066946026,84.09520511727938,925.0472562900732,17445.984533473013,18371.031789763085,0.7034244168743087
34.0,52.0,13469.99,10103.797183382885,3366.1928166171156,129.16688689625437,1420.8357558587982,16830.96408308558,18251.79983894438,0.750096858526464
8.0,35.0,14749.46,11364.608194422823,3384.8518055771765,107.77340086639782,1185.507409530376,16924.25902788588,18109.76643741626,0.770510119992381
38.0,11.0,8111.73,4632.911493075269,3478.8185069247306,46.61503748275138,512.7654123102652,17394.092534623655,17906.857946933917,0.5711372904516385
35.0,16.0,2766.49,2766.49,0.0,1627.6986449349354,17904.68509428429,0.0,17904.68509428429,1.0
40.0,52.0,9982.83,6714.859962439473,3267.970037560527,98.62955641992035,1084.9251206191238,16339.850187802636,17424.775308421762,0.6726409207047974
29.0,83.0,8556.08,5153.799544937776,3402.280455062224,35.465887531686306,390.1247628485494,17011.40227531112,17401.527038159667,0.6023552310097353
38.0,16.0,8581.7,5253.435422787079,3328.264577212921,58.67306889291601,645.403757822076,16641.3228860646,17286.72664388668,0.612167218941128
34.0,35.0,12506.85,9526.507096391137,2980.3429036088646,210.4746413187423,2315.2210545061653,14901.71451804432,17216.935572550487,0.7617031543826892
34.0,56.0,8935.199999999999,5613.069050964476,3322.130949035523,51.48233391034623,566.3056730138085,16610.654745177613,17176.960418191422,0.6281973599879663
25.0,93.0,10316.38,6971.846958535132,3344.5330414648674,37.27246015367505,409.99706169042554,16722.66520732434,17132.662269014763,0.6758036208956177
27.0,28.0,9662.92,6411.632039259589,3251.287960740411,71.53582297645744,786.8940527410318,16256.439803702055,17043.33385644309,0.6635294547879511
34.0,31.0,10032.19,6751.587836274328,3280.6021637256717,49.36332373206428,542.9965610527071,16403.01081862836,16946.007379681065,0.672992421024156
7.0,96.0,10032.22,6775.138745929096,3257.081254070903,58.89470168902021,647.8417185792223,16285.406270354515,16933.247988933737,0.6753379357638785
13.0,60.0,9288.0,6111.999425218073,3176.000574781927,84.72368113693352,931.9604925062688,15880.002873909634,16811.9633664159,0.6580533403550897
42.0,11.0,8891.61,5713.212677358481,3178.3973226415187,67.18280721609035,739.0108793769939,15891.986613207595,16630.99749258459,0.6425397287283722
8.0,27.0,9943.82,6953.029271805255,2990.790728194744,134.07683619914167,1474.8451981905582,14953.953640973721,16428.79883916428,0.6992312081076745
10.0,36.0,12082.46,10316.413128789027,1766.0468712109725,687.4163340976785,7561.579675074463,8830.234356054862,16391.814031129325,0.8538338325795432
33.0,67.0,8863.35,5705.661521158371,3157.6884788416287,47.015389239824756,517.1692816380723,15788.442394208145,16305.611675846216,0.6437364564367165
5.0,29.0,11047.95,7921.057223474296,3126.892776525705,54.05263903102405,594.5790293412646,15634.463882628523,16229.042911969787,0.7169707704573514
34.0,27.0,7711.5,4528.377216650952,3183.1227833490484,20.86830021469933,229.55130236169265,15915.613916745242,16145.165219106935,0.5872239144979513
5.0,30.0,8786.48,5784.279541637399,3002.2004583626003,96.03735837841856,1056.4109421626042,15011.002291813002,16067.413233975607,0.6583159059870847
28.0,19.0,14526.74,11609.650783632318,2917.0892163676817,132.92266108886986,1462.1492719775683,14585.446081838409,16047.595353815977,0.7991917514619467
30.0,11.0,7933.93,4837.182136879737,3096.7478631202625,46.09468373000557,507.0415210300613,15483.739315601313,15990.780836631375,0.6096829864745136
44.0,83.0,8889.99,5761.848508606355,3128.1414913936455,27.666402310004205,304.33042541004625,15640.707456968228,15945.037882378274,0.6481276704030438
17.0,36.0,7080.37,6662.2928333682285,418.0771666317712,1257.2273193341234,13829.500512675359,2090.3858331588563,15919.886345834215,0.9409526385440632
11.0,28.0,8714.14,5610.210194720485,3103.9298052795148,31.96512481225996,351.61637293485956,15519.649026397574,15871.265399332435,0.6438053777791595
17.0,56.0,8528.72,5815.014703430199,2713.7052965698012,208.32975207015122,2291.6272727716632,13568.526482849007,15860.15375562067,0.6818156421397583
20.0,28.0,9710.1,6664.866722335737,3045.2332776642634,55.94023082436033,615.3425390679636,15226.166388321317,15841.50892738928,0.6863849725889266
15.0,94.0,294.35,294.35,0.0,1757.299042050579,15815.69137845521,0.0,15815.69137845521,1.0
13.0,36.0,9361.92,8178.110640091001,1183.809359908999,895.0457704921914,9845.503475414105,5919.046799544996,15764.550274959101,0.873550579378055
9.0,94.0,429.78,429.78,0.0,3145.701102751103,15728.505513755515,0.0,15728.505513755515,1.0
38.0,67.0,8018.53,4955.712815012845,3062.817184987156,29.55206492421653,325.07271416638184,15314.085924935778,15639.158639102161,0.6180325839041376
45.0,58.0,15960.0,14708.524347833023,1251.475652166977,848.5580581583209,9334.13863974153,6257.378260834885,15591.516900576415,0.921586738586029
16.0,27.0,8353.35,5291.985685700242,3061.3643142997576,24.782816086718526,272.6109769539038,15306.821571498787,15579.432548452693,0.6335165754697507
24.0,50.0,10880.5,8261.811181889776,2618.688818110224,209.24849626077048,2301.7334588684753,13093.444090551122,15395.177549419597,0.7593227500473118
45.0,52.0,11563.04,8686.560013119399,2876.4799868806003,80.09984668224632,881.0983135047096,14382.399934403002,15263.498247907712,0.7512349704852183
5.0,58.0,8465.0,6877.37813626912,1587.6218637308802,1033.1898506078549,7232.328954254984,7938.109318654401,15170.438272909385,0.8124486870961748
33.0,14.0,8602.39,5767.30789436618,2835.082105633819,88.86394113363158,977.5033524699475,14175.410528169095,15152.913880639044,0.6704308796004577
32.0,60.0,7497.0,4566.4221493501545,2930.577850649846,32.97507116599391,362.72578282593304,14652.889253249228,15015.615036075162,0.6090999265506408
17.0,35.0,13823.17,11169.687313505312,2653.4826864946876,157.38158747604902,1731.1974622365392,13267.413432473439,14998.610894709978,0.8080409423819075
16.0,58.0,6640.0,3969.517499404722,2670.482500595278,318.584504179989,1592.9225208999449,13352.412502976389,14945.335023876334,0.5978189005127593
9.0,91.0,10686.55,7862.598625218677,2823.951374781323,61.055449479744695,671.6099442771916,14119.756873906616,14791.366818183806,0.7357471424565156
21.0,58.0,9210.0,6527.59178621157,2682.4082137884297,171.52378886600897,1372.1903109280718,13412.041068942148,14784.23137987022,0.7087504653867068
5.0,31.0,9761.43,7308.375600593223,2453.0543994067775,220.49420906890256,2425.4362997579283,12265.271997033888,14690.708296791816,0.7486992787525212
21.0,36.0,9859.12,7615.981766557696,2243.1382334423047,314.4295395893006,3458.7249354823066,11215.691167211522,14674.416102693829,0.7724808873974244
29.0,41.0,7275.99,4466.638847948675,2809.3511520513252,49.529714691475625,544.8268616062319,14046.755760256627,14591.582621862857,0.613887436341814
35.0,28.0,7762.34,4941.881411193709,2820.4585888062907,36.11416042909715,397.2557647200686,14102.292944031453,14499.548708751521,0.6366484090098745
7.0,52.0,11119.4,8435.208713405467,2684.191286594533,94.1515166696006,1035.6666833656066,13420.956432972664,14456.62311633827,0.7586028664681068
44.0,16.0,8306.7,5607.719718698774,2698.9802813012257,85.91223937642393,945.0346331406631,13494.90140650613,14439.936039646793,0.6750839344985101
7.0,30.0,10741.98,8148.480592976271,2593.4994070237294,117.47728363772153,1292.2501200149368,12967.497035118648,14259.747155133584,0.7585641188101515
9.0,27.0,7437.3,4694.144112087047,2743.1558879129534,46.70930926109771,513.8024018720748,13715.779439564767,14229.58184143684,0.6311623992694992
7.0,27.0,8164.74,5490.2709438666225,2674.4690561333778,59.51567239327178,654.6723963259896,13372.345280666888,14027.017676992878,0.672436714931109
32.0,28.0,7065.12,4303.529781321113,2761.590218678887,17.337412620822658,190.71153882904923,13807.951093394437,13998.662632223486,0.6091233809646704
12.0,93.0,6789.7,4096.709161793664,2692.990838206336,42.63088381688305,468.93972198571356,13464.954191031678,13933.893913017393,0.603371159520106
17.0,83.0,6144.1,3416.951405168304,2727.148594831696,22.836764376339637,251.20440813973602,13635.742974158478,13886.947382298215,0.5561353827522834
9.0,31.0,12830.789999999999,11194.881267939687,1635.9087320603126,511.0711197987525,5621.782317786277,8179.543660301562,13801.32597808784,0.87250132438764
37.0,5.0,10576.27,8519.091201048652,2057.178798951349,312.6441082419106,3439.0851906610164,10285.893994756745,13724.979185417762,0.805491085330523
45.0,36.0,8822.65,6360.596062397551,2462.053937602449,113.80459804787792,1251.850578526657,12310.269688012244,13562.120266538901,0.7209394073659899
9.0,71.0,11476.87,9800.47829326475,1676.39170673525,457.6733009225252,5034.406310147777,8381.95853367625,13416.364843824027,0.8539330229639919
23.0,19.0,11887.86,9643.780391221158,2244.0796087788417,176.39962174439128,1940.395839188304,11220.398043894209,13160.793883082513,0.8112293037789104
42.0,17.0,6281.03,3699.8448810196624,2581.1851189803374,19.200293203247234,211.20322523571957,12905.925594901688,13117.128820137406,0.5890506622352802
24.0,36.0,9446.1,7463.100261149239,1982.9997388507613,276.9900474515172,3046.8905219666894,9914.998694253805,12961.889216220496,0.7900721208910808
26.0,48.0,6207.0,3812.886171863016,2394.113828136984,82.54481531278829,825.4481531278828,11970.569140684922,12796.017293812803,0.6142880895542155
15.0,28.0,6838.62,4333.075449059785,2505.5445509402152,21.134575468363934,232.48033015200326,12527.722754701075,12760.20308485308,0.6336183980188671
24.0,52.0,12693.7,10604.94336774974,2088.75663225026,208.4215636533934,2292.6372001873274,10443.7831612513,12736.420361438626,0.8354493463489557
44.0,74.0,7974.43,5575.842292871876,2398.587707128123,66.86246395657048,735.4871035222753,11992.938535640615,12728.42563916289,0.6992151530418946
9.0,56.0,9342.31,7202.031728404136,2140.2782715958638,174.01928675108203,1914.2121542619025,10701.39135797932,12615.603512241223,0.7709048113800694
9.0,85.0,8501.65,6646.845289012043,1854.8047109879567,287.07505311329095,3157.8255842462004,9274.023554939782,12431.849139185984,0.7818300317011455
38.0,3.0,8289.48,5960.365189118609,2329.1148108813904,70.79119621191342,778.7031583310476,11645.574054406952,12424.277212738001,0.7190276337138891
20.0,60.0,6363.0,3940.8472215382008,2422.1527784617992,22.54605969712765,248.00665666840416,12110.763892308996,12358.7705489774,0.6193379257485778
18.0,80.0,7127.86,4809.107803875662,2318.7521961243374,66.5292110300647,731.8213213307117,11593.760980621686,12325.5823019524,0.6746916751838087
6.0,36.0,12096.4,10373.914941639568,1722.4850583604307,334.439717388693,3678.8368912756227,8612.425291802154,12291.262183077775,0.8576034970437129
16.0,80.0,6675.96,4265.53027737192,2410.4297226280796,20.480557843254328,225.28613627579762,12052.148613140398,12277.434749416194,0.6389388608337858
5.0,97.0,7209.16,4815.27048255993,2393.88951744007,23.105462202078694,254.16008422286563,11969.44758720035,12223.607671423217,0.6679378017078176
2.0,28.0,6316.89,3943.062313889359,2373.8276861106415,27.122175932594732,298.34393525854205,11869.138430553206,12167.482365811748,0.6242094312057609
21.0,93.0,7016.85,4674.062997679645,2342.787002320355,39.495489696995875,434.4503866669546,11713.935011601774,12148.385398268729,0.6661198397685065
16.0,31.0,9877.619999999999,7981.942480661364,1895.6775193386356,240.58120885229653,2646.3932973752617,9478.387596693177,12124.780894068439,0.8080835748552146
12.0,28.0,7212.13,4913.798089184206,2298.331910815794,56.62667539579695,622.8934293537665,11491.659554078968,12114.552983432735,0.6813241149541406
44.0,3.0,9882.210000000001,7734.897813736241,2147.3121862637595,121.6563734337925,1338.2201077717175,10736.560931318798,12074.781039090516,0.7827093143877979
2.0,36.0,11064.279999999999,9014.437973092654,2049.842026907346,163.42799014941437,1797.707891643558,10249.210134536728,12046.918026180287,0.8147333557260531
34.0,41.0,11749.72,10041.070990609142,1708.6490093908587,309.20713295291756,3401.278462482093,8543.245046954293,11944.523509436385,0.8545795976933188
38.0,87.0,8342.33,6298.569086491905,2043.7609135080952,130.33086131885344,1433.6394745073878,10218.804567540476,11652.444042047864,0.7550131781518958
36.0,74.0,5544.81,3259.997745484244,2284.8122545157557,16.60342591840579,182.6376851024637,11424.06127257878,11606.698957681243,0.5879367815099604
41.0,60.0,5625.0,3335.7168606546743,2289.2831393453257,9.172047501414205,100.89252251555627,11446.415696726628,11547.308219242184,0.5930163307830532
37.0,60.0,7200.0,5008.614155823911,2191.3858441760894,51.719269585824776,568.9119654440725,10956.929220880449,11525.841186324522,0.6956408549755432
25.0,58.0,6115.0,4608.590290798428,1506.409709201572,440.1583445215531,3961.4251006939776,7532.04854600786,11493.473646701837,0.7536533590839621
25.0,28.0,6609.57,4382.761153182683,2226.808846817317,24.633515525469917,270.9686707801691,11134.044234086585,11405.012904866755,0.6630932349884612
1.0,36.0,7051.42,5795.99420044094,1255.4257995590592,465.09504623379905,5116.0455085717895,6277.128997795296,11393.174506367084,0.8219612787836975
42.0,18.0,3607.52,1435.3545806203226,2172.1654193796776,71.88310749426533,503.18175245985736,10860.827096898385,11364.008849358244,0.3978784817881322
36.0,67.0,5682.42,3468.0137473251843,2214.4062526748153,26.4522149557342,290.9743645130762,11072.031263374076,11363.005627887153,0.6103057759414448
41.0,28.0,6175.8099999999995,3972.7744523652227,2203.0355476347772,23.712272704155442,260.83499974570987,11015.177738173887,11276.012737919596,0.6432799021286638
24.0,28.0,7097.89,5011.3708578161895,2086.51914218381,73.90438955424301,812.9482850966731,10432.595710919051,11245.543996015724,0.7060367035578445
37.0,74.0,7848.04,5713.841026320718,2134.1989736792825,46.665138603278756,513.3165246360663,10670.994868396412,11184.311393032478,0.7280596207869376
21.0,85.0,9488.85,7566.399725393798,1922.4502746062024,130.35297150748167,1433.8826865822984,9612.251373031011,11046.13405961331,0.7973990236323472
28.0,60.0,5472.01,3328.513935897633,2143.4960641023667,21.090599610015786,231.99659571017366,10717.480320511833,10949.476916222007,0.6082799439141436
29.0,28.0,6393.3099999999995,4257.935282453039,2135.3747175469607,24.266684132945098,266.93352546239606,10676.873587734804,10943.8071131972,0.6659985645077494
9.0,36.0,5291.66,3827.570884244892,1464.0891157551077,321.709752855935,3538.807281415285,7320.44557877554,10859.252860190823,0.7233213933330735
9.0,35.0,9861.9,7903.441095173703,1958.458904826297,91.49024985287754,1006.392748381653,9792.294524131485,10798.687272513138,0.80141160376537
28.0,28.0,5022.15,2937.6046149264853,2084.545385073515,21.211283243451444,233.3241156779659,10422.726925367575,10656.05104104554,0.5849296844830373
36.0,3.0,7300.32,5652.772225449667,1647.547774550333,219.82911866972134,2418.1203053669346,8237.738872751666,10655.8591781186,0.7743184169255138
21.0,94.0,1700.0900000000001,1700.0900000000001,0.0,1052.0437180904407,10520.437180904408,0.0,10520.437180904408,1.0
6.0,28.0,5401.23,3373.2191853409586,2028.0108146590412,28.546433121342943,314.0107643347724,10140.054073295207,10454.06483762998,0.6245279659153486
16.0,36.0,10877.46,9305.061860886452,1572.398139113549,229.75008138800266,2527.250895268029,7861.990695567744,10389.241590835774,0.8554443648504754
45.0,80.0,7731.63,5784.294267216484,1947.3357327835163,58.822223076405955,647.0444538404655,9736.67866391758,10383.723117758047,0.7481338692121174
16.0,93.0,9800.46,7914.732504385273,1885.7274956147269,83.62450269173297,919.8695296090626,9428.637478073635,10348.507007682696,0.8075878585684013
4.0,28.0,8075.98,6195.090096292535,1880.8899037074643,85.08119109343343,935.8931020277678,9404.449518537322,10340.34262056509,0.7671007229206283
26.0,41.0,8526.57,7568.065013061205,958.5049869387948,499.9717215266339,5499.688936792973,4792.524934693974,10292.213871486947,0.8875861000450598
45.0,28.0,6583.7,4628.591475187375,1955.1085248126253,41.464531391379005,456.1098453051691,9775.542624063126,10231.652469368295,0.7030380295559299
25.0,36.0,7568.55,5946.434916954091,1622.1150830459094,191.86573064851964,2110.523037133716,8110.575415229547,10221.098452363263,0.7856769020425433
1.0,28.0,5211.85,3224.711323386492,1987.1386766135079,25.596819496559604,281.56501446215566,9935.69338306754,10217.258397529697,0.6187268097482644
23.0,83.0,8884.2,7298.428227969291,1585.7717720307096,202.70583625184264,2229.764198770269,7928.858860153548,10158.623058923818,0.8215065203360223
10.0,60.0,5481.0,3537.850135817646,1943.1498641823541,37.47605153068625,412.2365668375487,9715.749320911771,10127.98588774932,0.645475303013619
25.0,80.0,6179.42,4215.952181950496,1963.4678180495034,18.020237864699467,198.22261651169413,9817.339090247517,10015.56170675921,0.6822569402873564
3.0,97.0,5939.68,3963.5123607421124,1976.1676392578877,11.457421746029262,126.03163920632187,9880.838196289438,10006.86983549576,0.6672939216830052
30.0,3.0,9851.109999999999,9035.687863353894,815.422136646106,538.2489188074892,5920.738106882381,4077.11068323053,9997.84879011291,0.9172253546406339
26.0,36.0,7073.9,5616.9534003299195,1456.9465996700803,241.99175388722827,2661.909292759511,7284.732998350401,9946.642291109913,0.7940391298053294
37.0,17.0,4633.54,2733.1264848981723,1900.4135151018274,22.197522176138115,244.17274393751927,9502.067575509138,9746.240319446657,0.5898571038338231
30.0,5.0,5181.33,3340.778307238897,1840.5516927611031,45.55681412651567,501.12495539167236,9202.758463805516,9703.883419197187,0.6447723474935774
45.0,83.0,6667.9400000000005,4882.1715056096455,1785.7684943903553,67.04706687019058,737.5177355720964,8928.842471951775,9666.360207523872,0.7321858783386841
15.0,58.0,5895.0,5228.7292890143635,666.270710985636,624.4561837226787,6244.561837226787,3331.35355492818,9575.915392154968,0.8869769786283908
42.0,10.0,4986.81,3091.5381833219753,1895.2718166780246,3.723152822681217,40.95468104949339,9476.359083390123,9517.313764439616,0.6199430464208532
3.0,56.0,7186.780000000001,5689.340008674971,1497.43999132503,184.43120794203406,2028.7432873623748,7487.199956625149,9515.943243987525,0.7916396506745678
3.0,41.0,6084.27,4653.567125247619,1430.7028747523818,207.11445216871797,2278.2589738558977,7153.514373761909,9431.773347617807,0.7648521721172168
31.0,52.0,7377.72,5807.536724873571,1570.1832751264292,125.37173693616054,1379.089106297766,7850.916375632146,9230.005481929911,0.7871722869495685
31.0,36.0,4218.16,3262.420696643315,955.7393033566854,397.75445381090043,4375.298991919904,4778.696516783427,9153.99550870333,0.7734227000975105
34.0,36.0,5389.46,3732.172726318514,1657.2872736814859,78.17457763068046,859.9203539374851,8286.436368407429,9146.356722344915,0.692494744616068
37.0,10.0,4873.72,3090.841049493256,1782.8789505067443,18.488156691864788,203.36972361051266,8914.394752533723,9117.764476144235,0.634185191084686
39.0,36.0,6578.12,5963.992655400154,614.1273445998463,543.2353137257429,5975.588450983172,3070.6367229992316,9046.225173982404,0.9066409027807572
7.0,83.0,6611.84,4999.294235230803,1612.545764769197,87.09182059698537,958.0100265668391,8062.728823845985,9020.738850412825,0.7561124036925883
37.0,7.0,6734.13,4976.687167105805,1757.442832894195,20.843042625332796,229.27346887866076,8787.214164470974,9016.487633349636,0.7390245164714381
5.0,94.0,907.56,907.56,0.0,1275.7015041249836,8929.910528874885,0.0,8929.910528874885,1.0
39.0,28.0,6367.8099999999995,4669.984613676397,1697.8253863236025,39.94827673768002,439.4310441144802,8489.126931618011,8928.557975732492,0.7333737366027563
8.0,36.0,7202.88,5728.342817553908,1474.5371824460913,132.46573257527493,1457.1230583280242,7372.685912230456,8829.80897055848,0.7952850550826764
36.0,16.0,5214.99,3540.7762053429524,1674.2137946570479,38.63314502008719,424.9645952209591,8371.068973285239,8796.033568506198,0.6789612646127706
39.0,60.0,4878.0,3155.6364630336807,1722.3635369663195,16.31583000572922,179.47413006302145,8611.817684831598,8791.29181489462,0.646911944041345
3.0,27.0,5234.83,3596.65599618224,1638.1740038177602,52.45336396807591,576.9870036488351,8190.870019088801,8767.857022737637,0.6870626163948476
5.0,27.0,4460.35,2821.8853998692603,1638.4646001307399,48.93138691040201,538.2452560144221,8192.3230006537,8730.568256668123,0.6326600826996223
37.0,18.0,4298.37,3358.0221644512185,940.3478355487813,575.5152407182225,4028.6066850275574,4701.739177743906,8730.345862771464,0.7812315283354431
7.0,80.0,6195.81,4616.609952803881,1579.2000471961185,63.1427606050504,694.5703666555544,7896.000235980593,8590.570602636148,0.745118064111695
17.0,60.0,4518.0,2848.409436513682,1669.590563486318,18.664169225033717,205.30586147537088,8347.95281743159,8553.25867890696,0.6304580426103767
44.0,60.0,3906.0,2249.166140355749,1656.833859644251,21.14087271131041,232.54959982441454,8284.169298221255,8516.71889804567,0.5758233846276879
40.0,36.0,6147.4,4773.392708725664,1374.0072912743353,148.74844792481827,1636.232927173001,6870.036456371677,8506.269383544677,0.7764896881162222
26.0,28.0,4733.5599999999995,3114.329495169582,1619.2305048304179,34.73573156026734,382.09304716294076,8096.15252415209,8478.24557131503,0.6579254293110434
43.0,7.0,3978.72,2337.9238473676814,1640.7961526323186,18.284702486144308,201.13172734758737,8203.980763161593,8405.11249050918,0.5876070312481606
19.0,60.0,5256.0,3756.0152881599533,1499.9847118400469,78.72565929681751,865.9822522649926,7499.923559200234,8365.905811465227,0.7146147808523503
6.0,60.0,3510.0,1880.4890800218188,1629.5109199781812,18.053419655910332,198.58761621501367,8147.554599890906,8346.14221610592,0.5357518746500909
11.0,36.0,6108.36,5798.519694102529,309.8403058974708,616.7926753937421,6784.719429331163,1549.201529487354,8333.920958818517,0.9492760240232286
43.0,10.0,5138.98,3577.263719444322,1561.7162805556782,35.964103513744014,395.6051386511842,7808.581402778391,8204.186541429575,0.6961038415102456
44.0,17.0,3762.05,2138.1647108776797,1623.8852891223203,7.55976914573533,83.15746060308862,8119.426445611601,8202.58390621469,0.5683509551647851
29.0,52.0,7971.66,6492.804650864773,1478.8553491352272,71.18562647224479,783.0418911946927,7394.276745676136,8177.318636870828,0.8144858976505236
3.0,94.0,625.64,625.64,0.0,1167.8508965603503,8174.956275922452,0.0,8174.956275922452,1.0
16.0,41.0,10261.130000000001,9205.26792392816,1055.862076071839,262.976701927964,2892.743721207604,5279.310380359195,8172.054101566799,0.8971007992227132
30.0,60.0,5877.0,4311.480693767802,1565.5193062321976,23.49352451045394,258.42876961499337,7827.596531160988,8086.025300775981,0.7336193115140042
44.0,18.0,3994.86,3188.3388601277015,806.5211398722984,576.3267307028921,4034.2871149202447,4032.605699361492,8066.892814281737,0.7981102867503996
21.0,28.0,5667.07,4187.0361304021435,1480.0338695978567,56.97487475744023,626.7236223318425,7400.169347989284,8026.892970321127,0.7388361411456261
23.0,94.0,2142.9799999999996,2142.9799999999996,0.0,1333.2387935298905,7999.432761179342,0.0,7999.432761179342,1.0
43.0,17.0,4206.53,2627.923051257414,1578.6069487425862,8.574454188995084,94.31899607894593,7893.03474371293,7987.353739791876,0.6247246664727018
43.0,11.0,5129.0,3684.4681988557254,1444.5318011442746,58.08545362230841,638.9399898453925,7222.659005721373,7861.598995566766,0.7183599529841539
10.0,80.0,3716.77,3196.9719708549874,519.7980291450128,475.5306734717769,5230.837408189545,2598.9901457250644,7829.82755391461,0.8601479162969426
38.0,10.0,4241.4400000000005,2711.1058821371353,1530.3341178628648,13.571505625109967,149.28656187620965,7651.6705893143235,7800.957151190533,0.6391946796694365
3.0,35.0,7713.1,6990.026409668041,723.073590331959,375.0066555061385,4125.073210567523,3615.367951659795,7740.441162227318,0.9062538291566349
22.0,41.0,10213.46,8936.318396380557,1277.1416036194432,121.27291335815634,1334.0020469397198,6385.708018097216,7719.710065036936,0.8749550491587138
4.0,56.0,10755.55,10281.14458882687,474.4054111731301,484.86136193803685,5333.474981318405,2372.0270558656507,7705.5020371840565,0.9558920360954921
38.0,60.0,3978.0,2469.4727294147424,1508.5272705852576,11.569355485725954,127.26291034298549,7542.636352926288,7669.899263269273,0.6207824860268332
44.0,87.0,4043.61,2645.026379565805,1398.583620434195,56.38004552690395,620.1805007959434,6992.9181021709755,7613.098602966918,0.6541249971104546
17.0,98.0,3296.0299999999997,2162.037473574023,1133.9925264259773,173.37488147563587,1907.1236962319947,5669.962632129886,7577.086328361881,0.6559520009144404
38.0,5.0,3295.94,2346.168881982783,949.7711180172168,246.75950550550996,2714.3545605606096,4748.855590086085,7463.210150646693,0.711836041306208
31.0,28.0,5013.38,3639.773834128889,1373.606165871111,23.75805804663115,261.3386385129426,6868.0308293555545,7129.369467868497,0.7260119588239649
2.0,60.0,3492.0,2149.4563796518196,1342.5436203481804,23.454818852562706,258.00300737818975,6712.718101740903,6970.721109119093,0.6155373366700514
2.0,59.0,4086.92,2729.4361708296847,1357.4838291703152,12.78064287240697,140.58707159647668,6787.419145851576,6928.006217448053,0.6678467331950918
13.0,99.0,1530.28,916.4116632919728,613.8683367080272,469.24356124619345,3753.9484899695476,3069.341683540136,6823.290173509684,0.5988522775518028
38.0,17.0,5038.79,3865.8152058999826,1172.9747941000173,86.47376541729265,951.2114195902192,5864.873970500087,6816.085390090306,0.7672110181015646
30.0,18.0,2511.31,1199.980425435361,1311.329574564639,40.27566105205168,241.65396631231008,6556.647872823195,6798.301839135505,0.4778304651498067
23.0,59.0,5195.9,3991.956233324805,1203.9437666751949,70.55294786705657,776.0824265376224,6019.718833375975,6795.801259913597,0.768289657869629
36.0,18.0,1665.8600000000001,1501.621175759618,164.2388242403823,740.4724145696762,5923.779316557409,821.1941212019116,6744.973437759321,0.901408987405675
28.0,36.0,7289.24,6837.515449273392,451.7245507266081,403.9920533076627,4443.912586384289,2258.6227536330402,6702.53534001733,0.938028580383331
10.0,98.0,2768.22,1567.161840307038,1201.0581596929621,104.6744952942222,628.0469717653332,6005.29079846481,6633.337770230144,0.5661261895033769
4.0,59.0,4389.3,3168.9513911088475,1220.3486088911525,47.8931229821029,526.8243528031319,6101.743044455763,6628.567397258895,0.72197192971746
3.0,85.0,5280.67,4662.967761198335,617.7022388016642,320.523703671694,3525.760740388634,3088.511194008321,6614.271934396956,0.883025782940107
5.0,6.0,6621.83,5867.694628665187,754.1353713348127,253.95232420190757,2793.475566220983,3770.6768566740634,6564.152422895047,0.8861137523411485
3.0,19.0,6593.78,5525.916571095223,1067.8634289047766,101.53599869787496,1116.8959856766246,5339.317144523883,6456.213130200507,0.8380498850576185
45.0,98.0,6721.6,5708.5580858589665,1013.0419141410334,125.31255707154223,1378.4381277869645,5065.209570705168,6443.647698492132,0.8492855995386465
20.0,59.0,4951.68,3824.7558390603717,1126.924160939628,72.74532127202707,800.1985339922977,5634.62080469814,6434.819338690438,0.7724157940457322
16.0,35.0,921.8,921.8,0.0,579.152202320909,6370.67422553,0.0,6370.67422553,1.0
44.0,56.0,3098.31,2304.2459391053285,794.0640608946717,215.56080369963436,2371.168840695978,3970.320304473358,6341.489145169337,0.7437105838684084
10.0,83.0,2570.88,1324.4320545089822,1246.447945491018,5.25810239108043,57.83912630188473,6232.239727455089,6290.078853756974,0.5151668123401256
41.0,59.0,4026.34,2862.025824201054,1164.314175798946,41.035842343907625,451.3942657829839,5821.57087899473,6272.965144777714,0.7108256690197683
14.0,99.0,2220.49,1788.218840603438,432.27115939656204,574.7012401109832,4022.9086807768826,2161.3557969828103,6184.264477759692,0.8053262300678851
12.0,83.0,2594.76,1381.0881709881903,1213.6718290118097,10.502364605196734,115.52601065716408,6068.359145059048,6183.8851557162125,0.5322604676302202
41.0,99.0,1305.15,837.4102855620295,467.7397144379705,425.98785816587537,3833.8907234928784,2338.6985721898527,6172.589295682731,0.6416199559912878
5.0,85.0,6606.05,5786.7682796436,819.2817203563998,186.50351291174374,2051.538642029181,4096.408601781999,6147.94724381118,0.8759800909232598
36.0,5.0,2537.38,1343.2271395473354,1194.1528604526648,10.686921276993939,117.55613404693332,5970.764302263323,6088.320436310257,0.5293756313785619
3.0,91.0,4844.28,3678.1269119721105,1166.1530880278897,20.880222616819285,229.68244878501213,5830.765440139448,6060.44788892446,0.7592721543701253
22.0,60.0,4635.0,3547.2079249775884,1087.7920750224116,56.17478734386709,617.922660782538,5438.9603751120585,6056.883035894596,0.7653091531774733
11.0,59.0,3725.1,2679.479098767045,1045.620901232955,69.49578604683005,764.4536465151305,5228.104506164776,5992.558152679906,0.7193039378183257
18.0,41.0,5228.33,4482.425306673718,745.9046933262821,199.24851892821155,2191.733708210327,3729.5234666314104,5921.257174841738,0.8573340448429457
8.0,19.0,6027.7300000000005,5119.503969490719,908.2260305092809,123.30956738527757,1356.4052412380533,4541.130152546405,5897.535393784458,0.8493253628630876
42.0,74.0,3463.04,2382.327233775826,1080.7127662241742,40.20331759513164,442.236493546448,5403.56383112087,5845.800324667318,0.6879294590232355
37.0,12.0,2848.06,1696.9604028557492,1151.099597144251,8.123524320871116,89.35876752958228,5755.497985721255,5844.856753250837,0.5958302854770438
43.0,60.0,3780.0,2691.314084347853,1088.685915652147,36.37586428139459,400.1345070953405,5443.429578260735,5843.564085356075,0.7119878530020776
43.0,18.0,3197.8599999999997,2937.8847839268765,259.9752160731234,561.3958015105213,4491.166412084171,1299.876080365617,5791.0424924497875,0.9187033778610936
5.0,35.0,6474.93,5692.9658310853665,781.964168914634,169.73507082289157,1867.0857790518073,3909.8208445731702,5776.906623624977,0.879232027386453
35.0,94.0,470.45,470.45,0.0,620.1716098777259,5581.5444888995335,0.0,5581.5444888995335,1.0
38.0,18.0,2640.56,1592.9666736156564,1047.5933263843435,44.58202538071834,312.0741776650284,5237.966631921718,5550.040809586746,0.6032685012329416
44.0,11.0,5554.7,4552.264430705311,1002.4355692946895,37.78873050164939,415.6760355181433,5012.177846473447,5427.85388199159,0.8195338057330388
12.0,60.0,3653.0,2637.028140044469,1015.9718599555308,27.65359973696777,304.18959710664546,5079.859299777654,5384.0488968843,0.7218801368859756
15.0,93.0,4408.18,3463.4523490731763,944.7276509268237,57.61609998762192,633.7770998638412,4723.638254634118,5357.41535449796,0.7856875964849839
36.0,10.0,2958.5,1985.0725322420722,973.4274677579278,32.42940435439188,356.72344789831067,4867.137338789639,5223.860786687949,0.6709726321588887
13.0,59.0,4054.76,3331.8599647104365,722.9000352895634,137.89152681495054,1516.806794964456,3614.5001764478175,5131.306971412274,0.8217157032007902
33.0,17.0,2513.69,1539.6011001100283,974.0888998899718,7.591419862704914,83.50561848975406,4870.444499449859,4953.950117939613,0.612486464166237
28.0,56.0,2220.38,1433.6092799803698,786.7707200196303,92.13108556615684,1013.4419412277252,3933.853600098151,4947.295541325877,0.6456594276566938
36.0,7.0,3492.38,2552.406232530281,939.9737674697191,20.88703186964743,229.75735056612172,4699.868837348595,4929.626187914717,0.7308500886301837
40.0,28.0,3542.61,2625.0639962635073,917.5460037364926,25.489024704776337,280.3792717525397,4587.730018682463,4868.109290435003,0.740997173344937
19.0,99.0,1070.08,745.2588348971858,324.82116510281423,403.5616369994607,3228.4930959956855,1624.105825514071,4852.598921509756,0.696451512874912
5.0,71.0,4226.14,3453.8618120389046,772.2781879610952,86.79827053498441,954.7809758848285,3861.390939805476,4816.171915690305,0.8172615701417616
21.0,59.0,2560.71,1654.00361393996,906.7063860600401,25.05273228252094,275.58005510773035,4533.5319303002,4809.111985407931,0.6459160209238687
8.0,28.0,2582.31,1661.098009217901,921.2119907820987,16.17362382947343,177.90986212420776,4606.059953910493,4783.969816034702,0.6432604951450063
7.0,35.0,601.17,601.17,0.0,433.9767287839802,4773.744016623782,0.0,4773.744016623782,1.0
31.0,60.0,2934.0,2035.3844103137735,898.6155896862265,23.8945311270833,262.8398423979163,4493.077948431133,4755.917790829049,0.6937233845650217
27.0,59.0,3236.52,2405.2193292419142,831.3006707580857,52.3320149471249,575.6521644183739,4156.503353790428,4732.155518208802,0.7431498428070626
21.0,83.0,1633.82,706.8060485765815,927.0139514234185,7.52230032386961,82.74530356256571,4635.069757117092,4717.815060679658,0.43260949711509317
33.0,87.0,3804.74,3024.113673845047,780.6263261549534,70.20371147041023,772.2408261745124,3903.1316307747675,4675.37245694928,0.7948279445757258
15.0,98.0,4030.46,3363.5217892110313,666.9382107889687,116.64395565285572,1283.083512181413,3334.6910539448436,4617.774566126257,0.8345255353510596
3.0,36.0,2578.34,2173.4471705979986,404.89282940200155,235.23669958058764,2587.603695386464,2024.4641470100078,4612.067842396472,0.8429637559817551
12.0,80.0,2012.7,1119.1810726121655,893.5189273878344,12.171902427042845,133.8909266974713,4467.594636939172,4601.485563636644,0.5560595581120711
6.0,77.0,0.0,0.0,0.0,4552.696814915804,4552.696814915804,0.0,4552.696814915804,
43.0,42.0,2140.9,1244.2751529120064,896.6248470879935,5.606509468366426,61.67160415203068,4483.124235439968,4544.795839591999,0.5811925605642516
17.0,59.0,4102.45,3289.2889725188898,813.1610274811101,35.57754974468987,391.3530471915886,4065.805137405551,4457.158184597139,0.8017864867381418
35.0,56.0,3204.79,2446.2764652259357,758.5135347740642,65.99595755003365,659.9595755003365,3792.5676738703205,4452.527249370657,0.7633188025505371
12.0,56.0,1825.0,1556.2316641686239,268.76833583137625,280.75121297674735,3088.263342744221,1343.8416791568811,4432.105021901102,0.8527296789965062
36.0,31.0,1473.0,599.0876161436781,873.9123838563219,4.343741015939336,47.781151175332695,4369.561919281609,4417.343070456942,0.40671257036230696
37.0,71.0,14.0,14.0,0.0,4391.015785952304,4391.015785952304,0.0,4391.015785952304,1.0
38.0,74.0,4216.9,3441.8615913537337,775.0384086462661,46.101377930291896,507.1151572332109,3875.192043231331,4382.307200464542,0.8162065952130081
35.0,78.0,3.0,3.0,0.0,4375.76659205378,4375.76659205378,0.0,4375.76659205378,1.0
33.0,18.0,2052.8,1343.6446192719588,709.1553807280411,116.99026080213847,818.9318256149693,3545.776903640206,4364.708729255175,0.6545423905260905
16.0,28.0,2720.83,1864.0815456876562,856.7484543123437,7.173573349802161,78.90930684782377,4283.742271561719,4362.651578409543,0.6851150368408376
11.0,77.0,0.0,0.0,0.0,4360.747822707621,4360.747822707621,0.0,4360.747822707621,
34.0,28.0,2430.62,1600.9931496399774,829.6268503600226,18.89720462430539,207.8692508673593,4148.134251800113,4356.003502667472,0.6586768600768436
39.0,77.0,14.96,14.96,0.0,4330.124603074188,4330.124603074188,0.0,4330.124603074188,1.0
42.0,7.0,4246.26,3503.4591492229774,742.8008507770227,55.31246147126701,608.437076183937,3714.0042538851135,4322.44133006905,0.8250693902923931
43.0,56.0,1846.45,1197.1198128668875,649.3301871331124,96.66024854901035,1063.2627340391139,3246.650935665562,4309.913669704676,0.648335894753114
30.0,10.0,2375.04,1550.1490682622198,824.8909317377802,16.716872675653217,183.8855994321854,4124.454658688901,4308.340258121087,0.6526833519697436
44.0,26.0,1365.68,517.6250001029708,848.0549998970292,4.477324091130277,49.25056500243305,4240.2749994851465,4289.52556448758,0.3790236366520494
36.0,24.0,0.0,0.0,0.0,4288.676543372342,4288.676543372342,0.0,4288.676543372342,
12.0,98.0,5342.41,4621.124688144003,721.2853118559966,60.86034680767654,669.463814884442,3606.426559279983,4275.890374164425,0.8649887762534143
4.0,60.0,3726.0,2952.439065868647,773.5609341313531,37.09556540696274,408.0512194765901,3867.804670656765,4275.855890133355,0.7923883697983486
36.0,6.0,9.88,9.88,0.0,4260.078157056532,4260.078157056532,0.0,4260.078157056532,1.0
20.0,77.0,0.0,0.0,0.0,4241.175380714963,4241.175380714963,0.0,4241.175380714963,
35.0,19.0,0.0,0.0,0.0,4199.736852075092,4199.736852075092,0.0,4199.736852075092,
17.0,51.0,0.0,0.0,0.0,4197.375693181916,4197.375693181916,0.0,4197.375693181916,
43.0,26.0,3.25,3.25,0.0,4186.735052771748,4186.735052771748,0.0,4186.735052771748,1.0
36.0,11.0,2738.59,2009.1116765001693,729.4783234998308,48.14024333551299,529.5426766906429,3647.391617499154,4176.934294189797,0.7336299615861335
42.0,71.0,0.0,0.0,0.0,4174.556654946462,4174.556654946462,0.0,4174.556654946462,
24.0,77.0,125.0,125.0,0.0,4165.609379857102,4165.609379857102,0.0,4165.609379857102,1.0
42.0,33.0,2.5,2.5,0.0,4136.011674576996,4136.011674576996,0.0,4136.011674576996,1.0
42.0,26.0,0.0,0.0,0.0,4127.9825785316625,4127.9825785316625,0.0,4127.9825785316625,
11.0,60.0,2160.0,1395.8781350785725,764.1218649214275,27.240408479446206,299.64449327390827,3820.6093246071373,4120.2538178810455,0.646239877351191
12.0,94.0,1390.95,755.5019284303144,635.4480715696856,103.14947954230803,928.3453158807723,3177.240357848428,4105.585673729201,0.5431553459364566
7.0,47.0,0.0,0.0,0.0,4103.6609789090435,4103.6609789090435,0.0,4103.6609789090435,
22.0,47.0,0.0,0.0,0.0,4100.746092759291,4100.746092759291,0.0,4100.746092759291,
17.0,99.0,2.29,2.29,0.0,4100.423754205243,4100.423754205243,0.0,4100.423754205243,1.0
45.0,96.0,2.94,2.94,0.0,4098.783977190739,4098.783977190739,0.0,4098.783977190739,1.0
43.0,59.0,6.97,6.97,0.0,4097.964092501428,4097.964092501428,0.0,4097.964092501428,1.0
36.0,21.0,2045.88,1240.6792764874501,805.2007235125498,6.428671907748566,70.71539098523422,4026.0036175627492,4096.719008547983,0.6064281758888351
38.0,34.0,5.96,5.96,0.0,4095.7784966237978,4095.7784966237978,0.0,4095.7784966237978,1.0
30.0,44.0,2.97,2.97,0.0,4085.816966797273,4085.816966797273,0.0,4085.816966797273,1.0
3.0,80.0,0.97,0.97,0.0,4082.5454781692547,4082.5454781692547,0.0,4082.5454781692547,1.0
45.0,47.0,39.96,39.96,0.0,4079.8190277939757,4079.8190277939757,0.0,4079.8190277939757,1.0
4.0,99.0,1700.33,1400.9831651521718,299.3468348478281,368.6447799931847,2580.513459952293,1496.7341742391407,4077.247634191434,0.8239478013986531
5.0,60.0,2637.0,1888.425470390976,748.5745296090241,30.225926271211552,332.4851889833271,3742.8726480451205,4075.3578370284476,0.716126458244587
37.0,99.0,10.0,10.0,0.0,4074.843839631806,4074.843839631806,0.0,4074.843839631806,1.0
10.0,45.0,10.47,10.47,0.0,4066.2274522976077,4066.2274522976077,0.0,4066.2274522976077,1.0
16.0,47.0,0.0,0.0,0.0,4065.4682569370757,4065.4682569370757,0.0,4065.4682569370757,
30.0,17.0,1.5,1.5,0.0,4062.4360841714456,4062.4360841714456,0.0,4062.4360841714456,1.0
12.0,99.0,29.88,29.88,0.0,4061.9239584404054,4061.9239584404054,0.0,4061.9239584404054,1.0
39.0,99.0,1275.3600000000001,942.2292934730423,333.13070652695774,341.4204326167072,2389.9430283169504,1665.6535326347887,4055.596560951739,0.7387947665545745
39.0,45.0,23.88,23.88,0.0,4054.9863125747584,4054.9863125747584,0.0,4054.9863125747584,1.0
35.0,51.0,1.16,1.16,0.0,4054.691502090012,4054.691502090012,0.0,4054.691502090012,1.0
9.0,80.0,1.88,1.88,0.0,4051.8931836755514,4051.8931836755514,0.0,4051.8931836755514,1.0
42.0,60.0,2754.0,2006.8628176193388,747.1371823806612,27.600118210777392,303.6013003185513,3735.685911903306,4039.2872122218573,0.7287083578864701
25.0,96.0,0.0,0.0,0.0,4034.113130675075,4034.113130675075,0.0,4034.113130675075,
36.0,71.0,0.0,0.0,0.0,4033.455804422794,4033.455804422794,0.0,4033.455804422794,
34.0,47.0,0.0,0.0,0.0,4033.455804422794,4033.455804422794,0.0,4033.455804422794,
12.0,49.0,0.0,0.0,0.0,4033.455804422794,4033.455804422794,0.0,4033.455804422794,
41.0,51.0,0.0,0.0,0.0,4033.455804422794,4033.455804422794,0.0,4033.455804422794,
35.0,47.0,0.0,0.0,0.0,4033.455804422794,4033.455804422794,0.0,4033.455804422794,
32.0,47.0,0.0,0.0,0.0,4033.455804422794,4033.455804422794,0.0,4033.455804422794,
42.0,72.0,0.0,0.0,0.0,4033.455804422794,4033.455804422794,0.0,4033.455804422794,
37.0,24.0,5.97,5.97,0.0,4027.485804422794,4027.485804422794,0.0,4027.485804422794,1.0
37.0,33.0,6.47,6.47,0.0,4026.985804422794,4026.985804422794,0.0,4026.985804422794,1.0
40.0,45.0,17.91,17.91,0.0,4016.6809345629376,4016.6809345629376,0.0,4016.6809345629376,1.0
29.0,99.0,29.88,29.88,0.0,4011.7744816379313,4011.7744816379313,0.0,4011.7744816379313,1.0
21.0,99.0,29.88,29.88,0.0,4003.5758044227937,4003.5758044227937,0.0,4003.5758044227937,1.0
21.0,47.0,42.0,42.0,0.0,3991.455804422794,3991.455804422794,0.0,3991.455804422794,1.0
40.0,60.0,1944.0,1207.5005505790775,736.4994494209224,22.64162102973104,249.05783132704147,3682.497247104612,3931.5550784316533,0.621142258528332
12.0,45.0,139.0,139.0,0.0,3894.455804422794,3894.455804422794,0.0,3894.455804422794,1.0
30.0,87.0,3231.2,2555.5702705695794,675.6297294304206,46.626184879167496,512.8880336708424,3378.1486471521034,3891.0366808229455,0.7909043917335911
14.0,60.0,3240.0,2574.8801953394004,665.1198046605995,50.50342796632081,555.5377076295289,3325.599023302997,3881.136730932526,0.7947161096726545
29.0,60.0,2628.0,1903.9718547660375,724.0281452339625,21.63748127901912,238.01229406921033,3620.1407261698128,3858.153020239023,0.7244946174908818
9.0,28.0,2292.72,1583.9769029305937,708.7430970694063,25.71887613785702,282.9076375164272,3543.7154853470315,3826.623122863459,0.6908723712143628
43.0,87.0,1584.7,886.2193160200342,698.4806839799658,29.51838620423798,324.7022482466178,3492.4034198998293,3817.105668146447,0.5592347548558302
37.0,31.0,1778.17,1352.1159749781418,426.05402502185825,152.96266010894612,1682.5892611984075,2130.2701251092913,3812.8593863076985,0.7603974732326728
1.0,47.0,224.0,224.0,0.0,3809.455804422794,3809.455804422794,0.0,3809.455804422794,1.0
45.0,60.0,2043.0,1347.3213484330452,695.6786515669548,29.503001175313376,324.53301292844714,3478.393257834774,3802.926270763221,0.6594818151899389
5.0,52.0,3905.33,3280.265080981022,625.0649190189777,60.46573081475647,665.1230389623212,3125.3245950948885,3790.4476340572096,0.8399456847388114
42.0,42.0,2132.91,1432.1667938434712,700.7432061565288,25.7824060518312,283.6064665701432,3503.716030782644,3787.322497352787,0.6714614277411945
11.0,99.0,930.44,744.0185199773816,186.42148002261843,317.0139734932129,2853.1257614389165,932.1074001130921,3785.233161552009,0.7996415889013602
40.0,41.0,3505.6000000000004,3053.2489468764234,452.35105312357706,133.91629088669183,1473.07919975361,2261.755265617885,3734.8344653714953,0.8709633006835985
8.0,60.0,2385.0,1692.8448511792926,692.1551488207074,24.481814599654793,269.2999605962027,3460.7757441035365,3730.0757046997396,0.7097881975594519
43.0,9.0,1835.8,1137.925196058738,697.8748039412619,20.17475269997041,221.9222796996745,3489.37401970631,3711.2962994059844,0.6198524872310371
18.0,59.0,2298.57,1705.94333975253,592.62666024747,65.55606670367135,721.1167337403848,2963.13330123735,3684.250034977735,0.7421759353652618
24.0,59.0,2362.58,1746.2021469367785,616.3778530632216,54.12663322288318,595.392965451715,3081.889265316108,3677.282230767823,0.7391081558875375
20.0,99.0,1080.85,850.2489809742888,230.60101902571125,312.3165119709094,2498.532095767275,1153.0050951285561,3651.5371908958314,0.7866484535081546
37.0,56.0,1231.0,869.4387337999755,361.56126620002453,197.87615328480322,1780.885379563229,1807.8063310001226,3588.6917105633515,0.706286542485764
22.0,59.0,2770.54,2132.950628322057,637.5893716779431,36.28927463203866,399.18202095242526,3187.946858389715,3587.1288793421404,0.7698681947642182
39.0,59.0,2663.12,2204.5757605678164,458.5442394321835,113.9744037622411,1253.7184413846521,2292.721197160917,3546.4396385455693,0.8278169066988407
33.0,74.0,3325.81,2699.0123005475193,626.7976994524807,35.47402564271218,390.214282069834,3133.988497262403,3524.2027793322372,0.8115353253936693
7.0,28.0,2486.75,1849.5346664289357,637.2153335710643,27.918876085457796,307.1076369400358,3186.076667855322,3493.1843047953575,0.7437557721640436
23.0,98.0,1242.15,954.5802025706604,287.5697974293396,186.39750728724854,2050.372580159734,1437.848987146698,3488.221567306432,0.7684902810213423
5.0,36.0,2886.84,2385.422298708932,501.4177012910681,89.03547073283283,979.3901780611612,2507.0885064553404,3486.4786845165017,0.8263091472713874
25.0,60.0,2241.0,1659.7569411346742,581.2430588653258,52.059171750676406,572.6508892574404,2906.2152943266287,3478.8661835840694,0.7406322807383642
43.0,72.0,2533.67,1996.6031048533796,537.0668951466204,71.44060700355841,785.8466770391425,2685.334475733102,3471.1811527722443,0.7880280797631023
42.0,3.0,8771.25,8457.608173269027,313.6418267309724,172.65944785302847,1899.2539263833132,1568.209133654862,3467.463060038175,0.9642420605123588
20.0,19.0,0.0,0.0,0.0,852.414452705425,3409.6578108217,0.0,3409.6578108217,
33.0,7.0,3025.46,2398.994142313035,626.4658576869651,24.16383240179881,265.8021564197869,3132.3292884348257,3398.1314448546127,0.7929353362176446
32.0,59.0,3170.08,2676.9847600818666,493.0952399181332,77.68549728619854,854.540470148184,2465.476199590666,3320.01666973885,0.8444533765967631
18.0,60.0,1818.0,1265.443072925171,552.5569270748289,46.841657548053256,515.2582330285858,2762.7846353741447,3278.04286840273,0.6960632964384879
30.0,7.0,2177.64,1674.6051859098066,503.03481409019344,64.21407208424692,706.3547929267161,2515.174070450967,3221.528863377683,0.769000011898113
29.0,98.0,3021.74,2572.0887411313133,449.65125886868645,88.24617451886446,970.7079197075092,2248.2562943434323,3218.9642140509413,0.8511945902464518
37.0,42.0,1554.48,956.110873669889,598.369126330111,19.310833110067396,212.41916421074137,2991.845631650555,3204.2647958612965,0.6150679800768675
37.0,22.0,878.0699999999999,252.14547459573043,625.9245254042696,0.0,0.0,3129.622627021348,3129.622627021348,0.2871587397311495
21.0,60.0,1917.0,1396.6818850471125,520.3181149528874,47.741455759203184,525.1560133512351,2601.590574764437,3126.7465881156722,0.7285768831753325
16.0,83.0,2320.9,1860.523233995694,460.3767660043061,69.7355484303988,767.0910327343868,2301.8838300215307,3068.9748627559175,0.8016386892997087
34.0,59.0,1961.58,1474.6724206405,486.9075793595001,55.65962672403946,612.2558939644341,2434.5378967975007,3046.793790761935,0.7517778630698213
25.0,83.0,2088.94,1566.993296200524,521.9467037994762,37.92629431214777,417.18923743362546,2609.73351899738,3026.922756431006,0.7501380107616896
22.0,98.0,2217.82,1832.9081105664225,384.9118894335775,99.31550333811256,1092.4705367192382,1924.5594471678878,3017.029983887126,0.8264458389618735
42.0,9.0,1945.41,1373.156157565663,572.253842434337,12.841305904548596,141.25436495003456,2861.269212171685,3002.5235771217194,0.7058440933097203
42.0,5.0,5481.5,5267.255836918205,214.24416308179474,174.10042793030652,1915.1047072333718,1071.2208154089735,2986.3255226423457,0.9609150482382934
7.0,98.0,2609.19,2262.697110384678,346.49288961532176,113.8969502545681,1252.8664528002491,1732.4644480766087,2985.330900876858,0.8672028906996724
12.0,59.0,2731.39,2227.191383812969,504.19861618703123,39.67317493815857,436.4049243197442,2520.9930809351563,2957.3980052549005,0.8154058497003244
28.0,59.0,1557.16,1007.1858116091403,549.9741883908597,16.964800524793187,186.61280577272504,2749.8709419542984,2936.4837477270235,0.6468094554247092
44.0,72.0,1929.97,1545.718299383578,384.251700616422,88.36612299503768,972.0273529454145,1921.2585030821099,2893.2858560275245,0.8009027598271361
36.0,26.0,1888.28,1365.8257830350226,522.4542169649773,25.36599478763622,279.0259426639984,2612.271084824886,2891.297027488885,0.7233174015691649
27.0,60.0,1071.0,521.0553372719398,549.9446627280602,10.638361737780649,117.02197911558713,2749.7233136403,2866.7452927558875,0.4865129199551259
19.0,59.0,2746.7,2375.348402200937,371.35159779906303,89.73045871679906,987.0350458847897,1856.7579889953154,2843.793034880105,0.8648008163253857
24.0,99.0,720.13,526.2176641893604,193.91233581063955,266.3233002386291,1864.2631016704036,969.5616790531977,2833.824780723601,0.7307259303033625
16.0,96.0,1436.3,1418.9035267128004,17.396473287199598,247.42753525806208,2721.7028878386827,86.98236643599799,2808.6852542746806,0.9878879946479151
26.0,60.0,1584.0,1078.4237679066227,505.57623209337714,25.33382221860306,278.67204440463365,2527.881160466886,2806.5532048715195,0.6808230857996356
31.0,19.0,399.12,399.12,0.0,253.78929986973907,2791.6822985671297,0.0,2791.6822985671297,1.0
35.0,59.0,527.1,393.71347837465146,133.3865216253485,190.00481777378064,2090.052995511587,666.9326081267425,2756.9856036383294,0.7469426643419682
24.0,19.0,690.18,690.18,0.0,250.57960035421854,2756.375603896404,0.0,2756.375603896404,1.0
33.0,11.0,2145.9,1716.61690186509,429.2830981349098,53.46219291273044,588.0841220400348,2146.415490674549,2734.4996127145837,0.799951955759863
36.0,87.0,1564.96,1564.96,0.0,273.12984971735966,2731.298497173597,0.0,2731.298497173597,1.0
31.0,59.0,1943.12,1481.3351380594975,461.78486194050237,36.69194765009893,403.6114241510883,2308.924309702512,2712.5357338536,0.7623487679914249
29.0,59.0,1566.1100000000001,1097.3623112968935,468.7476887031065,32.83215219524623,361.15367414770856,2343.7384435155327,2704.892117663241,0.7006929981271388
33.0,3.0,3518.42,3518.42,0.0,242.2572138940334,2664.8293528343675,0.0,2664.8293528343675,1.0
1.0,99.0,735.27,635.9253867722366,99.34461322776338,306.5603572475151,2145.922500732606,496.7230661388169,2642.645566871423,0.8648868943003749
8.0,99.0,530.2800000000001,330.2376568574103,200.04234314258974,204.43464286457157,1635.4771429165726,1000.2117157129487,2635.6888586295213,0.6227609128336167
33.0,16.0,2262.56,1882.120841065491,380.43915893450907,65.63047923579599,721.9352715937559,1902.1957946725454,2624.1310662663013,0.8318545546042938
42.0,56.0,1137.4,724.4521759442364,412.9478240557636,59.050290428130175,531.4526138531716,2064.739120278818,2596.1917341319895,0.6369370282611538
1.0,59.0,1979.25,1552.8581924313376,426.39180756866233,42.02051075158858,462.2256182674744,2131.9590378433118,2594.1846561107864,0.7845689995863775
15.0,83.0,2390.92,2001.5985280532052,389.32147194679476,57.95093451559546,637.4602796715501,1946.607359733974,2584.067639405524,0.8371666672465851
6.0,59.0,2297.04,1896.0780891941658,400.961910805834,50.31651238643299,553.4816362507629,2004.80955402917,2558.291190279933,0.8254440885636148
36.0,42.0,1107.51,604.8440291177548,502.66597088224523,2.199412768067819,24.193540448746006,2513.3298544112263,2537.523394859972,0.5461296323444075
14.0,59.0,2660.95,2448.6990556928104,212.2509443071895,132.25320275487366,1454.7852303036102,1061.2547215359475,2516.039951839558,0.920234899450501
44.0,7.0,3239.71,2995.072854093942,244.63714590605775,117.41076802727804,1291.5184483000585,1223.1857295302887,2514.7041778303474,0.9244879492590208
38.0,42.0,1229.53,756.9469656053744,472.5830343946256,10.087970829833266,110.96767912816591,2362.915171973128,2473.882851101294,0.6156392813557818
38.0,56.0,434.35,434.35,0.0,411.49305582329026,2468.9583349397417,0.0,2468.9583349397417,1.0
23.0,60.0,1485.0,1014.4816584640589,470.51834153594103,9.892206698609176,108.81427368470094,2352.591707679705,2461.405981364406,0.6831526319623292
15.0,60.0,1106.0,743.5691686258259,362.4308313741741,52.15633406164613,573.7196746781074,1812.1541568708703,2385.8738315489777,0.6723048540920669
36.0,17.0,2436.25,2007.7378294591756,428.51217054082434,22.029577354866305,242.32535090352937,2142.5608527041218,2384.886203607651,0.8241099351294717
36.0,9.0,1365.52,1081.0632681784894,284.45673182151074,86.8244277971488,955.0687057686368,1422.2836591075538,2377.3523648761907,0.791686147532434
35.0,80.0,174.26999999999998,174.26999999999998,0.0,215.48839178180148,2370.372309599816,0.0,2370.372309599816,1.0
2.0,99.0,725.45,626.42948370968,99.02051629032007,260.7847213318062,1825.4930493226436,495.1025814516004,2320.595630774244,0.8635046987520573
36.0,22.0,849.65,436.01158594038696,413.63841405961307,26.483716207122175,238.35344586409957,2068.1920702980656,2306.545516162165,0.513166110681324
28.0,99.0,570.52,409.80303772788005,160.71696227211993,182.7570880333184,1462.0567042665473,803.5848113605996,2265.641515627147,0.7182974089039474
17.0,49.0,368.24,368.24,0.0,205.4288504514591,2259.71735496605,0.0,2259.71735496605,1.0
37.0,72.0,1181.0,1181.0,0.0,204.33256441111124,2247.6582085222235,0.0,2247.6582085222235,1.0
30.0,25.0,679.66,235.89561542788158,443.76438457211844,1.6505808915873887,18.156389807461277,2218.821922860592,2236.9783126680536,0.3470788562338251
38.0,72.0,2465.42,2114.435413723128,350.984586276872,43.55419351844364,479.09612870288004,1754.9229313843598,2234.01906008724,0.857637000479889
30.0,56.0,1173.69,837.5741397127973,336.1158602872026,47.70617341012826,477.0617341012826,1680.5793014360133,2157.641035537296,0.7136246706649944
10.0,54.0,865.96,551.5995260992182,314.3604739007818,56.134163684369184,561.3416368436918,1571.8023695039092,2133.144006347601,0.6369803756515523
30.0,42.0,868.9,447.0217730783779,421.87822692162206,0.11322542675752474,1.2454796943327722,2109.3911346081104,2110.6366143024434,0.5144686075248912
33.0,41.0,173.5,173.5,0.0,257.1026811005105,2056.821448804084,0.0,2056.821448804084,1.0
31.0,99.0,222.34,222.34,0.0,292.61126186663284,2048.27883306643,0.0,2048.27883306643,1.0
9.0,60.0,1071.0,738.770436483336,332.2295635166641,34.985316085280935,384.83847693809025,1661.1478175833204,2045.9862945214106,0.6897949920479327
44.0,12.0,1151.1,822.5008999715558,328.5991000284442,36.39955296741734,400.39508264159076,1642.995500142221,2043.3905827838119,0.7145347059087446
33.0,42.0,993.72,606.4861255882395,387.2338744117605,9.136643951235964,100.5030834635956,1936.1693720588028,2036.6724555223982,0.6103189284589617
10.0,59.0,2893.29,2700.4376440523934,192.85235594760647,96.92132644437625,1066.1345908881387,964.2617797380324,2030.3963706261711,0.9333449616361973
27.0,99.0,635.24,461.8913240770449,173.34867592295512,163.77435051857472,1146.420453630023,866.7433796147757,2013.1638332447988,0.7271130975332865
38.0,7.0,2607.46,2446.954667388593,160.505332611407,105.10990236414177,1156.2089260055595,802.526663057035,1958.7355890625945,0.938443798711617
32.0,99.0,702.45,566.9865218450226,135.4634781549774,157.00982832213634,1256.0786265770907,677.3173907748869,1933.3960173519777,0.8071557005409958
6.0,54.0,773.0,682.0033543211033,90.9966456788967,126.62325235518601,1392.855775907046,454.9832283944835,1847.8390043015295,0.8822811828216084
37.0,85.0,1080.69,811.5591300717928,269.13086992820723,44.69903312012721,491.68936432139935,1345.654349641036,1837.3437139624355,0.7509638564914941
7.0,49.0,273.4,273.4,0.0,166.4880118120968,1831.368129933065,0.0,1831.368129933065,1.0
38.0,31.0,696.0,477.24810060254816,218.75189939745184,73.09094914037965,730.9094914037964,1093.7594969872591,1824.6689883910556,0.6857012939691784
33.0,10.0,1336.81,991.8541012234546,344.9558987765454,8.896685851861138,97.86354437047251,1724.779493882727,1822.6430382531994,0.7419559258409606
37.0,9.0,1327.5,1040.3086573001287,287.19134269987137,34.397647289981485,378.3741201897964,1435.9567134993567,1814.3308336891532,0.7836600054991554
42.0,12.0,1064.41,753.9631170377479,310.4468829622521,22.45382055460792,246.9920261006871,1552.2344148112606,1799.2264409119477,0.7083390019238337
16.0,98.0,641.43,641.43,0.0,163.19803931875012,1795.1784325062513,0.0,1795.1784325062513,1.0
35.0,60.0,1035.0,759.8918937284593,275.10810627154063,35.91669130518517,395.08360435703685,1375.540531357703,1770.62413571474,0.7341950664043085
33.0,5.0,670.0,670.0,0.0,160.00757125214875,1760.0832837736364,0.0,1760.0832837736364,1.0
30.0,31.0,752.78,500.5086068036092,252.2713931963908,44.555447891371955,490.1099268050915,1261.3569659819539,1751.4668927870453,0.6648803193544053
44.0,85.0,1392.58,1155.4374550405123,237.14254495948768,51.365027851956505,565.0153063715215,1185.7127247974386,1750.72803116896,0.8297099305178247
24.0,60.0,1026.0,703.709133237042,322.290866762958,12.510793334961518,137.6187266845767,1611.4543338147898,1749.0730604993664,0.6858763481842515
15.0,80.0,611.86,611.86,0.0,157.86063713993028,1736.4670085392331,0.0,1736.4670085392331,1.0
23.0,54.0,533.44,533.44,0.0,156.5486078757248,1722.0346866329728,0.0,1722.0346866329728,1.0
8.0,54.0,372.64,270.5740982343433,102.06590176565666,148.76254721759224,1190.100377740738,510.32950882828334,1700.4298865690212,0.7261005212385769
33.0,60.0,1062.0,832.9582822337964,229.04171776620365,49.01934808854585,539.2128289740043,1145.2085888310182,1684.4214178050224,0.784329832611861
21.0,98.0,778.6800000000001,686.8286585147083,91.85134148529173,110.34010533214206,1213.7411586535627,459.25670742645866,1672.9978660800216,0.8820422490814047
40.0,59.0,1583.18,1288.8568883897428,294.32311161025723,17.4157119932565,191.5728319258215,1471.6155580512861,1663.1883899771076,0.8140937154270157
8.0,59.0,1801.29,1726.8869870675599,74.40301293244008,114.04970201447618,1254.546722159238,372.01506466220036,1626.5617868214383,0.9586945950222118
45.0,59.0,1681.48,1458.8191301080856,222.66086989191433,46.2214386400627,508.4358250406897,1113.3043494595718,1621.7401745002614,0.8675804232628908
9.0,49.0,280.64,280.64,0.0,176.4941152847233,1588.4470375625096,0.0,1588.4470375625096,1.0
26.0,99.0,520.04,337.94652392807166,182.0934760719284,131.55217531152246,657.7608765576123,910.467380359642,1568.2282569172542,0.6498471731560489
38.0,25.0,684.43,386.7882281272045,297.6417718727955,7.254046899601977,79.79451589562174,1488.2088593639776,1568.0033752595994,0.5651245972958586
26.0,59.0,1414.35,1218.6590906195072,195.69090938049288,53.544186636984456,588.986053006829,978.4545469024645,1567.4405999092935,0.861638979474322
3.0,54.0,299.04,299.04,0.0,155.7452408847326,1557.452408847326,0.0,1557.452408847326,1.0
5.0,28.0,1771.78,1542.4347800708942,229.34521992910584,36.529042931529816,401.81947224682796,1146.726099645529,1548.545571892357,0.870556604133072
29.0,80.0,139.29000000000002,139.29000000000002,0.0,154.62488095957778,1546.2488095957779,0.0,1546.2488095957779,1.0
42.0,25.0,748.53,473.46153417976507,275.06846582023496,13.611392457639289,149.72531703403217,1375.3423291011748,1525.0676461352068,0.6325217882780451
22.0,49.0,118.61,118.61,0.0,188.09790112003662,1504.783208960293,0.0,1504.783208960293,1.0
37.0,32.0,596.0,311.48144376240947,284.51855623759053,7.571141628128164,68.14027465315347,1422.5927811879528,1490.7330558411063,0.5226198720845796
3.0,49.0,130.68,130.68,0.0,134.7669724043155,1482.4366964474707,0.0,1482.4366964474707,1.0
16.0,60.0,1179.0,911.6899274627473,267.3100725372528,13.240946364132846,145.6504100054613,1336.5503626862637,1482.2007726917252,0.7732738994594973
3.0,28.0,1228.56,1080.7553823734795,147.80461762652055,67.4740955544241,742.2150510986651,739.0230881326027,1481.2381392312677,0.8796927967486159
30.0,74.0,885.71,885.71,0.0,133.99786968568375,1473.9765665425214,0.0,1473.9765665425214,1.0
42.0,27.0,678.9,402.73702473171465,276.1629752682853,6.725553936938052,73.98109330631857,1380.8148763414265,1454.795969647745,0.593219950996781
3.0,60.0,1539.0,1396.9489666819875,142.05103331801257,66.69547827196556,733.6502609916212,710.2551665900628,1443.905427581684,0.9076991336465156
30.0,12.0,809.13,562.1907091449881,246.93929085501188,17.670528278005563,194.37581105806117,1234.6964542750593,1429.0722653331204,0.6948088800872395
33.0,26.0,1255.33,1160.4878429192843,94.8421570807158,85.32432754450602,938.5676029895662,474.21078540357894,1412.7783883931452,0.924448426245915
42.0,31.0,639.04,418.53875003304535,220.50124996695465,28.19614267815586,281.9614267815586,1102.5062498347731,1384.4676766163318,0.6549492207577701
44.0,10.0,975.35,975.35,0.0,125.78732721256083,1383.660599338169,0.0,1383.660599338169,1.0
17.0,41.0,561.54,432.29227932372663,129.24772067627333,66.42058284469644,730.6264112916608,646.2386033813668,1376.8650146730276,0.769833456786207
15.0,59.0,1213.71,1056.5429297320748,157.1670702679252,53.267654127227566,585.9441953995032,785.835351339626,1371.7795467391293,0.8705069001096429
38.0,20.0,220.26999999999998,220.26999999999998,0.0,136.7425902910747,1367.425902910747,0.0,1367.425902910747,1.0
30.0,32.0,589.04,322.49205403513736,266.54794596486266,2.746262310145148,30.208885411596626,1332.7397298243131,1362.9486152359098,0.5474875289201707
44.0,9.0,1000.76,869.4092784809691,131.35072151903097,61.10344835857998,672.1379319443798,656.7536075951547,1328.8915395395347,0.8687490292187628
25.0,59.0,2024.45,1946.0695211530133,78.38047884698668,83.76013272113285,921.3614599324613,391.9023942349334,1313.2638541673948,0.9612830749848172
43.0,12.0,783.87,549.6380628377448,234.23193716225526,11.640606495365803,128.04667144902385,1171.1596858112764,1299.2063572603001,0.7011852256595414
37.0,59.0,946.4,800.4878548591948,145.9121451408051,51.7704062488735,569.4744687376085,729.5607257040256,1299.0351944416338,0.8458240224632236
5.0,49.0,257.82,257.82,0.0,128.02998141451576,1280.2998141451576,0.0,1280.2998141451576,1.0
20.0,54.0,368.64,341.08444689594313,27.555553104056898,126.40807849974622,1137.672706497716,137.7777655202845,1275.4504720180007,0.9252507782550541
45.0,49.0,20.06,20.06,0.0,253.92345536744682,1269.6172768372342,0.0,1269.6172768372342,1.0
38.0,9.0,1017.81,831.9945497385678,185.81545026143223,29.462899972603143,324.09189969863456,929.0772513071612,1253.1691510057958,0.8174360143234669
40.0,49.0,557.68,557.68,0.0,111.70932883132514,1228.8026171445765,0.0,1228.8026171445765,1.0
30.0,85.0,491.65,277.0558962474237,214.59410375257633,14.081420254347284,154.89562279782012,1072.9705187628815,1227.8661415607019,0.5635226202530738
38.0,28.0,641.36,405.7572911331247,235.60270886687533,2.6539883446151054,29.19387179076616,1178.0135443343768,1207.2074161251428,0.6326513832061942
35.0,98.0,424.38,424.38,0.0,108.83023161653472,1197.1325477818818,0.0,1197.1325477818818,1.0
44.0,28.0,673.87,448.6699478000691,225.20005219993087,6.210422657403749,68.31464923144124,1126.0002609996543,1194.3149102310956,0.6658108356212165
40.0,99.0,370.24,321.8048511808327,48.435148819167296,133.38044658639464,933.6631261047626,242.17574409583648,1175.838870200599,0.8691790492135715
38.0,85.0,429.97,377.77236658584735,52.197633414152634,90.86788087157504,908.6788087157504,260.98816707076315,1169.6669757865136,0.8786016852009381
30.0,28.0,476.94,252.41326830929108,224.5267316907089,1.3332224474196346,14.665446921615981,1122.6336584535445,1137.2991053751605,0.5292348477990755
38.0,59.0,491.32,318.91349227057754,172.4065077294225,24.787261800432734,272.65987980476007,862.0325386471125,1134.6924184518725,0.6490952785772562
35.0,49.0,91.28,91.28,0.0,113.33010541425008,1133.3010541425008,0.0,1133.3010541425008,1.0
7.0,60.0,981.0,952.1577093332062,28.842290666793815,89.82520951627207,988.0773046789927,144.21145333396908,1132.2887580129618,0.970599092082779
11.0,54.0,448.96000000000004,448.96000000000004,0.0,140.6680678018875,1125.3445424151,0.0,1125.3445424151,1.0
43.0,20.0,336.5,187.2131626930034,149.2868373069966,41.71794579534441,375.4615121580997,746.434186534983,1121.8956986930827,0.5563541239019417
34.0,60.0,711.0,585.4087599471741,125.5912400528259,44.122380425420346,485.34618467962383,627.9562002641295,1113.3023849437532,0.8233597186317497
30.0,72.0,551.11,488.4181511321071,62.69184886789289,70.87967260877116,779.6763986964828,313.4592443394644,1093.1356430359472,0.8862443997243873
6.0,99.0,885.28,885.28,0.0,153.89837183648706,1077.2886028554094,0.0,1077.2886028554094,1.0
43.0,25.0,561.88,392.3168719919555,169.56312800804452,20.534791701913512,225.88270872104863,847.8156400402225,1073.698348761271,0.6982218124723348
33.0,21.0,1273.22,1176.730905502419,96.48909449758094,53.41475973053362,587.5623570358698,482.4454724879047,1070.0078295237745,0.9242164790864258
29.0,58.0,1055.0,1055.0,0.0,353.7012387916895,1061.1037163750684,0.0,1061.1037163750684,1.0
37.0,25.0,628.38,462.94085946086835,165.43914053913167,17.986964195744033,197.85660615318434,827.1957026956584,1025.0523088488428,0.7367211869583188
32.0,54.0,401.24,264.73624155172564,136.5037584482744,30.55868296138319,336.1455125752151,682.518792241372,1018.664304816587,0.6597952386395315
29.0,19.0,38.0,38.0,0.0,142.52692224368707,997.6884557058095,0.0,997.6884557058095,1.0
37.0,28.0,853.47,743.1446129449614,110.32538705503856,40.422766874217864,444.6504356163965,551.6269352751927,996.2773708915893,0.870733139940433
19.0,47.0,448.0,448.0,0.0,329.7819676403031,989.3459029209093,0.0,989.3459029209093,1.0
3.0,59.0,43.46,43.46,0.0,122.79664634878935,982.3731707903148,0.0,982.3731707903148,1.0
34.0,99.0,320.23,320.23,0.0,139.65866864765763,977.6106805336034,0.0,977.6106805336034,1.0
38.0,6.0,239.88,239.88,0.0,94.91394224057628,949.1394224057627,0.0,949.1394224057627,1.0
42.0,49.0,406.21,226.36767740475523,179.84232259524478,4.4794426786368575,49.27386946500543,899.2116129762239,948.4854824412294,0.5572676138075262
34.0,19.0,372.8,314.01677394842835,58.78322605157168,93.162724986563,652.139074905941,293.9161302578584,946.0552051637994,0.8423196726084451
22.0,54.0,504.36,358.62553266857606,145.73446733142393,18.382361790660944,202.20597969727038,728.6723366571197,930.87831635439,0.7110507032052027
4.0,54.0,436.28000000000003,392.9180683658732,43.36193163412683,64.79341254763406,712.7275380239747,216.80965817063418,929.5371961946089,0.900609856894364
12.0,96.0,24.97,24.97,0.0,131.35231880977295,919.4662316684107,0.0,919.4662316684107,1.0
21.0,80.0,294.78000000000003,182.7594151948576,112.02058480514239,35.03345197810326,350.3345197810326,560.1029240257119,910.4374438067446,0.6199858036327349
7.0,54.0,261.28000000000003,168.5925582888477,92.6874417111523,55.49419247234743,443.95353977877943,463.4372085557615,907.390748334541,0.6452562702420686
26.0,54.0,169.82,169.82,0.0,112.39880656073953,899.1904524859162,0.0,899.1904524859162,1.0
33.0,9.0,345.99,324.09879908826105,21.891200911738963,71.66989602333082,788.368856256639,109.45600455869481,897.8248608153339,0.9367288045557994
16.0,54.0,240.76,216.81807979767947,23.94192020232053,96.31458877339199,770.5167101871359,119.70960101160266,890.2263111987386,0.9005569022997154
43.0,28.0,6.93,6.93,0.0,125.61465670168299,879.3025969117809,0.0,879.3025969117809,1.0
36.0,12.0,497.51,336.37182200042605,161.13817799957397,5.303419830492923,58.337618135422154,805.6908899978698,864.028508133292,0.6761106751631647
43.0,31.0,315.0,148.75509107200864,166.24490892799136,2.679420223958261,26.79420223958261,831.2245446399568,858.0187468795393,0.47223838435558296
38.0,32.0,609.91,479.7905064169343,130.11949358306566,18.748478396382623,206.23326236020887,650.5974679153284,856.8307302755372,0.786657878075346
44.0,52.0,126.12,126.12,0.0,77.32198039890811,850.5417843879892,0.0,850.5417843879892,1.0
40.0,54.0,242.21,242.21,0.0,83.1650698625887,831.6506986258869,0.0,831.6506986258869,1.0
39.0,54.0,169.32,169.32,0.0,91.37936930076772,822.4143237069095,0.0,822.4143237069095,1.0
27.0,54.0,284.0,138.7038958975435,145.2961041024565,9.49269777542824,94.9269777542824,726.4805205122825,821.4074982665649,0.4883939996392377
19.0,54.0,274.48,209.7289181508481,64.75108184915189,69.35357920661323,485.47505444629263,323.75540924575944,809.2304636920521,0.7640954464837076
42.0,59.0,452.4,343.7974224556779,108.60257754432209,23.074006967350375,253.81407664085413,543.0128877216105,796.8269643624647,0.7599412521124623
31.0,54.0,386.65999999999997,363.40557138191605,23.254428618083935,75.08196231109073,675.7376607998166,116.27214309041968,792.0098038902363,0.9398581994049451
12.0,54.0,410.6,406.96619649419233,3.6338035058077054,68.39003051644359,752.2903356808795,18.169017529038527,770.459353209918,0.9911500158163475
42.0,28.0,479.39,342.4652515792202,136.9247484207798,6.723821917449953,73.96204109194949,684.6237421038991,758.5857831958485,0.7143771283907053
7.0,45.0,167.19,167.19,0.0,148.1700891564438,740.8504457822189,0.0,740.8504457822189,1.0
16.0,59.0,79.80000000000001,79.80000000000001,0.0,89.6086154480054,716.8689235840432,0.0,716.8689235840432,1.0
44.0,42.0,423.21000000000004,402.24469280900735,20.96530719099264,55.373670048089906,609.1103705289889,104.82653595496319,713.9369064839522,0.9504612197467152
39.0,19.0,6.72,6.72,0.0,176.27941954715337,705.1176781886135,0.0,705.1176781886135,1.0
44.0,59.0,51.58,51.58,0.0,140.76789763857727,703.8394881928863,0.0,703.8394881928863,1.0
20.0,96.0,74.87,74.87,0.0,115.16808293238171,691.0084975942902,0.0,691.0084975942902,1.0
38.0,23.0,459.65,373.101352794213,86.54864720578698,23.247725915178663,255.7249850669653,432.7432360289349,688.4682210959002,0.8117075009120266
44.0,49.0,45.0,45.0,0.0,98.30148442472476,688.1103909730733,0.0,688.1103909730733,1.0
38.0,12.0,568.84,463.8827756459771,104.95722435402288,14.010492132162398,154.11541345378637,524.7861217701145,678.9015352239009,0.8154890226530783
41.0,54.0,337.22,321.0557174052088,16.16428259479125,65.45040709062292,589.0536638156062,80.82141297395624,669.8750767895625,0.9520660619334819
1.0,54.0,334.66,292.54453159049024,42.11546840950979,45.80799247000599,458.0799247000599,210.57734204754894,668.6572667476088,0.8741544600205887
42.0,32.0,210.0,192.9651149617335,17.034885038266516,52.07391791466193,572.8130970612813,85.17442519133257,657.9875222526139,0.9188814998177786
33.0,55.0,342.0,251.26444525376834,90.73555474623166,18.379903339784196,202.17893673762615,453.67777373115825,655.8567104687844,0.7346913603911355
30.0,9.0,366.13,314.4853655054249,51.644634494575065,34.455072256779324,379.0057948245726,258.22317247287526,637.228967297448,0.8589445429367298
44.0,20.0,160.0,149.6716587906624,10.328341209337594,64.09988617349748,576.8989755614773,51.64170604668797,628.5406816081652,0.93544786744164
37.0,23.0,366.18,306.76261549740343,59.417384502596576,29.429417184849925,323.7235890333492,297.0869225129829,620.8105115463321,0.8377372207586526
37.0,49.0,161.92000000000002,144.16906505937902,17.750934940620976,52.42744473206288,524.2744473206288,88.75467470310488,613.0291220237336,0.8903721903370739
17.0,45.0,239.01,161.10421767475998,77.90578232524003,24.781596215814247,223.03436594232824,389.5289116262001,612.5632775685283,0.6740480217344881
30.0,22.0,214.8,99.00282386891472,115.79717613108528,0.0,0.0,578.9858806554264,578.9858806554264,0.4609070012519307
35.0,54.0,347.24,326.639116415754,20.600883584246006,51.73068265114157,465.57614386027416,103.00441792123003,568.5805617815042,0.9406724928457378
17.0,54.0,208.24,196.06360896112477,12.176391038875241,63.26180869541999,506.0944695633599,60.881955194376204,566.976424757736,0.9415271271663694
2.0,54.0,261.12,261.12,0.0,61.523039464856375,553.7073551837074,0.0,553.7073551837074,1.0
36.0,60.0,855.0,799.4241825481976,55.57581745180242,24.694796800495713,271.6427648054528,277.87908725901207,549.521852064465,0.9349990439160205
29.0,54.0,107.67999999999999,107.67999999999999,0.0,78.0088668972654,546.0620682808578,0.0,546.0620682808578,1.0
44.0,23.0,165.27,165.27,0.0,54.230180117805034,542.3018011780504,0.0,542.3018011780504,1.0
18.0,96.0,16.619999999999997,16.619999999999997,0.0,76.66054982529785,536.623848777085,0.0,536.623848777085,1.0
44.0,25.0,224.19,190.52204695842784,33.667953041572154,33.469947394200815,368.169421336209,168.33976520786078,536.5091865440697,0.8498240196191973
42.0,85.0,381.9,360.8276767561202,21.07232324387979,38.503785473399745,423.5416402073972,105.36161621939894,528.9032564267961,0.9448224057505111
13.0,54.0,300.5,265.07889174044385,35.42110825955614,33.990710626318396,339.90710626318395,177.10554129778072,517.0126475609646,0.882126095642076
13.0,45.0,215.04,170.92243981582223,44.11756018417776,34.11524982564165,272.9219986051332,220.5878009208888,493.509799526022,0.7948402149173281
25.0,54.0,86.6,86.6,0.0,98.42664607551731,492.13323037758653,0.0,492.13323037758653,1.0
37.0,52.0,204.01,204.01,0.0,44.70111847204236,491.712303192466,0.0,491.712303192466,1.0
44.0,31.0,65.4,65.4,0.0,93.04413662319632,465.2206831159816,0.0,465.2206831159816,1.0
33.0,12.0,301.51,277.9771443742417,23.532855625758337,31.1928009026975,343.1208099296725,117.6642781287917,460.78508805846417,0.921949999582905
44.0,6.0,191.32,191.32,0.0,57.13389688973715,457.0711751178972,0.0,457.0711751178972,1.0
37.0,27.0,198.9,121.63775239022699,77.262247609773,6.525106700991195,65.25106700991195,386.311238048865,451.562305058777,0.6115522995989291
30.0,20.0,463.44,420.9210492815017,42.518950718498274,21.7138801471885,238.8526816190735,212.59475359249137,451.4474352115649,0.9082536019366082
15.0,54.0,138.56,138.56,0.0,89.32351940544952,446.6175970272476,0.0,446.6175970272476,1.0
5.0,59.0,13.25,13.25,0.0,146.73840415935942,440.21521247807823,0.0,440.21521247807823,1.0
5.0,54.0,79.60000000000001,79.60000000000001,0.0,109.92552945830126,439.702117833205,0.0,439.702117833205,1.0
36.0,49.0,10.0,10.0,0.0,214.8179108619731,429.6358217239462,0.0,429.6358217239462,1.0
38.0,29.0,70.98,70.98,0.0,105.86158909221686,423.44635636886744,0.0,423.44635636886744,1.0
38.0,22.0,181.72,102.80312986973235,78.91687013026764,7.043276836448376,28.173107345793504,394.5843506513382,422.7574579971317,0.5657227045439817
42.0,52.0,252.16,252.16,0.0,38.4245212169851,422.66973338683607,0.0,422.66973338683607,1.0
37.0,6.0,70.10000000000001,70.10000000000001,0.0,60.37515699864536,422.6260989905175,0.0,422.6260989905175,1.0
44.0,32.0,299.66,299.66,0.0,41.28987648001162,412.8987648001162,0.0,412.8987648001162,1.0
18.0,54.0,220.52,220.52,0.0,58.89616799990275,412.2731759993193,0.0,412.2731759993193,1.0
41.0,45.0,247.85999999999999,247.85999999999999,0.0,51.29156289457447,410.33250315659575,0.0,410.33250315659575,1.0
36.0,20.0,304.5,238.3554357439083,66.14456425609173,7.089156647556812,77.98072312312493,330.7228212804586,408.7035444035836,0.7827764720653803
30.0,59.0,201.41,188.35307329073476,13.056926709265241,30.371657670959323,334.08823438055254,65.2846335463262,399.3728679268787,0.9351724010264374
42.0,23.0,278.66,273.98133191046,4.6786680895399755,33.83867064272883,372.2253770700171,23.393340447699877,395.61871751771696,0.9832101195380033
33.0,20.0,391.96999999999997,377.28746864832675,14.682531351673273,29.146179748780046,320.6079772365805,73.41265675836637,394.0206339949468,0.962541696171459
9.0,59.0,42.28,42.28,0.0,56.2373986439273,393.6617905074911,0.0,393.6617905074911,1.0
24.0,54.0,152.76,113.10508919370103,39.654910806298965,18.827324392235006,188.27324392235008,198.27455403149483,386.5477979538449,0.7404103770208238
33.0,22.0,161.0,160.50671672412014,0.4932832758798682,41.92906933906093,377.36162405154835,2.466416379399341,379.8280404309477,0.9969361287212432
30.0,99.0,0.06,0.06,0.0,125.0621371723024,375.1864115169072,0.0,375.1864115169072,1.0
38.0,52.0,189.43,189.43,0.0,33.527160445838724,368.798764904226,0.0,368.798764904226,1.0
44.0,27.0,139.26,69.4396152486825,69.8203847513175,1.7972057658214535,16.174851892393082,349.10192375658755,365.2767756489806,0.49863288272786516
33.0,32.0,83.0,83.0,0.0,39.36367563479965,354.2730807131968,0.0,354.2730807131968,1.0
19.0,39.0,137.07999999999998,137.07999999999998,0.0,38.18339569768452,343.6505612791606,0.0,343.6505612791606,1.0
43.0,52.0,175.85999999999999,126.71561875583227,49.14438124416773,8.785214637680195,96.63736101448214,245.72190622083866,342.35926723532083,0.720548269963791
14.0,54.0,150.56,102.9960081427204,47.56399185727961,16.813251506244853,100.87950903746912,237.81995928639805,338.69946832386717,0.6840861327226382
43.0,49.0,67.82,67.82,0.0,55.94531241438299,335.67187448629795,0.0,335.67187448629795,1.0
30.0,41.0,7.5,7.5,0.0,110.0567895444263,330.1703686332789,0.0,330.1703686332789,1.0
7.0,59.0,35.35,35.35,0.0,47.00385574749519,329.0269902324663,0.0,329.0269902324663,1.0
38.0,49.0,73.46,73.46,0.0,40.384081208596584,323.07264966877267,0.0,323.07264966877267,1.0
9.0,54.0,160.36,116.93644019795998,43.423559802040025,20.419734102923993,102.09867051461997,217.11779901020012,319.2164695248201,0.7292120241828385
33.0,31.0,158.54,119.7405675608618,38.79943243913819,20.709010911799684,124.25406547079811,193.99716219569095,318.25122766648906,0.7552703895601225
30.0,6.0,122.80000000000001,60.59927016098967,62.200729839010336,0.9012271925309271,7.209817540247417,311.00364919505165,318.2134667352991,0.4934793987051275
21.0,54.0,183.32,183.32,0.0,40.21684119899665,281.51788839297654,0.0,281.51788839297654,1.0
43.0,6.0,156.68,146.14971358447423,10.530286415525792,24.28812947552061,218.59316527968548,52.65143207762896,271.24459735731443,0.9327911257625365
38.0,55.0,36.8,36.8,0.0,134.8995414067889,269.7990828135778,0.0,269.7990828135778,1.0
5.0,19.0,82.2,31.224711779717087,50.97528822028292,0.0,0.0,254.87644110141463,254.87644110141463,0.379862673719186
42.0,20.0,131.4,131.4,0.0,49.27670126937988,246.3835063468994,0.0,246.3835063468994,1.0
32.0,45.0,119.42999999999999,82.02348711787283,37.40651288212717,8.105889139100062,56.74122397370044,187.0325644106358,243.77378838433626,0.6867913180764702
40.0,47.0,30.92,30.92,0.0,121.8079479496936,243.6158958993872,0.0,243.6158958993872,1.0
4.0,45.0,52.35,52.35,0.0,47.76903454668313,238.84517273341564,0.0,238.84517273341564,1.0
1.0,45.0,115.17,92.47547642481169,22.69452357518832,24.114385243749712,120.57192621874856,113.47261787594161,234.04454409469017,0.8029476115725596
38.0,27.0,152.48,134.24041928868158,18.239580711318435,13.843352307774135,138.43352307774134,91.19790355659217,229.6314266343335,0.8803805042542077
34.0,54.0,81.64,51.18258664339376,30.457413356606246,18.96129332169688,75.84517328678751,152.2870667830312,228.13224006981875,0.6269302626579344
10.0,47.0,55.0,18.367198724770052,36.63280127522995,12.2447991498467,36.734397449540104,183.16400637614976,219.89840382568985,0.33394906772309185
44.0,24.0,91.64,49.462595873180376,42.177404126819624,0.8915308602436116,7.132246881948893,210.88702063409812,218.019267516047,0.5397489728631643
6.0,47.0,447.0,407.95818607303147,39.04181392696853,9.479093036515735,18.95818607303147,195.20906963484265,214.16725570787412,0.9126581343915693
22.0,96.0,23.15,23.15,0.0,42.74567131048191,213.72835655240954,0.0,213.72835655240954,1.0
43.0,22.0,75.41,33.08809690614053,42.321903093859476,0.0,0.0,211.60951546929738,211.60951546929738,0.43877598337276924
42.0,44.0,9.98,9.98,0.0,34.09959501316916,204.59757007901493,0.0,204.59757007901493,1.0
16.0,45.0,88.08,47.863867383976896,40.2161326160231,0.0,0.0,201.0806630801155,201.0806630801155,0.5434135715710365
45.0,45.0,22.41,22.41,0.0,100.53367802665863,201.06735605331727,0.0,201.06735605331727,1.0
30.0,52.0,124.41,109.60290401969213,14.807095980307874,11.100441384093001,122.10485522502302,74.03547990153938,196.14033512656238,0.8809814646707832
14.0,51.0,50.5,50.5,0.0,26.083559813929906,182.58491869750935,0.0,182.58491869750935,1.0
27.0,47.0,0.0,0.0,0.0,88.88659385170267,177.77318770340534,0.0,177.77318770340534,
37.0,44.0,4.85,4.85,0.0,58.6262076860086,175.8786230580258,0.0,175.8786230580258,1.0
33.0,99.0,0.05,0.05,0.0,86.48453408937957,172.96906817875913,0.0,172.96906817875913,1.0
28.0,54.0,213.56,194.45290739979094,19.107092600209068,6.715377419043001,53.72301935234401,95.53546300104534,149.25848235338935,0.9105305647115141
44.0,33.0,97.05,97.05,0.0,21.006288899813516,147.0440222986946,0.0,147.0440222986946,1.0
38.0,44.0,59.580000000000005,38.30117603313726,21.278823966862745,4.077915654129203,36.70124088716283,106.39411983431373,143.09536072147654,0.6428529042151269
23.0,45.0,31.410000000000004,31.410000000000004,0.0,42.2432525412557,126.7297576237671,0.0,126.7297576237671,1.0
36.0,25.0,50.9,29.606149500783093,21.29385049921691,3.3307663338553937,19.984598003132362,106.46925249608455,126.45385049921691,0.581653231842497
44.0,44.0,56.81,56.81,0.0,61.15133119253317,122.30266238506634,0.0,122.30266238506634,1.0
45.0,54.0,38.8,21.85790685207042,16.94209314792958,7.793430139052817,31.17372055621127,84.7104657396479,115.88418629585917,0.5633481147440831
36.0,32.0,30.5,30.5,0.0,19.037210280544695,114.22326168326818,0.0,114.22326168326818,1.0
2.0,45.0,43.35,23.22920621704276,20.120793782957243,1.4111507771303449,5.6446031085213795,100.60396891478622,106.2485720233076,0.5358525078902597
20.0,47.0,38.0,30.012549594346694,7.9874504056533056,20.00836639623113,60.02509918869339,39.93725202826653,99.96235121695992,0.789803936693334
42.0,24.0,43.82,26.48068902935775,17.33931097064225,3.292844514678876,13.171378058715504,86.69655485321124,99.86793291192674,0.6043060024956127
37.0,20.0,80.0,80.0,0.0,48.702145203755606,97.40429040751121,0.0,97.40429040751121,1.0
30.0,23.0,42.400000000000006,24.586177365693484,17.81382263430652,2.5420591218978275,7.626177365693483,89.06911317153259,96.69529053722609,0.5798626737191859
11.0,47.0,143.0,129.4391825418095,13.560817458190499,8.959455027873,26.878365083619002,67.8040872909525,94.6824523745715,0.9051691086839824
33.0,52.0,26.0,7.093878223241127,18.906121776758873,0.0,0.0,94.53060888379437,94.53060888379437,0.27284147012465876
33.0,25.0,6.96,6.96,0.0,30.65087558242173,91.95262674726519,0.0,91.95262674726519,1.0
18.0,47.0,272.0,272.0,0.0,39.653700795365694,79.30740159073139,0.0,79.30740159073139,1.0
33.0,23.0,26.0,26.0,0.0,12.72180125023595,76.3308075014157,0.0,76.3308075014157,1.0
26.0,47.0,113.92,106.52555251463725,7.394447485362747,14.262776257318627,28.525552514637255,36.972237426813734,65.49778994145099,0.9350908753040489
43.0,85.0,3.8,3.8,0.0,31.327871860480137,62.655743720960274,0.0,62.655743720960274,1.0
43.0,32.0,15.76,3.2897072539029444,12.470292746097055,0.0,0.0,62.35146373048528,62.35146373048528,0.20873776991769952
33.0,49.0,15.0,3.2897072539029444,11.710292746097055,0.0,0.0,58.551463730485274,58.551463730485274,0.21931381692686297
38.0,33.0,12.0,1.6448536269514722,10.355146373048527,0.0,0.0,51.77573186524263,51.77573186524263,0.13707113557928935
38.0,26.0,25.97,25.97,0.0,11.337210701597611,45.348842806390444,0.0,45.348842806390444,1.0
35.0,96.0,13.700000000000001,6.475932855255094,7.224067144744907,1.8919776184183643,5.675932855255093,36.12033572372454,41.79626857897963,0.47269582885073674
33.0,44.0,18.47,11.239278217645408,7.230721782354593,1.3846391088227037,2.7692782176454074,36.15360891177296,38.92288712941837,0.6085153339277427
16.0,49.0,43.43,41.817321707251956,1.6126782927480434,13.483660853625977,26.967321707251955,8.063391463740217,35.03071317099217,0.9628671818386358
14.0,96.0,4.98,1.6448536269514722,3.335146373048528,0.0,0.0,16.67573186524264,16.67573186524264,0.330291892962143
29.0,49.0,4.96,4.96,0.0,4.388545056032328,8.777090112064656,0.0,8.777090112064656,1.0
36.0,44.0,6.05,5.403157928361386,0.6468420716386136,0.2810526427871289,0.8431579283613866,3.234210358193068,4.077368286554455,0.8930839551010556
36.0,72.0,0.0,0.0,0.0,1.6448536269514722,3.2897072539029444,0.0,3.2897072539029444,
