Store,Dept,Total_Actual_Sales,Historical_Mean_WMAE,Naive_WMAE,Seasonal_Naive_WMAE,Best_Model
1,1,238799.72,4007.3821469465647,2983.552499999999,1236.13125,Seasonal Naive
1,2,546392.19,1917.0768845419852,3634.853124999998,1991.0881250000002,Historical Mean
1,3,253787.58000000002,9236.965143129768,14293.461249999998,5803.0125,Seasonal Naive
1,4,443275.26999999996,1951.0502242366406,3713.3681250000004,2424.545624999999,Historical Mean
1,5,253389.55,4589.538888358778,3052.4331250000014,3148.4506249999995,Naive Forecast
1,6,36478.08,2040.2052671755732,770.75,1868.0224999999998,Naive Forecast
1,7,226795.75,6675.498029580154,2154.3243749999992,4243.061874999999,Naive Forecast
1,8,452595.13,2628.508000954199,2465.705624999998,4020.181875,Naive Forecast
1,9,416506.29000000004,10832.679012404578,13438.060624999998,5059.565,Seasonal Naive
1,10,350252.5900000001,1990.530939885498,3320.4868749999996,1634.56375,Seasonal Naive
1,11,246655.3,4068.383272900763,6509.28625,1990.1493750000002,Seasonal Naive
1,12,125389.98,1060.557108778626,1130.9562500000002,1460.7756250000002,Historical Mean
1,13,485360.85,2987.088229961837,3280.0993749999952,3160.8881250000027,Historical Mean
1,14,147364.34,2904.23691793893,1084.86,960.4187499999996,Seasonal Naive
1,16,181473.44,8517.503854961835,8957.915000000003,2646.7268749999994,Seasonal Naive
1,17,97151.74999999999,1075.5956154580153,739.4493750000003,414.11625000000015,Seasonal Naive
1,18,52869.28999999999,6214.731843137255,3523.034666666667,1393.4103529411764,Seasonal Naive
1,19,14153.460000000001,163.49089694656482,313.88625,260.31499999999994,Historical Mean
1,20,44825.23999999999,491.97,821.2774999999997,460.1581249999999,Seasonal Naive
1,21,88647.16,563.3565744274806,1237.7212499999991,632.4962499999999,Historical Mean
1,22,86075.44,965.6353053435112,846.02,1514.7987500000004,Naive Forecast
1,23,233556.64,3539.259484732826,4098.2725,1531.9256249999992,Seasonal Naive
1,24,98786.49,2537.1103959923666,3018.834375,2010.3468749999993,Seasonal Naive
1,25,111191.92000000001,1722.8719561068701,1642.4987500000002,1103.6974999999998,Seasonal Naive
1,26,79968.82,1634.7299904580152,1255.9912499999998,1408.6581250000002,Naive Forecast
1,27,16318.53,297.3172280534351,268.525625,232.635,Seasonal Naive
1,28,5519.719999999999,194.87735687022902,137.65499999999997,80.65125,Seasonal Naive
1,29,45977.06999999999,1035.5328196564885,487.36312499999985,243.48499999999996,Seasonal Naive
1,30,32389.859999999997,814.8424427480917,602.7362499999999,268.47,Seasonal Naive
1,31,34518.62,1502.8844370229008,2456.1887500000003,837.0662499999999,Seasonal Naive
1,32,69073.26999999999,2395.364117366412,831.5231249999996,1110.3012500000002,Naive Forecast
1,33,88955.0,2071.2558301526724,2959.8725000000004,1626.55625,Seasonal Naive
1,34,119350.36,1816.3521183206112,1789.222499999999,1137.4212500000003,Seasonal Naive
1,35,20522.64,934.0427290076335,472.8300000000001,572.098125,Naive Forecast
1,36,7932.42,940.0673091603053,773.9262500000001,269.11125000000004,Seasonal Naive
1,37,31383.54,222.45249999999996,602.50375,178.01187500000015,Seasonal Naive
1,38,906881.3599999999,7169.798005725194,10995.815000000002,7273.687499999997,Historical Mean
1,40,699466.02,2299.4404961832056,2204.79625,3147.8262500000014,Naive Forecast
1,41,14431.400000000001,435.9712786259543,931.0950000000001,499.039375,Historical Mean
1,42,90174.04000000001,455.5266125954197,438.0099999999999,834.7874999999997,Naive Forecast
1,44,69510.87,910.1242414122137,929.2593750000003,516.3943750000001,Seasonal Naive
1,45,115.17,12.902794612794612,31.423333333333332,4.615319865319865,Seasonal Naive
1,46,211743.4,1827.4604389312967,2234.4725000000008,1286.2918750000001,Seasonal Naive
1,47,292.0,113.30000000000001,121.0,129.65,Historical Mean
1,48,16991.0,777.9099824561403,993.8,872.0666666666667,Historical Mean
1,49,129713.94000000002,1247.09625,1288.1087499999999,1839.0918750000005,Historical Mean
1,52,23135.909999999996,490.0823330152673,320.58187499999985,412.24937500000004,Naive Forecast
1,54,384.46,67.47379234972678,22.03066666666667,40.70948633879781,Naive Forecast
1,55,112077.31999999998,4096.452385496183,1384.55125,1633.1124999999995,Naive Forecast
1,56,17251.309999999998,2865.340605916031,394.72437499999995,342.780625,Seasonal Naive
1,58,46575.0,1712.4865935114508,1448.4375,2225.18375,Naive Forecast
1,59,2131.32,755.0353053435115,75.385,78.903125,Naive Forecast
1,60,11178.0,143.67347328244273,204.75,89.07499999999999,Seasonal Naive
1,67,72754.62,1679.3342080152672,572.12875,533.0975,Seasonal Naive
1,71,26056.170000000006,752.2237738549618,812.7381249999999,796.9350000000001,Historical Mean
1,72,521006.92000000004,8047.60163167939,3699.4749999999995,7676.091250000001,Naive Forecast
1,74,124565.0,1270.4663263358789,1711.6549999999995,855.2300000000002,Seasonal Naive
1,79,405154.57999999996,6859.448750000001,9541.705,5404.86375,Seasonal Naive
1,80,233404.68999999997,3089.857647900766,1187.0718749999996,1490.6543750000003,Naive Forecast
1,81,365676.77999999997,1628.2257442748091,1265.1212499999997,1752.221875,Naive Forecast
1,82,237423.75,983.2579437022898,910.9718750000009,1533.9581249999997,Naive Forecast
1,83,72107.12,942.268291984733,939.59125,686.4675000000002,Seasonal Naive
1,85,34340.08,839.3368416030537,786.0975000000003,422.841875,Seasonal Naive
1,87,616375.9099999999,7297.380453244272,9835.849375000002,4897.423749999998,Seasonal Naive
1,90,1063698.62,8837.562156488537,4847.873750000002,3214.4749999999995,Seasonal Naive
1,91,786716.3999999999,6816.639227099235,5830.994999999997,2336.9106249999954,Seasonal Naive
1,92,1725857.65,16420.193697519084,13303.303124999995,11105.388750000002,Seasonal Naive
1,93,921369.2600000001,11321.599608778622,10297.282500000001,5350.326875000001,Seasonal Naive
1,94,762690.97,3794.206541030533,3901.6343749999996,3180.799375000002,Seasonal Naive
1,95,1513198.27,10763.664375000002,9234.770624999997,4991.885625000003,Seasonal Naive
1,96,424789.65,3547.1305568181833,2859.971875,4857.441875,Naive Forecast
1,97,449059.05000000005,4615.720758587786,3878.5368750000007,1914.6125000000013,Seasonal Naive
1,98,141875.66,729.8888931297714,1052.57625,447.87937500000066,Seasonal Naive
1,99,735.2900000000001,348.8551436781609,71.21916666666667,176.24836206896552,Naive Forecast
2,1,343778.54,5502.396326335876,4953.2112499999985,2594.3150000000005,Seasonal Naive
2,2,788964.0599999998,2185.395849236645,3986.4824999999996,3754.536875000001,Historical Mean
2,3,325734.55,13531.437294847328,18999.555625,6879.144374999999,Seasonal Naive
2,4,544095.43,1510.2689265267181,3113.3618750000023,2274.043749999999,Historical Mean
2,5,309578.52,6964.293101145038,5838.595000000002,3167.1893750000017,Seasonal Naive
2,6,59009.670000000006,2261.113773854962,718.3643749999999,899.3181250000002,Naive Forecast
2,7,391890.06,10059.659188931295,4674.361249999999,6313.893749999999,Naive Forecast
2,8,715380.88,1996.192127862596,3224.186249999997,6299.725,Historical Mean
2,9,444351.51999999996,5364.432604961835,9250.43,3640.868124999999,Seasonal Naive
2,10,440267.48,2011.5625381679365,6944.9475,2596.7387499999977,Historical Mean
2,11,234178.85000000003,3514.7690696564896,13794.581874999994,2705.256249999999,Seasonal Naive
2,12,93973.97,333.1096421755725,404.0056249999999,849.8318749999999,Historical Mean
2,13,555567.47,958.837867366411,1814.3593750000027,1964.1781249999995,Historical Mean
2,14,213782.95999999996,3389.031603053434,2323.78,1324.2462500000006,Seasonal Naive
2,16,170611.28,12104.97288167939,14685.152500000004,2417.221875,Seasonal Naive
2,17,159330.93,612.4770562977096,751.2481249999996,758.025,Historical Mean
2,18,99674.41999999998,9190.60295792079,6495.75375,3070.7748019801975,Seasonal Naive
2,19,44471.56,619.057423664122,365.2125,264.02875000000006,Seasonal Naive
2,20,58357.49000000001,986.242008587786,1944.4493750000001,679.8518750000002,Seasonal Naive
2,21,100880.17,1403.5639551526717,787.7193749999999,840.8837499999995,Naive Forecast
2,22,150103.92,1177.6462213740456,1101.97,2088.495625,Naive Forecast
2,23,306448.9,6213.366020992366,6021.452499999999,2828.211875,Seasonal Naive
2,24,117801.55999999998,3591.0578053435115,4109.121249999999,2601.78375,Seasonal Naive
2,25,163475.28999999998,2592.4613120229,1519.9456249999998,1808.606875,Naive Forecast
2,26,101068.21,2006.564508587786,1710.8581250000004,1402.7081250000003,Seasonal Naive
2,27,21055.699999999997,395.0045419847328,484.04375000000005,266.205,Seasonal Naive
2,28,6760.360000000001,326.20276717557243,152.05375000000004,62.503125,Seasonal Naive
2,29,72158.19,1256.1884303435113,1009.5756249999997,741.199375,Seasonal Naive
2,30,50318.619999999995,867.9608683206105,706.50625,442.41937499999995,Seasonal Naive
2,31,56617.770000000004,1776.456579198473,2547.9381249999997,1097.245625,Seasonal Naive
2,32,105136.65,3143.036493320609,1001.6318749999998,1755.199375,Naive Forecast
2,33,88692.36,2910.570734732824,3841.72125,1809.1225,Seasonal Naive
2,34,190184.57,2484.852313931296,2340.3893749999993,2439.5737499999996,Naive Forecast
2,35,31216.41,1591.0105200381681,514.541875,1189.74125,Naive Forecast
2,36,12425.279999999999,1795.3424809160304,1108.3649999999998,431.22062500000004,Seasonal Naive
2,37,53192.280000000006,349.3497137404578,384.7812500000001,440.7975,Historical Mean
2,38,824797.9400000001,16970.1808110687,3424.317500000004,9407.979999999998,Naive Forecast
2,40,942214.84,2290.107767175573,2140.8475000000026,6788.863749999999,Naive Forecast
2,41,32867.729999999996,505.84942270992366,1138.625625,1214.0281249999998,Historical Mean
2,42,104009.21999999997,480.5527003816785,1061.5949999999993,856.1437500000002,Historical Mean
2,44,106461.48000000001,1476.6311259541985,2109.2350000000006,876.19875,Seasonal Naive
2,45,53.82,21.83255737704918,3.8940000000000006,21.83255737704918,Naive Forecast
2,46,326747.75,2840.4053769083985,4459.708125000001,1762.8343750000001,Seasonal Naive
2,48,26553.0,1152.2871062992124,1463.6875,1217.125,Historical Mean
2,49,190944.55000000002,2102.197208969466,2723.020625000001,2519.7699999999995,Historical Mean
2,52,45093.030000000006,330.0307872137405,1054.7643749999997,784.7349999999999,Historical Mean
2,54,261.12,81.66328083989502,10.822222222222223,26.511111111111106,Naive Forecast
2,55,104917.73,5102.81401240458,1251.9143750000003,1230.3162499999994,Seasonal Naive
2,56,21501.510000000002,4142.146903625954,957.0406250000001,531.6993749999999,Seasonal Naive
2,58,276075.0,4208.892471374045,4343.4375,5888.814375,Historical Mean
2,59,4289.4,1085.3570801526716,113.24125,98.17875000000002,Seasonal Naive
2,60,3744.0,86.41818181818185,83.25,79.69999999999999,Seasonal Naive
2,67,115827.22999999998,2947.9393272900775,662.8406249999999,481.00624999999997,Seasonal Naive
2,71,54806.50000000001,623.8258110687024,617.3225,811.5700000000002,Naive Forecast
2,72,791010.9299999999,9256.095510496183,5770.680625000001,16038.828749999999,Naive Forecast
2,74,190861.3,1502.8971374045782,4008.0762499999983,747.2000000000002,Seasonal Naive
2,79,376123.06,5000.390238549618,6542.702499999999,4400.284375000001,Seasonal Naive
2,80,308680.71,839.3418750000003,1241.3981249999986,929.3056250000009,Historical Mean
2,81,364743.93,1114.8131250000001,1118.995625,2074.9125000000004,Historical Mean
2,82,299447.25,1000.7534494274817,2547.989375000001,4713.56875,Historical Mean
2,83,67851.85999999999,536.0760305343513,601.3500000000001,647.68875,Historical Mean
2,85,33354.880000000005,864.6332251908397,325.2287499999999,566.49875,Naive Forecast
2,87,301975.39999999997,3472.9140362595426,5670.612499999998,4607.786875000001,Historical Mean
2,90,1210307.61,4957.224327290078,3230.4606250000015,4621.2762500000035,Naive Forecast
2,91,977674.31,3453.858296755723,3339.8756250000024,2409.574999999998,Seasonal Naive
2,92,2092852.58,13721.982070610686,9221.849999999997,16149.081250000001,Naive Forecast
2,93,923845.4600000001,9629.416555343516,6482.003749999999,9244.599375000003,Naive Forecast
2,94,867776.0499999999,3668.2178291984783,3464.4718749999993,6174.447499999999,Naive Forecast
2,95,1780549.91,8357.123659351146,9547.528125000008,8912.138124999996,Historical Mean
2,96,433588.26000000007,3022.1181202290063,2380.9874999999984,4469.5625,Naive Forecast
2,97,505440.42000000004,2848.338702290077,2306.7225,1895.8156249999993,Seasonal Naive
2,98,161071.12,1184.4384541984732,1689.7300000000005,678.5812500000002,Seasonal Naive
2,99,735.51,514.5263235294118,229.5675,216.50593137254904,Seasonal Naive
3,1,104389.74,1633.4778148854966,1600.5862500000003,2237.10375,Naive Forecast
3,2,228641.24000000002,2571.321736641219,1853.9275000000002,1932.44375,Naive Forecast
3,3,104277.51,3157.732619274809,5938.221875000001,1907.4599999999998,Seasonal Naive
3,4,111536.12,1070.1611450381672,1052.604999999999,1365.23125,Naive Forecast
3,5,164099.72,2399.920286259543,1766.05125,4385.318125,Naive Forecast
3,6,20849.57,579.3233062977101,1044.993125,662.0862500000002,Historical Mean
3,7,111066.06000000001,1609.6159064885503,1447.85375,1241.400625,Seasonal Naive
3,8,100689.93,229.34437499999996,252.14562500000017,753.6831249999998,Historical Mean
3,9,151548.84999999998,3956.3110353053435,3047.8356250000006,2370.668125,Seasonal Naive
3,10,157981.55,2546.3005009542,876.0981250000006,2022.774375,Naive Forecast
3,11,92359.99,1824.1244895038167,5460.633125,1957.08125,Historical Mean
3,12,31134.0,245.0031011450383,434.9337499999999,372.1487499999999,Historical Mean
3,13,147125.53,1128.0305963740461,1355.6143750000003,1658.4243749999998,Historical Mean
3,14,56634.42,347.92490458015266,463.2825,765.2731249999999,Historical Mean
3,16,60450.19,2853.814308206108,2175.2881249999996,621.7074999999999,Seasonal Naive
3,17,32320.010000000002,340.8922185114503,616.5756250000001,503.013125,Historical Mean
3,18,19898.12,2260.767148058252,1250.345,651.2788046116505,Seasonal Naive
3,19,6828.72,210.8890267175572,97.23624999999998,346.91812500000003,Naive Forecast
3,20,23546.93,242.35139790076335,237.99687500000007,523.8306249999999,Naive Forecast
3,21,16511.99,130.608125,206.66812499999997,173.40250000000003,Historical Mean
3,22,49467.38,975.21838740458,412.16875000000016,1178.28,Naive Forecast
3,23,161330.99000000002,2295.096722328245,2409.319375,2645.539375,Historical Mean
3,24,44217.729999999996,1041.8873902671755,1425.348125,1058.8474999999999,Historical Mean
3,25,54902.87,456.16178912213775,515.104375,439.6512500000002,Seasonal Naive
3,26,30808.279999999995,723.919494274809,533.0074999999999,700.1556249999999,Naive Forecast
3,27,5571.719999999999,90.91292938931298,82.31875000000001,127.74375,Naive Forecast
3,28,1355.97,64.43933683206109,24.774375000000003,58.13000000000001,Naive Forecast
3,29,15802.740000000002,224.0989122137405,221.12750000000003,253.29500000000007,Naive Forecast
3,30,16643.06,253.96168893129772,269.22625000000005,326.90625,Historical Mean
3,31,14305.4,330.6468702290076,465.94,242.37125000000006,Seasonal Naive
3,32,45026.2,939.8977958015266,1331.02,1056.2550000000003,Historical Mean
3,33,47217.22,802.3458683206104,995.6225,1326.3912500000001,Historical Mean
3,34,47679.96000000001,731.0104770992368,331.75,642.803125,Naive Forecast
3,35,8630.32,864.0343320610687,243.20625,698.8162500000001,Naive Forecast
3,36,2597.34,488.3388454198473,153.18875,218.72875000000005,Naive Forecast
3,38,1050926.44,21717.274141221384,5775.0125,14373.09,Naive Forecast
3,40,235602.43000000002,1481.739747137406,711.8631249999994,1759.6156249999997,Naive Forecast
3,41,6328.679999999999,151.54958969465648,233.8025,200.096875,Historical Mean
3,42,60888.2,1079.4073759541984,672.06,1478.0668749999995,Naive Forecast
3,44,30878.17,435.4970181297708,321.6631250000001,300.54625,Seasonal Naive
3,46,70035.06999999999,487.90789599236695,666.8856250000003,299.1600000000002,Seasonal Naive
3,49,148.5,9.104285714285712,6.311249999999999,9.104285714285712,Naive Forecast
3,52,13205.41,140.63550095419845,108.799375,149.80874999999997,Naive Forecast
3,54,327.96,36.94122222222222,16.978666666666665,29.454222222222217,Naive Forecast
3,55,86465.68000000001,743.18125,743.1812499999999,1089.6012500000002,Naive Forecast
3,56,7548.97,1145.576130725191,234.675625,298.489375,Naive Forecast
3,59,67.44,257.0727192982456,5.490769230769231,68.29328609986504,Naive Forecast
3,60,1602.0,24.987595419847324,77.625,32.525000000000006,Historical Mean
3,67,20362.26,569.635963740458,330.45375,271.259375,Seasonal Naive
3,71,15994.83,396.3275620229009,235.198125,372.125625,Naive Forecast
3,72,329454.51,5909.896054389315,2814.8568749999995,6013.180000000001,Naive Forecast
3,74,43464.840000000004,340.6212977099236,716.845,528.64875,Historical Mean
3,79,87138.5,408.4393129770992,670.1487500000001,735.8431250000001,Historical Mean
3,80,0.97,24.623,11.03,6.53,Seasonal Naive
3,81,23377.13,582.9661784351146,106.92437500000005,361.03750000000014,Naive Forecast
3,82,95824.45000000001,1607.4544036259542,982.7031250000001,1968.1875000000002,Naive Forecast
3,85,6017.87,459.54954675572526,325.225625,341.88187500000004,Naive Forecast
3,87,16648.989999999998,586.6127910305344,523.6131250000001,822.2175,Naive Forecast
3,90,21003.92,225.87540076335887,178.24750000000012,84.83687500000002,Seasonal Naive
3,91,5367.88,144.0905152671755,201.54749999999999,81.50999999999999,Seasonal Naive
3,92,112926.94,1792.9911736641218,635.6025000000003,1570.8331249999997,Naive Forecast
3,94,625.64,676.6089361702127,103.97454545454546,366.76497098646036,Naive Forecast
3,95,225139.40000000002,3810.2371564885507,2605.957499999998,2404.695,Seasonal Naive
3,96,51168.75000000001,350.87253339694644,338.5681249999999,941.558125,Naive Forecast
3,97,6385.4,179.843828125,71.50125,103.24624999999999,Naive Forecast
4,1,453454.2299999999,5873.765081106871,8187.674374999999,2101.2093750000013,Seasonal Naive
4,2,1180837.39,5946.017247137403,4354.085625000003,2990.5618749999985,Seasonal Naive
4,3,366038.07999999996,13846.33748091603,34818.6675,2805.85,Seasonal Naive
4,4,707701.4,3452.543043893129,2199.8575,2160.446874999999,Seasonal Naive
4,5,471151.97,8411.791149809162,10301.898124999998,4353.420000000002,Seasonal Naive
4,6,73097.65999999999,2473.5235400763363,1866.5637500000003,993.1193750000001,Seasonal Naive
4,7,537836.85,6991.90452767175,5372.538125,5737.34125,Naive Forecast
4,8,723144.6200000001,3337.7899045801505,4938.521249999995,1847.8443749999988,Seasonal Naive
4,9,463427.67,8740.433630725187,7772.860624999999,4422.811875000001,Seasonal Naive
4,10,462528.43000000005,1696.656016221375,3958.0156250000014,2148.3112499999993,Historical Mean
4,11,264302.14,5638.259007633586,10319.228749999997,3166.755625,Seasonal Naive
4,12,91178.11,532.4504723282441,1234.9531250000007,1027.6399999999999,Historical Mean
4,13,914109.9099999999,7884.3581917938955,3727.605625000004,4903.331874999999,Naive Forecast
4,14,326191.82999999996,1725.7522280534338,1270.8006249999992,1691.8349999999996,Naive Forecast
4,16,132702.76,9892.275801526717,11212.22,1952.4143749999998,Seasonal Naive
4,17,187102.13999999998,312.0988263358771,1162.3337499999984,1183.2462499999997,Historical Mean
4,18,130397.84,11989.330189732143,8349.95,2513.542354910715,Seasonal Naive
4,19,29463.249999999996,602.6501860687023,430.16437499999995,599.055625,Naive Forecast
4,20,110849.64000000001,1081.965477099237,1397.11625,577.375625,Seasonal Naive
4,21,94063.29999999999,918.0600286259553,927.1924999999997,946.2349999999997,Historical Mean
4,22,228161.94,2674.930181297712,1560.1312500000001,2573.23875,Naive Forecast
4,23,549798.77,6047.1027910305365,8516.003125000001,4648.483750000003,Seasonal Naive
4,24,145214.28,3345.277261450382,8642.58625,1521.2068749999999,Seasonal Naive
4,25,181487.37999999998,1256.363129770992,1810.1087499999994,1472.4531250000005,Historical Mean
4,26,243990.47999999998,3341.955,5391.7325,2369.7912499999993,Seasonal Naive
4,27,31384.130000000005,411.0843463740458,389.793125,388.55375000000004,Seasonal Naive
4,28,8659.64,316.19181297709923,142.56875000000002,203.99937500000001,Naive Forecast
4,29,116881.35,754.1412166030537,2343.469375,701.0356249999998,Seasonal Naive
4,30,75909.91999999998,2031.1231870229012,2560.150000000001,1752.5537500000003,Seasonal Naive
4,31,59938.64,1938.530715648855,4436.99125,823.674375,Seasonal Naive
4,32,125074.15999999999,3376.3454770992357,1132.9450000000002,1374.8600000000004,Naive Forecast
4,33,164234.48,3495.8826335877866,8024.507500000001,1012.6606250000002,Seasonal Naive
4,34,319514.66000000003,2674.5725,5194.268749999998,2584.899375,Seasonal Naive
4,35,44796.439999999995,819.7361068702289,923.2587499999997,427.39312499999994,Seasonal Naive
4,36,25590.340000000004,1569.7848377862597,1137.5012499999998,944.78375,Seasonal Naive
4,37,34812.759999999995,1286.4754007633587,1017.7700000000002,933.165,Seasonal Naive
4,38,900072.5599999999,7434.253654580157,6115.546250000004,9583.560625000002,Naive Forecast
4,40,979090.01,4385.769804389317,2653.7081249999983,4465.485624999997,Naive Forecast
4,41,30213.019999999997,1827.1186354961833,1750.5937500000002,925.5812500000002,Seasonal Naive
4,42,120263.1,908.2873473282441,1592.8237500000005,832.0106250000001,Seasonal Naive
4,44,70864.62999999999,720.7938597328244,1473.6543749999998,599.5318750000001,Seasonal Naive
4,45,52.35,3.5936363636363637,0.0,3.5936363636363637,Naive Forecast
4,46,430299.05000000005,3702.593334923662,4700.596875,1464.6381249999995,Seasonal Naive
4,48,46062.0,2286.506831395349,3507.125,2261.34,Seasonal Naive
4,49,84045.79000000001,1252.188029580153,1424.8531249999999,1101.7868750000002,Seasonal Naive
4,52,37420.33,708.0363788167938,333.04937500000005,1011.5050000000001,Naive Forecast
4,54,442.16,97.04203125000001,37.87499999999999,21.3025,Seasonal Naive
4,55,160624.87,5537.472418893128,1135.9506250000004,2893.7937499999994,Naive Forecast
4,56,11493.320000000002,5537.925057251909,151.24625000000003,964.1862500000001,Naive Forecast
4,58,40160.0,3427.103816793894,1222.5,3406.25,Naive Forecast
4,59,4991.21,1299.9514169847328,173.45187499999997,67.67875000000001,Seasonal Naive
4,60,4158.0,84.47414122137403,50.625,82.9,Naive Forecast
4,67,127147.92999999998,2071.3116459923667,1124.9431250000002,631.7349999999999,Seasonal Naive
4,71,87430.02,1275.7583015267178,1873.36875,1398.0724999999995,Historical Mean
4,72,1179577.02,12132.374341603054,8977.03125,16598.284375000007,Naive Forecast
4,74,238316.78,2100.8475,3990.8312499999984,2030.1831249999993,Seasonal Naive
4,79,657707.99,3179.303277671757,2286.918124999998,4169.028124999999,Naive Forecast
4,80,239134.48999999996,960.435806297711,1002.459375000001,2321.8893750000016,Historical Mean
4,81,400339.33,2807.4417700381678,830.6568750000008,1706.3537500000002,Naive Forecast
4,82,377124.77,2144.8018272900777,1529.006875,2771.723124999999,Naive Forecast
4,83,119135.33,1110.4110066793892,741.7568750000003,1770.7031249999998,Naive Forecast
4,85,26070.09,676.7182585877863,1341.9918749999997,563.2131249999999,Seasonal Naive
4,87,208293.49,3881.3073807251903,1367.228125,4174.0575,Naive Forecast
4,90,1144119.79,7156.174947519087,3142.9793750000035,2239.826874999996,Seasonal Naive
4,91,826013.28,4802.532013358785,3872.1812499999983,3207.847499999997,Seasonal Naive
4,92,2079076.33,16344.733497137402,9715.66562500001,10037.048125,Naive Forecast
4,93,922872.6999999998,11644.584513358777,8193.756249999997,6177.944374999999,Seasonal Naive
4,94,884907.4800000001,5936.780076335884,1543.0937500000027,4777.111249999996,Naive Forecast
4,95,1911835.7,15827.928702290075,7883.817500000005,5173.803750000006,Seasonal Naive
4,96,536050.7,7313.547566793892,1576.59125,3373.7775000000015,Naive Forecast
4,97,511783.17,4283.759021946564,1605.2018750000007,1516.9224999999997,Seasonal Naive
4,98,189104.12,1448.0111927480916,1926.2325000000003,1102.1212499999997,Seasonal Naive
4,99,1750.4099999999999,607.7282352941178,152.48583333333332,329.3961274509804,Naive Forecast
5,1,124355.58,805.9090935114505,947.8262500000003,1134.3293749999998,Historical Mean
5,2,149596.0,860.038291984732,794.7812499999998,442.02937499999996,Seasonal Naive
5,3,74881.14,2564.493664122137,2598.1437499999997,2125.515625,Seasonal Naive
5,4,121301.68,522.2688645038171,353.99375,463.9299999999995,Naive Forecast
5,5,64909.32000000001,1595.8652194656488,646.3250000000002,838.31125,Naive Forecast
5,6,7144.25,694.450729961832,117.111875,526.1199999999999,Naive Forecast
5,7,60224.09,1279.3543177480917,578.7893750000003,982.8187499999997,Naive Forecast
5,8,174023.78000000003,1070.338826335878,597.5924999999997,1563.0931250000003,Naive Forecast
5,9,128306.24,5667.491946564885,6304.48625,2815.4193749999995,Seasonal Naive
5,10,119128.59000000001,1425.1624093511452,1382.9418750000004,1304.4693750000001,Seasonal Naive
5,11,78036.9,800.0127767175575,2930.22625,966.9393750000002,Historical Mean
5,12,32693.19,259.8878578244278,498.87062500000013,328.9112500000001,Historical Mean
5,13,137577.2,698.2274618320619,607.7462500000001,971.0237500000001,Naive Forecast
5,14,36794.03,720.0077242366409,621.3593749999999,402.62625000000014,Seasonal Naive
5,16,63647.9,2168.702299618321,2932.3337500000007,1259.4543750000005,Seasonal Naive
5,17,30348.619999999995,332.99813931297706,338.17125,321.53499999999985,Seasonal Naive
5,18,11104.670000000002,1717.810247191011,750.0933333333334,447.55839700374526,Seasonal Naive
5,19,82.20000000000002,20.6112962962963,12.6,20.6112962962963,Naive Forecast
5,20,13247.97,325.991875,387.223125,411.221875,Historical Mean
5,21,13887.260000000002,151.44069656488546,145.19874999999996,161.79187500000006,Naive Forecast
5,22,29376.219999999998,259.49330152671746,983.4287499999999,571.0056249999999,Historical Mean
5,23,67934.26999999999,632.5818749999997,632.5818749999997,1077.52625,Historical Mean
5,24,19476.2,370.7695896946565,766.035,701.0199999999998,Historical Mean
5,25,33081.86,411.1979770992367,399.67125000000004,548.0312499999998,Naive Forecast
5,26,18350.160000000003,437.9436164122136,231.83624999999995,386.119375,Naive Forecast
5,27,4688.97,79.34595896946564,80.83437500000002,124.81562500000001,Historical Mean
5,28,1862.4999999999998,63.41958015267177,43.48875,31.119375,Seasonal Naive
5,29,11995.17,377.2623902671755,190.28437499999993,212.54562499999997,Naive Forecast
5,30,9721.279999999999,138.40299618320614,286.72999999999996,127.73625000000001,Seasonal Naive
5,31,10698.099999999999,240.86173664122134,314.29,285.37999999999994,Historical Mean
5,32,25561.34,503.8716221374047,246.6987499999999,481.70562500000005,Naive Forecast
5,33,21688.91,409.4076479007633,1040.645625,566.60625,Historical Mean
5,34,36884.38999999999,490.0887356870229,383.28437500000007,599.1212500000001,Naive Forecast
5,35,7300.839999999999,580.9206870229008,155.3925,255.18375000000003,Naive Forecast
5,36,3298.84,346.0210496183206,125.84124999999999,79.92,Seasonal Naive
5,38,692676.85,5554.974708969469,5805.868124999999,5445.355625,Seasonal Naive
5,40,242795.78999999998,1472.796665076334,2372.4556250000014,1549.150625000001,Historical Mean
5,41,15143.41,894.7344608778624,707.0131250000001,401.27312500000005,Seasonal Naive
5,42,33190.35,244.97099713740474,851.513125,526.655625,Historical Mean
5,44,17221.489999999998,269.514021946565,478.13437500000003,309.731875,Historical Mean
5,46,53214.01,390.3346803435119,256.1506250000002,304.73000000000025,Naive Forecast
5,49,326.61,21.803807407407405,11.192,25.186933333333332,Naive Forecast
5,52,4306.47,200.39573950381677,61.216875000000016,166.88812499999997,Naive Forecast
5,54,79.6,27.12489361702127,34.94,11.03622340425532,Seasonal Naive
5,55,33647.38,732.040200381679,702.6087500000001,349.2137499999999,Seasonal Naive
5,56,6922.4800000000005,913.795419847328,446.85999999999996,176.941875,Seasonal Naive
5,58,9120.0,667.150900900901,762.5,840.625,Historical Mean
5,59,16.09,77.81952020202019,4.0225,40.6360101010101,Naive Forecast
5,60,2826.0,36.468511450381676,49.5,57.25000000000001,Historical Mean
5,67,31342.37,471.3877528625957,244.926875,365.5625000000001,Naive Forecast
5,71,4470.7300000000005,132.9625143129771,130.220625,105.82812499999997,Seasonal Naive
5,72,122870.89000000001,1589.0136784351148,1127.0856250000002,2448.0125000000007,Naive Forecast
5,74,36841.28,435.94993320610695,376.11250000000007,436.74312500000013,Naive Forecast
5,79,62041.95,442.84989980916043,363.8231250000001,385.3068750000001,Naive Forecast
5,81,35397.64,404.4676908396945,235.73749999999978,539.8087500000003,Naive Forecast
5,82,48883.75,335.69447996183226,295.84437500000007,620.6256250000001,Naive Forecast
5,85,7449.860000000001,370.97756679389323,200.44624999999996,321.18375,Naive Forecast
5,87,130231.69,992.0527337786264,2585.1756250000008,918.3812500000003,Seasonal Naive
5,90,39221.91,236.45439408396956,121.52062500000014,464.31124999999986,Naive Forecast
5,91,18745.510000000002,215.7285734732825,245.81562499999987,163.15250000000003,Seasonal Naive
5,92,104870.59000000001,1039.0482108778622,577.4131250000003,847.3181250000002,Naive Forecast
5,94,907.56,342.88305291723196,71.85818181818182,275.7355495251018,Naive Forecast
5,95,253696.56999999998,2507.2550524809158,1451.0768750000002,566.4593750000008,Seasonal Naive
5,96,95889.34000000001,2541.014074427481,756.2337499999995,2364.76625,Naive Forecast
5,97,7875.7,39.32040217391303,69.23000000000005,61.93499999999995,Historical Mean
5,98,22.0,8.609545454545454,12.0,8.609545454545454,Historical Mean
6,1,246898.05000000002,5342.5818559160325,2397.233125,792.1262499999999,Seasonal Naive
6,2,600757.86,3321.164160305344,6109.551249999997,2139.6187500000015,Seasonal Naive
6,3,300168.56000000006,12526.584351145038,20381.891249999997,6378.458750000001,Seasonal Naive
6,4,401772.54,2033.7015362595423,4356.728750000001,2000.4737499999999,Seasonal Naive
6,5,335145.59,7494.212380725191,3767.9793749999994,3038.935625,Seasonal Naive
6,6,62874.78,1758.6292080152668,1572.5900000000004,1453.3287499999997,Seasonal Naive
6,7,288980.36,10997.382729007639,1868.2362500000013,2323.8306250000005,Naive Forecast
6,8,576932.37,1293.7179723282466,2759.8456250000013,2813.7593749999987,Historical Mean
6,9,668556.37,19366.072037213737,19991.784374999996,8253.666874999999,Seasonal Naive
6,10,564021.92,2727.6749999999993,8304.782500000001,3993.0087499999995,Historical Mean
6,11,212600.43,3929.8590982824426,9048.918125,1980.3024999999993,Seasonal Naive
6,12,71859.97,749.9637547709924,742.9256250000003,568.671875,Seasonal Naive
6,13,446808.18999999994,1825.6668749999994,2915.0756250000018,2221.6693749999986,Historical Mean
6,14,263092.69,3660.453458969466,1234.3531249999999,1992.6418750000007,Naive Forecast
6,16,201911.84,10736.961507633589,10402.2925,1729.1356250000008,Seasonal Naive
6,17,185691.62999999998,925.2648043893126,1537.4068750000004,1852.5575000000003,Historical Mean
6,18,104495.04,8659.042625739645,8234.571538461538,1260.8207692307692,Seasonal Naive
6,19,37279.57,506.8284303435114,203.55687500000005,588.28875,Naive Forecast
6,20,95025.93999999999,1279.6263931297713,2490.53625,892.680625,Seasonal Naive
6,21,93229.96,1611.8598282442758,517.6775000000004,566.2543750000004,Naive Forecast
6,22,203501.77000000002,1757.038735687023,1457.9156249999999,1744.7243749999993,Naive Forecast
6,23,323959.6699999999,4837.231216603052,5294.595625,3630.36,Seasonal Naive
6,24,87746.17,2602.8659398854966,2909.866875,2051.2368749999996,Seasonal Naive
6,25,135951.53,3079.6864360687036,1088.0493749999996,853.0556250000003,Seasonal Naive
6,26,106397.7,1075.0489599236641,1882.6599999999999,1555.585,Historical Mean
6,27,18695.24,423.40376908396956,364.54625,155.40250000000006,Seasonal Naive
6,28,5718.6,175.28417938931298,247.57250000000002,51.773125000000014,Seasonal Naive
6,29,69284.48,1253.199599236641,1059.1350000000002,585.0331249999999,Seasonal Naive
6,30,51464.729999999996,789.1689742366409,394.97187499999995,555.1131250000001,Naive Forecast
6,31,47749.619999999995,990.8947709923665,3538.47125,764.5843749999999,Seasonal Naive
6,32,103322.15000000001,2859.4451860687013,2926.4431250000002,1122.158125,Seasonal Naive
6,33,92241.45000000001,2285.4789360687028,3477.5256250000007,1309.744375,Seasonal Naive
6,34,187726.84999999998,2957.762008587787,1147.791875,1381.0131250000004,Naive Forecast
6,35,32465.480000000003,1135.6134160305348,491.40625,552.3056250000001,Naive Forecast
6,36,14684.400000000001,2527.553053435114,1930.68,366.78125,Seasonal Naive
6,37,47943.69,179.6239456106871,251.39187500000008,345.71687499999996,Historical Mean
6,38,835543.8200000001,7613.680887404586,4945.545000000001,6131.521249999999,Naive Forecast
6,40,782809.61,2266.6656250000005,2448.836875000002,4040.1650000000013,Historical Mean
6,41,49474.49000000001,2082.5037452290076,2206.655625,1179.7925,Seasonal Naive
6,42,115618.60999999999,478.7742032442751,474.97312499999987,1102.5293749999996,Naive Forecast
6,44,106334.23000000001,1311.6913024809155,1242.7168750000005,1022.3556250000003,Seasonal Naive
6,46,264854.08999999997,5641.567619274811,5487.839374999999,1576.9462499999997,Seasonal Naive
6,47,447.0,183.1875,223.5,183.1875,Historical Mean
6,48,40754.0,2180.861220930233,2373.0,1496.1875,Seasonal Naive
6,49,147354.62,2207.799580152671,3332.86,2034.6212500000001,Seasonal Naive
6,52,47873.49,320.8361307251911,489.05187499999965,698.9549999999999,Historical Mean
6,54,881.8,108.92751937984495,65.1925,66.98750000000001,Naive Forecast
6,55,114759.28000000001,7672.449427480918,811.4324999999999,3106.79375,Naive Forecast
6,56,21756.740000000005,5356.118616412215,681.1675,440.64375,Seasonal Naive
6,58,48735.94,1486.6720229007633,2128.87875,1956.3087500000001,Historical Mean
6,59,2525.35,872.10205629771,39.10437499999999,73.57875,Naive Forecast
6,60,3798.0,84.85499999999999,100.125,111.28312499999998,Historical Mean
6,67,112483.93,2595.15866889313,502.7468749999998,470.8068750000002,Seasonal Naive
6,71,59502.399999999994,718.281622137405,1915.3375000000005,556.3956250000001,Seasonal Naive
6,72,865446.2999999998,8474.09626908397,8657.25875,4260.449999999999,Seasonal Naive
6,74,244924.32,1751.7539503816815,2213.718750000001,1719.6725,Seasonal Naive
6,77,0.0,1272.0,1272.0,1272.0,Historical Mean
6,79,282631.37,2848.9377051526717,3777.8968749999995,1915.9031249999994,Seasonal Naive
6,80,169037.33,750.6710639312976,703.9231250000003,1031.663125,Naive Forecast
6,81,176413.43000000002,839.0172185114504,1387.1381249999995,807.9756249999999,Seasonal Naive
6,82,220969.56,1414.2172328244283,1360.0762499999996,2046.4631249999995,Naive Forecast
6,83,45880.29,422.27135973282424,437.8043749999999,566.5587499999999,Historical Mean
6,85,21938.33,983.9558253816797,304.559375,613.5656250000001,Naive Forecast
6,87,556652.39,7618.935939885496,8802.460624999998,7127.029999999998,Seasonal Naive
6,90,631608.8400000001,1890.7592366412218,2972.8049999999985,1110.8575,Seasonal Naive
6,91,536537.65,2256.140625000001,2565.2806250000003,1636.4943750000002,Seasonal Naive
6,92,1193933.1,4409.28197519084,4255.072500000001,7916.346250000001,Naive Forecast
6,93,518914.28,4346.853864503819,3318.9737500000006,6811.4068750000015,Naive Forecast
6,94,505774.4500000001,2666.890052480917,6644.451875000001,1893.4043749999996,Seasonal Naive
6,95,1090071.24,9696.563874045798,10837.953749999997,7688.795000000002,Seasonal Naive
6,96,361980.55000000005,3319.1418749999993,3687.760624999998,2076.6256249999988,Seasonal Naive
6,97,250962.4,1645.7232824427492,1508.6749999999997,1552.2175000000007,Naive Forecast
6,98,116998.32,713.2306011450379,791.1437499999996,482.5468750000002,Seasonal Naive
6,99,945.3,360.8069791666667,82.09833333333334,204.9834375,Naive Forecast
7,1,103984.09,1155.5238597328246,1338.4168749999994,955.6737500000002,Seasonal Naive
7,2,275237.31,2194.2806631679387,5030.455625000003,971.5562499999987,Seasonal Naive
7,3,141048.45,4136.545682251908,5244.496875000001,1576.00875,Seasonal Naive
7,4,185530.5,2147.19895038168,3851.5625,664.7031249999998,Seasonal Naive
7,5,128348.88000000002,3715.3159732824433,1381.1212499999997,2253.6081249999997,Naive Forecast
7,6,55651.74999999999,1809.4771994274806,2717.7456249999996,1172.38,Seasonal Naive
7,7,93189.98999999999,3682.579250954198,5809.433124999999,1340.1987499999996,Seasonal Naive
7,8,179624.79,1320.8952146946554,746.0856249999998,1172.3912499999997,Naive Forecast
7,9,493765.4600000001,16703.96000954198,11855.044999999998,4093.182500000001,Seasonal Naive
7,10,235961.44,1792.671030534351,1591.4975000000002,3649.97125,Naive Forecast
7,11,150454.37,2705.4549093511446,3478.7943750000004,4662.144375000001,Historical Mean
7,12,57860.86,1149.328845419847,2940.11875,3097.9224999999997,Historical Mean
7,13,190210.34,1678.3360209923667,3382.9737499999987,932.04375,Seasonal Naive
7,14,120842.53,891.3741078244273,1360.2456250000002,963.1556250000002,Historical Mean
7,16,103334.58000000002,6205.958148854962,10643.67625,1435.3431249999994,Seasonal Naive
7,17,60844.659999999996,600.0708587786265,1372.8749999999995,1186.6881250000001,Historical Mean
7,18,28616.76,3279.482333333334,1880.53,1465.1696666666671,Seasonal Naive
7,20,42053.25,504.6408826335877,1419.824375,386.39812500000016,Seasonal Naive
7,21,22858.71,261.76631202290076,806.6181249999996,283.0843750000001,Historical Mean
7,22,86361.74,675.6284446564886,2243.266250000001,922.3787500000001,Historical Mean
7,23,173310.75,794.1800047709919,842.6068750000006,954.3093749999998,Historical Mean
7,24,29792.33,473.1590696564885,664.6256249999999,463.84500000000014,Seasonal Naive
7,25,57236.12000000001,681.2452385496183,2049.1450000000004,837.766875,Historical Mean
7,26,27477.25,434.6650429389313,663.785625,401.993125,Seasonal Naive
7,27,9102.08,126.91624045801528,84.49749999999997,113.99812499999999,Naive Forecast
7,28,2652.06,59.8913358778626,97.09375,66.175,Historical Mean
7,29,16009.560000000001,152.57796755725195,187.625,209.81812499999995,Historical Mean
7,30,12261.69,175.7007013358779,446.358125,146.659375,Seasonal Naive
7,31,22834.96,437.92208969465645,648.6225000000001,313.48687499999994,Seasonal Naive
7,32,42926.91,1990.4262166030535,1670.218125,818.3762499999998,Seasonal Naive
7,33,32471.440000000002,468.48958015267175,563.0749999999998,528.47,Historical Mean
7,34,49057.87000000001,729.823869274809,517.4093750000001,608.7225000000003,Naive Forecast
7,35,720.8900000000001,384.77929866412217,80.90937499999998,323.43874999999997,Naive Forecast
7,36,15128.73,653.8325429389313,372.74937500000004,574.3731250000001,Naive Forecast
7,38,371224.38,2730.254618320611,2971.3575,3415.5025000000005,Historical Mean
7,40,363951.91,3515.0593750000007,5060.798124999999,2050.193750000001,Seasonal Naive
7,41,29740.649999999998,1094.9243559160302,446.51687499999986,728.13625,Naive Forecast
7,42,83966.7,606.0906488549622,572.2437500000002,1064.9743750000002,Naive Forecast
7,44,41089.78,296.88519083969464,295.4600000000001,357.54312500000003,Naive Forecast
7,45,167.19,53.6375,56.04333333333333,46.6275,Seasonal Naive
7,46,160328.87,2121.3048902671753,3522.5393749999985,827.248125,Seasonal Naive
7,47,0.0,54.233333333333334,15.0,54.233333333333334,Naive Forecast
7,48,30458.0,1673.801056338028,820.375,1838.1875,Naive Forecast
7,49,282.45,13.380351562499998,20.658125,34.0170703125,Historical Mean
7,52,12261.68,362.04908396946564,188.91749999999996,248.846875,Naive Forecast
7,54,319.7,39.55912466843502,28.449230769230763,35.02761273209549,Naive Forecast
7,55,54882.770000000004,1990.940233778626,702.3018749999999,829.456875,Naive Forecast
7,56,20496.109999999997,5071.535605916029,1557.858125,533.773125,Seasonal Naive
7,58,17921.97,1261.15921386306,1487.4592307692308,1473.7087996618766,Historical Mean
7,59,35.35,81.592,5.05,41.702285714285715,Naive Forecast
7,60,1080.0,26.68782442748092,43.875,25.824999999999996,Seasonal Naive
7,67,44300.53,314.1360639312978,333.641875,378.86000000000007,Historical Mean
7,71,26541.000000000004,318.83065839694643,295.90125000000006,345.70124999999996,Naive Forecast
7,72,487598.64999999997,5028.780233778623,5429.094374999999,5790.795,Historical Mean
7,74,128234.93000000001,1423.7989933206113,1665.8143750000002,844.69875,Seasonal Naive
7,79,67591.98,570.3464312977098,1476.7325000000003,418.12375,Seasonal Naive
7,80,6880.33,230.48385670731707,362.793125,193.22812500000003,Seasonal Naive
7,81,78259.43,412.85690362595403,1478.1931249999998,180.03812499999998,Seasonal Naive
7,82,106241.05,921.8343749999998,2114.756875000001,563.0681250000002,Seasonal Naive
7,83,7107.96,128.011259765625,126.06250000000003,147.781875,Naive Forecast
7,85,23638.679999999997,303.5959637404578,382.32125000000013,518.7587500000001,Historical Mean
7,87,163077.83999999997,2858.859675572519,2225.6874999999995,2777.953125,Naive Forecast
7,90,172279.19999999998,1160.0313072519084,4024.6862500000007,933.2550000000002,Seasonal Naive
7,91,120417.68,629.7186354961822,2484.6012499999993,593.9506249999997,Seasonal Naive
7,92,325621.41,1639.1052433206112,6760.271875000001,1102.2943749999995,Seasonal Naive
7,93,20144.239999999998,338.60438931297705,860.6050000000002,295.54437499999995,Seasonal Naive
7,94,19994.12,977.7155339805826,303.8375,1167.281875,Naive Forecast
7,95,430514.2700000001,4422.713754770992,10834.848125,870.9224999999983,Seasonal Naive
7,96,11531.16,225.08194656488547,757.0174999999998,225.915625,Historical Mean
7,97,53037.1,355.25,1979.0712499999997,430.0612499999999,Historical Mean
7,98,3014.8900000000003,69.12812499999998,133.594375,121.604375,Historical Mean
8,1,162508.29,3441.9353196564884,2936.2681250000014,568.87875,Seasonal Naive
8,2,431513.24,1856.1639599236632,1830.9762499999988,2059.631874999998,Naive Forecast
8,3,214404.49,8895.629002862599,11343.211875,4569.155624999999,Seasonal Naive
8,4,268504.62,1625.0745801526734,1471.8350000000007,1378.4443750000005,Seasonal Naive
8,5,210161.44,4273.242872137405,5371.164999999999,2988.6362499999996,Seasonal Naive
8,6,29886.29,1359.141903625954,651.628125,675.944375,Naive Forecast
8,7,197975.57,4734.018077290075,1629.5393750000005,2664.7268750000003,Naive Forecast
8,8,338574.93,1629.418182251909,2045.0906249999985,2889.2268750000003,Historical Mean
8,9,168085.31000000003,5606.836302480917,5384.416874999999,3294.8206250000003,Seasonal Naive
8,10,248588.94999999998,1566.4898043893131,1542.683125,2676.28125,Naive Forecast
8,11,197581.19999999995,2424.378339694656,5371.412499999999,2282.33,Seasonal Naive
8,12,94357.24,749.2058683206108,1333.573750000001,1073.6212500000001,Historical Mean
8,13,316527.52999999997,1558.1422853053448,1091.4968750000005,1518.705625,Naive Forecast
8,14,120981.14000000001,717.3735400763359,2399.011249999999,1110.95875,Historical Mean
8,16,112029.95000000001,6955.400224236639,7963.263124999999,1000.3531250000001,Seasonal Naive
8,17,84424.93000000001,713.3028005725191,775.6456250000003,997.8787500000003,Historical Mean
8,18,57281.44,4963.868603174604,3960.0113333333334,1067.4015873015876,Seasonal Naive
8,19,6561.09,568.7084398854962,67.65187499999999,188.14624999999998,Naive Forecast
8,20,46455.56999999999,670.2006822519083,616.4481250000001,595.2218749999998,Seasonal Naive
8,21,45758.0,965.0723091603055,316.48124999999993,338.2493749999999,Naive Forecast
8,22,94812.76,854.11375,1074.5099999999998,817.33125,Seasonal Naive
8,23,179716.52999999997,2218.5781249999995,2360.644375,2144.7175000000007,Seasonal Naive
8,24,67520.81000000001,1974.9907776717555,2176.2593749999996,1314.8456250000002,Seasonal Naive
8,25,78711.38,820.4268034351145,583.2937499999998,653.3006249999999,Naive Forecast
8,26,67422.51,1449.6752814885497,1876.1768749999997,1177.4775000000004,Seasonal Naive
8,27,10632.17,278.21534828244273,275.5481249999999,187.846875,Seasonal Naive
8,28,2702.2000000000003,117.93921755725191,106.1425,42.80875000000001,Seasonal Naive
8,29,29642.49,593.5439933206105,357.76562500000006,287.84937499999984,Seasonal Naive
8,30,24569.059999999998,419.19567748091606,375.47624999999994,335.40999999999997,Seasonal Naive
8,31,26082.15,814.5366650763358,895.821875,509.16875,Seasonal Naive
8,32,48828.39,2026.5888501908391,472.4531250000002,698.0724999999998,Naive Forecast
8,33,84122.45,1912.0409494274809,2554.819375,1474.0849999999998,Seasonal Naive
8,34,87325.16,1591.872633587786,791.6212500000001,611.36375,Seasonal Naive
8,35,15917.619999999997,710.1452385496183,268.7075,472.3825,Naive Forecast
8,36,7368.88,559.083683206107,291.36625,237.79125,Seasonal Naive
8,37,23741.149999999998,392.15344942748095,222.48687499999997,277.96624999999995,Naive Forecast
8,38,739353.8,5027.956803435115,4525.253750000002,5272.162499999997,Naive Forecast
8,40,473165.89999999997,2762.6857156488522,2406.3912499999997,3999.9125000000004,Naive Forecast
8,41,23818.089999999997,1018.8814074427482,1142.528125,322.270625,Seasonal Naive
8,42,62728.94000000001,315.2733301526718,388.2600000000003,506.673125,Historical Mean
8,44,48204.10999999999,499.5081345419848,1233.5418750000001,545.8043749999999,Historical Mean
8,46,207871.48,1193.3572709923665,1478.1087499999985,984.1531250000004,Seasonal Naive
8,49,26988.02,555.5681297709923,619.3212500000002,942.2724999999998,Historical Mean
8,52,15974.33,647.5062070610686,269.4018750000001,478.505625,Naive Forecast
8,54,378.52,80.88312617702448,36.400000000000006,97.0,Naive Forecast
8,55,62703.340000000004,1997.361402671756,417.37249999999966,269.89312500000017,Seasonal Naive
8,56,19979.46,3837.9021851145044,559.0574999999999,537.1337500000001,Seasonal Naive
8,58,11725.0,919.4942226890755,819.6875,563.0530462184875,Seasonal Naive
8,59,1920.3299999999997,492.28731393129766,56.71437499999999,69.39249999999998,Naive Forecast
8,60,2547.0,34.86841603053435,194.0625,57.26249999999998,Historical Mean
8,67,55462.0,939.5989217557253,474.015,444.17687500000005,Seasonal Naive
8,71,20684.499999999996,854.6276431297708,492.01875000000007,924.15625,Naive Forecast
8,72,428010.0,5038.935801526718,10948.244999999999,7466.648749999999,Historical Mean
8,74,110639.41,1058.552228053435,1253.2956249999997,1209.7718749999995,Historical Mean
8,79,260135.11000000002,3067.527838740458,3827.460625000001,3400.779375000001,Historical Mean
8,80,115154.86000000002,569.5980916030537,448.55499999999984,492.4143749999997,Naive Forecast
8,81,153488.95,734.9002624045798,591.948125,412.384375,Seasonal Naive
8,82,171657.60999999996,813.4073425572523,1037.1343749999996,1158.8443749999997,Historical Mean
8,83,30387.15,296.49687499999993,322.79312500000003,232.92750000000004,Seasonal Naive
8,85,20521.83,634.907476145038,491.08312500000017,343.8649999999999,Seasonal Naive
8,87,293650.81999999995,5269.650791984732,5201.428749999999,6232.53,Naive Forecast
8,90,500008.68000000005,3218.030677480915,2742.597499999998,1400.828124999999,Seasonal Naive
8,91,387808.99,2404.519651717558,2371.659375000001,1587.9056249999999,Seasonal Naive
8,92,787704.6599999999,6148.075543893132,5054.311250000001,5161.883125000001,Naive Forecast
8,93,365266.44,4676.408931297709,4128.8575,2415.8187500000004,Seasonal Naive
8,94,315686.16000000003,1951.4173187022902,1462.508749999999,1599.5324999999998,Naive Forecast
8,95,773380.06,3501.9891125954214,2478.4999999999986,2651.509999999999,Naive Forecast
8,97,219126.31,2191.0113788167937,1713.6031249999996,1144.0,Seasonal Naive
8,98,86110.98,682.246860687023,880.0150000000002,626.9950000000001,Seasonal Naive
8,99,530.3000000000001,341.8280341880343,67.74888888888887,283.728717948718,Naive Forecast
9,1,152647.29,1921.8297089694652,3686.5406250000005,1646.2200000000003,Seasonal Naive
9,2,314609.69,1641.1781631679373,1789.420625000001,1586.02625,Seasonal Naive
9,3,148210.93,5561.807323473282,6575.243125,3725.9056249999994,Seasonal Naive
9,4,221035.57999999996,1579.9613835877853,814.3762500000007,1547.2031250000011,Naive Forecast
9,5,212285.02,3482.6263072519096,3198.926250000001,2021.6012500000004,Seasonal Naive
9,6,24622.760000000002,1030.9910877862596,618.6975000000001,675.3787500000001,Naive Forecast
9,7,148378.31000000003,1490.7853005725187,1822.575625,2483.1856250000005,Historical Mean
9,8,283818.52,2151.3259541984726,1395.180000000001,3022.1162499999996,Naive Forecast
9,9,205323.04000000004,7899.946192748091,7412.7525,4379.537499999999,Seasonal Naive
9,10,168189.6,1651.9456106870225,1981.9812500000007,1628.588125,Seasonal Naive
9,11,168676.24,1110.665143129771,8168.392500000001,2156.987500000001,Historical Mean
9,12,86080.37,1061.1047853053435,640.0568750000002,695.149375,Naive Forecast
9,13,287535.34,2745.7197996183195,1527.0437499999994,2539.7999999999997,Naive Forecast
9,14,84034.06999999999,741.2397662213738,1529.0918749999998,437.6843750000001,Seasonal Naive
9,16,71533.09000000001,5759.674584923665,3106.1818750000007,1414.1725000000001,Seasonal Naive
9,17,65826.13,671.1146135496183,529.6781249999999,600.3193749999998,Naive Forecast
9,18,31045.039999999997,2981.0206632653058,1992.1774999999998,1027.8413329081632,Seasonal Naive
9,19,17715.359999999997,243.4225,341.23,231.34187500000002,Seasonal Naive
9,20,33236.420000000006,503.23063931297713,488.59000000000003,566.3093750000003,Naive Forecast
9,21,39936.259999999995,447.70124999999996,269.1975,347.4443749999999,Naive Forecast
9,22,72039.39,1106.9498043893134,579.9231249999998,1416.4881249999999,Naive Forecast
9,23,147391.88,1831.6421183206107,2074.245,2048.8531250000005,Historical Mean
9,24,39210.17,755.3157395038168,918.5631249999998,926.696875,Historical Mean
9,25,56486.619999999995,982.8720133587785,662.9087500000002,503.62249999999995,Seasonal Naive
9,26,54042.280000000006,858.2358492366412,942.24625,1060.5600000000002,Historical Mean
9,27,7869.740000000001,168.7106583969465,225.68624999999997,124.84,Seasonal Naive
9,28,2368.0699999999997,108.76302958015269,69.87687500000001,55.754999999999995,Seasonal Naive
9,29,22902.089999999997,290.52588263358786,271.78062500000004,218.62312500000004,Seasonal Naive
9,30,18402.64,147.40931297709926,166.9275,251.24000000000004,Historical Mean
9,31,13582.559999999998,388.62236641221375,340.55625,531.7925000000001,Naive Forecast
9,32,41277.85,1146.2526383587783,482.34062500000005,410.635625,Seasonal Naive
9,33,40190.25,852.1131059160305,958.223125,887.39625,Historical Mean
9,34,61138.76000000001,1158.380391221374,756.4750000000001,685.9081250000002,Seasonal Naive
9,35,10655.06,628.5623377862596,341.3374999999999,429.20562500000005,Naive Forecast
9,36,5416.66,536.4332499999998,300.86375,242.84312500000001,Seasonal Naive
9,38,826205.4399999998,10082.710839694653,7463.939999999997,13761.581874999996,Naive Forecast
9,40,361500.55000000005,1547.5561784351137,2796.2768749999987,1485.3581249999995,Seasonal Naive
9,41,21332.289999999997,932.0560448473283,858.290625,250.42062499999992,Seasonal Naive
9,42,38059.47,316.35203721374035,956.6881249999999,532.1587499999999,Historical Mean
9,44,50042.61,838.7152814885495,1097.040625,334.1887500000001,Seasonal Naive
9,46,82354.0,1004.2638931297705,718.9799999999993,240.25187499999987,Seasonal Naive
9,48,15322.0,689.5416666666667,877.875,574.9375,Seasonal Naive
9,49,286.58,16.801912832929784,20.244285714285716,16.91,Historical Mean
9,52,20937.219999999998,197.00109732824433,374.48625,191.765,Seasonal Naive
9,54,160.36,28.30547368421052,20.968,16.090989473684207,Seasonal Naive
9,55,80317.41,2046.884470419847,1278.725625,902.5743749999998,Seasonal Naive
9,56,9694.54,2623.3835755813952,413.72499999999997,381.73750000000007,Seasonal Naive
9,59,42.28,225.56590909090912,7.805454545454546,153.48516528925623,Naive Forecast
9,60,1179.0,28.84463483146067,21.9375,34.56249999999999,Naive Forecast
9,67,35589.48,716.6902958015266,435.37875000000014,333.145625,Seasonal Naive
9,71,12467.749999999996,439.8236688931297,444.82437500000003,669.9968749999999,Historical Mean
9,72,357562.86,3667.8953721374064,5386.748749999999,4094.079375000001,Historical Mean
9,74,91216.25,506.3720753816798,968.2043749999997,685.5475,Historical Mean
9,79,157471.85,1279.8124284351152,869.2168750000005,1875.4725000000008,Naive Forecast
9,80,1.88,2.1985714285714284,1.88,2.1985714285714284,Naive Forecast
9,81,30864.54,191.85400763358766,86.62999999999997,129.4306249999999,Naive Forecast
9,82,122803.09000000001,549.8525143129771,1079.5381250000005,1049.9143750000003,Historical Mean
9,85,9125.490000000002,222.41187499999998,227.65812499999998,262.41125,Historical Mean
9,87,194082.14000000004,2805.2961354961835,1786.1862499999995,2052.2562500000004,Naive Forecast
9,90,38954.259999999995,312.57973282442777,136.78125000000003,236.06999999999985,Naive Forecast
9,91,11843.380000000001,242.8065935114504,172.96124999999998,184.698125,Naive Forecast
9,92,221758.22,4783.330734732824,2074.168749999999,3015.816874999999,Naive Forecast
9,94,495.62,562.0835784313725,86.77,191.28448529411767,Naive Forecast
9,95,424593.14,7309.979532442749,2675.77625,3722.1899999999996,Naive Forecast
9,96,46115.49,386.5533921755724,294.6281249999999,352.0799999999998,Naive Forecast
10,1,407642.52999999997,10367.484718511449,6491.0993750000025,1876.7887500000004,Seasonal Naive
10,2,1250232.72,6291.424398854963,9267.265000000003,2532.457500000003,Seasonal Naive
10,3,393101.38999999996,14005.867934160304,90027.56312499999,6806.003124999999,Seasonal Naive
10,4,553287.8600000001,2348.160925572513,5061.911249999997,1768.2281249999996,Seasonal Naive
10,5,546103.7999999999,16997.60916030534,12813.602499999999,7146.680625000001,Seasonal Naive
10,6,80061.03,3837.503277671755,1180.9468750000003,1691.433125,Naive Forecast
10,7,561164.46,14884.687309160307,6239.683749999999,4125.034999999998,Seasonal Naive
10,8,1024813.88,1722.6297996183184,3071.0674999999956,2490.261875000002,Historical Mean
10,9,736803.0299999999,4996.079985687021,4786.605625,2694.2849999999985,Seasonal Naive
10,10,585894.9299999999,1815.3009685114503,2998.2781250000016,2770.496875,Historical Mean
10,11,352760.85,4672.351407442747,4131.303125000001,1793.55375,Seasonal Naive
10,12,103905.87000000001,625.8141841603059,517.4231249999996,505.75000000000006,Seasonal Naive
10,13,746308.2699999999,2456.2876097328244,5709.695625000006,2002.6512500000013,Seasonal Naive
10,14,428530.24,5035.002986641222,2934.3199999999983,2456.1743750000005,Seasonal Naive
10,16,272762.14,7320.757547709924,9996.615,2599.41625,Seasonal Naive
10,17,313297.5,1855.4721851145043,1603.5687499999997,1081.0287500000006,Seasonal Naive
10,18,105747.94,13128.05792481203,7693.941428571428,3117.810097744361,Seasonal Naive
10,19,34099.66999999999,340.02412690839697,207.03437499999998,477.6043750000001,Naive Forecast
10,20,175849.16999999998,1285.1501383587788,3193.454375000001,1395.3843749999999,Historical Mean
10,21,101230.11,1221.154441793894,430.02687500000025,549.2456249999996,Naive Forecast
10,22,285962.38,2230.424866412215,1389.8700000000006,1423.4318750000004,Naive Forecast
10,23,687351.16,10751.583826335875,27448.50749999999,4942.352500000001,Seasonal Naive
10,24,146337.52,4745.501326335879,28331.402500000004,2818.524375,Seasonal Naive
10,25,219600.41999999998,3510.185066793893,6180.97125,1214.473749999999,Seasonal Naive
10,26,183669.55000000005,3443.121187977099,2060.4868749999996,1870.375,Seasonal Naive
10,27,45379.01,863.3147280534351,1646.1368750000001,388.47125000000005,Seasonal Naive
10,28,11206.64,514.9168988549618,142.97625,150.80375000000004,Naive Forecast
10,29,176420.80999999997,1817.1652719465649,3960.2093749999985,1191.8818749999996,Seasonal Naive
10,30,110112.43000000002,2539.860901717558,3238.913124999999,618.5700000000003,Seasonal Naive
10,31,61007.93,1744.7868559160304,12147.914374999998,919.8812499999999,Seasonal Naive
10,32,200204.40999999997,5334.575768129771,4359.741875000001,1741.2018750000002,Seasonal Naive
10,33,138408.87,4817.306331106871,19927.233125,2346.573749999999,Seasonal Naive
10,34,439087.33999999997,8443.168482824427,11504.61375,2700.606250000002,Seasonal Naive
10,35,83213.45,1899.3122948473278,1545.1768750000006,1008.6875,Seasonal Naive
10,36,14928.46,2635.9865935114503,2625.3412499999995,494.10875,Seasonal Naive
10,37,45637.719999999994,354.78599236641224,381.6424999999998,395.62000000000006,Historical Mean
10,38,999420.48,7748.346660305344,4763.531249999998,6562.5337500000005,Naive Forecast
10,40,1154140.03,3757.8018082061117,2072.569375000001,3603.3949999999986,Naive Forecast
10,41,207844.97,8894.404632633588,9945.238125000002,2304.19125,Seasonal Naive
10,42,144369.67,809.4737356870226,1013.4381249999999,639.1487500000001,Seasonal Naive
10,44,110004.09000000001,541.1931250000001,693.9856249999999,830.9250000000001,Historical Mean
10,45,10.47,23.289743589743594,0.0,23.289743589743594,Naive Forecast
10,46,571350.79,8195.171159351145,6977.650624999997,1047.6287500000017,Seasonal Naive
10,47,55.0,81.15151515151514,205.66666666666666,81.15151515151514,Historical Mean
10,48,46908.0,2398.4833969465644,2793.25,2377.04375,Seasonal Naive
10,49,242777.99000000002,1185.623058206107,1580.3856250000008,2625.52375,Historical Mean
10,50,51212.979999999996,515.2782729007632,510.68625,606.62375,Naive Forecast
10,52,49442.07,1164.446903625954,432.915625,1375.9493749999997,Naive Forecast
10,54,891.84,151.53280208333337,55.234666666666676,100.92334375,Naive Forecast
10,55,161138.27,7955.294212786259,2778.5618750000003,2422.05625,Seasonal Naive
10,56,11103.08,361.01763358778624,631.09125,445.36437500000005,Historical Mean
10,58,54470.0,1406.0617748091604,1216.25,1494.53125,Naive Forecast
10,59,3175.1099999999997,1902.4768082061066,61.12062500000003,205.01624999999999,Naive Forecast
10,60,6075.0,46.30250000000001,41.0625,67.5375,Naive Forecast
10,67,127591.05,3134.905291030535,765.8868749999996,478.08874999999966,Seasonal Naive
10,71,179173.02,2592.00875,3021.6149999999993,1457.8143750000004,Seasonal Naive
10,72,1364406.5100000002,32488.098449427504,7171.026875000002,17148.969375,Naive Forecast
10,74,452966.57000000007,4928.611035305343,4097.496875000003,2374.0156249999986,Seasonal Naive
10,79,425774.94999999995,3731.566703244276,2328.471875,2031.1106249999993,Seasonal Naive
10,80,4054.21,156.304375,335.38437500000003,286.6125,Historical Mean
10,81,120472.14,639.2250190839692,499.05750000000046,259.03375000000017,Seasonal Naive
10,82,260697.56999999998,2252.346836832059,1720.2268750000003,1527.1468750000006,Seasonal Naive
10,83,2748.08,59.6122709923664,66.10999999999999,45.43500000000001,Seasonal Naive
10,85,32618.549999999992,381.8780772900763,268.5006249999998,315.38124999999997,Naive Forecast
10,87,357078.64,6544.754637404577,2399.023750000002,8579.173125,Naive Forecast
10,90,172328.78,386.7330629770986,461.9912499999998,1131.3693750000007,Historical Mean
10,91,142727.21,1027.8329437022903,693.7993749999996,1300.5862499999998,Naive Forecast
10,92,628564.5499999999,2439.0741364503792,2603.1081250000007,2247.955,Seasonal Naive
10,93,14204.57,234.84301049618307,140.37687500000004,150.95749999999998,Naive Forecast
10,94,1756.51,307.5387768817204,213.36625,326.6518817204301,Naive Forecast
10,95,845140.25,3660.7894131679323,3790.3618749999996,1864.768124999995,Seasonal Naive
10,96,159315.74000000002,2639.3730820610676,2366.2912499999993,2932.7012499999996,Naive Forecast
10,97,60364.189999999995,314.8082013358778,309.34687499999995,219.36750000000006,Seasonal Naive
10,98,2768.22,331.76115384615383,446.39000000000004,341.3183333333333,Historical Mean
11,1,215886.64,3334.3147328244277,2804.052500000001,1719.7118750000006,Seasonal Naive
11,2,669675.37,2928.844565839697,4724.651875000001,2879.576875000002,Seasonal Naive
11,3,332252.57,12571.953191793893,23078.304375,5738.7856249999995,Seasonal Naive
11,4,353285.64,2041.552223282442,3385.3499999999995,1870.0743749999997,Seasonal Naive
11,5,410170.05000000005,5548.615968511453,9966.428124999999,3928.0768749999993,Seasonal Naive
11,6,37288.86,3094.7415362595425,1017.2612499999998,1620.464375,Naive Forecast
11,7,366354.88000000006,6043.459408396946,4530.425,6833.299374999999,Naive Forecast
11,8,416960.71,741.8656250000013,3546.6468750000013,2255.3206249999994,Historical Mean
11,9,205316.27,2501.1018845419853,2646.093125000001,808.7493750000007,Seasonal Naive
11,10,295952.44,1725.4420419847338,5613.995000000001,2234.2493749999994,Historical Mean
11,11,185307.91000000003,3728.3136211832057,6988.248124999999,1262.1806250000002,Seasonal Naive
11,12,48889.23,403.5254341603054,348.2968750000001,582.6387500000001,Naive Forecast
11,13,517990.8999999999,3899.0168893129758,2760.348750000002,2771.2868750000002,Naive Forecast
11,14,277826.54,2217.6430820610694,1720.0549999999987,2859.168749999999,Naive Forecast
11,16,116524.96,4986.940954198473,4104.324999999999,1462.63625,Seasonal Naive
11,17,157343.69000000003,1448.1027528625955,1438.296875,1147.52375,Seasonal Naive
11,18,106914.37,8776.628212719299,6825.453124999999,2828.931271929824,Seasonal Naive
11,19,19954.02,239.4933928571428,278.45250000000004,252.66249999999994,Historical Mean
11,20,109637.16,878.1818797709913,2057.5700000000006,712.3493749999999,Seasonal Naive
11,21,83059.50000000001,642.3589599236645,416.16625000000016,565.2862500000001,Naive Forecast
11,22,183691.54,1036.495648854962,2066.761250000001,2183.3293750000003,Historical Mean
11,23,381595.14,5053.283339694659,4536.073750000001,3462.0318750000006,Seasonal Naive
11,24,120140.21,2844.3091841603045,3291.564374999999,2086.0099999999998,Seasonal Naive
11,25,127490.0,1312.3028625954187,994.61375,726.3218750000002,Seasonal Naive
11,26,122786.26,2195.101937022901,1831.8899999999999,1501.3106249999996,Seasonal Naive
11,27,26711.28,296.51358778625956,293.27875000000006,437.876875,Naive Forecast
11,28,9261.4,314.94273854961835,178.9525,87.92437500000001,Seasonal Naive
11,29,94221.22999999998,1630.2444036259544,833.0218750000003,577.045,Seasonal Naive
11,30,64997.54,1550.255954198473,784.69625,1012.210625,Naive Forecast
11,31,36584.950000000004,1106.1603959923664,1778.500625,845.274375,Seasonal Naive
11,32,102756.53,2562.716846374047,1212.7956250000002,898.3093749999998,Seasonal Naive
11,33,103858.68999999999,2825.107304389313,4546.101875,1467.6150000000002,Seasonal Naive
11,34,223399.66000000003,4499.911011450383,3064.828750000002,1810.376875,Seasonal Naive
11,35,38733.200000000004,1259.9817938931296,895.0950000000001,729.344375,Seasonal Naive
11,36,7487.280000000001,2660.011183206107,2720.4950000000003,368.644375,Seasonal Naive
11,37,48466.92,334.37178435114504,891.7199999999999,324.32624999999996,Seasonal Naive
11,38,807633.62,8380.293654580159,16247.093750000005,6818.627500000001,Seasonal Naive
11,40,656205.6099999999,2407.2400906488538,1902.341875000001,3056.695625,Naive Forecast
11,41,19007.559999999994,713.6434541984734,1061.9125000000001,556.003125,Seasonal Naive
11,42,77619.59000000001,589.8151288167937,755.0731249999999,790.2349999999999,Historical Mean
11,44,80870.3,1194.1235782442754,1242.98625,409.751875,Seasonal Naive
11,46,310507.61000000004,1914.8809971374044,4629.529375000002,1498.3637500000002,Seasonal Naive
11,47,143.0,28.583333333333332,32.333333333333336,47.666666666666664,Historical Mean
11,49,103331.15999999999,847.6239408396943,929.7800000000004,1658.2256249999996,Historical Mean
11,51,0.0,16.032413793103448,6.16,16.032413793103448,Naive Forecast
11,52,35182.9,323.06054389312993,394.8387499999999,844.1462500000001,Historical Mean
11,54,474.96000000000004,219.1136153846154,50.99076923076923,27.866153846153846,Seasonal Naive
11,55,107167.89,3925.0086307251904,1257.6443750000003,1274.3243749999997,Naive Forecast
11,56,13434.789999999999,2517.6068272900766,496.576875,231.0575,Seasonal Naive
11,58,26359.0,1464.44302480916,1368.6875,935.564375,Seasonal Naive
11,59,4063.34,753.1664026717556,120.21374999999999,86.28500000000001,Seasonal Naive
11,60,2286.0,38.93541666666667,106.875,48.400000000000006,Historical Mean
11,67,97680.47999999998,2415.748034351144,780.2262500000002,579.603125,Seasonal Naive
11,71,132574.77000000002,1731.4809875954193,2008.420625000001,2017.1581250000008,Historical Mean
11,72,880459.75,8500.544766221374,7781.109375000002,10144.359375,Naive Forecast
11,74,266970.63999999996,2645.82,3823.7175000000007,1864.085000000001,Seasonal Naive
11,77,0.0,427.25,198.0,427.25,Naive Forecast
11,79,371409.01999999996,4248.472499999999,5451.01625,3903.0581249999996,Seasonal Naive
11,80,167948.46,972.9268416030537,597.3849999999999,520.3349999999995,Seasonal Naive
11,81,153842.65999999997,562.2192938931296,687.6112499999999,313.6131249999995,Seasonal Naive
11,82,265346.82,2364.8123664122136,3177.5824999999995,1907.6562500000005,Seasonal Naive
11,83,39432.91,413.9444036259542,437.330625,353.95874999999995,Seasonal Naive
11,85,19073.49,366.8407681297711,290.4306250000001,369.7874999999999,Naive Forecast
11,87,209054.7,2913.952624045801,1822.9462499999997,3273.444374999999,Naive Forecast
11,90,591037.1,2180.6175667938937,1847.6962499999986,1719.8131249999979,Seasonal Naive
11,91,500125.38000000006,2117.8237500000005,1849.5324999999984,1927.6625000000017,Naive Forecast
11,92,967566.45,5717.273315839698,4369.5581250000005,4093.7418750000024,Seasonal Naive
11,93,397737.33,3016.391063931298,2472.2831250000013,1346.7175000000004,Seasonal Naive
11,94,470568.43,2449.354775763355,3197.5843749999995,792.6462500000011,Seasonal Naive
11,95,934199.19,5368.87602576336,5450.300625000002,2216.634375000001,Seasonal Naive
11,96,250525.94,825.9591603053434,1161.7837499999998,1594.5531250000001,Historical Mean
11,97,205785.65,1574.957075381679,1102.6481249999997,632.026875,Seasonal Naive
11,98,100886.41,1627.7703387404579,886.673125,625.601875,Seasonal Naive
11,99,940.5,567.0303759398496,82.84142857142857,325.872030075188,Naive Forecast
12,1,183033.52000000002,3871.2838263358767,2484.0725,850.3768749999996,Seasonal Naive
12,2,907946.5,2823.8231774809155,2760.627500000006,1774.1799999999976,Seasonal Naive
12,3,374612.14,16951.182595419847,16061.56625,2432.403125,Seasonal Naive
12,4,318814.63,1352.6194799618318,1370.3893749999995,1164.9937499999992,Seasonal Naive
12,5,263338.93000000005,7503.421636450379,4527.223125000002,2899.37125,Seasonal Naive
12,6,47448.700000000004,3023.772032442748,646.5675000000002,1502.0781249999998,Naive Forecast
12,7,324400.02,7518.434780534349,4155.48875,2502.9587500000002,Seasonal Naive
12,8,486655.4900000001,2032.2897948473305,3017.861875000002,1697.2718750000013,Seasonal Naive
12,9,202146.38000000003,2770.039398854961,2977.31375,1755.0256249999995,Seasonal Naive
12,10,205594.71,1413.7319227099247,2404.0506250000008,1647.1687500000003,Historical Mean
12,11,185147.36,2435.70844465649,2217.6112500000017,941.6918749999993,Seasonal Naive
12,12,52375.229999999996,564.7804150763357,454.6231249999997,534.266875,Naive Forecast
12,13,549079.4400000001,1309.7956870229027,1624.5712499999981,1304.4337499999979,Seasonal Naive
12,14,211203.08000000002,1815.0799618320589,1448.03,2169.219375,Naive Forecast
12,16,69419.64,1744.7372709923661,1805.88375,722.6406249999998,Seasonal Naive
12,17,130818.21,893.6072853053432,895.0531250000003,970.2543749999998,Historical Mean
12,18,98650.97,10068.348615196077,6167.9556250000005,1794.45631127451,Seasonal Naive
12,19,31805.409999999996,548.7206727099235,584.0768749999999,849.1768750000001,Historical Mean
12,20,70263.31,724.9180104961831,2295.7956249999997,602.0099999999998,Seasonal Naive
12,21,45773.27999999999,369.465744274809,368.52999999999986,342.6568749999998,Seasonal Naive
12,22,106616.30999999998,1165.1717891221383,1610.808125,1391.7862499999999,Historical Mean
12,23,427629.54,5230.471173664121,4076.5674999999997,3148.388125,Seasonal Naive
12,24,166779.21,4493.113125000002,4488.931874999999,1189.1399999999999,Seasonal Naive
12,25,224613.81999999995,2306.6740076335864,1263.6675,888.8181249999998,Seasonal Naive
12,26,167296.69,2575.623048664122,2663.3006249999994,1432.3650000000002,Seasonal Naive
12,27,22707.550000000003,475.9447757633587,368.565625,199.703125,Seasonal Naive
12,28,7742.489999999999,287.59912690839684,77.133125,112.83749999999999,Naive Forecast
12,29,80772.76999999999,799.6490410305346,943.828125,1180.2543750000002,Historical Mean
12,30,61368.74000000001,1043.0067366412218,651.4899999999999,411.87375000000014,Seasonal Naive
12,31,57527.70999999999,1789.3885925572517,2723.581875,738.8325,Seasonal Naive
12,32,89241.65000000001,2057.107199427481,1081.1881250000004,850.725625,Seasonal Naive
12,33,139047.09999999998,3627.6022614503827,3392.5175,1541.4681249999999,Seasonal Naive
12,34,259530.52,3684.9383492366424,2778.6462500000007,3153.811250000001,Naive Forecast
12,35,27077.319999999996,772.2070801526719,293.2075000000001,423.701875,Naive Forecast
12,36,9665.960000000001,2013.746383587786,593.875,1212.2849999999999,Naive Forecast
12,38,686208.27,5513.123401717562,6769.723125000004,11014.188125,Historical Mean
12,40,589727.36,1870.9356488549633,3271.0874999999983,4165.901250000001,Historical Mean
12,41,16840.03,561.6397757633587,888.706875,347.50625,Seasonal Naive
12,42,79526.54000000001,639.3382156488548,1224.0387500000004,439.25750000000016,Seasonal Naive
12,44,86371.33,746.1153387404581,941.4881249999999,623.2881249999998,Seasonal Naive
12,45,139.0,110.93962962962964,139.0,110.93962962962964,Historical Mean
12,46,393064.13000000006,844.2781536259556,1618.6993749999976,1918.9212500000008,Historical Mean
12,49,0.0,29.16696428571429,2.97,29.16696428571429,Naive Forecast
12,52,36676.1,919.5758492366413,439.57749999999993,791.84875,Naive Forecast
12,54,410.6,88.85567999999999,32.57066666666667,46.994666666666674,Naive Forecast
12,55,109970.39,5416.388563931297,960.3193749999999,1478.8400000000001,Naive Forecast
12,56,2225.82,880.4761545801524,233.40375000000006,168.189375,Seasonal Naive
12,58,49910.0,1430.0323599999997,1354.375,2438.75,Naive Forecast
12,59,2905.18,1089.9423377862597,49.80624999999999,240.211875,Naive Forecast
12,60,3986.0,97.62729007633587,165.125,140.375,Historical Mean
12,67,63035.69,1118.057485687023,761.4756249999996,329.51687500000014,Seasonal Naive
12,71,82813.20000000001,733.3449999999999,733.3449999999998,779.3806250000002,Naive Forecast
12,72,565583.09,14284.931245229012,2924.378125000002,4680.915000000001,Naive Forecast
12,74,189293.86,1770.8393225190823,1578.5912499999993,1769.0800000000002,Naive Forecast
12,79,507134.28,1737.6310782442747,1874.8337500000002,1584.4287499999987,Seasonal Naive
12,80,2200.43,151.60985949612405,196.62187500000002,170.60937499999997,Historical Mean
12,81,85828.16,361.387242366412,650.82375,330.2424999999998,Seasonal Naive
12,82,186278.84000000003,823.4891125954193,725.0837499999996,1352.89,Naive Forecast
12,83,2817.7,47.46716603053436,119.23625000000001,66.295625,Historical Mean
12,85,19575.320000000003,631.4315458015266,687.1575000000001,496.41812500000003,Seasonal Naive
12,87,161230.71999999997,2112.9578721374046,1322.480000000001,2156.7381249999994,Naive Forecast
12,90,139275.75,787.8051956106865,890.8156250000006,509.5893749999998,Seasonal Naive
12,91,79336.40000000001,484.93321564885485,930.1324999999999,373.26562499999994,Seasonal Naive
12,92,299850.95,1523.2688597328245,2807.8256250000004,1554.9868749999998,Historical Mean
12,93,7485.54,155.42686068702298,144.43250000000003,76.465,Seasonal Naive
12,94,1396.95,240.6499473684211,132.737,180.112,Naive Forecast
12,95,502045.42000000004,2641.564284351146,3066.505,2162.1131250000008,Seasonal Naive
12,96,24.97,7.127000000000001,4.816363636363636,7.127000000000001,Naive Forecast
12,97,29198.47,251.0792891221374,388.91562500000015,305.54625,Historical Mean
12,98,5802.219999999999,307.2152003816793,92.24874999999997,331.93125000000003,Naive Forecast
12,99,29.88,14889.931517877221,14889.931517877221,14889.931517877221,Historical Mean
13,1,512727.4199999999,11198.286860687022,7120.758750000003,2272.0806249999996,Seasonal Naive
13,2,941659.76,4834.930877862598,4291.322500000002,4706.365625000002,Naive Forecast
13,3,536377.7599999999,42340.252633587785,38530.56375,37759.146875,Seasonal Naive
13,4,547679.73,4861.310472328245,3195.080624999999,3664.903125000001,Naive Forecast
13,5,594699.0499999999,13992.023602099236,16220.510625000003,8962.41125,Seasonal Naive
13,6,64303.5,3177.649265267176,965.3662500000003,1414.13,Naive Forecast
13,7,535403.2,16065.622919847327,3845.1749999999984,3124.711875,Seasonal Naive
13,8,441888.98,1399.5524236641222,2469.9087500000023,1992.4931250000016,Historical Mean
13,9,468829.4,5457.002156488548,13273.340000000002,3369.2599999999984,Seasonal Naive
13,10,386714.87,3035.055462786261,2582.5906249999985,2777.3675000000003,Naive Forecast
13,11,245799.51000000004,1307.3127528625953,1351.3568749999997,2819.001875,Historical Mean
13,12,99630.63,397.8992986641226,564.5656249999995,1060.4006249999998,Historical Mean
13,13,618490.7599999999,5886.040438931297,3340.2487499999997,3222.6524999999992,Seasonal Naive
13,14,305296.09,2502.315625,2788.8606249999993,4491.063749999999,Historical Mean
13,16,148200.99,10492.105453244278,12517.320625,1521.7375,Seasonal Naive
13,17,201254.69999999995,1765.2636641221377,2330.3512499999997,1808.2300000000005,Historical Mean
13,18,169631.67,14486.331704892966,14208.542500000001,3318.468333333333,Seasonal Naive
13,19,37896.579999999994,1140.0464885496183,422.41750000000013,1568.075,Naive Forecast
13,20,101194.43000000001,1672.414375,1707.7706249999997,1946.4912499999996,Historical Mean
13,21,96688.08000000002,1020.085209923664,1084.39875,484.81562500000007,Seasonal Naive
13,22,200452.06000000006,1454.924370229007,1429.715,2478.7699999999995,Naive Forecast
13,23,353723.39999999997,2854.9849999999997,2920.1187500000005,5710.176874999999,Historical Mean
13,24,151346.63999999998,4918.6156011450375,4344.6975,5890.56375,Naive Forecast
13,25,187355.01,2288.0700906488555,3671.9693750000006,3478.448750000001,Historical Mean
13,26,156699.4,1399.1555057251908,2097.33,1459.1212500000001,Historical Mean
13,27,35897.32,509.9217461832061,942.9725000000002,1006.6475000000003,Historical Mean
13,28,14669.94,563.9323759541985,412.07500000000005,195.15125,Seasonal Naive
13,29,72634.81000000001,452.49236164122135,756.5081249999996,878.33625,Historical Mean
13,30,51778.05000000001,402.47187499999995,411.7581249999999,642.996875,Historical Mean
13,31,69041.13,2656.301569656489,2103.793125,2734.103124999999,Naive Forecast
13,32,114358.76,826.5259160305338,1625.4049999999995,1478.3043749999995,Historical Mean
13,33,155382.51,4046.9957490458014,3401.6656250000005,4384.3625,Naive Forecast
13,34,240450.19999999998,2155.4517652671757,3141.3450000000003,5325.368750000001,Historical Mean
13,35,34082.05,977.6672948473283,624.880625,624.0324999999999,Seasonal Naive
13,36,9438.92,1930.7407061068707,469.30750000000006,2651.2443750000007,Naive Forecast
13,37,41432.5,149.5575,404.15375,183.806875,Historical Mean
13,38,1072342.64,5429.805038167937,6163.256250000002,7134.055625,Historical Mean
13,40,961142.19,2886.386521946566,2229.1743750000023,5544.53125,Naive Forecast
13,41,45888.130000000005,1433.832523854962,1822.136875,1121.873125,Seasonal Naive
13,42,99912.23000000001,654.067123091603,475.30562500000013,455.16625000000005,Seasonal Naive
13,44,121892.74,932.170095419847,839.065,695.0025000000002,Seasonal Naive
13,45,215.04000000000002,10.923765060240964,13.447500000000002,16.651852409638554,Historical Mean
13,46,470112.37000000005,2221.724394083968,5107.819374999999,2914.7918749999985,Historical Mean
13,47,0.0,256.7711111111111,20.0,256.7711111111111,Naive Forecast
13,48,13933.0,604.1332395833334,980.0,581.5993333333333,Seasonal Naive
13,49,105566.11,1748.2239360687017,3797.4356250000005,1904.8443749999997,Historical Mean
13,50,24629.5,510.5780057251909,505.03125,625.28125,Naive Forecast
13,52,46460.94,910.9163740458016,1278.47875,931.5549999999998,Historical Mean
13,54,349.34000000000003,96.73438759689923,21.537333333333336,43.535999999999994,Naive Forecast
13,55,155031.11000000002,7964.996483778628,2294.064375000001,1954.8662499999998,Seasonal Naive
13,56,28604.92,4769.327290076336,287.90374999999995,654.3499999999999,Naive Forecast
13,58,132512.97,4143.155892175572,2777.060625,3184.75,Naive Forecast
13,59,4366.66,1044.3306965648856,88.41375000000002,186.94000000000003,Naive Forecast
13,60,10241.4,107.2642175572519,112.4625,141.7375,Historical Mean
13,67,170443.47999999998,2510.882080152671,831.6750000000002,1384.2274999999995,Naive Forecast
13,71,109638.56000000001,1152.7869942748089,1678.1725000000001,1060.5462500000003,Seasonal Naive
13,72,818115.15,9869.479623091605,4117.305624999997,7056.706249999997,Naive Forecast
13,74,395820.95,6347.121235687025,4999.2456250000005,3779.1618750000025,Seasonal Naive
13,79,632507.65,4438.975577290077,8512.294375,4535.7193750000015,Historical Mean
13,80,232975.61000000002,880.249041030534,767.4468749999996,1574.4587500000002,Naive Forecast
13,81,419881.2,2766.2661354961842,1727.2349999999992,1707.340624999998,Seasonal Naive
13,82,383333.82,1747.8463263358774,1773.0587499999995,2779.7881249999996,Historical Mean
13,83,52415.06000000001,731.7586736641226,281.77875,305.8450000000001,Naive Forecast
13,85,48124.61,974.8115314885504,915.7868750000004,669.3625000000001,Seasonal Naive
13,87,231766.47999999998,4521.436488549619,612.6999999999996,2413.3093749999994,Naive Forecast
13,90,1496179.7,10409.94474236641,6490.440000000002,4582.099374999999,Seasonal Naive
13,91,996457.9999999999,3118.0472519083896,2779.7599999999993,3153.6037499999984,Naive Forecast
13,92,2130761.2399999998,18135.222919847314,8408.631249999991,14694.877499999997,Naive Forecast
13,93,635798.14,4615.410038167942,2938.670000000001,2146.675625,Seasonal Naive
13,94,929998.04,2324.458530534347,9197.42,4073.843750000001,Historical Mean
13,95,1733157.58,11936.876145038168,9801.365000000009,7074.983125000001,Seasonal Naive
13,96,120366.93999999999,1262.9783206106865,792.1750000000001,518.6506249999998,Seasonal Naive
13,97,362376.71,3366.881044847329,1232.8456250000002,1803.121875,Naive Forecast
13,98,178025.77000000002,1395.776722328244,1249.2468749999998,735.8568750000001,Seasonal Naive
13,99,1700.08,781.6398190045248,146.87230769230771,324.5462443438914,Naive Forecast
14,1,283934.83999999997,11203.498492366412,4248.3,3512.50625,Seasonal Naive
14,2,769427.5900000001,12921.907800572522,4905.929375,15184.352499999997,Naive Forecast
14,3,342647.55,28712.56511927481,25498.903125,7456.55,Seasonal Naive
14,4,516914.33999999997,8870.452395038166,4227.809999999999,10248.396875000002,Naive Forecast
14,5,286342.26,10755.573272900763,9384.40375,3721.633125,Seasonal Naive
14,6,44014.77,3720.0890887404585,627.2218749999998,1564.595625,Naive Forecast
14,7,409627.23,21623.773964694654,4910.083124999999,8048.4506249999995,Naive Forecast
14,8,536687.46,9134.833864503817,2232.5387500000006,11067.845000000001,Naive Forecast
14,9,194028.26,6490.493740458014,3849.5474999999997,5339.4106249999995,Naive Forecast
14,10,186313.15000000002,5088.39915553435,1702.5706250000003,5046.487499999999,Naive Forecast
14,11,180930.29,4730.466579198473,3524.588125,3035.40625,Seasonal Naive
14,12,56501.590000000004,812.3731822519085,285.7143750000001,862.3318749999999,Naive Forecast
14,13,628035.99,6669.130472328246,3124.233125000002,11693.219374999997,Naive Forecast
14,14,226763.2,5421.071469465651,2031.22875,3964.2975,Naive Forecast
14,16,125340.73000000001,19899.97861164122,12023.129374999999,3963.4862500000004,Seasonal Naive
14,17,232818.6,3015.1942366412222,3464.197500000002,2321.815625,Seasonal Naive
14,18,107306.95,11175.905806818182,6755.634375,2796.5309602272728,Seasonal Naive
14,19,22332.660000000003,860.1564599236641,216.52374999999995,718.9568750000002,Naive Forecast
14,20,107701.25,2157.402533396947,1601.819375,1666.070625,Naive Forecast
14,21,81099.12999999999,1961.1048711832066,528.464375,1554.3987500000003,Naive Forecast
14,22,183806.00999999998,3031.284747137405,2693.190625,2187.4818750000004,Seasonal Naive
14,23,346480.76999999996,6076.685291030539,4952.349375000001,4887.82875,Seasonal Naive
14,24,110896.95999999999,3634.981564885496,4551.14875,2523.9718749999993,Seasonal Naive
14,25,139106.97,2506.1224093511446,2414.2268750000003,3674.5081250000003,Naive Forecast
14,26,137614.66999999998,2218.9567318702293,4246.774375,1441.26625,Seasonal Naive
14,27,26996.27,410.9923998091603,940.534375,464.83874999999995,Historical Mean
14,28,11681.369999999999,520.7778101145037,403.50312500000007,117.08562500000006,Seasonal Naive
14,29,89693.42,2300.5284828244285,787.58125,1185.303125,Naive Forecast
14,30,58324.439999999995,1723.190209923664,798.4950000000001,1336.3637500000002,Naive Forecast
14,31,53408.28999999999,3116.413697519084,3049.3068749999993,1926.3793750000002,Seasonal Naive
14,32,98438.99999999999,4891.4802862595425,878.6949999999997,2218.7575,Naive Forecast
14,33,118564.15000000001,3127.835739503816,3548.4956249999996,2746.239375,Seasonal Naive
14,34,251978.68,3947.5648091603043,1480.49125,1721.4893749999997,Naive Forecast
14,35,38928.5,1051.9667461832062,590.1437500000001,1085.3125,Naive Forecast
14,36,14630.460000000003,2443.3803721374043,715.6400000000001,548.410625,Seasonal Naive
14,38,993446.52,24925.03772900763,8358.122500000001,20804.011875,Naive Forecast
14,40,802708.4800000002,14882.482041984731,19387.625,14944.215625,Historical Mean
14,41,49156.21,754.6137738549618,1019.3881250000001,1557.7968749999998,Historical Mean
14,42,77771.03,1417.066865458015,365.0768750000001,1742.2262499999997,Naive Forecast
14,44,55755.030000000006,1162.893888358779,540.6768749999999,792.850625,Naive Forecast
14,46,303442.78,7293.666097328243,2646.156249999998,2900.845,Naive Forecast
14,49,138933.41,1421.473354007633,1629.365625,1590.8937500000002,Historical Mean
14,50,21348.0,660.5914122137403,770.625,362.3125,Seasonal Naive
14,51,50.5,27.14663942798774,4.409090909090909,17.73922369765066,Naive Forecast
14,52,23345.0,452.77197519083984,402.64500000000004,819.334375,Naive Forecast
14,54,177.44,128.95536075036077,10.82909090909091,241.31090909090906,Naive Forecast
14,55,115696.73000000001,6523.361913167939,3098.571874999999,2944.2237500000006,Seasonal Naive
14,56,18789.46,4816.792814885497,462.82875,1033.14,Naive Forecast
14,58,174029.0,6122.306622137406,6958.8125,7627.09375,Historical Mean
14,59,2956.8999999999996,1209.3863454198472,44.94750000000001,230.56687499999995,Naive Forecast
14,60,3573.0,108.67677480916029,83.8125,70.88749999999999,Seasonal Naive
14,67,120987.55999999998,5046.054541984733,867.9324999999995,1114.063125,Naive Forecast
14,71,93800.79999999999,1833.486488549618,1577.1787499999998,1717.1318749999998,Naive Forecast
14,72,877184.61,22924.44676049619,13104.615624999997,17054.325000000004,Naive Forecast
14,74,240006.31999999998,4989.2455152671755,3647.397499999999,6778.86875,Naive Forecast
14,79,378422.23,5198.791779580153,3517.4293749999997,3875.393125,Naive Forecast
14,80,358244.06000000006,5389.856116412213,1985.4537500000008,8471.112499999997,Naive Forecast
14,81,382677.43,7859.197972328246,3002.751875,9777.42625,Naive Forecast
14,82,271579.93,4357.05241889313,2943.7643750000007,5157.77125,Naive Forecast
14,83,103371.35999999999,1975.4811068702288,1652.2237499999999,1402.51125,Seasonal Naive
14,85,21962.019999999997,508.07142175572517,294.25249999999994,438.4312500000002,Naive Forecast
14,87,215985.52999999997,1756.5501574427483,1671.5706250000003,2335.8975,Naive Forecast
14,90,1087497.36,14985.961221374047,6779.1475,22636.23125,Naive Forecast
14,91,891591.5,15002.017395038172,7446.226249999999,14602.738125000002,Naive Forecast
14,92,1864360.45,24325.984985687028,17103.374375000007,30236.085,Naive Forecast
14,93,596250.22,10483.035734732828,6205.068749999998,14864.456875000002,Naive Forecast
14,94,605203.86,14542.812967557256,2066.77875,12535.210625000003,Naive Forecast
14,95,1381439.9900000002,27863.11228530533,9067.063125,30874.78375000001,Naive Forecast
14,96,11.37,4.226,8.709999999999999,4.226,Historical Mean
14,97,251796.19,4484.132323473284,3229.480625,5656.333125,Naive Forecast
14,98,168090.57,3754.3932681297715,1331.6318750000003,3835.68375,Naive Forecast
14,99,2230.5699999999997,631.2894523809524,312.43916666666667,320.62711904761903,Naive Forecast
15,1,144651.11,3526.4146230916035,2623.6543749999996,741.815625,Seasonal Naive
15,2,296348.44,2262.174561068701,2632.1624999999995,2057.6693750000004,Seasonal Naive
15,3,200102.44999999998,12469.561703244275,11260.524375,1282.256250000001,Seasonal Naive
15,4,160010.7,1115.7832919847326,1215.1875000000005,516.2799999999999,Seasonal Naive
15,5,148434.6,5260.235295801526,4077.8449999999993,1972.2556250000002,Seasonal Naive
15,6,26684.72,2361.1851526717555,761.3612499999999,1099.9624999999999,Naive Forecast
15,7,189470.96000000005,7185.119713740454,1202.9887500000004,1716.3625,Naive Forecast
15,8,246183.25000000003,409.8443082061058,932.3468749999997,559.0962499999994,Historical Mean
15,9,199470.29,2367.864708969466,6436.385624999998,2195.5387500000006,Seasonal Naive
15,10,129066.98999999999,959.7897471374046,401.4356250000002,884.7299999999999,Naive Forecast
15,11,127016.88,3599.7017557251907,3518.829999999999,1161.11625,Seasonal Naive
15,12,45800.86,617.7941889312978,681.4762500000002,308.5318750000001,Seasonal Naive
15,13,226066.48,1293.8726240458016,1629.1700000000003,888.8887500000008,Seasonal Naive
15,14,124564.43000000001,2989.34272423664,957.1356250000002,1255.675625,Naive Forecast
15,16,94288.57,6837.198516221373,8851.481875000001,827.9712499999999,Seasonal Naive
15,17,130283.53,995.4559017175568,834.5868749999997,1201.4300000000003,Naive Forecast
15,18,23700.46,5017.281428571429,1694.76,356.8971428571429,Seasonal Naive
15,19,12839.119999999999,182.70982824427477,386.22499999999997,156.980625,Seasonal Naive
15,20,49846.960000000014,485.60875,582.1012499999997,289.34000000000026,Seasonal Naive
15,21,34037.77,310.2660734732822,226.1306250000001,410.5937500000001,Naive Forecast
15,22,99510.84,632.7339599236641,831.3912500000002,1112.716875,Historical Mean
15,23,228215.55,2703.5370944656515,1829.5568750000007,2304.174375000001,Naive Forecast
15,24,68295.27,2123.40510019084,2749.094375,1198.8062500000003,Seasonal Naive
15,25,98865.58,1173.9104484732825,1927.00875,976.8931249999996,Seasonal Naive
15,26,60133.950000000004,1039.528897900763,2068.671875,1137.5299999999997,Historical Mean
15,27,17540.460000000003,200.4401526717558,249.01124999999996,209.11499999999995,Historical Mean
15,28,7151.28,239.35845419847328,291.04499999999996,82.526875,Seasonal Naive
15,29,48199.23,690.1297089694662,855.2506249999997,729.22875,Historical Mean
15,30,31609.2,680.8902290076334,764.9599999999999,610.2475,Seasonal Naive
15,31,33412.65,1168.0089456106875,1333.609375,873.2000000000003,Seasonal Naive
15,32,47783.79999999999,1183.0243511450385,487.67125000000004,444.08187499999997,Seasonal Naive
15,33,64078.17999999999,1779.6591603053432,2289.3537499999998,843.8993750000002,Seasonal Naive
15,34,133948.87,3147.311674618321,1293.3143749999997,1937.2593749999999,Naive Forecast
15,35,24608.38,695.606421755725,364.11499999999995,751.2612499999999,Naive Forecast
15,36,11404.31,619.3903578244274,816.614375,358.74749999999995,Seasonal Naive
15,38,580754.09,7034.199546755727,8160.941874999997,5824.651874999998,Seasonal Naive
15,40,363940.72,1121.7050095419847,960.1075000000003,1209.3406249999994,Naive Forecast
15,41,26793.649999999994,1140.9752146946566,946.1006250000002,688.379375,Seasonal Naive
15,42,45268.62999999999,296.7716459923665,301.56937500000004,394.4324999999999,Historical Mean
15,44,42240.96000000001,271.53712786259536,411.34375000000017,411.799375,Historical Mean
15,46,128747.12,1817.92447519084,1460.4537500000006,1079.2306250000001,Seasonal Naive
15,49,126951.55000000002,1637.5668750000002,1650.8981250000002,1662.7768750000002,Historical Mean
15,50,29574.5,300.9636545801525,594.78125,787.40625,Historical Mean
15,52,16443.879999999997,224.94393129771,589.09,224.29562500000003,Seasonal Naive
15,54,138.56,28.17856565656566,22.36888888888889,19.35276767676768,Seasonal Naive
15,55,45928.85999999999,3206.247452290076,678.6924999999999,955.1143750000001,Naive Forecast
15,56,26988.749999999996,1237.7195372137405,1487.8481249999998,365.3499999999999,Seasonal Naive
15,58,6570.0,482.20392156862744,949.6666666666666,468.643137254902,Seasonal Naive
15,59,1295.3300000000002,253.26183683206105,36.61687499999999,75.199375,Naive Forecast
15,60,1196.0,51.125,51.125,70.89999999999999,Historical Mean
15,67,57490.619999999995,1737.9676431297712,523.0350000000001,300.31937500000004,Seasonal Naive
15,71,48722.31,578.2118750000001,1072.0043749999995,705.1743750000003,Historical Mean
15,72,380441.87,12005.456140267175,3110.463125,6128.680000000001,Naive Forecast
15,74,165859.29,2294.10580629771,2288.920624999999,854.6862499999997,Seasonal Naive
15,79,94831.20000000001,573.7479293893127,505.29999999999984,722.7949999999996,Naive Forecast
15,80,712.46,23.559133858267714,21.65,44.32,Naive Forecast
15,81,50667.59,283.889651717557,327.0081250000001,299.72375,Historical Mean
15,82,117346.31999999999,919.8751335877856,444.1812500000002,798.3856250000002,Naive Forecast
15,83,2651.4800000000005,125.34730916030534,59.92,76.54250000000002,Naive Forecast
15,85,35189.83,512.7136307251911,363.14562500000005,614.484375,Naive Forecast
15,87,123558.58000000002,1849.341736641221,1274.8587499999999,2013.083125,Naive Forecast
15,90,62774.95,182.31529103053424,336.5518750000001,278.9025000000001,Historical Mean
15,91,40409.89,172.3832299618321,351.25437500000015,352.7981250000001,Historical Mean
15,92,232320.11,1545.3640410305352,1679.2218750000015,1397.3974999999996,Seasonal Naive
15,93,4703.719999999999,100.53361641221373,109.595,72.08125000000001,Seasonal Naive
15,94,294.35,274.89821396993807,23.79615384615385,211.25687002652518,Naive Forecast
15,95,318436.9,2120.4647996183207,2830.866249999999,641.6231250000005,Seasonal Naive
15,96,41501.119999999995,856.8370801526719,1237.78125,758.0118749999999,Seasonal Naive
15,97,18978.77,526.449489503817,521.1843750000003,311.32687500000003,Seasonal Naive
15,98,4495.669999999999,112.49386217948717,140.296875,119.50187499999998,Historical Mean
16,1,117733.94999999998,1964.1284017175576,1029.738125,1890.3987499999998,Naive Forecast
16,2,265820.67,2118.51133110687,4960.858125000002,2314.0631250000006,Historical Mean
16,3,101371.66999999998,2151.0173520992366,2334.4343750000003,1566.4368750000003,Seasonal Naive
16,4,177053.75,917.7504055343513,2575.485625,1008.7437500000001,Historical Mean
16,5,135668.21,2704.075749045801,1326.6418750000005,1650.2587500000004,Naive Forecast
16,6,51785.719999999994,889.3492461832059,1266.7150000000001,831.091875,Seasonal Naive
16,7,100070.49,3317.534203244275,2045.7156250000005,602.4918750000004,Seasonal Naive
16,8,171143.93,693.8167604961832,432.2181249999994,777.9406249999997,Naive Forecast
16,9,587497.1799999999,30751.1209351145,26460.51,8212.783125,Seasonal Naive
16,10,151917.25999999998,1074.2196374045798,1171.9037499999997,1753.4924999999998,Historical Mean
16,11,148168.56,1411.1341221374048,1303.73875,978.2056250000002,Seasonal Naive
16,12,57265.91,699.9991364503819,849.0231249999997,432.0925000000002,Seasonal Naive
16,13,187493.03000000003,1328.627810114503,3246.9931249999995,643.2937499999996,Seasonal Naive
16,14,94836.16999999998,995.6985066793891,1119.2493749999994,1457.82625,Historical Mean
16,16,67322.23,4213.977953244276,3357.2268749999994,1490.5581250000002,Seasonal Naive
16,17,96665.04000000001,933.1329484732828,384.32375000000025,600.1018750000001,Naive Forecast
16,18,30175.71,2862.6905008210183,2162.113571428571,793.6013218390806,Seasonal Naive
16,19,16943.34,405.17521946564887,328.1962500000001,704.5112499999999,Naive Forecast
16,20,41928.770000000004,377.2018654580153,1125.3693750000002,442.5125000000001,Historical Mean
16,21,36017.119999999995,713.934389312977,651.2950000000001,777.645625,Naive Forecast
16,22,85314.14,1000.6348091603054,1099.0187499999997,1057.5475,Historical Mean
16,23,137425.79,1033.518325381679,1093.995625,1312.4499999999998,Historical Mean
16,24,26818.999999999996,423.4001240458015,382.56500000000005,425.48812499999997,Naive Forecast
16,25,61308.149999999994,498.4656249999999,498.4656249999999,745.7531249999996,Historical Mean
16,26,22461.09,295.45587309160305,267.25937500000003,594.21,Naive Forecast
16,27,9296.93,82.8736784351145,68.29062499999999,130.87875,Naive Forecast
16,28,2832.0999999999995,103.01769083969467,74.0225,63.51812500000001,Seasonal Naive
16,29,18086.98,173.80620229007638,256.03000000000003,200.91500000000002,Historical Mean
16,30,14710.56,282.1730343511451,817.7,158.95812499999997,Seasonal Naive
16,31,10728.36,403.4415839694658,381.04749999999996,426.420625,Naive Forecast
16,32,45921.93000000001,1068.4897948473285,1329.0718749999996,718.9156249999999,Seasonal Naive
16,33,27739.35,363.0435639312977,536.231875,314.38750000000005,Seasonal Naive
16,34,57882.450000000004,395.05151240458025,459.9831249999998,516.99125,Historical Mean
16,35,1017.68,561.8570229007634,104.16999999999999,670.9074999999999,Naive Forecast
16,36,11865.060000000001,924.6749332061069,196.63625000000002,804.0093750000001,Naive Forecast
16,38,549675.04,8185.197977099236,11510.979999999998,9490.720000000001,Historical Mean
16,40,352562.56999999995,2540.1264265267164,4426.083125000003,2574.7100000000005,Historical Mean
16,41,11775.33,623.8530963740457,1182.991875,766.4256250000001,Historical Mean
16,42,50701.83000000001,656.9085353053433,261.796875,398.3668749999998,Naive Forecast
16,44,53635.579999999994,609.2426812977101,627.0200000000001,672.169375,Historical Mean
16,45,88.08,9.893225806451614,13.565000000000001,7.8375,Seasonal Naive
16,46,131732.78,3510.650944656488,3917.22375,2059.0587499999992,Seasonal Naive
16,47,0.0,99.58352941176472,375.0,99.58352941176472,Historical Mean
16,48,8576.0,543.9655172413792,455.8666666666667,543.9655172413792,Naive Forecast
16,49,58.28,37.41368421052632,7.546666666666667,61.70666666666667,Naive Forecast
16,52,18257.21,255.3133062977099,167.265625,513.8006250000001,Naive Forecast
16,54,252.76,54.09004807692308,17.596923076923076,33.848173076923075,Naive Forecast
16,55,58819.619999999995,2520.6876049618318,628.2012500000001,1525.820625,Naive Forecast
16,56,16782.51,5070.160663461539,521.543125,379.8775,Seasonal Naive
16,58,6640.0,914.435294117647,816.0,914.435294117647,Naive Forecast
16,59,79.80000000000001,102.47853211009176,1.5700000000000003,33.349633027522934,Naive Forecast
16,60,1233.0,44.20515625,42.1875,38.56375,Seasonal Naive
16,67,36004.020000000004,516.2629675572517,341.75874999999985,375.27250000000004,Naive Forecast
16,71,29424.389999999996,368.7335734732824,358.4806249999999,521.24,Naive Forecast
16,72,348021.75,3622.8394608778663,4728.153124999997,3168.167499999999,Seasonal Naive
16,74,121843.20999999998,602.3642986641219,1777.4893749999994,1561.2599999999998,Historical Mean
16,79,59462.11000000001,740.1311020992366,1388.595625,776.891875,Historical Mean
16,80,7362.28,335.38355932203393,149.71500000000003,504.2199999999999,Naive Forecast
16,81,45587.81,177.72292461832063,1481.6343750000005,508.0881249999999,Historical Mean
16,82,107630.93,635.7977146946565,1740.8943749999996,981.5606250000001,Historical Mean
16,83,2519.52,68.05088888888889,45.7375,63.356527777777785,Naive Forecast
16,85,23761.850000000002,777.2679246183205,403.69312499999995,695.5581250000002,Naive Forecast
16,87,146241.5,2891.561517175573,1141.82625,2308.9006249999998,Naive Forecast
16,90,97223.70999999999,1421.4508635496184,2572.9756249999996,1820.3525,Historical Mean
16,91,69739.94,2792.3661927480916,2190.3962499999993,3568.8012500000004,Naive Forecast
16,92,290526.45,4195.037266221372,6246.659375,3255.9075000000007,Seasonal Naive
16,93,10786.73,126.17865277777776,133.63937499999997,102.61437499999997,Seasonal Naive
16,94,4523.290000000001,578.9130459770115,678.6764285714287,523.3130459770116,Seasonal Naive
16,95,371699.88999999996,4654.097695610689,10514.561874999998,3195.124375000001,Seasonal Naive
16,96,1641.5300000000002,42.80778148854963,149.30937499999996,166.98874999999998,Historical Mean
16,97,32789.26,712.86554389313,1062.7912499999998,690.3875,Seasonal Naive
16,98,686.9899999999999,27.751201923076923,28.996875000000003,19.14701923076923,Seasonal Naive
17,1,270098.48000000004,6029.219646946565,4722.3949999999995,1364.796875000001,Seasonal Naive
17,2,546118.0900000001,11014.208163167943,13644.798125000005,2148.685625000004,Seasonal Naive
17,3,357332.98,18032.546622137404,16909.4975,2210.4693749999997,Seasonal Naive
17,4,323590.23,8687.005873091603,8088.678124999999,2040.804375,Seasonal Naive
17,5,285965.83,6230.915653625953,9949.891875,4508.461875000001,Seasonal Naive
17,6,52731.259999999995,1640.3005916030536,781.18375,772.2068749999999,Seasonal Naive
17,7,183294.27,4269.386665076335,3167.6081249999997,1630.1718749999993,Seasonal Naive
17,8,251479.54,1050.3872614503819,1576.9287499999994,1408.7268750000014,Historical Mean
17,9,359263.93,4656.387342557253,7775.366874999999,3160.324375,Seasonal Naive
17,10,182416.51,1309.751369274809,1000.8968749999999,1152.6143749999999,Naive Forecast
17,11,185422.58,5061.664971374047,4973.1137499999995,1129.3968750000008,Seasonal Naive
17,12,108409.09,1906.6545276717557,689.4456249999998,877.3475,Naive Forecast
17,13,339180.93000000005,9966.215720419848,10154.775625000002,1711.8368750000002,Seasonal Naive
17,14,190520.75,8898.88136927481,9344.175625,2375.1499999999996,Seasonal Naive
17,16,57702.73,7443.947991412214,10081.421875,1771.8918749999998,Seasonal Naive
17,17,130379.11,3568.494460877863,4375.373125,988.2531249999995,Seasonal Naive
17,18,65491.759999999995,4611.302184873949,9353.715714285714,1717.858571428572,Seasonal Naive
17,19,53139.090000000004,2106.04169370229,1488.4006250000002,1398.1618749999998,Seasonal Naive
17,20,62717.91999999999,5022.047356870229,5143.451250000001,1055.7575000000004,Seasonal Naive
17,21,45974.81,372.75602576335837,671.5381250000004,286.8793750000001,Seasonal Naive
17,22,104527.29,6466.454613549617,6757.251874999998,1232.348749999999,Seasonal Naive
17,23,178602.93,1925.6540601145039,1372.7556250000005,1692.6681250000001,Naive Forecast
17,24,68582.17,1444.8648520992365,1838.0293749999996,1003.2356249999997,Seasonal Naive
17,25,66179.98000000001,634.7490553435116,774.8137499999998,1200.8937500000002,Historical Mean
17,26,106546.04,1334.9169370229001,2592.0074999999997,1219.6518749999998,Seasonal Naive
17,27,19241.530000000002,387.82017652671755,535.716875,266.49625,Seasonal Naive
17,28,12144.09,564.9728196564886,270.021875,275.166875,Naive Forecast
17,29,30953.82,191.45033396946576,468.9587499999998,258.0206249999999,Historical Mean
17,30,31482.41,330.24129293893145,269.43187499999993,393.303125,Naive Forecast
17,31,24055.29,463.4903864503816,529.250625,1119.8787499999999,Historical Mean
17,32,71157.31,714.370815839695,815.568125,884.7062500000001,Historical Mean
17,33,73756.26000000001,1138.7408778625952,1653.2199999999998,665.1787499999998,Seasonal Naive
17,34,139769.2,3434.253263358779,1632.5975000000003,3718.5456249999997,Naive Forecast
17,35,14992.86,314.78555343511454,139.09375000000006,625.2481250000001,Naive Forecast
17,36,7126.369999999999,1361.853840648855,464.90812500000004,3084.179375,Naive Forecast
17,38,992602.64,6266.6799999999985,9650.918749999995,6147.12625,Seasonal Naive
17,40,613274.94,7626.027814885497,9519.97375,4895.509999999998,Seasonal Naive
17,41,751.3900000000001,36.45959239130435,43.989374999999995,54.149375000000006,Historical Mean
17,42,52729.899999999994,538.7094465648852,370.2175,646.9775,Naive Forecast
17,44,86411.7,1505.2162309160306,1198.39125,417.7337499999998,Seasonal Naive
17,45,239.01000000000002,16.914525462962963,16.926666666666666,16.911192129629633,Seasonal Naive
17,46,320498.39999999997,3079.5860019083966,4207.5599999999995,1687.2093749999988,Seasonal Naive
17,48,33456.0,1425.7179651162792,1390.25,1850.625,Naive Forecast
17,49,397.93999999999994,20.880217391304345,19.415000000000003,68.18376811594202,Naive Forecast
17,51,0.0,19.148536585365854,3.36,19.148536585365854,Naive Forecast
17,52,36971.75,695.8303578244277,603.6006249999999,709.5406250000001,Naive Forecast
17,54,243.04000000000002,39.88735111662531,62.78769230769231,29.872276674937968,Seasonal Naive
17,55,89453.61,3817.479346374046,1610.8706250000002,1264.8525000000002,Seasonal Naive
17,56,9305.94,3739.5158683206105,302.29375,246.48062500000006,Seasonal Naive
17,58,16830.0,455.92582031250004,834.375,932.1875,Historical Mean
17,59,4533.330000000001,298.28279103053444,89.984375,123.22375000000001,Naive Forecast
17,60,4815.0,116.38311068702289,114.1875,96.16250000000001,Seasonal Naive
17,67,81855.85,1408.2686402671761,817.9143750000001,506.29937499999977,Seasonal Naive
17,71,49015.21,2167.00546278626,2181.231875,922.8662499999999,Seasonal Naive
17,72,608241.08,14869.350171755723,16937.129999999997,7113.199999999999,Seasonal Naive
17,74,227788.88999999998,11846.359126908395,12775.754375,1399.2699999999986,Seasonal Naive
17,79,316464.89999999997,1451.0148759541978,1739.958749999999,2164.9868749999996,Historical Mean
17,80,11423.81,189.72025286259532,101.43687499999999,192.609375,Naive Forecast
17,81,179456.26,3633.629904580152,3833.84875,1211.7687499999993,Seasonal Naive
17,82,225485.11000000004,2540.7683826335906,1730.9343750000003,2441.6331250000003,Naive Forecast
17,83,6609.780000000001,97.28455152671756,111.88124999999997,107.02062500000001,Historical Mean
17,85,43634.799999999996,715.7002480916036,318.3825000000001,390.0418750000001,Naive Forecast
17,87,200465.08,5495.071717557252,1514.2162500000009,3324.6550000000007,Naive Forecast
17,90,449461.11,10750.839231870232,12151.969374999999,3860.4212500000012,Seasonal Naive
17,91,165958.26,2841.9468797709915,2512.90875,1618.0987499999992,Seasonal Naive
17,92,803652.73,25896.737285305342,26350.185624999995,10270.314375,Seasonal Naive
17,93,51613.990000000005,1498.1603673664122,1498.309375,558.6793749999999,Seasonal Naive
17,94,8703.55,890.6056613756615,1241.9557142857143,691.9114285714287,Seasonal Naive
17,95,676778.64,8423.273454198476,4746.4075,6769.435625000002,Naive Forecast
17,96,11531.859999999999,167.77489583333326,319.84874999999994,167.77489583333326,Historical Mean
17,97,110837.36000000002,2293.719217557252,1545.5275000000001,632.8812499999995,Seasonal Naive
17,98,3440.29,145.52218473451325,149.679375,177.638125,Historical Mean
17,99,2.29,12881.36905606027,12881.36905606027,12881.36905606027,Historical Mean
18,1,209495.12,7064.931803435114,3192.42625,2087.4425,Seasonal Naive
18,2,733010.75,4741.773125,5860.506874999997,4625.691250000001,Seasonal Naive
18,3,330012.70999999996,15804.509804389312,14474.974375000002,5854.75,Seasonal Naive
18,4,337943.79000000004,2128.810405534351,1526.1931249999996,2875.435625,Naive Forecast
18,5,215023.91,5738.151999045802,3823.4556250000005,3393.404375,Seasonal Naive
18,6,35729.61,2984.9606727099235,1589.749375,1031.850625,Seasonal Naive
18,7,274184.88,11168.419083969467,3542.1974999999984,3965.293125,Naive Forecast
18,8,366324.6,1577.2598854961789,1474.0700000000006,2283.0731250000003,Naive Forecast
18,9,165604.19,5503.3484303435125,4259.396875,3940.2981250000003,Seasonal Naive
18,10,184446.72999999998,1352.7573902671745,1775.1881249999992,1660.9156250000003,Historical Mean
18,11,185568.41,6621.859184160305,1321.399375,1830.9387499999996,Naive Forecast
18,12,42686.65,395.8892795801527,437.71312499999993,632.6268749999999,Historical Mean
18,13,527891.58,3268.1987977099225,3436.7387499999977,2999.3187499999995,Seasonal Naive
18,14,236628.09000000003,2638.1889646946556,2041.7331250000002,2790.8081249999996,Naive Forecast
18,16,112850.15000000001,6393.381693702291,4100.240625,2107.00125,Seasonal Naive
18,17,165984.07,1592.42935591603,3259.4693749999997,2887.5318749999997,Historical Mean
18,18,72166.88,8137.330164473683,4517.30625,996.3356414473685,Seasonal Naive
18,19,26253.05,690.9196040076336,253.91062500000004,554.805,Naive Forecast
18,20,85341.03,1235.0153769083959,999.2556249999996,1245.8081250000002,Naive Forecast
18,21,47528.41,1068.5062261450378,507.21187500000025,401.77062499999994,Seasonal Naive
18,22,185403.16999999995,1193.0719036259538,1152.6068749999995,2049.414375,Naive Forecast
18,23,407523.3800000001,4443.2958683206125,5127.946249999999,3207.531875,Seasonal Naive
18,24,113142.07,1774.8678864503818,2197.729375,1280.0443749999995,Seasonal Naive
18,25,195111.11,1428.8017127862595,3384.643125,2155.2824999999993,Historical Mean
18,26,127325.12,1751.9931106870224,3223.2700000000004,2064.8149999999996,Historical Mean
18,27,31398.940000000006,374.08707061068714,759.6737500000002,508.090625,Historical Mean
18,28,13866.649999999998,478.6095276717558,439.35187500000006,196.55062500000003,Seasonal Naive
18,29,125809.13999999998,1091.8671660305345,962.0224999999998,1181.6181249999995,Naive Forecast
18,30,67043.51000000001,682.7845181297707,610.591875,950.9856249999998,Naive Forecast
18,31,33043.41,1173.1141173664125,804.0306250000001,2184.9893750000006,Naive Forecast
18,32,80668.27,2929.497476145038,602.1418749999996,1225.0081249999998,Naive Forecast
18,33,115256.18000000001,1703.1420324427477,1734.02875,1357.9212500000003,Seasonal Naive
18,34,227857.7,2562.8142748091595,2018.446249999999,3052.1425,Naive Forecast
18,35,42814.77,415.90760019083973,642.6193749999999,475.7768749999999,Historical Mean
18,36,18545.68,1051.8252767175575,1188.6599999999999,455.146875,Seasonal Naive
18,38,714260.73,6411.9428291984805,3503.1418750000003,9325.325,Naive Forecast
18,40,706233.63,2836.9737547709938,1575.5406250000024,3524.861874999998,Naive Forecast
18,41,5566.83,314.77219942748087,149.836875,287.34000000000003,Naive Forecast
18,42,85232.96999999999,569.4496612595419,872.3631249999999,777.3306249999999,Historical Mean
18,44,58393.71,811.954375,658.874375,826.674375,Naive Forecast
18,46,250938.45999999996,5088.326269083969,2085.59,2457.9737500000006,Naive Forecast
18,47,272.0,88.0,88.0,88.0,Historical Mean
18,49,126386.59,2225.2044417938932,2418.2868749999993,2110.795625,Seasonal Naive
18,50,16388.0,477.1068925233644,330.25,800.25,Naive Forecast
18,52,26203.880000000005,853.1114026717557,476.33250000000015,544.8362500000001,Naive Forecast
18,54,220.52000000000004,121.61443636363637,101.04363636363637,69.57916363636363,Seasonal Naive
18,55,76717.36000000002,4183.891335877863,805.0212499999998,1135.0387500000002,Naive Forecast
18,56,23903.45,3153.708458969466,935.340625,1074.3425,Naive Forecast
18,58,53860.0,1926.9030916030533,2540.0,2552.65625,Historical Mean
18,59,2479.26,871.1655248091604,63.6525,73.069375,Naive Forecast
18,60,2025.0,31.723815789473683,34.3125,55.925,Historical Mean
18,67,62822.05999999999,3046.0682729007635,628.9949999999999,365.13749999999993,Seasonal Naive
18,71,79199.09,1162.8782299618324,1544.1031249999996,936.1350000000002,Seasonal Naive
18,72,602408.14,15101.963005725192,6465.166250000002,6349.671875,Seasonal Naive
18,74,275024.74,3613.7862404580155,3473.215000000001,3423.955,Seasonal Naive
18,79,269401.49,1780.4525524809164,2298.1443750000003,2450.6293750000004,Historical Mean
18,80,7761.799999999999,311.9967857142857,87.41499999999998,424.9725,Naive Forecast
18,81,162680.19999999998,2151.0606679389302,1188.3212500000004,5387.4437499999985,Naive Forecast
18,82,179306.56,2810.9039217557256,2554.8237500000005,2562.3956249999997,Naive Forecast
18,83,25308.070000000007,924.9554319105691,451.37687500000004,986.8719766260164,Naive Forecast
18,85,22448.97,407.1512070610688,388.76812499999994,839.7949999999998,Naive Forecast
18,87,244546.25,2224.1740505725174,1308.8318750000008,3566.965,Naive Forecast
18,90,308696.77,8257.235605916032,1744.3931249999996,18236.998750000002,Naive Forecast
18,91,301534.32999999996,13886.621159351145,3857.4331250000005,20567.82,Naive Forecast
18,92,841904.4099999999,24110.339270038174,6067.454374999999,24063.32625,Naive Forecast
18,93,48296.4,2647.974032258065,1251.1575,2545.1221471774193,Naive Forecast
18,94,95394.75,3615.2291185897443,694.7931250000004,3990.4298717948723,Naive Forecast
18,95,709000.51,5094.266102099235,4700.411874999998,12384.870625,Naive Forecast
18,96,17.59,7.227651515151514,5.804166666666667,7.227651515151514,Naive Forecast
18,97,92455.97,2941.9034202755897,1159.6031249999996,3721.343272637795,Naive Forecast
18,98,22406.949999999997,1152.375657051282,231.65687500000007,1168.271810897436,Naive Forecast
19,1,221658.66999999998,5831.390357824429,2768.4518749999997,855.7624999999997,Seasonal Naive
19,2,610733.7100000001,3695.5217414122144,3759.0356250000004,1948.6756250000003,Seasonal Naive
19,3,381795.46,26445.0163740458,24376.6225,2944.094374999999,Seasonal Naive
19,4,379725.61,3047.696092557251,2945.2193749999997,2309.277500000001,Seasonal Naive
19,5,271679.94,7678.583406488549,8089.90625,2621.676875,Seasonal Naive
19,6,51086.01,2103.728802480917,782.6681250000001,1477.0024999999998,Naive Forecast
19,7,303889.38,10284.826402671753,4420.782499999999,2721.7287499999993,Seasonal Naive
19,8,514614.53,896.0907776717572,3285.8093749999994,1607.2987499999995,Historical Mean
19,9,520984.86,13213.202070610689,11611.673749999998,4436.331250000001,Seasonal Naive
19,10,334280.70999999996,2597.4393750000004,2730.3881250000004,2664.265625000001,Historical Mean
19,11,218897.34999999998,5595.829546755725,3475.3668749999997,2416.8993750000004,Seasonal Naive
19,12,78998.26,876.0493702290076,1021.5900000000003,819.7281250000002,Seasonal Naive
19,13,424284.5,2927.7248854961817,2529.7874999999995,1835.0062500000017,Seasonal Naive
19,14,209837.09000000003,1882.8457490458022,3041.721874999999,1743.4849999999994,Seasonal Naive
19,16,178558.72,12549.328740458011,13136.485,2081.8368749999995,Seasonal Naive
19,17,218798.23,1882.6256249999992,2920.624374999999,1009.446250000001,Seasonal Naive
19,18,84639.95,7744.993952779893,6531.739230769231,6021.719512566641,Seasonal Naive
19,20,78867.79999999999,1144.936316793893,1099.7050000000002,357.73062500000015,Seasonal Naive
19,21,78087.33,636.7438311068709,763.0231249999999,489.21937500000007,Seasonal Naive
19,22,160085.91999999998,1763.364608778626,1708.4475,976.7937500000004,Seasonal Naive
19,23,337536.07,1646.2102242366407,4002.518124999999,2366.604375,Historical Mean
19,24,81734.19000000002,2565.36008110687,3701.0493750000005,827.0918749999998,Seasonal Naive
19,25,150576.11,1229.202800572519,3320.1093749999995,1706.0793749999998,Historical Mean
19,26,101630.38,959.2528244274808,1707.03,1048.065,Historical Mean
19,27,27703.309999999998,280.49614026717563,902.5118750000001,266.4631250000001,Seasonal Naive
19,28,9832.02,374.97152671755725,341.32124999999996,136.45062500000003,Seasonal Naive
19,29,66743.38,443.87525763358775,457.0499999999999,679.9112500000002,Historical Mean
19,30,47763.65,1149.1710830152676,1079.493125,387.595,Seasonal Naive
19,31,47624.15999999999,2085.450935114504,2156.4625000000005,450.66250000000014,Seasonal Naive
19,32,73581.44,1462.838759541985,766.8912499999999,653.6931249999999,Seasonal Naive
19,33,84927.18999999999,2039.4240887404585,2865.273125000001,1314.3106249999996,Seasonal Naive
19,34,197845.06000000003,1608.0620324427482,1694.4212499999994,1043.2625000000003,Seasonal Naive
19,35,36730.12000000001,553.6603435114506,458.3612500000001,563.92875,Naive Forecast
19,36,13096.770000000002,1118.712142175573,926.560625,630.02125,Seasonal Naive
19,37,32248.309999999998,541.7596708015268,455.484375,410.7924999999999,Seasonal Naive
19,38,844873.4100000001,8738.315004770995,6256.370625000003,6930.802500000002,Naive Forecast
19,39,137.07999999999998,20408.932098210593,20408.932098210593,20408.932098210593,Historical Mean
19,40,648147.8300000001,1604.7107872137399,1968.089375,1663.9837499999994,Historical Mean
19,41,54333.34,1928.1081583969465,2162.9562499999997,1625.9499999999996,Seasonal Naive
19,42,81703.65999999999,532.5784446564887,940.5612499999997,545.2456250000001,Historical Mean
19,44,66427.32999999999,698.5134685114504,509.59687500000024,544.9950000000001,Naive Forecast
19,46,228455.31000000006,1522.0914074427478,1429.493125,963.8475000000003,Seasonal Naive
19,47,448.0,193.5079365079365,499.6666666666667,193.5079365079365,Historical Mean
19,49,70183.88,993.7652576335877,1816.1587499999996,956.579375,Seasonal Naive
19,50,13411.0,211.9636627906977,338.125,308.875,Historical Mean
19,52,17847.620000000003,240.25351145038178,316.02625,220.76812499999994,Seasonal Naive
19,54,303.4,65.0920189701897,57.77,28.349999999999994,Seasonal Naive
19,55,112037.70999999999,5313.962819656489,3295.3718749999994,1938.5218750000004,Seasonal Naive
19,56,32968.44,2923.386812977099,1025.8375,472.5256250000001,Seasonal Naive
19,58,70775.0,3253.601622137404,1131.5625,3988.4375,Naive Forecast
19,59,2992.4700000000003,497.29928912213734,74.56187500000001,215.584375,Naive Forecast
19,60,5832.0,72.33835877862596,76.5,101.59999999999998,Historical Mean
19,67,132991.31999999998,3240.882519083969,835.56875,703.7262500000004,Seasonal Naive
19,71,77909.73000000001,1595.7708158396943,1711.4956249999998,1492.7450000000001,Seasonal Naive
19,72,791582.2499999999,9183.440281488547,9565.239375,5650.361875000002,Seasonal Naive
19,74,249308.94999999998,3985.3121230916017,4009.9306250000013,1658.919375,Seasonal Naive
19,79,226848.94,2647.5105248091595,1150.9162499999998,1791.4537499999997,Naive Forecast
19,80,256411.43999999997,1037.436164122137,1934.8650000000014,1920.4487499999998,Historical Mean
19,81,261583.50999999998,1323.3540982824427,2008.3456249999992,1428.728125000001,Historical Mean
19,82,261001.16999999998,1386.0591937022903,1548.6381250000006,1497.6318750000003,Historical Mean
19,83,43549.19,534.4077910305344,441.69937500000003,207.7968750000001,Seasonal Naive
19,85,53366.82000000001,471.86018129770923,1027.41625,546.5831249999999,Historical Mean
19,87,251785.12999999998,4569.067876908395,1531.3006250000003,4388.842500000001,Naive Forecast
19,90,792628.11,3469.5806250000005,7675.296875000002,6203.006249999996,Historical Mean
19,91,600395.04,4280.181154580154,4166.26,5460.486249999998,Naive Forecast
19,92,1388260.54,6431.053883587784,9346.196250000008,6377.168750000002,Seasonal Naive
19,93,439352.79,4037.2559685114493,4028.4056249999994,2300.8125000000014,Seasonal Naive
19,94,395401.4900000001,4427.292104007636,1853.8331249999997,2981.0524999999993,Naive Forecast
19,95,1142290.4400000002,8187.851717557251,8366.641249999999,3788.572500000002,Seasonal Naive
19,96,200083.69,3031.917504770992,2865.655625,812.6331249999995,Seasonal Naive
19,97,232380.69999999995,2638.14626908397,2567.8575,1565.834999999999,Seasonal Naive
19,98,140557.71999999997,1558.5218416030536,676.9075000000005,1230.8481249999995,Naive Forecast
19,99,1080.12,499.6063221153846,111.51076923076923,384.6976682692308,Naive Forecast
20,1,427113.54,7819.238998091604,6949.115000000002,1945.1368749999992,Seasonal Naive
20,2,938752.56,4496.7691793893155,8503.259999999998,2168.640000000004,Seasonal Naive
20,3,246374.24000000005,8018.970982824428,11491.4225,1470.0900000000006,Seasonal Naive
20,4,623769.4299999999,2842.332084923665,3787.6781249999995,2163.555000000001,Seasonal Naive
20,5,389079.39,12344.006207061073,7006.149374999999,4972.920624999999,Seasonal Naive
20,6,73374.6,2465.841164122138,837.9125,1190.749375,Naive Forecast
20,7,559511.91,13842.332180343514,12202.621875,9454.749375,Seasonal Naive
20,8,984568.98,6373.060200381684,7618.72875,4374.563749999999,Seasonal Naive
20,9,502969.02999999997,4915.309126908393,3375.308125,3501.549375000001,Naive Forecast
20,10,530381.7,3044.153482824424,2352.423750000001,2289.7862499999987,Seasonal Naive
20,11,243187.96,6447.107910305342,1602.2424999999994,2336.88375,Naive Forecast
20,12,98251.25000000001,579.0409685114508,480.6356250000004,816.1387500000002,Naive Forecast
20,13,703484.85,3835.314460877861,4248.495624999998,1794.5743749999974,Seasonal Naive
20,14,254674.08,3272.886221374045,775.5262500000006,1554.5943749999992,Naive Forecast
20,16,146339.76,15232.776679389313,16725.635000000002,1237.1981249999994,Seasonal Naive
20,17,221699.56000000003,1056.4887881679397,2530.821249999999,617.2043749999992,Seasonal Naive
20,18,111141.78,8024.936161504424,8105.173749999999,3116.444375,Seasonal Naive
20,19,0.0,173.4045,0.97,27.75,Naive Forecast
20,20,73532.59,935.0484303435115,2070.2506249999997,510.2693749999999,Seasonal Naive
20,21,144421.14,1514.1062309160293,633.9349999999993,744.9349999999995,Naive Forecast
20,22,167518.3,808.0425000000002,1360.3487499999997,1793.586875,Historical Mean
20,23,423291.97,4298.186569656489,4677.420625000001,3394.8781249999984,Seasonal Naive
20,24,115810.0,2538.5528244274806,3660.1124999999993,2249.6668749999994,Seasonal Naive
20,25,197519.5,2069.5931583969445,1134.0525000000002,2420.29125,Naive Forecast
20,26,166576.56999999998,1421.3027051526715,3729.4206249999997,1625.90375,Historical Mean
20,27,30734.42,442.01887404580157,427.76874999999995,343.2668749999999,Seasonal Naive
20,28,10136.43,342.46945133587803,305.13687500000003,187.901875,Seasonal Naive
20,29,95703.01000000001,1016.1734112595424,1038.890625,985.9837499999998,Seasonal Naive
20,30,61067.759999999995,1241.8933396946566,1285.5075000000002,428.43937500000027,Seasonal Naive
20,31,52094.22000000001,1033.6720419847327,1225.9774999999997,876.5675,Seasonal Naive
20,32,138193.5,2373.0926240458016,2432.79125,1127.966875,Seasonal Naive
20,33,122423.09,2237.265729961832,2940.2543749999986,1442.008125,Seasonal Naive
20,34,241689.92,2569.5011545801526,5133.782500000001,1429.7081249999994,Seasonal Naive
20,35,62564.45,995.2315696564883,2006.936875,1350.5762500000005,Historical Mean
20,36,17868.1,2284.607757633588,661.38875,533.168125,Seasonal Naive
20,37,52145.159999999996,304.83718511450365,302.44875,305.6806249999999,Naive Forecast
20,38,1373402.04,9037.945963740458,14214.112500000012,15649.830625000004,Historical Mean
20,40,1056275.74,2876.658559160308,2312.4312500000005,2492.843749999998,Naive Forecast
20,41,112377.65000000002,4051.3174379770994,4160.318125,2119.8418749999996,Seasonal Naive
20,42,113873.12,531.8293225190828,287.48500000000035,417.5318749999999,Naive Forecast
20,44,103784.04999999999,759.3429818702289,1696.170625,820.56125,Historical Mean
20,46,362532.92999999993,3925.863687977103,3836.144374999999,832.8143750000006,Seasonal Naive
20,47,38.0,83.03407407407407,12.666666666666666,83.03407407407407,Naive Forecast
20,48,42099.99,2091.0335911016946,2040.8756250000001,2182.4375,Naive Forecast
20,49,250732.66,3462.571164122138,4307.132500000001,3382.9350000000004,Seasonal Naive
20,50,32587.530000000002,909.5529818702289,956.2043749999998,703.38625,Seasonal Naive
20,52,36774.65,522.3692604961832,1376.7806249999999,439.35625,Seasonal Naive
20,54,411.32,196.18933478735002,34.07142857142858,89.35000000000001,Naive Forecast
20,55,155162.30000000002,7759.246421755724,3779.37,2430.9143750000003,Seasonal Naive
20,56,28329.350000000002,3081.104041030534,1295.9556249999998,814.133125,Seasonal Naive
20,58,63385.0,1390.425048076923,947.1875,1489.0625,Naive Forecast
20,59,5500.34,1336.2041125954197,51.8775,123.32000000000002,Naive Forecast
20,60,6966.0,71.15486641221375,102.375,71.82499999999999,Historical Mean
20,67,170763.46,3720.4361164122133,1085.52125,565.161875,Seasonal Naive
20,71,83971.09999999999,1360.8778625954194,1439.1062500000003,812.5343749999998,Seasonal Naive
20,72,941090.2400000001,19437.877958015262,19555.295,14702.144375000003,Seasonal Naive
20,74,264713.07999999996,2613.831431297709,2525.508749999999,1517.8831249999996,Seasonal Naive
20,77,0.0,419.46375,14.96,419.46375,Naive Forecast
20,79,450112.64,4446.620209923665,4699.9125,4541.278125000001,Historical Mean
20,80,499515.1100000001,2070.040119274808,1089.370624999999,2001.1037500000011,Naive Forecast
20,81,438547.95000000007,4043.6278864503865,1366.7343749999995,1680.3925000000008,Naive Forecast
20,82,363626.01000000007,1366.671207061069,1268.0643749999997,2793.823125,Naive Forecast
20,83,62091.229999999996,537.1221898854963,657.9468750000002,330.4693750000001,Seasonal Naive
20,85,55137.7,681.8393606870235,488.5037500000001,568.0281249999998,Naive Forecast
20,87,606757.5,9069.225515267173,17687.362499999996,8600.296250000001,Seasonal Naive
20,90,1163185.9900000002,4032.5790219465653,5603.426874999996,4517.578750000003,Historical Mean
20,91,925995.2399999999,5183.43998091603,5539.472499999999,1539.798749999999,Seasonal Naive
20,92,2096131.1300000001,13979.18114026718,11100.298125000007,7346.73875,Seasonal Naive
20,93,652598.82,5920.832423664122,5835.740000000001,2302.9693749999997,Seasonal Naive
20,94,728966.4099999999,2557.3222853053467,3223.1568749999988,2065.833125,Seasonal Naive
20,95,1835204.76,7619.466526717561,6118.164999999995,4558.566249999993,Seasonal Naive
20,96,74.87,19.4882,73.473,19.4882,Historical Mean
20,97,315203.92,2153.1411832061067,2061.5412499999993,1106.603125,Seasonal Naive
20,98,236308.27,843.7187833969467,1578.0043749999993,1057.9675,Historical Mean
20,99,1080.9099999999999,886.6429230769229,89.00692307692307,428.95307692307694,Naive Forecast
21,1,146798.56000000003,3711.428520992366,2309.6400000000003,1666.775625,Seasonal Naive
21,2,556100.4,3442.6621087786266,3549.843749999997,2526.9731249999995,Seasonal Naive
21,3,314842.56,15862.16849236641,14087.849999999999,8861.336874999999,Seasonal Naive
21,4,223169.21999999997,1859.612748091605,1751.97,1301.2874999999992,Seasonal Naive
21,5,147709.47,4585.267705152669,1814.685625,1820.9093749999997,Naive Forecast
21,6,24343.750000000004,2138.5773616412216,323.68312499999996,803.513125,Naive Forecast
21,7,204673.98,8665.93502862595,1759.8349999999998,2004.7012500000005,Naive Forecast
21,8,188269.65999999997,2849.2150286259553,748.2187500000003,1320.1406250000005,Naive Forecast
21,9,175733.58000000002,2125.5755057251927,1005.8787500000003,1599.0625000000005,Naive Forecast
21,10,160964.09000000003,1784.6735448473275,2273.9193749999995,2652.11125,Historical Mean
21,11,126820.78,2670.5843034351165,6599.9712500000005,1092.6325000000006,Seasonal Naive
21,12,33187.159999999996,174.15530534351132,354.48999999999984,190.643125,Historical Mean
21,13,323773.86,1997.3644465648854,1432.969999999999,1034.0762499999998,Seasonal Naive
21,14,146784.43,4463.010071564887,920.4243749999997,786.645,Seasonal Naive
21,16,42981.630000000005,2485.971312022901,2600.0606250000005,646.088125,Seasonal Naive
21,17,69470.14,1483.5549522900765,383.88874999999996,497.4450000000001,Naive Forecast
21,18,39350.14,5540.618313069908,2810.5814285714287,1713.344376899696,Seasonal Naive
21,19,21241.11,358.32141698473276,312.27187500000014,173.56812499999998,Seasonal Naive
21,20,54209.77,1021.0221898854966,1235.9231249999998,444.98874999999987,Seasonal Naive
21,21,35533.88,189.63611641221374,253.25499999999985,256.4012499999999,Historical Mean
21,22,80087.95,1885.2091937022908,1460.0818750000003,806.0787499999999,Seasonal Naive
21,23,411168.75,5813.9550333969455,6144.613125000001,3772.618750000001,Seasonal Naive
21,24,153583.08000000002,3786.390687022901,4127.1925,3588.7175000000007,Seasonal Naive
21,25,197092.86000000002,3234.461774809159,2183.2900000000004,1597.655,Seasonal Naive
21,26,118206.91999999998,2462.6625000000004,2031.3174999999999,1830.8349999999998,Seasonal Naive
21,27,18727.85,459.7995467557253,356.57562499999995,306.84374999999994,Seasonal Naive
21,28,6027.589999999999,284.8468082061069,116.76437499999999,102.85937500000003,Seasonal Naive
21,29,54070.780000000006,741.0467938931295,653.2812500000002,382.6875000000001,Seasonal Naive
21,30,49830.42999999999,561.5273139312978,470.23062500000015,376.921875,Seasonal Naive
21,31,61506.6,1615.6764599236644,2054.51375,1179.4662500000002,Seasonal Naive
21,32,63366.700000000004,2003.1856011450382,347.7162500000002,986.8149999999998,Naive Forecast
21,33,121175.51,2736.993907442748,2826.154375,1801.275,Seasonal Naive
21,34,210702.84999999998,1702.3692509541972,1171.5968750000004,2577.1243749999994,Naive Forecast
21,35,25044.050000000003,825.5100047709922,412.274375,410.11749999999995,Seasonal Naive
21,36,10526.119999999999,1392.4759351145035,411.1975,239.4975,Seasonal Naive
21,38,370732.08,10115.376125954203,6864.5824999999995,9237.685625000002,Naive Forecast
21,40,449045.02,2778.2682633587774,1087.3874999999998,1704.770625,Naive Forecast
21,41,30607.739999999994,805.9935496183207,1079.3812500000001,1330.9675,Historical Mean
21,42,63699.92,637.3417938931294,593.74,819.8399999999997,Naive Forecast
21,44,51711.130000000005,527.5221135496186,752.2168750000001,414.41562500000003,Seasonal Naive
21,46,205389.55,2421.445453244277,3593.6281249999997,971.9093750000006,Seasonal Naive
21,47,42.0,47.776111111111106,42.0,47.776111111111106,Naive Forecast
21,49,120192.08,1923.8014694656486,1583.265,2083.3612500000004,Naive Forecast
21,52,26424.899999999994,741.4812690839697,369.9575000000001,817.8893750000002,Naive Forecast
21,54,250.16000000000003,111.2126153846154,67.46,35.01333333333334,Seasonal Naive
21,55,65381.079999999994,3058.935362595419,308.5799999999999,1537.78375,Naive Forecast
21,56,10159.1,705.4878721374045,532.8725,220.348125,Seasonal Naive
21,58,9485.0,511.9141865214432,696.1538461538462,785.7781211708646,Historical Mean
21,59,2769.2799999999997,495.6528435114504,85.23875,120.614375,Naive Forecast
21,60,2088.0,44.1904958677686,101.25,64.45,Historical Mean
21,67,46518.36,1588.585076335878,572.8687499999999,383.26374999999996,Seasonal Naive
21,71,48229.55,1772.490625,1990.0106250000003,1082.1143749999999,Seasonal Naive
21,72,397066.1,10760.68090648855,4254.2537500000035,7004.203125,Naive Forecast
21,74,122686.21,1818.5863406488547,1040.5518749999999,906.3787499999997,Seasonal Naive
21,79,231174.61999999997,4022.8185400763373,1607.9087500000005,3976.80875,Naive Forecast
21,80,321.96000000000004,30.373280098280098,25.018181818181816,25.49829238329238,Naive Forecast
21,81,71717.70999999999,737.2667414122138,252.1481249999997,871.098125,Naive Forecast
21,82,164967.87000000002,2242.952018129771,1344.553125,1877.2193750000001,Naive Forecast
21,83,1766.7799999999997,67.41611641221374,55.961249999999986,55.303749999999994,Seasonal Naive
21,85,10700.39,712.939155534351,626.7631250000001,495.97875,Seasonal Naive
21,87,77033.06000000001,1421.4607824427476,1587.6850000000004,1401.4875,Seasonal Naive
21,90,130495.02,344.31795801526846,580.1324999999997,396.8631250000001,Historical Mean
21,91,80102.72,429.84042938931276,687.2612500000002,436.8531249999999,Historical Mean
21,92,295523.02999999997,2686.0889551526684,907.1806250000006,1704.2331250000004,Naive Forecast
21,93,7633.39,100.49412690839698,113.75937500000003,58.155625,Seasonal Naive
21,94,1754.2099999999998,424.0746053946053,128.71363636363637,315.4677022977023,Naive Forecast
21,95,472441.09,2361.972953244276,5482.036874999998,2349.5518749999997,Seasonal Naive
21,97,38941.54,110.30151717557246,216.13125000000005,129.51312500000014,Historical Mean
21,98,897.76,45.491238317757,56.8,69.04791471962616,Historical Mean
21,99,59.76,11355.403244814224,11355.403244814224,11355.403244814224,Historical Mean
22,1,211500.48,8162.569312977102,5117.3637499999995,2192.135,Seasonal Naive
22,2,653483.0100000001,2952.8716078244265,2903.080625000001,3295.354375000001,Naive Forecast
22,3,273584.78,15493.321011450382,14077.48875,3651.465625000001,Seasonal Naive
22,4,412154.1499999999,3154.3695849236656,2040.6593750000004,2819.0550000000003,Naive Forecast
22,5,224368.47000000003,6555.776416984732,5352.469375000001,2993.1506249999993,Seasonal Naive
22,6,38022.28999999999,2561.8888788167937,1662.4043750000005,1158.93125,Seasonal Naive
22,7,239360.8,10610.859427480915,2369.2399999999993,3353.600624999999,Naive Forecast
22,8,457474.0,1620.0360496183202,1285.1499999999978,2120.5106250000003,Naive Forecast
22,9,268323.71,2192.665300572518,2055.928125,2842.5274999999992,Naive Forecast
22,10,215321.12000000005,1625.5649236641227,1061.066250000001,1118.7800000000007,Naive Forecast
22,11,126208.53000000001,4952.922752862596,1311.2668750000003,1954.9337500000001,Naive Forecast
22,12,42780.62999999999,237.1175524809158,235.76812499999986,443.36312499999985,Naive Forecast
22,13,483313.16000000003,3931.2471374045776,1858.5450000000005,1326.3387500000003,Seasonal Naive
22,14,186164.32000000004,2199.6838740458024,1061.9550000000004,1347.0800000000006,Naive Forecast
22,16,130685.67000000001,8616.696226145037,9495.458125000003,857.150625,Seasonal Naive
22,17,162558.68,1789.5702480916038,1165.3837500000002,1498.5937499999995,Naive Forecast
22,18,82940.9,8333.906396396396,5313.453750000001,1535.3620495495502,Seasonal Naive
22,19,15718.369999999997,404.46743055555555,342.44437499999987,413.2537500000001,Naive Forecast
22,20,76669.34,710.2561927480914,1001.8024999999998,520.81375,Seasonal Naive
22,21,56246.60999999999,876.3607108778624,339.2918749999999,843.514375,Naive Forecast
22,22,147019.87000000002,1416.7682013358778,1459.990625,2009.5881249999998,Historical Mean
22,23,342911.94,3601.168902671756,3090.83,3476.9675000000007,Naive Forecast
22,24,115865.63,1842.6131727099237,1950.538125,1872.3450000000003,Historical Mean
22,25,118744.12,785.8856011450379,1429.4774999999995,928.0356249999996,Historical Mean
22,26,117524.22000000002,1672.1749999999997,3297.7662499999997,1541.7531250000002,Seasonal Naive
22,27,25844.73,314.8504246183206,475.7206249999999,283.801875,Seasonal Naive
22,28,10138.759999999998,292.3485973282443,392.4425,143.58187500000003,Seasonal Naive
22,29,85510.04000000001,1038.911459923664,1084.8587500000003,590.74125,Seasonal Naive
22,30,53276.35999999999,638.3708396946565,1227.9024999999997,308.62500000000006,Seasonal Naive
22,31,47671.35999999999,1231.9847709923663,1425.2937499999998,1102.976875,Seasonal Naive
22,32,59010.55,1488.3413311068705,659.0418749999999,730.1381250000002,Naive Forecast
22,33,99723.49,1410.615014312977,1848.8181250000002,1005.6725000000001,Seasonal Naive
22,34,257380.18,1942.1620515267182,1752.2575000000002,2388.6868750000012,Naive Forecast
22,35,53370.380000000005,717.1173854961833,826.4825000000002,869.3731250000003,Historical Mean
22,36,20222.140000000003,943.1471851145037,802.66625,532.5675,Seasonal Naive
22,38,869602.86,5407.836793893126,5603.113750000001,7854.422499999996,Historical Mean
22,40,681214.87,2382.6126956106837,2155.461875000001,4456.025,Naive Forecast
22,41,11481.250000000002,375.28084446564895,606.171875,344.98625000000004,Seasonal Naive
22,42,92249.89,701.9921421755726,726.234375,561.0981250000001,Seasonal Naive
22,44,70911.71999999999,880.3747900763358,1081.11375,651.8237499999999,Seasonal Naive
22,46,241745.28999999998,2397.075854007633,2169.193125,1196.9081249999992,Seasonal Naive
22,47,0.0,60.27272727272727,78.0,60.27272727272727,Historical Mean
22,49,118.60999999999999,9.008645833333334,10.149166666666666,9.44640625,Historical Mean
22,52,26083.38,660.2287881679389,887.42375,530.3418750000002,Seasonal Naive
22,54,510.24,48.76420898437499,23.225000000000005,47.32375,Naive Forecast
22,55,77424.77999999998,5088.793311068702,942.6375,1704.44,Naive Forecast
22,56,26706.829999999994,2564.666167635659,1695.9606250000004,706.9562500000001,Seasonal Naive
22,58,39051.97,1458.7375384615384,1294.251875,2120.970625,Naive Forecast
22,59,2912.65,703.5756154580152,76.738125,118.390625,Naive Forecast
22,60,5130.0,51.19694656488548,56.25,144.5,Historical Mean
22,67,120612.91000000002,2401.353325381679,886.756875,908.2200000000004,Naive Forecast
22,71,56514.37999999999,1098.6876717557254,1099.6162499999998,1197.4943750000002,Historical Mean
22,72,693437.5,9926.276049618315,5230.24,7646.831874999998,Naive Forecast
22,74,220508.05,2249.1800524809164,3034.2656250000005,1494.5831249999997,Seasonal Naive
22,79,187430.13999999998,1159.1182251908403,1135.9725000000008,1953.3643749999994,Naive Forecast
22,80,18675.33,197.12010973282446,329.61187499999994,388.25624999999997,Historical Mean
22,81,139093.38,910.1704293893121,641.80875,1202.58375,Naive Forecast
22,82,225936.49,1270.2985925572516,1262.5143749999993,2571.094375,Naive Forecast
22,83,16744.24,160.15343511450382,362.88,383.634375,Historical Mean
22,85,33026.9,243.6152862595419,346.24375,479.3037499999999,Historical Mean
22,87,194215.21999999997,2598.862528625954,1812.9874999999993,2827.9893749999997,Naive Forecast
22,90,270580.56999999995,1683.9844036259535,1439.6831249999993,2035.7556249999996,Naive Forecast
22,91,252860.86,1149.6423282442756,2151.7937500000007,1468.879374999999,Historical Mean
22,92,667301.59,5459.746436068698,3514.4131250000014,6358.61375,Naive Forecast
22,93,37160.95,795.8886116412216,791.4968750000002,802.8181250000001,Naive Forecast
22,94,315.53,917.0430297619047,19.968666666666664,472.4413452380952,Naive Forecast
22,95,688695.95,3289.307132633587,3204.913125000003,3805.391874999998,Naive Forecast
22,96,23.15,3.3379999999999996,4.042,3.3379999999999996,Historical Mean
22,97,55925.49,363.97726622137395,400.9481250000001,384.4399999999998,Historical Mean
22,98,2280.02,69.68813976377952,117.37374999999999,93.92937500000001,Historical Mean
23,1,395411.32,7425.531078244274,6144.562500000001,2449.71,Seasonal Naive
23,2,929436.8700000001,8840.303936068702,8043.5531249999985,4170.8068749999975,Seasonal Naive
23,3,386589.11,15969.250052480915,17517.023125,2531.314374999999,Seasonal Naive
23,4,369730.45999999996,4364.3185019083985,2962.4787499999993,1148.4387500000005,Seasonal Naive
23,5,348348.01,9968.047771946565,9154.733125000002,5053.3362499999985,Seasonal Naive
23,6,60622.22,2619.00300572519,625.9875000000002,1518.59125,Naive Forecast
23,7,371932.99000000005,13450.652686068703,1689.3068749999995,3980.1987500000005,Naive Forecast
23,8,480275.93,4167.043029580159,1779.7418749999988,1915.46375,Naive Forecast
23,9,612043.8,3427.033559160306,8867.156249999998,4185.643750000001,Historical Mean
23,10,365539.83,923.6899570610683,1461.8481250000007,1228.0968750000009,Historical Mean
23,11,318031.12,6381.854274809164,5403.188749999999,3719.8287499999997,Seasonal Naive
23,12,67298.78,768.8868129770992,917.4549999999998,865.5143750000002,Historical Mean
23,13,515553.7200000001,6476.641870229009,5116.181249999997,1791.5506250000003,Seasonal Naive
23,14,429856.72,3589.5414980916034,4470.657499999999,2484.8375,Seasonal Naive
23,16,123796.68999999999,13689.82000477099,13819.726875,2057.5243749999995,Seasonal Naive
23,17,344530.04,2291.6276049618323,3653.7500000000014,2446.02625,Historical Mean
23,18,97327.35999999999,9693.179386363636,6137.64125,3765.1116420454546,Seasonal Naive
23,19,12630.929999999998,610.8166841603055,382.491875,456.5181250000001,Naive Forecast
23,20,154611.94999999998,2364.632361641222,2703.9268749999997,1260.4856249999996,Seasonal Naive
23,21,103241.20999999999,489.24687500000016,499.33687499999985,449.31562499999956,Seasonal Naive
23,22,326564.76,5971.3604007633585,3263.5750000000007,2464.7824999999993,Seasonal Naive
23,23,610707.1499999999,5290.635186068705,5731.533125000002,4852.191875000002,Seasonal Naive
23,24,158272.74000000002,2754.359914122137,2790.6812500000005,1609.0175000000004,Seasonal Naive
23,25,193328.19999999998,1117.9028816793893,2461.5937500000005,1198.78125,Historical Mean
23,26,179310.66,2813.428167938932,5300.9037499999995,1791.84375,Seasonal Naive
23,27,46447.95,845.0205677480915,1436.0743750000001,620.2381249999999,Seasonal Naive
23,28,12836.6,425.2552290076336,431.5000000000001,146.25874999999996,Seasonal Naive
23,29,138374.05,846.3717414122142,834.0056249999999,951.2512500000003,Naive Forecast
23,30,86229.22999999998,1685.5348043893136,2006.5343749999997,824.5987499999997,Seasonal Naive
23,31,70463.49,1466.0091937022898,1456.5456249999997,562.494375,Seasonal Naive
23,32,117456.05000000002,1799.0146421755728,1018.141875,1139.7637499999996,Naive Forecast
23,33,158670.13,2071.6065791984724,2830.833125,1534.1818749999998,Seasonal Naive
23,34,324886.09,1935.0357681297714,3273.581874999999,3556.3375000000005,Historical Mean
23,35,59144.08999999999,495.09233301526723,1873.1656249999996,733.9731250000001,Historical Mean
23,36,23477.57,2073.265863549618,882.140625,602.5537499999998,Seasonal Naive
23,38,561855.9400000001,4098.517958015265,3577.247499999999,2565.8993749999963,Seasonal Naive
23,40,796016.09,5393.0337166030495,4367.489375,4565.651250000001,Naive Forecast
23,41,22042.45,540.16294370229,468.18312499999996,504.260625,Naive Forecast
23,42,157922.55,1520.8581345419836,1539.5418750000003,386.14187500000014,Seasonal Naive
23,44,87987.59999999999,1431.843015267174,572.7924999999999,518.9299999999998,Seasonal Naive
23,45,31.410000000000004,30.355000000000008,13.47,22.11071428571429,Naive Forecast
23,46,415184.62000000005,3496.98711832061,4261.327499999998,1547.1681250000008,Seasonal Naive
23,49,323181.67,3142.4131249999996,3279.6393749999997,2352.6974999999993,Seasonal Naive
23,50,92820.0,1008.489312977099,1252.125,1300.625,Historical Mean
23,52,30721.2,632.9634446564886,577.67625,565.93625,Seasonal Naive
23,54,641.28,210.1393893129771,27.462500000000002,107.06125,Naive Forecast
23,55,113114.72000000002,7081.398702290076,2063.70375,2041.86625,Seasonal Naive
23,56,50578.880000000005,4247.529160305343,2713.2612499999996,1038.5200000000002,Seasonal Naive
23,58,54865.0,2043.3456496063,1293.4375,1575.3125,Naive Forecast
23,59,5600.04,1029.2250572519083,58.30875,133.54625,Naive Forecast
23,60,1548.0,26.199367088607595,45.525,30.725000000000005,Historical Mean
23,67,154467.27,1597.5551288167946,566.488125,885.6656250000003,Naive Forecast
23,71,170316.88999999998,3359.941073473283,3194.0143750000007,1496.2143749999996,Seasonal Naive
23,72,825850.69,9513.245691793893,6486.855624999998,10560.265625,Naive Forecast
23,74,542729.03,8897.283945610683,6901.293125000001,2910.871874999998,Seasonal Naive
23,79,347747.74,2217.8952385496186,2556.5600000000004,1868.40125,Seasonal Naive
23,80,19776.7,734.7200833333333,318.2287500000001,203.48000000000002,Seasonal Naive
23,81,107426.45999999999,535.4207156488545,459.5387499999998,657.89625,Naive Forecast
23,82,296617.01,2503.8943750000008,1514.9443749999996,3699.2374999999997,Naive Forecast
23,83,9428.279999999999,256.6364147286822,391.2325,284.130625,Historical Mean
23,85,58023.08,857.4111832061068,1147.21375,751.0924999999997,Seasonal Naive
23,87,449923.57999999996,6544.021688931298,2335.3675000000017,2771.275625,Naive Forecast
23,90,295477.14,4986.225429389312,1985.2675000000002,2227.54375,Naive Forecast
23,91,274353.11,4841.804489503815,3010.9318749999993,1676.3456249999997,Seasonal Naive
23,92,899021.9799999999,17826.33130725191,3770.729999999997,8228.04,Naive Forecast
23,93,30930.160000000003,857.6494961240307,865.4000000000002,616.83875,Seasonal Naive
23,94,2142.9799999999996,267.4766279069767,271.9633333333333,200.98666666666668,Seasonal Naive
23,95,704380.76,7133.12378816794,5373.525000000001,2221.533750000002,Seasonal Naive
23,96,190953.09,3240.581140267177,2373.876874999999,1038.0006250000001,Seasonal Naive
23,97,90255.22000000002,1750.2902385496186,1030.9462500000004,648.1187500000003,Seasonal Naive
23,98,1242.15,78.11104166666665,89.994375,69.27125,Seasonal Naive
24,1,206827.34000000003,3324.819265267174,2274.845,1581.7900000000002,Seasonal Naive
24,2,500274.54,3990.063759541984,6290.865,2169.2781250000003,Seasonal Naive
24,3,223833.37,14612.78002385496,12575.083125,2349.431874999999,Seasonal Naive
24,4,367309.42000000004,2335.033187022903,4780.26375,1805.9018749999998,Seasonal Naive
24,5,273591.73000000004,7743.615978053438,2194.0231249999997,3864.4343750000003,Naive Forecast
24,6,44657.9,1160.396927480916,1142.0499999999997,1466.3062499999996,Naive Forecast
24,7,274461.11,6600.86346851145,2070.9593749999985,2995.926874999999,Naive Forecast
24,8,634497.5599999999,4498.042729007637,1688.0899999999988,2587.3606249999993,Naive Forecast
24,9,344634.24999999994,6206.834976145037,3474.176875,6147.751875,Naive Forecast
24,10,328012.42000000004,1605.767805343512,1901.332500000001,2564.4025,Historical Mean
24,11,165031.03,4003.9775524809174,1275.6431249999996,2654.8868749999992,Naive Forecast
24,12,58089.59,773.370586832061,421.89937500000013,568.4168749999998,Naive Forecast
24,13,376069.22000000003,2939.086020992367,2010.9675,2328.9924999999994,Naive Forecast
24,14,199935.19999999998,1433.7462499999997,1433.7462499999997,1766.1837499999988,Historical Mean
24,16,123344.06999999998,10854.457552480917,11429.173125,630.9387499999993,Seasonal Naive
24,17,165190.52999999997,769.6729055343512,1461.5118750000001,1160.8412500000004,Historical Mean
24,18,63562.97,5460.601831521739,4229.124375,1555.6893695652177,Seasonal Naive
24,19,719.96,35.34128816793891,82.7375,39.95312499999999,Historical Mean
24,20,66716.18,814.3734732824429,2166.0962500000005,536.860625,Seasonal Naive
24,21,72351.15999999999,620.58,1080.7200000000005,462.60124999999977,Seasonal Naive
24,22,149577.57,1244.3987547709926,1816.3831249999998,1949.9825000000003,Historical Mean
24,23,330084.97000000003,3204.2056249999996,3204.2056249999996,4798.873124999998,Historical Mean
24,24,80637.61000000002,2918.2590314885497,3388.734375,912.5162500000001,Seasonal Naive
24,25,142347.13999999998,1819.3644465648854,2043.80375,1996.9306250000004,Historical Mean
24,26,100504.67,709.9051479007635,1917.2493750000003,1233.2975000000001,Historical Mean
24,27,22923.239999999998,343.2660973282443,580.3575000000001,321.4187499999999,Seasonal Naive
24,28,7545.620000000001,159.22931297709923,300.32124999999996,99.06562499999998,Seasonal Naive
24,29,62214.89,733.3548998091603,865.9718749999997,342.19374999999997,Seasonal Naive
24,30,43305.15,673.9976956106868,986.1693750000004,674.9331250000001,Historical Mean
24,31,35945.25,1577.5494704198472,1486.873125,236.90187500000005,Seasonal Naive
24,32,66041.32,1281.5189122137404,891.9937500000002,540.739375,Seasonal Naive
24,33,80053.25,2281.040176526718,2627.539375,1544.6631249999998,Seasonal Naive
24,34,193140.13999999996,1339.2439122137398,1699.2662500000015,1268.136249999999,Seasonal Naive
24,35,34396.22,596.6394179389312,961.5674999999999,691.5162499999999,Historical Mean
24,36,10322.779999999999,1246.204704198473,291.38,271.445,Seasonal Naive
24,37,37652.33,324.72602576335885,273.32937499999997,319.8975,Naive Forecast
24,38,681267.53,3708.1987929389334,6414.961875000002,14448.914999999997,Historical Mean
24,40,569621.0399999999,3016.863311068701,2884.637499999995,3504.7818750000015,Naive Forecast
24,41,20024.13,448.2861211832061,453.775625,594.27125,Historical Mean
24,42,75646.29000000001,706.1274188931297,602.743125,604.2962499999999,Naive Forecast
24,44,57133.96000000001,269.99846374045774,362.8425,413.60562499999986,Historical Mean
24,46,174648.03999999998,1612.6579484732827,1863.8112499999997,690.643125,Seasonal Naive
24,49,54279.45999999999,1085.5093320610686,838.6337499999998,1364.196875,Naive Forecast
24,50,11920.5,345.6901240458013,144.40625,421.84375,Naive Forecast
24,52,13526.730000000001,439.1379532442748,175.336875,695.0743749999999,Naive Forecast
24,54,169.64,78.57234666666666,35.112,35.120224,Naive Forecast
24,55,117779.04000000001,6839.633721374047,1512.4087500000003,2334.5143749999997,Naive Forecast
24,56,21406.85,2883.64796278626,985.1031249999999,1252.89,Naive Forecast
24,58,30590.0,659.4265277777779,1106.25,966.5901388888889,Historical Mean
24,59,2479.2200000000003,429.3486736641221,93.01624999999999,81.34750000000001,Seasonal Naive
24,60,1161.0,25.422095959595964,87.1875,33.199999999999996,Historical Mean
24,67,113807.89999999998,2129.8693034351136,768.9524999999998,760.9281250000004,Seasonal Naive
24,71,55594.759999999995,682.0750954198476,635.6125000000001,1443.914375,Naive Forecast
24,72,609540.89,9829.412934160307,3957.4906250000004,6648.092500000001,Naive Forecast
24,74,186133.27000000002,2116.7318750000004,3249.9806249999992,1875.6168749999997,Seasonal Naive
24,77,125.0,121.0,73.0,121.0,Naive Forecast
24,79,261025.77,1526.7256250000003,1614.159375,1663.1549999999997,Historical Mean
24,80,351122.14999999997,2227.1573425572506,1891.334375,1720.2343750000002,Seasonal Naive
24,81,308349.92,1949.1386354961828,1717.69375,1061.9562500000004,Seasonal Naive
24,82,235166.59000000003,1024.699708969466,2003.2806249999999,2413.810625,Historical Mean
24,83,51374.94,614.1762500000001,614.1762500000001,509.8562500000002,Seasonal Naive
24,85,20644.86,202.0047709923664,213.45125,200.60062499999998,Seasonal Naive
24,87,339530.42000000004,3582.820448473283,6579.971250000001,1587.3412499999995,Seasonal Naive
24,90,923160.39,6665.991083015271,5038.233124999999,4250.4281249999985,Seasonal Naive
24,91,629503.5100000001,5715.49191316794,5612.646875,2441.9400000000014,Seasonal Naive
24,92,1576504.3499999999,16153.117065839688,12779.046875,6792.296874999999,Seasonal Naive
24,93,512649.13,7623.8294990458,5927.136875000001,5471.922500000001,Seasonal Naive
24,94,601181.3200000001,3448.488396946564,8388.04375,2461.403125000002,Seasonal Naive
24,95,1156807.96,9447.28955152672,12430.190000000002,5620.716250000002,Seasonal Naive
24,96,165163.65,2594.099546755725,3479.9531249999995,1378.7606250000003,Seasonal Naive
24,97,239448.78999999998,2739.8440028625955,2479.8556249999997,1047.4131250000005,Seasonal Naive
24,98,124419.91,826.4816269083971,796.9506250000001,920.8187500000001,Naive Forecast
24,99,720.15,450.0716666666667,116.6475,236.67475,Naive Forecast
25,1,232490.37,5359.695653625956,3721.810624999999,1611.7987500000008,Seasonal Naive
25,2,453953.63999999996,2332.0961641221356,4656.769999999999,1524.3406250000007,Seasonal Naive
25,3,213648.06,8318.458931297711,9219.31875,4406.306874999999,Seasonal Naive
25,4,252154.35,762.7888501908399,1185.9981249999985,930.4775000000009,Historical Mean
25,5,120322.26000000001,3173.521440839695,1382.4524999999999,1529.0912499999995,Naive Forecast
25,6,26350.259999999995,1593.6803912213743,412.59875000000005,696.211875,Naive Forecast
25,7,167603.22,4210.193177480918,1609.53625,3089.849375,Naive Forecast
25,8,373205.62999999995,1177.7073139312977,731.7881250000003,1361.7175000000002,Naive Forecast
25,9,162117.27,1735.0755772900764,4027.8681249999986,1263.823125,Seasonal Naive
25,10,255010.98,1880.0667270992362,3412.0400000000013,1964.9868749999998,Historical Mean
25,11,120027.73999999999,1397.1531297709917,658.0712500000002,896.6549999999999,Naive Forecast
25,12,39164.81999999999,247.37195610687013,317.76874999999984,434.4124999999999,Historical Mean
25,13,319178.64,1583.4906106870226,1786.8912500000001,1050.0318749999992,Seasonal Naive
25,14,115468.57,1736.1490696564879,793.8343750000001,971.6356249999999,Naive Forecast
25,16,116007.12000000001,6650.486603053434,7620.144999999999,1271.1481250000006,Seasonal Naive
25,17,132539.08,850.1692175572522,2329.382499999999,1016.4887499999999,Historical Mean
25,18,58113.82,4830.613517699116,3711.2337500000003,1698.9568362831856,Seasonal Naive
25,20,41424.41,599.8432204198473,1653.5118750000006,382.308125,Seasonal Naive
25,21,57042.240000000005,415.22557251908415,396.31375,360.33812500000016,Seasonal Naive
25,22,72269.56999999999,737.8042032442748,349.35312500000003,465.14687500000036,Naive Forecast
25,23,190872.41999999998,1337.5087499999995,1444.2962499999996,1578.950625,Historical Mean
25,24,41558.73,526.2769036259541,637.239375,549.4975000000001,Historical Mean
25,25,83606.49,640.2533349236642,703.5543749999999,882.6818750000002,Historical Mean
25,26,51268.380000000005,519.6152767175574,1089.4624999999996,695.3449999999999,Historical Mean
25,27,13006.74,271.95330152671755,208.09374999999997,106.49187500000002,Seasonal Naive
25,28,7036.41,240.80720896946565,189.225625,85.76625,Seasonal Naive
25,29,43681.78999999999,375.1787833969467,648.8043749999999,631.8043749999999,Historical Mean
25,30,27302.01,357.45362118320605,454.82687499999986,363.43125,Historical Mean
25,31,21910.380000000005,313.7564790076335,346.78125000000006,378.77812500000016,Historical Mean
25,32,38669.98,845.6832919847327,267.6675,445.083125,Naive Forecast
25,33,35741.85,324.27289599236633,310.0543749999999,797.9237499999999,Naive Forecast
25,34,120272.94,1793.885019083969,3074.3762500000003,1369.9337500000001,Seasonal Naive
25,35,21147.470000000005,592.3348425572523,333.76312500000006,337.90874999999994,Naive Forecast
25,36,7933.35,770.5003578244274,268.40437499999996,226.94875000000002,Seasonal Naive
25,37,36668.73,332.48355438931304,324.151875,317.45312499999994,Seasonal Naive
25,38,499287.51999999996,3975.016898854962,2960.095000000001,5302.189375000004,Naive Forecast
25,40,530038.7,2511.022690839693,1144.922500000001,3643.005624999999,Naive Forecast
25,41,54932.41999999999,1702.7502194656488,2299.0462500000003,1107.645625,Seasonal Naive
25,42,69347.82999999999,552.2330963740459,474.6956250000001,462.0525,Seasonal Naive
25,44,44958.810000000005,473.5459971374047,403.93812499999996,365.77374999999995,Seasonal Naive
25,46,211280.84999999998,1736.196979961833,1937.1231250000003,948.2199999999992,Seasonal Naive
25,49,149138.35,2032.090500954199,2046.6506250000002,2306.083125,Historical Mean
25,50,27413.0,292.94417938931304,1095.6875,373.375,Historical Mean
25,52,17794.6,257.0475,257.04749999999996,417.8812499999999,Naive Forecast
25,54,92.47999999999999,33.47140594059406,16.136000000000003,29.043643564356437,Naive Forecast
25,55,46845.72,3387.4947137404574,432.33124999999995,1035.57375,Naive Forecast
25,56,25772.32,2320.622156488549,686.1625000000001,619.7750000000001,Seasonal Naive
25,58,6675.0,316.0238095238096,306.07142857142856,540.9761904761905,Naive Forecast
25,59,2283.0999999999995,411.178788167939,70.51374999999999,160.72,Naive Forecast
25,60,2538.0,80.69744318181819,72.0,93.45,Naive Forecast
25,67,87478.49999999999,1906.725572519084,849.2750000000001,490.77500000000003,Seasonal Naive
25,71,41867.97,500.21888835877877,666.5393750000001,660.353125,Historical Mean
25,72,393995.74,6399.839551526719,2415.847499999999,3868.1974999999993,Naive Forecast
25,74,148495.56,1479.108883587786,1408.8375,1243.065625,Seasonal Naive
25,79,100144.88,525.3080343511456,1358.2925,556.7881249999999,Historical Mean
25,80,6754.08,253.34360236220473,37.44249999999996,92.02249999999998,Naive Forecast
25,81,109028.94999999998,1046.941588740458,413.8068749999999,1467.8774999999998,Naive Forecast
25,82,130322.62999999999,618.7595562977099,1004.3656250000004,837.1849999999998,Historical Mean
25,83,2336.8599999999997,119.45430343511448,184.71124999999998,74.3325,Seasonal Naive
25,85,39140.21,411.66959446564874,378.6306249999999,304.1400000000001,Seasonal Naive
25,87,82342.31,928.6537929389316,707.036875,833.1599999999999,Naive Forecast
25,90,154108.03999999998,1022.9974141221377,1004.3612500000005,1039.9337499999997,Naive Forecast
25,91,99889.29,698.6838501908396,551.4118750000007,469.3593749999997,Seasonal Naive
25,92,528054.35,5188.3256727099215,1714.2168750000028,4071.0787499999997,Naive Forecast
25,93,11218.619999999999,274.71969465648846,249.83625,281.4575,Naive Forecast
25,94,59143.530000000006,2330.8548068181813,1181.2443749999998,1034.214375,Seasonal Naive
25,95,554978.74,2520.8918129770996,2886.696249999997,1930.6087499999985,Seasonal Naive
25,96,0.0,10319.873489925414,10319.873489925414,10319.873489925414,Historical Mean
25,97,35253.39,351.1065124045801,328.53437499999984,279.7199999999999,Seasonal Naive
25,98,16697.76,792.6906451612903,253.9549999999999,904.8418750000001,Naive Forecast
26,1,221096.79,1759.239880725191,2561.424375000001,1106.914375000001,Seasonal Naive
26,2,340699.75999999995,1771.429875954199,2418.2912499999984,1155.6968749999999,Seasonal Naive
26,3,123403.8,4560.131898854962,4207.22375,1058.7406250000001,Seasonal Naive
26,4,315082.46,2331.123272900765,3218.391249999998,618.6649999999995,Seasonal Naive
26,5,173887.97,4138.642771946566,2051.901875,3334.3187500000004,Naive Forecast
26,6,53850.2,851.3320610687024,855.5037499999999,1055.689375,Historical Mean
26,7,152919.62999999998,4234.8304914122145,1881.8156249999988,1363.9806249999997,Seasonal Naive
26,8,357724.54000000004,2525.7747805343506,2115.2974999999997,1859.12875,Seasonal Naive
26,9,226804.68,3587.945133587785,4114.134999999998,1682.8187500000004,Seasonal Naive
26,10,128036.81,1362.5140696564886,998.5481250000001,1088.1568750000001,Naive Forecast
26,11,147348.23,956.9622185114501,2208.9006249999993,1439.9531250000002,Historical Mean
26,12,63749.65000000001,1377.872542938931,852.338125,457.5231250000001,Seasonal Naive
26,13,275745.75,2295.932838740459,1879.7806250000003,1043.2431250000002,Seasonal Naive
26,14,128193.28,608.0612499999995,649.5849999999998,643.1143749999993,Historical Mean
26,16,87475.01,5311.390310114504,4554.558125,1213.209375,Seasonal Naive
26,17,99022.34000000001,769.5177576335876,626.8112500000001,686.865625,Naive Forecast
26,18,32885.509999999995,2821.5463561320753,2109.416875,522.7549351415093,Seasonal Naive
26,19,16253.730000000001,235.05829675572522,397.935625,276.025625,Historical Mean
26,20,43558.07,480.9167795801526,1129.573125,505.9512500000001,Historical Mean
26,21,72335.7,689.612633587786,511.1037499999999,633.5781249999998,Naive Forecast
26,22,84169.71,961.9686116412213,333.74437500000016,722.20125,Naive Forecast
26,23,173750.66,1247.1562213740467,836.1699999999998,733.8668749999999,Seasonal Naive
26,24,37845.52,675.2400095419848,1122.955,573.466875,Seasonal Naive
26,25,83187.87000000001,906.3546803435115,661.2806249999999,368.87187499999993,Seasonal Naive
26,26,48579.95,557.8993845419844,569.9518749999999,453.254375,Seasonal Naive
26,27,13405.93,165.4431345419847,325.09062499999993,181.02187500000002,Historical Mean
26,28,4904.72,132.12116412213743,243.64749999999998,67.47687499999998,Seasonal Naive
26,29,43352.579999999994,450.22026717557253,302.0525,594.53125,Naive Forecast
26,30,27899.700000000004,338.6125286259541,448.78875,251.71500000000003,Seasonal Naive
26,31,16469.97,201.2924570610687,143.63562500000006,345.789375,Naive Forecast
26,32,43234.85,667.4672853053436,612.153125,831.6437500000001,Naive Forecast
26,33,45580.27,867.7971708015267,1027.8381250000002,489.7231250000001,Seasonal Naive
26,34,97482.71,609.8858253816791,680.1593750000001,1068.4968750000003,Historical Mean
26,35,21491.14,288.9685400763358,519.62,373.68249999999995,Historical Mean
26,36,7190.900000000001,425.49445610687036,590.68875,314.0125,Seasonal Naive
26,38,1190743.4100000001,8688.71233301527,13936.911875,5756.928125,Seasonal Naive
26,40,479957.74,3035.673549618318,2237.8675000000007,2437.839374999999,Naive Forecast
26,41,9794.89,568.7172185114503,684.141875,458.87187500000005,Seasonal Naive
26,42,35750.78,388.1644083969465,659.7187500000002,478.82624999999985,Historical Mean
26,44,49505.23,458.160271946565,592.004375,296.9262500000003,Seasonal Naive
26,46,111260.55,702.8282204198475,1743.6731249999998,235.3199999999996,Seasonal Naive
26,47,113.92,21.04,31.96,21.04,Historical Mean
26,48,6374.0,172.04999999999998,201.6,347.77333333333337,Historical Mean
26,49,40466.05,511.3091459923665,1507.086875,1052.890625,Historical Mean
26,52,17369.99,297.03910782442756,274.604375,461.06125000000003,Naive Forecast
26,54,193.74,39.61994828700711,10.827692307692306,24.59,Naive Forecast
26,55,67445.1,3955.824074427481,1055.9937500000003,1572.785625,Naive Forecast
26,56,22849.600000000002,1911.7647328244273,1345.9912499999998,354.6456250000001,Seasonal Naive
26,59,1516.04,162.8436832061069,58.250000000000014,46.802499999999995,Seasonal Naive
26,60,1764.0,66.64358974358973,38.25,91.775,Naive Forecast
26,67,66147.68,1308.4450763358784,501.6512499999997,408.5943749999999,Seasonal Naive
26,71,29184.559999999998,425.0090935114504,362.00749999999994,864.7306250000001,Naive Forecast
26,72,474245.3199999999,5626.787089694657,3533.2725000000005,5340.771875000002,Naive Forecast
26,74,121642.76999999999,1945.4433730916012,1056.7881249999996,1270.0987499999999,Naive Forecast
26,79,142186.41999999998,854.2312499999998,1105.5537500000005,964.9806249999998,Historical Mean
26,80,239642.67,1325.3462738549615,2075.2081249999997,1273.6950000000008,Seasonal Naive
26,81,244619.83999999997,1663.5686068702296,1067.1125000000004,789.3143749999995,Seasonal Naive
26,82,180318.63,1181.3136498091608,772.436875,953.2218750000003,Naive Forecast
26,83,30147.789999999997,309.1734303435113,255.244375,262.81562499999995,Naive Forecast
26,85,21251.399999999998,229.68942748091598,168.24749999999995,450.989375,Naive Forecast
26,87,324217.06,8539.79380725191,7449.303750000003,6446.3825,Seasonal Naive
26,90,727280.09,5162.8490696564895,4112.011875000001,2403.6349999999975,Seasonal Naive
26,91,483308.53,4724.9901574427495,5097.975624999999,2048.5531250000013,Seasonal Naive
26,92,1133259.69,13711.674766221362,8937.686874999998,7192.684375,Seasonal Naive
26,93,334260.95999999996,4254.562709923664,3372.598750000001,1850.9993749999994,Seasonal Naive
26,94,497461.16000000003,2576.9824999999996,6843.722500000003,2253.606874999999,Seasonal Naive
26,95,902863.8,8880.49229007633,7220.675,4405.649999999994,Seasonal Naive
26,96,252853.13,4030.3893082061086,6817.501874999999,699.9400000000002,Seasonal Naive
26,97,191676.78000000003,2211.04782442748,1864.1787499999991,889.4162500000009,Seasonal Naive
26,98,93342.29,588.0123425572524,441.62687500000015,957.98,Naive Forecast
26,99,520.05,209.32855555555557,86.665,171.49588888888889,Naive Forecast
27,1,335009.81,8195.509995229007,4501.378124999999,2318.683750000002,Seasonal Naive
27,2,950544.0999999999,6859.101917938931,6508.608749999999,4052.8931250000005,Seasonal Naive
27,3,435236.85,30545.720233778626,26136.448125,3276.9568750000008,Seasonal Naive
27,4,504263.51,3112.501073473283,3246.9731249999995,3180.0787499999997,Historical Mean
27,5,250548.4,8609.013625954198,3420.7437500000015,2451.6656250000005,Seasonal Naive
27,6,52244.740000000005,3914.948921755725,992.47625,2222.8750000000005,Naive Forecast
27,7,363408.25,14508.43920324427,1671.8081249999996,2622.605625,Naive Forecast
27,8,509407.25,1511.0581249999982,1928.4918749999965,2641.9062499999995,Historical Mean
27,9,350873.18,3114.4291793893135,8219.71875,4281.515625000001,Historical Mean
27,10,412593.79,2413.0643559160326,5746.290625000001,2986.4475,Historical Mean
27,11,186268.39,5834.391121183206,1584.3968750000001,2827.9418749999995,Naive Forecast
27,12,43476.799999999996,348.28545801526747,237.90124999999998,451.213125,Naive Forecast
27,13,648361.25,4178.159594465647,3855.359374999999,4252.69625,Naive Forecast
27,14,309177.11999999994,3080.3476908396924,2117.6650000000004,2149.3124999999995,Naive Forecast
27,16,152946.89,12115.123115458015,13012.069375,2462.1931250000007,Seasonal Naive
27,17,211816.06999999998,1704.5383540076334,1412.1156250000001,1234.466875,Seasonal Naive
27,18,117123.78,9066.76918,7548.77,1054.6568749999997,Seasonal Naive
27,19,19829.879999999997,825.0633969465649,348.85499999999996,395.219375,Naive Forecast
27,20,132133.91999999998,1313.8933396946568,3201.66125,1370.1618749999998,Historical Mean
27,21,73573.23,933.2727433206107,914.410625,811.8075000000001,Seasonal Naive
27,22,221742.27,1762.037495229007,4249.928125,2140.023124999999,Historical Mean
27,23,436959.35,2337.86901240458,3466.344375000001,2676.417499999999,Historical Mean
27,24,129643.54,3497.7066889312982,4377.561249999999,981.1118749999996,Seasonal Naive
27,25,153490.97,1741.5140982824428,3507.158125000001,1517.8787499999996,Seasonal Naive
27,26,162740.27000000002,1951.6601574427477,4691.414375,1327.465625,Seasonal Naive
27,27,26273.100000000002,234.32365458015263,353.09375,287.84375,Historical Mean
27,28,10210.749999999998,388.2406727099236,294.37687500000004,172.28437500000007,Seasonal Naive
27,29,89347.51000000001,464.4066937022903,581.6668750000006,1005.4600000000005,Historical Mean
27,30,58489.54,1035.7066984732826,1026.10125,726.8462500000002,Seasonal Naive
27,31,55792.26,2652.3210973282444,2404.1850000000004,823.0074999999997,Seasonal Naive
27,32,85086.68999999999,1328.50780057252,1517.205625,594.6437499999997,Seasonal Naive
27,33,120684.11000000002,2686.925567748091,3262.0981249999995,2963.8737499999997,Historical Mean
27,34,186082.15999999997,3285.415133587788,1492.2562500000004,2128.753125,Naive Forecast
27,35,38000.36,647.138788167939,458.6499999999999,512.2337500000002,Naive Forecast
27,36,12384.740000000002,2001.357385496183,567.9075,812.1099999999999,Naive Forecast
27,37,29029.310000000005,233.55481393129764,256.729375,488.03937500000006,Historical Mean
27,38,447631.01,3337.4999284351125,3067.546875000002,4838.991875000002,Naive Forecast
27,40,852228.87,3394.4159685114537,3356.096875000003,4422.330624999998,Naive Forecast
27,41,23874.62,307.62634541984744,638.5687500000001,469.9175000000001,Historical Mean
27,42,115363.72,680.7869274809165,1158.7350000000004,1156.109375,Historical Mean
27,44,57109.580000000016,577.2040076335876,626.9200000000001,566.4731250000001,Seasonal Naive
27,46,442757.88,3220.83875,3304.5012499999993,2264.693125000002,Seasonal Naive
27,47,0.0,57.04761904761905,0.0,57.04761904761905,Naive Forecast
27,49,132551.14,1343.6999999999998,2672.26,2199.2043750000003,Historical Mean
27,50,34293.0,385.7502385496183,413.3125,441.59375,Historical Mean
27,52,30530.579999999998,347.76002862595425,246.61374999999998,811.805625,Naive Forecast
27,54,284.0,79.39632812500001,16.514285714285712,33.74857142857143,Naive Forecast
27,55,102851.73,6792.214813931298,1888.786875,2855.695625,Naive Forecast
27,56,31443.24,3107.5430916030527,1340.0462499999999,1027.93,Seasonal Naive
27,58,22415.0,842.3040254237288,1048.4375,1209.1207627118645,Historical Mean
27,59,3685.17,978.0261498091602,88.134375,127.83500000000004,Naive Forecast
27,60,1206.0,27.007878151260506,52.875,44.12500000000001,Historical Mean
27,67,106998.55,3905.394193702289,656.0056250000002,529.5818749999996,Seasonal Naive
27,71,119488.94,1570.7200763358774,4069.7062499999993,2706.635625,Historical Mean
27,72,646634.1900000001,14931.582819656487,5277.164375000002,11312.419374999998,Naive Forecast
27,74,314779.14,3878.7415171755724,5979.560000000001,3657.5406249999996,Seasonal Naive
27,79,428193.13999999996,2969.9587500000002,3051.025000000001,1646.933125000001,Seasonal Naive
27,80,295039.8599999999,2160.017833969464,1910.2487500000016,2413.995624999999,Naive Forecast
27,81,330845.64999999997,2434.220558206108,2046.0543750000004,2499.6231249999996,Naive Forecast
27,82,317405.32,3244.323272900763,3143.54125,2730.3512499999997,Seasonal Naive
27,83,93247.43000000001,1312.5036593511454,1014.398125,730.2375000000004,Seasonal Naive
27,85,45946.97,761.014375,761.014375,506.3993750000002,Seasonal Naive
27,87,219677.98000000004,2443.11713740458,2266.293749999999,1556.4537500000006,Seasonal Naive
27,90,1097562.9400000002,5437.323835877858,5767.942499999997,8593.218750000004,Historical Mean
27,91,739576.89,5041.660548664118,5491.803124999997,3813.835,Seasonal Naive
27,92,1727285.6400000001,8993.726746183205,13559.109999999997,7794.380625,Seasonal Naive
27,93,646809.47,4298.935624999998,4298.935624999999,3351.5775,Seasonal Naive
27,94,742830.6900000001,7001.475176526717,5143.204374999999,4351.559374999999,Seasonal Naive
27,95,1346143.6400000001,9707.894780534352,9442.942500000001,7915.873749999998,Seasonal Naive
27,96,247749.49000000005,3954.034708969465,4090.070625000001,1418.9418750000002,Seasonal Naive
27,97,235532.05,1849.7126383587783,1512.689375,1424.9443749999998,Seasonal Naive
27,98,126965.62000000001,1041.1969847328255,955.2087500000006,731.6431250000006,Seasonal Naive
27,99,665.1199999999999,623.2596551724138,183.77666666666664,354.6932183908046,Naive Forecast
28,1,202404.44,4741.12070610687,2217.02625,1579.8662500000005,Seasonal Naive
28,2,642072.03,3755.6648234732843,5308.470625,2813.984375,Seasonal Naive
28,3,243123.41999999995,10799.79191793893,10387.20375,1005.3568750000002,Seasonal Naive
28,4,316356.23000000004,2642.1862356870233,2681.720625000001,1457.3831250000007,Seasonal Naive
28,5,247505.52999999994,8282.37649332061,4443.794375,3795.5906249999994,Seasonal Naive
28,6,31256.26,2850.103921755726,653.3250000000003,892.983125,Naive Forecast
28,7,264805.62,7855.584971374046,3622.21375,2412.6724999999997,Seasonal Naive
28,8,382062.0,1432.443043893128,1634.9650000000024,1058.8050000000005,Seasonal Naive
28,9,203691.44999999998,1267.5537738549604,1490.891875000001,1678.4650000000001,Historical Mean
28,10,255652.75,871.1984685114508,945.9556249999991,1939.756875,Historical Mean
28,11,138533.78999999998,1946.8219227099244,1668.7331250000002,1124.0406249999996,Seasonal Naive
28,12,37581.42999999999,397.4114646946565,345.438125,284.97062500000004,Seasonal Naive
28,13,445945.81,2926.935033396946,3234.0931250000003,1881.540625,Seasonal Naive
28,14,157167.6,3451.109675572521,1083.3349999999996,551.2143749999996,Seasonal Naive
28,16,58026.90000000001,2235.702108778626,1594.065,786.61375,Seasonal Naive
28,17,101059.61,1470.7248425572511,732.415625,542.6300000000001,Seasonal Naive
28,18,66622.92,6408.476692307693,6660.352000000001,4113.7670384615385,Seasonal Naive
28,19,15784.119999999999,468.85238549618305,483.935,491.62062499999996,Historical Mean
28,20,57205.439999999995,963.7930534351144,559.6425,520.9362500000001,Seasonal Naive
28,21,49640.04000000001,997.9613931297708,513.6875,673.7362499999999,Naive Forecast
28,22,104120.26,1499.0644561068707,606.4037500000002,859.5968749999995,Naive Forecast
28,23,326593.7,5921.233520992364,3380.3362499999994,1392.7556250000007,Seasonal Naive
28,24,113701.15000000002,2975.98830629771,3040.3756250000006,1823.56625,Seasonal Naive
28,25,174132.2,1721.5445419847329,1059.4825,989.5031250000003,Seasonal Naive
28,26,99566.13,3014.7700715648843,1502.433125,1941.3856250000003,Naive Forecast
28,27,18034.14,233.79830152671758,300.59,214.080625,Seasonal Naive
28,28,5487.839999999999,107.46406488549611,133.45625,75.890625,Seasonal Naive
28,29,54661.17,842.5299761450389,777.4031249999994,543.6156250000001,Seasonal Naive
28,30,37164.95,850.4538788167939,1141.3556250000006,507.9237500000001,Seasonal Naive
28,31,39178.979999999996,1254.7643034351147,2443.6862499999997,531.3,Seasonal Naive
28,32,77652.36,2399.0306679389305,689.2862500000001,772.5056249999999,Naive Forecast
28,33,116680.9,2453.5164312977095,2434.42,1459.3849999999998,Seasonal Naive
28,34,182073.0,2676.4925954198475,1316.5437500000003,1256.0362499999997,Seasonal Naive
28,35,25076.78,697.0101431297708,262.5587499999999,276.624375,Naive Forecast
28,36,8026.64,1323.025190839695,219.09999999999997,875.55875,Naive Forecast
28,37,19022.35,502.60823950381706,641.296875,486.4106249999999,Seasonal Naive
28,38,572081.2000000001,5211.0737500000005,5211.073750000001,8333.71,Historical Mean
28,40,524866.01,2182.5183158396976,2002.8393750000014,1990.9981249999983,Seasonal Naive
28,41,18046.89,253.6647280534352,794.5981249999999,639.3193749999999,Historical Mean
28,42,79662.37,414.8168559160305,826.9331250000005,658.4312500000001,Historical Mean
28,44,55737.439999999995,471.1474332061068,983.2324999999996,363.6643749999998,Seasonal Naive
28,46,226281.0,1667.9775954198458,515.8812499999999,654.1712499999983,Naive Forecast
28,49,150457.16,1121.6164694656482,1868.8712500000001,1170.005,Historical Mean
28,52,25128.659999999996,487.64968511450365,293.3187499999999,330.29499999999996,Naive Forecast
28,54,223.56,75.07114743589743,9.440000000000001,35.50260256410257,Naive Forecast
28,55,74211.45999999999,5646.391765267177,1043.8700000000003,2367.0443749999995,Naive Forecast
28,56,2220.38,577.3933653846154,112.24625,139.46375,Naive Forecast
28,58,116255.7,6115.482919847327,4549.73125,5861.6725,Naive Forecast
28,59,1740.77,760.2175429389313,48.600625000000015,81.66374999999998,Naive Forecast
28,60,6048.01,150.93808683206112,88.875625,84.52562499999999,Seasonal Naive
28,67,58682.6,1498.7507633587788,534.9512499999998,465.8437499999998,Seasonal Naive
28,71,65823.37,1274.3982395038167,1920.2606250000001,926.5843749999999,Seasonal Naive
28,72,500631.36,14619.327118320609,4653.656250000001,7234.031875000002,Naive Forecast
28,74,131471.43,1939.4000715648847,2182.983125,765.3243750000003,Seasonal Naive
28,79,488424.39999999997,2950.9939217557253,3180.8474999999976,2783.2775000000015,Seasonal Naive
28,80,201034.03,1800.6298520992345,3231.861874999999,2180.03125,Historical Mean
28,81,254064.70999999996,3206.398191793893,4289.333125,1935.2825,Seasonal Naive
28,82,201806.87000000002,2490.5343177480913,923.1668749999995,1226.0325,Naive Forecast
28,83,81248.51,3368.289375,4069.646875,2337.1918750000004,Seasonal Naive
28,85,14516.61,307.81797232824437,376.00687500000004,263.12875,Seasonal Naive
28,87,179230.69,2917.036388358779,1256.9881250000003,3598.4450000000006,Naive Forecast
28,90,777754.4,10839.239999999998,14211.256249999997,7418.6775,Seasonal Naive
28,91,648437.03,14441.790749045802,18571.603125,7598.006250000002,Seasonal Naive
28,92,1164234.8499999999,27828.269375,35621.57062499999,18629.057499999995,Seasonal Naive
28,93,580248.5599999999,18358.095,22113.073750000003,12428.545624999999,Seasonal Naive
28,94,442394.05000000005,4912.836875,6039.054375,4076.4012499999985,Seasonal Naive
28,95,1078077.38,16117.621908396952,19456.30625,9307.509375000001,Seasonal Naive
28,96,339732.04999999993,2258.2207013358775,1243.5318750000013,2872.1131250000008,Naive Forecast
28,97,280452.02999999997,6835.205625000002,8869.789375000002,4360.655000000001,Seasonal Naive
28,98,105643.59,1809.3875333969465,934.6818749999998,1448.1574999999998,Naive Forecast
28,99,570.54,339.6197836538462,72.25307692307693,309.95723557692315,Naive Forecast
29,1,165787.59000000003,3411.3018368320595,1813.3656249999995,1026.6206250000005,Seasonal Naive
29,2,310595.93999999994,1595.3655438931298,2510.2537500000003,1719.4168749999997,Historical Mean
29,3,143937.81000000003,6437.814909351145,6005.854375,2789.5081250000007,Seasonal Naive
29,4,195036.97000000003,2418.3072757633595,1022.4031249999998,1962.684375,Naive Forecast
29,5,121042.67,4252.840634541985,2855.581875,1364.2131250000004,Seasonal Naive
29,6,19491.120000000003,1878.6987977099236,975.6462500000001,570.944375,Seasonal Naive
29,7,157604.49999999997,3527.0435973282447,1757.75375,3859.9862499999995,Naive Forecast
29,8,261468.27000000002,1482.5702910305347,1386.9143749999987,1430.588124999999,Naive Forecast
29,9,130651.31000000001,1644.3856250000003,2985.7631249999995,2199.5762500000005,Historical Mean
29,10,107511.73999999999,822.8478721374048,773.4325,626.9437499999997,Seasonal Naive
29,11,79666.99,1793.6519513358776,805.4893750000001,949.24125,Naive Forecast
29,12,26024.219999999998,296.4676145038168,440.26249999999993,286.4025000000001,Seasonal Naive
29,13,236394.76999999996,2224.0914456106857,1288.4518750000007,1460.2112500000003,Naive Forecast
29,14,102581.91000000002,977.4215887404575,1652.3993749999997,661.1556249999999,Seasonal Naive
29,16,46448.10999999999,3371.649775763359,4155.295624999999,476.07937500000025,Seasonal Naive
29,17,91791.54,1015.9573282442752,825.6212500000001,982.9781250000002,Naive Forecast
29,18,16241.660000000003,2586.306938013443,1318.1638461538462,285.80230769230764,Seasonal Naive
29,19,38.0,35.51679545454545,3.0527272727272727,24.40325,Naive Forecast
29,20,44815.71,450.9483921755725,438.50312499999995,410.219375,Seasonal Naive
29,21,42332.49999999999,342.0911354961831,333.54499999999996,378.10812500000003,Naive Forecast
29,22,69819.08,537.1985782442744,742.9537499999998,698.7850000000003,Historical Mean
29,23,219069.96999999997,2656.927151717557,1637.4131250000003,1758.7462499999997,Naive Forecast
29,24,64530.840000000004,1140.8218511450384,2140.1175,981.778125,Seasonal Naive
29,25,79774.78,749.3690839694657,1506.6849999999997,728.28125,Seasonal Naive
29,26,52647.48,656.3757824427481,857.8562499999998,1064.5143750000002,Historical Mean
29,27,15589.07,311.2657013358779,236.166875,145.366875,Seasonal Naive
29,28,6727.72,256.73858778625953,280.20750000000004,87.06062500000002,Seasonal Naive
29,29,52427.97000000001,656.1387643129772,499.84812500000004,424.2349999999999,Seasonal Naive
29,30,28996.41,673.1333826335881,461.329375,376.09000000000003,Seasonal Naive
29,31,25751.639999999996,555.5080534351144,510.895,525.366875,Naive Forecast
29,32,35320.08,1183.2648282442747,1204.0462499999999,591.0193749999999,Seasonal Naive
29,33,55111.28,977.8894942748092,1984.8799999999997,896.880625,Seasonal Naive
29,34,113786.29000000001,2176.6295849236644,2806.033125,964.5256250000002,Seasonal Naive
29,35,24640.399999999998,546.5597041984734,794.165,445.505,Seasonal Naive
29,36,12296.93,420.9231822519083,961.953125,268.703125,Seasonal Naive
29,38,500860.86000000004,2874.3732919847344,3056.946250000002,5873.612499999999,Historical Mean
29,40,365972.12999999995,2750.2163215648825,1256.6906249999997,3913.173125,Naive Forecast
29,41,8067.870000000001,217.867447519084,305.535625,113.62,Seasonal Naive
29,42,46177.75,393.0947375954196,361.4281249999998,428.0437499999999,Naive Forecast
29,44,19706.11,412.1784398854961,404.3368750000001,189.88999999999996,Seasonal Naive
29,46,133551.7,1222.7335687022905,956.8337500000005,785.0775,Seasonal Naive
29,49,9.96,46.53479166666667,4.6499999999999995,67.96,Naive Forecast
29,52,8556.99,220.97898377862592,171.88937500000006,231.03375,Naive Forecast
29,54,113.55999999999999,35.20495098039216,11.21,42.52299019607844,Naive Forecast
29,55,35498.73,3051.5622566793904,607.4918750000002,1278.92,Naive Forecast
29,56,19526.899999999998,1542.232833969466,508.2525,685.6337500000001,Naive Forecast
29,58,1320.0,842.34875,137.5,264.98109375,Naive Forecast
29,59,1648.4400000000003,232.76704198473283,74.76374999999999,64.3325,Seasonal Naive
29,60,2925.0,60.96428571428574,65.8125,68.3875,Historical Mean
29,67,60214.43,1343.3085066793888,361.4118749999999,404.83125,Naive Forecast
29,71,31323.469999999998,713.3468749999998,729.4481249999999,572.5306249999999,Seasonal Naive
29,72,324875.42000000004,5865.721517175571,6436.28875,7850.081249999999,Historical Mean
29,74,103009.26999999999,1077.1443749999996,1077.1443749999994,698.2531250000001,Seasonal Naive
29,79,97454.42,482.83892175572515,498.8099999999998,729.7218750000006,Historical Mean
29,80,174.83,18.281473389355742,11.940666666666667,22.728666666666665,Naive Forecast
29,81,65444.52,358.0909637404581,319.665,503.0731249999999,Naive Forecast
29,82,113959.77000000002,1033.8557776717557,1117.213125,1401.3243749999992,Historical Mean
29,83,9575.740000000002,75.44678435114506,153.91125,147.580625,Historical Mean
29,85,17465.3,519.7233301526718,366.61,320.688125,Seasonal Naive
29,87,104235.21000000002,872.3831250000002,1034.3318749999999,838.9056249999999,Seasonal Naive
29,90,136991.97,949.047361641222,815.300625,960.9799999999999,Naive Forecast
29,91,55227.66,500.28999999999996,562.1925000000001,275.7281250000002,Seasonal Naive
29,92,329957.22000000003,3558.944608778625,2048.295000000001,3346.9418750000004,Naive Forecast
29,93,18693.48,632.865286259542,473.7174999999999,717.6062499999999,Naive Forecast
29,94,385.41999999999996,277.6144894366197,23.10625,136.62871478873237,Naive Forecast
29,95,378375.45,2434.558821564884,2095.4618749999995,2720.9743750000002,Naive Forecast
29,97,27331.749999999996,307.8172853053434,268.41312500000004,317.22375,Naive Forecast
29,98,3178.88,128.02277777777778,60.56875000000001,109.73250000000002,Naive Forecast
29,99,29.88,8157.1335175357635,8157.1335175357635,8157.1335175357635,Historical Mean
30,1,111674.11000000002,1356.5569799618327,1591.151875,788.6700000000001,Seasonal Naive
30,2,149628.23,539.4054341603045,352.3381249999999,838.4343749999994,Naive Forecast
30,3,10891.56,293.4912977099236,268.00374999999997,359.56749999999994,Naive Forecast
30,4,154418.65999999997,398.8667461832073,383.79375000000016,1753.8106249999996,Naive Forecast
30,5,5497.43,112.71882156488549,281.65937500000007,279.3868750000001,Historical Mean
30,6,160.38,12.630743879472691,9.233333333333333,4.331958568738229,Seasonal Naive
30,7,2444.73,179.33004293893129,74.21187499999996,87.19312500000001,Naive Forecast
30,8,145796.4,542.065114503817,604.3987499999997,1869.0999999999997,Historical Mean
30,9,407.6600000000001,50.44469230769231,48.589999999999996,48.77062500000001,Naive Forecast
30,10,2522.2699999999995,60.49865935114504,57.565625,100.41250000000001,Naive Forecast
30,11,8712.48,155.70807251908397,171.52125000000007,230.83500000000004,Historical Mean
30,12,857.8800000000001,16.199351145038165,16.822500000000005,22.17374999999999,Historical Mean
30,13,133158.78,467.7094847328249,433.6525000000006,1859.3156250000002,Naive Forecast
30,14,9855.949999999999,132.89713263358774,105.215625,188.44375000000002,Naive Forecast
30,16,15479.869999999999,342.4099952290077,330.96312500000005,215.12999999999997,Seasonal Naive
30,17,1.5,153.05327731092436,0.8399999999999999,337.48,Naive Forecast
30,18,2511.31,157.60166666666666,418.45166666666665,154.96333333333334,Seasonal Naive
30,20,507.44,11.20986111111111,25.285,21.566840277777775,Historical Mean
30,21,13386.869999999999,524.0197089694656,177.93687500000004,184.859375,Naive Forecast
30,22,332.94,34.552592592592596,63.64444444444444,28.217777777777776,Seasonal Naive
30,23,42.400000000000006,8.296511627906977,11.42857142857143,8.296511627906977,Historical Mean
30,25,767.86,32.90275390625,38.50124999999999,54.08037597656249,Historical Mean
30,28,502.45,57.40179866412214,20.451875000000005,23.3,Naive Forecast
30,31,771.28,51.96052801724138,41.845,67.25856681034483,Naive Forecast
30,32,619.04,21.555477272727273,67.69,21.61261931818182,Historical Mean
30,38,686335.53,6614.397132633589,3421.8356249999983,5763.142499999999,Naive Forecast
30,40,284403.69,709.8854818702287,1584.8906249999993,2159.0337499999996,Historical Mean
30,41,7.5,51.57142857142857,5.321428571428571,38.57142857142857,Naive Forecast
30,42,962.94,17.74400763358779,45.14375,25.459375,Historical Mean
30,44,5.94,3.5386666666666664,1.0,3.5386666666666664,Naive Forecast
30,46,62933.2,1328.8362977099232,649.7437499999999,418.08875,Seasonal Naive
30,52,136.26,10.741576923076922,6.295000000000001,7.0493749999999995,Naive Forecast
30,56,1183.63,54.898731707317076,97.30866666666667,65.15772357723577,Historical Mean
30,59,226.07999999999998,75.46812977099236,8.463750000000001,15.005624999999998,Naive Forecast
30,60,6480.0,138.21125954198476,109.125,187.37500000000003,Naive Forecast
30,67,13806.14,330.8369561068701,187.93374999999997,205.036875,Naive Forecast
30,72,611.63,35.46322115384614,51.078125,41.69004807692307,Historical Mean
30,74,1206.67,209.32836354961836,134.82812500000003,113.09375000000001,Seasonal Naive
30,79,75860.25,840.133716603053,940.129375,1446.9050000000002,Historical Mean
30,80,79566.72,251.55173664122123,455.8312499999998,2392.1525,Historical Mean
30,81,129320.04000000001,558.6275190839693,245.80624999999975,1463.6225000000002,Naive Forecast
30,82,48607.76000000001,543.4396660305345,269.9225,645.82125,Naive Forecast
30,83,16733.600000000002,427.965782442748,338.4725000000001,98.47937500000005,Seasonal Naive
30,85,519.3299999999999,44.832136627906976,38.348125,34.803376937984495,Seasonal Naive
30,87,3431.0,74.88629770992365,299.9375,112.17625000000001,Historical Mean
30,90,435297.78,1799.2850858778643,1085.2849999999985,4150.350000000001,Naive Forecast
30,91,370595.98,990.2464122137403,820.9012499999994,1656.3718750000003,Naive Forecast
30,92,660251.18,1913.9589694656506,2721.4062500000036,7609.226875,Historical Mean
30,93,284101.58999999997,1658.2462070610707,1509.4356250000012,5032.204374999999,Naive Forecast
30,94,310541.98000000004,1717.188520992368,665.6587499999996,4649.40875,Naive Forecast
30,95,546170.23,1191.2656536259547,1152.0568749999993,4511.772499999997,Naive Forecast
30,96,227610.24,1001.5790362595421,995.7874999999999,1932.9556249999998,Naive Forecast
30,97,158761.18,321.05833015267126,281.0799999999999,1508.1399999999994,Naive Forecast
30,98,40988.23,274.8369227099239,511.7193749999998,902.28125,Historical Mean
30,99,0.06,0.0075,0.0,0.0075,Naive Forecast
31,1,189371.84999999998,3278.6057299618333,1922.356875,1279.9331249999996,Seasonal Naive
31,2,699034.11,2015.9543272900773,3259.765624999999,1513.2937500000007,Seasonal Naive
31,3,204167.00999999998,8332.008239503819,9084.501875,5599.175,Seasonal Naive
31,4,422640.82,1136.3076240458017,1218.4125,1049.632500000001,Seasonal Naive
31,5,167760.57,6090.111617366411,4250.950624999999,3053.3368750000004,Seasonal Naive
31,6,21028.31,1676.7908158396945,644.931875,800.0787499999999,Naive Forecast
31,7,200219.01,5455.717046755726,1904.7806249999999,3015.013749999999,Naive Forecast
31,8,296131.76,980.8867366412223,1216.4312499999992,618.1775000000007,Seasonal Naive
31,9,115495.32,1324.393425572519,2530.4024999999992,1131.365625,Seasonal Naive
31,10,237432.37999999998,1898.9567175572515,7330.436249999999,3232.1949999999997,Historical Mean
31,11,126620.57999999999,1239.9683683206106,2326.835,2283.726875,Historical Mean
31,12,32473.21,274.3895276717558,732.5493749999998,397.59624999999994,Historical Mean
31,13,536752.9400000001,1975.7640744274836,1042.1487500000017,1534.926875,Naive Forecast
31,14,195408.55,1525.0976097328235,1088.8443749999997,1368.2337500000003,Naive Forecast
31,16,66010.97,2890.2941173664117,2992.6993749999997,1016.7418749999999,Seasonal Naive
31,17,90662.18999999999,811.7983826335878,432.1518750000001,646.3162500000001,Naive Forecast
31,18,34397.18,4583.19,2459.812857142857,896.1828571428572,Seasonal Naive
31,19,426.55,10.985873091603056,18.858125000000005,30.087500000000002,Historical Mean
31,20,74524.81999999999,630.7741221374046,823.2349999999998,556.3900000000001,Seasonal Naive
31,21,44652.75,966.716731870229,346.954375,800.3462500000003,Naive Forecast
31,22,94546.66999999998,1077.7978005725186,633.2506250000001,1039.8043750000002,Naive Forecast
31,23,241253.91999999998,2881.8006202290085,2725.55875,2487.5975,Seasonal Naive
31,24,73604.51,1859.5656536259542,1884.911875,1965.1174999999998,Historical Mean
31,25,98054.20999999999,1741.8802910305344,1081.671875,1056.2006250000002,Seasonal Naive
31,26,84204.18,1774.9113740458013,1855.6462499999998,951.6631250000005,Seasonal Naive
31,27,12367.519999999997,265.88275763358774,382.6824999999999,175.68124999999998,Seasonal Naive
31,28,5272.67,250.8792032442749,135.79937499999997,75.12687500000001,Seasonal Naive
31,29,50641.79,251.80747614503832,200.556875,796.238125,Naive Forecast
31,30,33798.39,505.3550620229008,1252.1106249999998,447.0687499999999,Seasonal Naive
31,31,40332.65,1017.0761020992366,1141.249375,847.421875,Seasonal Naive
31,32,57827.76,1408.0563931297709,680.2862499999995,483.2249999999999,Seasonal Naive
31,33,66788.4,1476.7702290076336,1516.37375,944.3649999999998,Seasonal Naive
31,34,150918.66000000003,2443.2230248091596,1360.82625,1540.205,Naive Forecast
31,35,19242.78,379.58250954198485,409.12875,188.33437500000002,Seasonal Naive
31,36,4747.16,1233.5108969465646,771.12625,153.7675,Seasonal Naive
31,37,28473.940000000002,694.1810973282446,868.8012500000002,701.9668750000001,Historical Mean
31,38,885358.7,10488.635992366408,7741.694999999998,8975.650624999998,Naive Forecast
31,40,683203.0000000001,1845.1269751908399,1796.73,1085.9037499999986,Seasonal Naive
31,41,18613.94,437.06696564885505,433.59625,537.2675,Naive Forecast
31,42,66032.75,341.22360209923664,432.1618749999997,814.0418749999999,Historical Mean
31,44,26533.5,324.1586354961831,288.8225,270.7625,Seasonal Naive
31,46,280831.3,2730.681994274807,5120.043749999999,1052.7518749999992,Seasonal Naive
31,49,102895.41,987.7440982824423,1911.9368750000003,1380.9568749999999,Historical Mean
31,52,8025.14,90.11719465648855,116.45375000000001,147.55499999999998,Historical Mean
31,54,386.65999999999997,57.21689155107188,30.653846153846153,36.15957755359395,Naive Forecast
31,55,68706.97,2364.4952337786253,1622.3793750000007,876.6049999999998,Seasonal Naive
31,56,12309.129999999997,788.176130725191,627.4693749999999,200.26437499999997,Seasonal Naive
31,58,34575.0,1754.5192938931298,5467.8125,1416.875,Seasonal Naive
31,59,2109.37,379.58769561068704,59.480624999999996,92.44749999999999,Naive Forecast
31,60,3177.0,67.93166666666666,480.9375,76.5125,Historical Mean
31,67,61363.40999999999,1866.6178482824425,577.7943750000001,361.9793749999999,Seasonal Naive
31,71,56490.649999999994,1328.4292986641226,750.6393750000001,1187.5281249999994,Naive Forecast
31,72,480131.64,11655.959933206108,7948.442499999997,6865.565625,Seasonal Naive
31,74,170083.35,1451.7493750000003,1451.7493750000003,2079.662500000001,Historical Mean
31,79,422344.55,6550.258439885496,9180.188125,5494.713125,Seasonal Naive
31,80,230244.3,563.5553912213741,642.5012499999993,808.1662500000004,Historical Mean
31,81,297965.08999999997,1003.5493749999989,1591.3593750000002,1603.58875,Historical Mean
31,82,206510.85999999996,1697.0242652671766,857.6724999999994,1267.8487499999997,Naive Forecast
31,83,109247.27,1184.669050572519,827.9568749999996,909.6375,Naive Forecast
31,85,12267.18,272.52245229007633,280.75500000000005,326.2175,Historical Mean
31,87,110767.53,1132.0347757633594,1296.3431249999999,1164.8649999999998,Historical Mean
31,90,1069901.19,4402.128974236637,3238.6818749999966,4421.978125000005,Naive Forecast
31,91,831884.82,2605.06429389313,2702.565,3863.326249999998,Historical Mean
31,92,1593044.97,8814.644546755724,9570.331874999998,2969.959375000003,Seasonal Naive
31,93,752431.1000000001,6944.707022900764,5203.477499999999,2701.8331249999965,Seasonal Naive
31,94,837663.61,2260.9688311068685,5593.599374999995,4872.632499999997,Historical Mean
31,95,1283381.13,5286.589642175573,5333.006874999999,7900.207499999997,Historical Mean
31,96,345793.7199999999,1998.553673664122,2398.7825000000003,1956.7337499999996,Seasonal Naive
31,97,374753.74,2210.04338740458,2764.8149999999996,2102.4031250000016,Seasonal Naive
31,98,114956.39,1200.6923043893128,930.5193750000001,514.8306249999998,Seasonal Naive
31,99,232.39000000000001,228.44220588235294,53.34416666666666,112.32983660130719,Naive Forecast
32,1,285868.44999999995,4664.844060114504,3811.6468750000004,1253.9087499999996,Seasonal Naive
32,2,640953.2,3322.590515267179,2458.903750000001,2029.4175000000005,Seasonal Naive
32,3,295082.73,9885.686340648856,20638.180625,2829.6549999999993,Seasonal Naive
32,4,351459.39999999997,1525.3334541984748,2312.7000000000007,909.7506249999999,Seasonal Naive
32,5,224908.02,4667.631746183206,3834.96375,2928.768125,Seasonal Naive
32,6,42026.86,1299.729179389313,859.4549999999996,864.735,Naive Forecast
32,7,223227.16,7879.806240458013,1956.9025000000008,3668.0368750000016,Naive Forecast
32,8,288009.01,1018.7921898854966,707.4243750000005,914.3225000000009,Naive Forecast
32,9,312190.17,6602.575071564883,4810.300624999999,6665.47125,Naive Forecast
32,10,320538.19,3801.473134541987,3269.454375000001,2320.4787499999998,Seasonal Naive
32,11,174486.22,1083.3326431297705,960.4262500000002,1516.65625,Naive Forecast
32,12,40530.78999999999,200.99517652671767,310.290625,387.04937499999994,Historical Mean
32,13,377553.00000000006,1881.7879007633608,1129.3224999999986,581.0562500000005,Seasonal Naive
32,14,174503.05,1616.594088740458,1005.4656249999998,974.30125,Seasonal Naive
32,16,111704.15,5088.809546755725,3594.494375,1700.1500000000005,Seasonal Naive
32,17,141726.9,1006.7187690839696,1044.6975000000002,1392.6106250000003,Historical Mean
32,18,57896.08,5600.052969696971,4831.143333333333,837.2958333333332,Seasonal Naive
32,19,18869.800000000003,293.72625,426.91499999999996,385.46124999999995,Historical Mean
32,20,62411.100000000006,747.7479484732823,694.8599999999999,624.6900000000002,Seasonal Naive
32,21,52167.740000000005,888.0564980916029,1313.69375,453.09499999999997,Seasonal Naive
32,22,112885.81999999999,704.148492366412,1010.321249999999,817.4362499999995,Historical Mean
32,23,235379.27,2611.533611641221,2948.614375,1672.8818750000007,Seasonal Naive
32,24,57435.89000000001,1198.998125,1247.589375,1015.516875,Seasonal Naive
32,25,90539.75,878.1441937022903,717.540625,728.1843749999999,Naive Forecast
32,26,74914.14,1038.6731488549617,1167.5700000000002,1274.9881249999999,Historical Mean
32,27,16480.770000000004,291.369375,347.941875,223.51874999999998,Seasonal Naive
32,28,7371.4,277.8759446564886,219.38750000000002,101.266875,Seasonal Naive
32,29,42260.590000000004,478.2130963740458,725.973125,370.80875,Seasonal Naive
32,30,26628.68,414.558320610687,969.0025,330.52812500000005,Seasonal Naive
32,31,41011.69,1138.68635019084,1244.861875,823.9762499999999,Seasonal Naive
32,32,59454.04,371.6746087786261,241.95499999999987,552.7681249999997,Naive Forecast
32,33,49797.26,1084.7132633587785,1095.78125,698.7187499999998,Seasonal Naive
32,34,131331.13999999998,1557.2648950381686,1348.175,1958.7924999999998,Naive Forecast
32,35,23205.899999999998,352.73958969465673,244.39,343.3287499999999,Naive Forecast
32,36,14482.170000000002,711.9520658396946,604.575625,664.9856249999999,Naive Forecast
32,37,32987.700000000004,463.6476049618319,377.1924999999999,261.576875,Seasonal Naive
32,38,818002.72,6671.764761450384,9184.612499999996,7350.0650000000005,Historical Mean
32,40,728312.0,2276.8011450381673,1345.1262500000003,2542.0981250000004,Naive Forecast
32,41,80362.37000000001,4263.572686068703,2858.519375,3616.0593750000003,Naive Forecast
32,42,84174.90999999999,472.99687499999993,533.183125,619.2306249999999,Historical Mean
32,44,56912.96,473.1499904580151,650.9312500000003,724.3237500000002,Historical Mean
32,45,149.31,9.70875,12.69375,11.50625,Historical Mean
32,46,323952.01,1128.572972328244,2386.2556250000007,2049.3099999999995,Historical Mean
32,47,0.0,68.06133333333334,18.0,68.06133333333334,Naive Forecast
32,49,58064.24,742.417433206107,1088.0687500000001,804.3875,Historical Mean
32,52,28946.670000000002,317.81066316793897,280.1906249999999,311.35187500000006,Naive Forecast
32,54,521.9200000000001,49.61786157024793,51.385,31.701275826446288,Seasonal Naive
32,55,80693.23,3023.733916984732,1713.2618750000006,1090.385,Seasonal Naive
32,56,29991.22,3243.930830152671,1151.95625,531.7312499999999,Seasonal Naive
32,58,26440.0,964.6011641221373,1046.875,837.1875,Seasonal Naive
32,59,3425.6900000000005,402.3346803435114,71.84437500000001,191.4275,Naive Forecast
32,60,7983.0,194.77643129770996,98.4375,79.7125,Seasonal Naive
32,67,92272.59999999999,2206.794541984733,569.8387500000001,723.0743749999999,Naive Forecast
32,71,68262.15999999999,1068.5520133587786,844.7925,1441.125,Naive Forecast
32,72,558041.89,3175.3516459923667,9799.558125000001,8736.455624999999,Historical Mean
32,74,198929.13999999996,2579.3519561068706,1971.5412500000002,1602.09375,Seasonal Naive
32,79,173960.86,1147.2613454198472,1481.96875,1357.940625,Historical Mean
32,80,226117.48,2191.015782442749,387.7587499999993,2197.673125,Naive Forecast
32,81,193046.14,1052.6096660305338,299.26374999999985,1494.2737500000007,Naive Forecast
32,82,210501.86,724.8250095419849,1782.2250000000008,1673.2225000000003,Historical Mean
32,83,41748.12,298.8901908396945,411.39500000000027,357.9256250000001,Historical Mean
32,85,22357.83,567.6174188931298,283.088125,385.32625,Naive Forecast
32,87,115086.22,2526.2236736641225,1159.2237499999997,2189.1418750000003,Naive Forecast
32,90,754150.89,1285.4563120229013,1615.121874999999,2290.201250000001,Historical Mean
32,91,561889.75,1643.3703005725201,929.4106249999995,2441.9174999999987,Naive Forecast
32,92,1239993.1600000001,3930.643750000001,5162.657500000003,3019.2675000000027,Seasonal Naive
32,93,385162.88,2052.7951812977108,2812.965000000002,1502.4893750000008,Seasonal Naive
32,94,596208.07,1280.4156249999978,1857.2581249999976,2694.621875,Historical Mean
32,95,1031919.8300000001,2549.0147566793858,3963.5943750000006,1831.0481250000012,Seasonal Naive
32,96,29960.660000000003,241.64569656488547,205.90000000000006,179.50750000000005,Seasonal Naive
32,97,206419.59,590.1531917938919,940.3981250000011,658.2518750000002,Historical Mean
32,98,96661.88,660.3502767175573,756.6662500000001,649.8975,Seasonal Naive
32,99,702.53,412.4792307692308,152.12384615384616,213.06692307692308,Naive Forecast
33,1,33530.19,458.46467080152667,343.5318750000001,274.34812500000004,Seasonal Naive
33,2,100996.79999999997,1033.3574809160307,251.42250000000013,818.9450000000002,Naive Forecast
33,3,5615.820000000001,180.49050572519087,932.8175,88.75187500000001,Seasonal Naive
33,4,78276.76000000001,721.6377290076341,557.1575,951.26125,Naive Forecast
33,5,725.0,45.646403846153845,44.6875,57.65981730769231,Naive Forecast
33,7,3357.0299999999997,122.07432729007634,41.50437499999998,71.94562499999999,Naive Forecast
33,8,55231.219999999994,1107.41875,242.9375,1019.6237500000001,Naive Forecast
33,9,371.9699999999999,21.4946177184466,19.560624999999998,14.754375,Seasonal Naive
33,10,1438.44,40.56710877862596,41.448750000000004,37.65625,Seasonal Naive
33,11,2411.45,76.41859255725191,57.31812500000001,64.84562499999998,Naive Forecast
33,12,326.16,10.11064075630252,20.5075,14.63875,Historical Mean
33,13,92599.76,1050.783244274809,731.8824999999997,878.7343749999998,Naive Forecast
33,14,9477.78,294.60321564885487,117.13375000000002,160.11812500000002,Naive Forecast
33,16,2425.96,99.85496183206111,67.83875,99.44375000000001,Naive Forecast
33,17,2737.03,75.17491889312976,27.414375000000007,43.678125,Naive Forecast
33,18,2052.7999999999997,145.57131274131274,293.15714285714284,215.97250965250964,Historical Mean
33,20,479.97,19.053958333333338,13.138124999999999,25.83625,Naive Forecast
33,21,1380.9299999999998,92.60628339694657,18.155625,81.17624999999998,Naive Forecast
33,22,221.0,17.52876513317192,27.785714285714285,27.938159806295403,Historical Mean
33,23,25.999999999999996,1.8266666666666664,11.586666666666668,1.8266666666666664,Historical Mean
33,25,8.96,33.44239130434782,0.36,13.259646739130435,Naive Forecast
33,26,1390.86,37.15557251908396,25.746250000000007,60.396875,Naive Forecast
33,31,206.42,13.113566433566438,49.056363636363635,29.85244755244755,Historical Mean
33,32,107.0,25.965217391304343,14.3,25.965217391304343,Naive Forecast
33,38,257109.15999999997,7998.821488549616,3881.1849999999986,8642.67625,Naive Forecast
33,40,89357.59,1430.533840648855,1667.5843749999997,1438.693125,Historical Mean
33,41,204.5,28.222786647314948,9.115384615384615,23.648040638606673,Naive Forecast
33,42,1112.4899999999998,44.33405720338982,29.454375000000002,33.89687500000001,Naive Forecast
33,44,18.47,6.583,1.295,6.583,Naive Forecast
33,46,23046.470000000005,100.1959208015267,110.49687499999997,359.08874999999995,Historical Mean
33,49,15.0,7.5,5.0,7.5,Naive Forecast
33,52,26.0,14.059541666666668,4.666666666666667,30.856666666666666,Naive Forecast
33,55,363.0,10.668204545454547,20.3125,16.6875,Historical Mean
33,60,1125.0,52.37547709923665,52.3125,63.9375,Naive Forecast
33,67,9632.769999999999,186.3116555343511,88.71562500000002,186.33125,Naive Forecast
33,74,3760.55,52.381846374045786,68.71937500000001,80.56499999999998,Historical Mean
33,79,150317.02,1838.950620229008,443.7349999999999,1899.8550000000002,Naive Forecast
33,80,78324.64,1793.4934923664116,521.6825000000002,1762.6937500000006,Naive Forecast
33,81,106763.52,692.8246469465649,733.23375,574.6687499999999,Seasonal Naive
33,82,40332.02,268.5410019083969,259.6525,263.60687499999983,Naive Forecast
33,83,22961.51,536.0300429389312,614.6693750000001,411.176875,Seasonal Naive
33,87,4059.7400000000002,96.87657692307693,88.11375000000001,157.02375,Naive Forecast
33,90,313113.72,2478.4282156488553,1963.8512499999995,1314.5843750000001,Seasonal Naive
33,91,134453.93,2108.6672853053433,1651.7893749999996,1012.1350000000002,Seasonal Naive
33,92,405509.87,4594.030624999999,4820.440625000001,1606.8106250000008,Seasonal Naive
33,93,216000.6,7781.569809160306,2332.11875,6959.093749999999,Naive Forecast
33,94,301208.33,4465.133430343515,2113.5856249999993,2922.35375,Naive Forecast
33,95,349869.12999999995,3163.8790505725187,2418.744375,2006.348125,Seasonal Naive
33,96,133615.07,2054.829546755725,886.5668749999996,1577.7656250000005,Naive Forecast
33,97,68067.29999999999,894.2592366412212,805.9449999999998,541.469375,Seasonal Naive
33,98,71629.78,1469.5910209923663,366.1024999999999,1004.88125,Naive Forecast
33,99,0.05,0.018333333333333333,0.018333333333333333,0.018333333333333333,Historical Mean
34,1,230852.46000000002,2135.00447519084,2461.6150000000002,1074.5168749999993,Seasonal Naive
34,2,407100.99000000005,1523.7038501908378,3387.0931250000017,1912.6087499999994,Historical Mean
34,3,149563.83000000002,4947.4886593511455,16306.433125000001,1578.0299999999995,Seasonal Naive
34,4,243694.27,1130.9280963740446,2435.083125000002,707.0874999999987,Seasonal Naive
34,5,207791.87,4816.508249045801,3546.1468750000013,3348.1081249999997,Seasonal Naive
34,6,32301.08,797.6171374045798,1208.94125,800.1812500000001,Historical Mean
34,7,161431.57000000004,5387.9220849236635,1601.345625,1603.2406249999995,Naive Forecast
34,8,332048.2,748.7812499999998,1356.5362499999994,1845.3225000000004,Historical Mean
34,9,240192.3,5455.706898854961,5446.626249999999,3778.6375,Seasonal Naive
34,10,218738.76,1705.31375,1321.0924999999997,1206.5506250000003,Seasonal Naive
34,11,154270.08000000002,3012.316259541984,3865.654999999999,1263.603125,Seasonal Naive
34,12,61408.87,309.71895515267187,308.44187500000015,577.8918749999999,Naive Forecast
34,13,291657.93,1875.96344942748,2145.249375,1622.4125,Seasonal Naive
34,14,108195.03,993.4424761450373,833.8206249999992,1323.9437499999997,Naive Forecast
34,16,112780.62999999999,7087.576426526721,6306.880625000002,1127.2931250000001,Seasonal Naive
34,17,80458.78000000001,367.9203053435115,363.1724999999999,776.3812499999999,Naive Forecast
34,18,43893.21000000001,4054.3185191441453,2753.1793749999997,1167.4104110360358,Seasonal Naive
34,19,376.8,33.11173515981735,32.76666666666667,40.27079908675799,Naive Forecast
34,20,32923.47,319.62684637404584,368.3118750000001,617.3700000000001,Historical Mean
34,21,48097.780000000006,382.52842557251904,315.05125,485.10874999999976,Naive Forecast
34,22,66130.27,860.723907442748,609.784375,469.89625,Seasonal Naive
34,23,145483.77,2222.9935543893134,1702.7231249999998,1067.8006249999999,Seasonal Naive
34,24,37600.31,1054.3039169847327,2423.2181249999994,828.6625000000001,Seasonal Naive
34,25,67013.81,602.8228291984731,511.30062499999974,667.214375,Naive Forecast
34,26,55862.44,667.6429389312981,670.6662500000001,1053.1625000000001,Historical Mean
34,27,8650.99,158.96589217557255,145.454375,100.00062500000001,Seasonal Naive
34,28,2591.9199999999996,64.88791030534352,60.30375000000001,59.697500000000005,Seasonal Naive
34,29,24635.47,198.6161784351145,191.11687500000002,519.2312499999999,Naive Forecast
34,30,20393.44,208.36220419847328,505.2850000000001,323.8725,Historical Mean
34,31,12991.03,342.82566316793884,2183.908125,183.9699999999999,Seasonal Naive
34,32,44162.83,1622.9804914122142,515.535625,948.7562499999999,Naive Forecast
34,33,45346.310000000005,706.6176574427482,1728.906875,720.1137499999999,Historical Mean
34,34,74472.26999999999,2188.4431059160297,1195.2381250000003,608.5787499999997,Seasonal Naive
34,35,13660.220000000001,572.5096851145038,188.15374999999997,357.77375,Naive Forecast
34,36,5424.459999999999,519.090715648855,315.43874999999997,243.88187499999998,Seasonal Naive
34,37,27895.91,225.44812499999998,225.44812499999998,285.79437499999995,Historical Mean
34,38,558446.48,4093.7676431297728,3053.9462500000013,4350.105625,Naive Forecast
34,40,451294.46,1289.1597709923672,852.0387499999997,1282.7549999999987,Naive Forecast
34,41,13142.32,747.2498846153846,303.76124999999996,872.0862499999998,Naive Forecast
34,42,52611.04000000001,306.45729007633616,364.2087500000003,334.36374999999987,Historical Mean
34,44,45461.3,529.456927480916,943.2537499999999,1192.7962499999996,Historical Mean
34,46,189535.24000000002,1755.3105820610663,1309.839999999999,629.0806249999998,Seasonal Naive
34,47,0.0,76.81545454545454,0.0,76.81545454545454,Naive Forecast
34,48,43631.0,2319.8224890350875,2633.3125,2459.1421436403507,Historical Mean
34,49,31945.890000000003,1444.735672709924,1054.6756249999999,1077.9537500000001,Naive Forecast
34,52,14447.150000000001,213.3178864503817,198.62312500000002,406.1868750000001,Naive Forecast
34,54,133.44,33.23676635514018,21.584000000000003,16.57695327102804,Seasonal Naive
34,55,86622.93000000001,2944.9959398854967,1548.5956250000004,1319.2381249999999,Seasonal Naive
34,56,9401.32,3381.3074618320616,206.25999999999996,115.05249999999998,Seasonal Naive
34,59,2257.05,354.0506345419848,157.23437499999997,66.14812500000001,Seasonal Naive
34,60,819.0,21.04521276595745,19.6875,29.2625,Naive Forecast
34,65,605320.8,6915.156173664121,4568.552500000002,16322.970625000002,Naive Forecast
34,67,77545.5,601.6749809160306,750.4787500000002,824.9093749999997,Historical Mean
34,71,26079.499999999996,306.9288740458015,783.4737500000001,639.0687500000001,Historical Mean
34,72,401959.14,4672.980515267175,6501.69625,3966.19375,Seasonal Naive
34,74,89858.65,605.3213883587787,580.479375,437.2275,Seasonal Naive
34,79,182310.67999999996,703.2714790076335,1793.3200000000015,743.8174999999998,Historical Mean
34,80,137264.07,399.6093750000001,436.64187500000014,968.1318749999996,Historical Mean
34,81,200188.92000000004,1127.6890744274806,757.8824999999988,827.9231249999996,Naive Forecast
34,82,197919.52000000002,1238.6368034351153,667.6225000000001,1683.3825000000002,Naive Forecast
34,83,32023.989999999998,314.24437499999993,340.93562499999996,504.739375,Historical Mean
34,85,16936.96,446.1982729007633,441.81125,405.999375,Seasonal Naive
34,87,100707.91,2452.7919131679387,858.7031249999998,2148.975625,Naive Forecast
34,90,553051.78,2259.7503339694636,1616.6637500000002,1898.9725000000021,Naive Forecast
34,91,430291.99,2812.3102528625964,1577.3881249999997,2536.1987500000014,Naive Forecast
34,92,881943.1600000001,6937.558740458018,3308.4974999999995,5360.371875000002,Naive Forecast
34,93,401991.04,5097.223015267178,2879.5225000000005,4624.275625000001,Naive Forecast
34,94,451057.37,1412.7446612595413,1346.7493750000003,1461.295,Naive Forecast
34,95,858837.22,4459.71034351145,3795.845000000002,2669.4381250000006,Seasonal Naive
34,96,243941.65000000005,1469.3456440839693,1004.6181250000002,759.8512499999995,Seasonal Naive
34,97,225226.25000000003,1608.8679055343516,814.7818750000004,917.0093750000001,Naive Forecast
34,98,94900.52,997.4379770992367,829.3025,479.14124999999996,Seasonal Naive
34,99,370.28,399.73137931034483,94.13833333333334,331.24770114942527,Naive Forecast
35,1,188741.19999999998,3734.4338072519095,2313.7574999999997,1388.5056249999996,Seasonal Naive
35,2,589694.89,5608.191168893134,4046.339375,7970.79625,Naive Forecast
35,3,331399.27,23489.143392175574,19535.340625,2087.1737500000004,Seasonal Naive
35,4,232681.59,1873.265625,2059.073125,1256.8199999999993,Seasonal Naive
35,5,197646.41999999995,10178.754589694658,2775.1037499999993,3347.718125,Naive Forecast
35,6,44282.689999999995,3908.308172709923,619.1318749999999,1422.0575,Naive Forecast
35,7,254972.77000000002,10351.453287213739,2032.473125,2717.149375,Naive Forecast
35,8,225473.32,1040.0287309160308,1480.3850000000016,3077.37625,Historical Mean
35,9,154866.48,3553.2475572519074,2388.4850000000006,2127.1643749999994,Seasonal Naive
35,10,170690.82,679.4350286259549,1341.0637499999993,967.1856249999998,Historical Mean
35,11,139114.15,6736.705930343513,1097.955625,1473.0056249999998,Naive Forecast
35,12,25634.390000000003,299.94473759542,326.66187500000007,484.819375,Historical Mean
35,13,414724.66,3294.9592461832062,3729.335000000001,2388.207500000001,Seasonal Naive
35,14,305843.14,3132.2451431297704,2774.7324999999996,2725.489375,Seasonal Naive
35,16,3723.3100000000004,7667.136541030533,865.0956249999999,2317.988125,Naive Forecast
35,17,183442.42999999996,1597.2998902671736,1245.5406250000005,1007.480625,Seasonal Naive
35,18,52071.31,5374.352780172415,3243.668125,580.6512500000001,Seasonal Naive
35,19,0.0,0.0,0.0,0.0,Historical Mean
35,20,127090.85,1330.8202719465648,2148.803125,633.94,Seasonal Naive
35,21,37698.46,637.1018034351146,384.42249999999996,367.02625,Seasonal Naive
35,22,255139.11,1837.5962738549615,2105.8006250000003,1588.3593750000002,Seasonal Naive
35,23,439007.1099999999,3587.2383349236666,2792.761874999999,3421.709374999999,Naive Forecast
35,24,154870.00000000003,5439.825658396947,6123.272499999999,926.7168749999998,Seasonal Naive
35,25,169241.00000000003,1759.3443416030527,3631.8674999999994,1124.4675000000002,Seasonal Naive
35,26,168983.27,1916.5797185114502,4043.6993749999992,1449.1537499999995,Seasonal Naive
35,27,21905.35,387.2214837786259,569.444375,177.68812499999996,Seasonal Naive
35,28,8291.099999999999,235.85104007633586,218.255,155.21625,Seasonal Naive
35,29,93732.64000000001,951.998225190839,482.16999999999973,852.8149999999998,Naive Forecast
35,30,61698.47999999999,817.1609446564885,1140.6074999999998,417.33124999999995,Seasonal Naive
35,31,68064.16,2980.949847328244,2764.9024999999997,1266.0943750000001,Seasonal Naive
35,32,66721.25,2251.5340887404573,753.1031249999999,747.2693750000002,Seasonal Naive
35,33,145510.77,3081.7619036259534,4269.093124999999,2288.6856250000005,Seasonal Naive
35,34,303175.92,1494.9166603053434,1510.1375,3970.590000000002,Historical Mean
35,35,29867.42,901.7969179389313,357.50125,749.0118750000001,Naive Forecast
35,36,17711.79,2792.6074188931298,917.8618749999999,1185.5300000000002,Naive Forecast
35,38,435190.03,2313.6065696564897,2936.645625000001,4630.695625,Historical Mean
35,40,441568.81000000006,1165.8889742366432,890.9356250000014,5735.709374999999,Naive Forecast
35,41,19117.4,445.70005725190845,351.9025,874.571875,Naive Forecast
35,42,96680.25,517.6668750000001,850.7156250000002,1112.2325,Historical Mean
35,44,23538.649999999998,174.85687499999997,326.380625,438.28562500000004,Historical Mean
35,46,187334.28999999995,1348.223201335877,1483.6031249999996,3159.604375,Historical Mean
35,47,0.0,46.45628571428571,129.0,46.45628571428571,Historical Mean
35,49,91.28,8.707325227963526,5.948571428571428,8.707325227963526,Naive Forecast
35,51,1.16,21.94309523809524,3.12,6.959999999999999,Naive Forecast
35,52,18709.320000000003,279.3530343511451,263.5874999999999,571.0081250000001,Naive Forecast
35,54,371.16,182.7051587301588,19.08285714285714,26.54,Naive Forecast
35,55,83643.40000000001,5166.171316793893,1147.5962499999998,1762.7887499999997,Naive Forecast
35,56,3632.47,561.1778933333333,215.50666666666666,212.54933333333332,Seasonal Naive
35,58,27285.0,1251.72607421875,1000.3125,1295.15625,Naive Forecast
35,59,626.54,854.7577016129032,59.183749999999996,106.591875,Naive Forecast
35,60,1107.0,31.622041984732824,41.0625,57.1375,Historical Mean
35,67,58582.970000000016,843.7903769083973,528.4343750000002,729.965,Naive Forecast
35,71,120532.48999999999,2751.3817032442757,2821.3543749999994,2817.293125,Historical Mean
35,72,947671.3700000001,7820.460357824432,7912.729374999998,11752.041874999999,Historical Mean
35,74,247439.46000000002,2730.16,3050.7524999999996,2410.747499999999,Seasonal Naive
35,78,3.0,12.0,9.0,12.0,Naive Forecast
35,79,303786.0900000001,1758.1388311068697,1727.8781249999995,3775.711875,Naive Forecast
35,80,299.08000000000004,52.694139344262304,82.88500000000002,129.103125,Historical Mean
35,81,84670.72,797.3708492366411,848.56375,969.2974999999998,Historical Mean
35,82,143402.63,1624.6766746183198,1741.8818750000003,1844.3581250000002,Historical Mean
35,83,25689.280000000002,426.5023759541985,378.61625000000015,1801.19375,Naive Forecast
35,85,19838.610000000004,433.10921278625955,301.7231249999999,448.97937500000006,Naive Forecast
35,87,169579.49000000002,2423.746827290077,2225.2818750000006,4579.094375000001,Naive Forecast
35,90,165173.01,1537.5311116412201,1340.2968749999998,3116.233125,Naive Forecast
35,91,88742.79,1174.6796708015268,1146.198125,1011.9449999999997,Seasonal Naive
35,92,439716.39,5010.3561020992365,3375.379374999999,7832.846874999998,Naive Forecast
35,93,18388.91,463.07325858778626,469.089375,434.8793749999999,Seasonal Naive
35,94,470.44999999999993,164.7389825970549,49.99,36.342222222222226,Seasonal Naive
35,95,528496.62,7060.286097328246,6987.221249999999,6843.89,Seasonal Naive
35,96,13.700000000000001,8.912222222222223,8.583333333333334,8.912222222222223,Naive Forecast
35,97,45939.4,535.0002290076336,535.09875,978.1099999999999,Historical Mean
35,98,428.06,42.92062500000001,18.74375,23.658125,Naive Forecast
36,1,24889.559999999998,363.1692748091605,310.07000000000005,259.5193750000001,Seasonal Naive
36,2,142063.19999999998,1706.9876717557256,297.4450000000006,488.229375,Naive Forecast
36,3,8189.64,371.77415076335876,316.14375,236.66312499999998,Seasonal Naive
36,4,94512.4,2197.7246183206107,232.88124999999974,659.2300000000002,Naive Forecast
36,5,2826.38,87.76778465346536,130.10125,101.89000000000001,Historical Mean
36,6,9.88,17.927777777777777,3.0,17.927777777777777,Naive Forecast
36,7,3864.4599999999996,94.62277671755727,53.13000000000001,99.88562499999999,Naive Forecast
36,8,38041.01,283.56420324427484,234.54437499999972,187.4437499999999,Seasonal Naive
36,9,1507.84,63.3465,118.45625000000001,94.12875,Historical Mean
36,10,3283.3399999999997,117.82978053435113,52.588750000000005,126.30375,Naive Forecast
36,11,3067.54,82.72011538461538,81.91125,112.724375,Naive Forecast
36,12,552.5600000000001,12.65897435897436,19.025000000000002,20.410625000000003,Historical Mean
36,13,127593.28999999998,1699.3376001908393,245.26687500000048,597.2668750000003,Naive Forecast
36,14,15680.149999999998,661.0240028625956,241.411875,225.93124999999992,Seasonal Naive
36,16,5575.03,184.9211307251908,143.52437500000002,141.19187499999998,Seasonal Naive
36,17,2661.65,280.5205582061069,36.385625,155.701875,Naive Forecast
36,18,1665.8600000000001,191.67123456790125,144.13166666666666,242.90018518518522,Naive Forecast
36,20,340.5,42.21448643410853,9.21875,29.413125,Naive Forecast
36,21,2225.5199999999995,48.630095419847294,32.96625000000001,38.36812499999999,Naive Forecast
36,22,849.65,70.98938461538461,97.57538461538462,70.98938461538461,Historical Mean
36,24,0.0,20.5,2.0,20.5,Naive Forecast
36,25,59.88,12.358843537414966,10.56,6.848340136054422,Seasonal Naive
36,26,2002.4499999999998,31.199327290076333,31.138125000000002,50.076875,Naive Forecast
36,31,1513.0,73.2015322580645,66.8125,87.75233870967742,Naive Forecast
36,32,50.5,14.007936507936506,17.785714285714285,14.007936507936506,Historical Mean
36,38,218690.20999999996,1427.521302480917,4948.889375,2170.7162499999986,Historical Mean
36,40,119493.43999999999,840.9291603053431,563.87125,390.8625000000002,Seasonal Naive
36,42,1213.1299999999997,18.616705508474574,23.296875,16.133749999999996,Seasonal Naive
36,44,6.05,8.680833333333334,18.4575,8.680833333333334,Historical Mean
36,46,25497.269999999997,348.6148330152672,123.50687500000004,232.28375,Naive Forecast
36,49,10.0,8772.768801195287,8772.768801195287,8772.768801195287,Historical Mean
36,60,918.0,96.03129770992365,24.75,54.925,Naive Forecast
36,67,6003.499999999999,206.45271946564884,65.61,110.92125000000001,Naive Forecast
36,71,0.0,8777.768801195289,8777.768801195289,8777.768801195289,Historical Mean
36,72,0.0,3.057777777777778,0.0,3.057777777777778,Naive Forecast
36,74,5957.99,94.45343034351144,50.21062499999999,51.995000000000005,Naive Forecast
36,79,159781.49999999997,4862.274265267174,9659.636250000003,3239.3012500000004,Seasonal Naive
36,80,185571.71000000002,5596.110166984736,715.525625,4054.4656250000003,Naive Forecast
36,81,120977.49999999999,2237.1444561068697,409.1287500000001,898.9224999999999,Naive Forecast
36,82,59099.829999999994,517.0893654580157,627.9731249999999,1200.403125,Historical Mean
36,83,24522.91,1475.7644608778626,161.93812499999996,872.7600000000001,Naive Forecast
36,87,1784.94,133.27335185185186,128.996,201.31733333333332,Naive Forecast
36,90,323952.35000000003,8822.550682251904,1268.1693749999995,6556.7093749999985,Naive Forecast
36,91,107891.26000000002,2096.0115362595416,1038.7112499999998,1569.7475,Naive Forecast
36,92,387481.54000000004,13284.23897900763,2084.7449999999994,8048.124375000001,Naive Forecast
36,93,183161.2,11773.899484732827,1038.6887499999998,5845.28125,Naive Forecast
36,94,370477.43,17722.67844942748,2825.334375000004,10742.0825,Naive Forecast
36,95,399257.9,6480.390181297707,2136.5199999999995,5317.759375000001,Naive Forecast
36,96,168138.74,1623.3932347328237,755.2025000000001,2217.43375,Naive Forecast
36,97,62893.86000000001,1250.056803435115,418.845,543.7275000000002,Naive Forecast
36,98,60818.84,4289.028683206107,365.7099999999999,3342.3181250000002,Naive Forecast
37,1,139821.99,1413.2934017175571,1849.1768749999992,688.250625,Seasonal Naive
37,2,206827.46,999.5203435114498,630.9299999999997,1220.6899999999994,Naive Forecast
37,3,22259.87,566.389699427481,428.49812500000013,460.22874999999993,Naive Forecast
37,4,211432.63999999996,668.3073187022896,692.0949999999998,865.0893749999993,Historical Mean
37,5,11400.43,340.71631202290075,422.831875,444.45125,Historical Mean
37,6,75.04,39.58241469816273,14.486666666666665,21.965,Naive Forecast
37,7,7236.869999999999,239.98127385496176,53.24312499999998,167.22812499999995,Naive Forecast
37,8,204623.43999999997,1056.6637595419852,666.5925000000003,1508.1843749999996,Naive Forecast
37,9,1407.9,49.234134615384605,67.04375000000002,47.700625,Seasonal Naive
37,10,5293.41,105.21581583969467,80.931875,146.463125,Naive Forecast
37,11,21637.94,126.61316793893133,209.72875,230.10437499999998,Historical Mean
37,12,3102.67,74.36444179389314,33.634375000000006,43.933125000000004,Naive Forecast
37,13,205468.23,988.5509208015269,829.9481249999999,1074.3743749999996,Naive Forecast
37,14,15742.8,186.56535305343522,205.64624999999995,229.275625,Historical Mean
37,16,24425.829999999998,289.4375715648854,307.92187499999994,236.94250000000005,Seasonal Naive
37,17,5070.39,83.95649332061069,94.72687499999998,111.65562499999999,Historical Mean
37,18,4298.37,248.49562152133578,611.082857142857,255.82000000000002,Historical Mean
37,20,128.0,22.71348039215687,29.333333333333332,22.71348039215687,Historical Mean
37,21,21082.379999999997,156.06254770992365,127.04875,271.2150000000001,Naive Forecast
37,22,903.13,20.52642857142857,38.426428571428566,20.52642857142857,Historical Mean
37,23,372.15,15.417775000000002,11.618124999999997,21.99625,Naive Forecast
37,24,5.97,0.8041176470588232,0.0,0.8041176470588232,Naive Forecast
37,25,676.1800000000001,14.264026717557254,14.521250000000002,25.209375,Historical Mean
37,27,204.67,8.788,8.846,6.578666666666667,Seasonal Naive
37,28,907.4399999999999,79.35011450381681,42.275,50.161249999999995,Naive Forecast
37,31,1882.37,98.97054807692305,87.145625,100.58594711538461,Naive Forecast
37,32,683.0,39.736459627329204,128.21428571428572,39.736459627329204,Historical Mean
37,33,6.47,1.7824999999999998,4.97,1.7824999999999998,Historical Mean
37,38,741184.1399999999,10472.289971374057,13554.378749999998,4385.64625,Seasonal Naive
37,40,329744.57999999996,883.8379961832065,1322.0187500000006,867.8687500000001,Seasonal Naive
37,42,1642.2400000000002,42.83020038167939,35.44,30.52437499999999,Seasonal Naive
37,44,4.85,3.7935714285714286,1.75,3.7935714285714286,Naive Forecast
37,46,102513.93999999999,339.50363549618345,530.5674999999995,754.2931250000005,Historical Mean
37,49,176.77,11.378411764705884,11.481333333333332,11.378411764705884,Historical Mean
37,52,243.67000000000004,14.643392175572522,5.908124999999999,25.830624999999994,Naive Forecast
37,56,1231.0,310.66238677210634,176.89384615384617,153.1646153846154,Seasonal Naive
37,59,1027.76,65.97038167938933,33.660000000000004,35.3575,Naive Forecast
37,60,8001.0,88.19398854961833,97.3125,140.41249999999997,Historical Mean
37,67,27839.86,381.0363835877864,303.37375000000003,314.04312500000003,Naive Forecast
37,71,14.0,25.0,25.0,25.0,Historical Mean
37,72,1362.0900000000001,101.28937499999999,147.669375,134.246875,Historical Mean
37,74,8894.750000000002,144.48887881679394,307.433125,123.79750000000004,Seasonal Naive
37,79,91759.47,563.4877337786261,628.2131250000002,869.8725,Historical Mean
37,80,139086.8,1045.0663740458035,681.0549999999998,785.5774999999998,Naive Forecast
37,81,127576.17,256.301808206107,611.521875,402.03812500000004,Historical Mean
37,82,74551.52,807.2085209923662,784.0637499999998,815.3199999999997,Naive Forecast
37,83,27223.94,105.80362595419841,273.0437499999999,351.89687500000014,Historical Mean
37,85,1195.33,47.52975667938931,27.950625,54.606875,Naive Forecast
37,87,15387.550000000001,317.47139790076346,120.67562500000001,160.61374999999998,Naive Forecast
37,90,547059.09,1869.1690601145037,2338.3343749999976,1184.4212500000017,Seasonal Naive
37,91,380184.74000000005,996.6961832061072,969.8624999999995,903.1606249999995,Seasonal Naive
37,92,735612.3,2087.3023759541957,4076.4137500000043,1514.7106249999997,Seasonal Naive
37,93,286358.14999999997,3116.1510925572525,2642.534375000001,2436.624375,Seasonal Naive
37,94,418425.77,1631.2006250000004,2027.6693750000022,1244.0743750000006,Seasonal Naive
37,95,649369.3500000001,3609.539813931302,2951.3531250000005,2488.6912500000008,Seasonal Naive
37,96,244729.81999999998,849.5371755725205,806.7387500000009,870.2212500000005,Naive Forecast
37,97,176400.96,894.5494465648842,1289.29,645.2531250000002,Seasonal Naive
37,98,61223.44,761.9937977099238,601.4387499999998,507.6993750000001,Seasonal Naive
37,99,10.0,7.5,0.0,7.5,Naive Forecast
38,1,92285.60999999999,886.4015028625954,814.1868750000001,1057.3556250000001,Naive Forecast
38,2,146275.21,1519.5756631679387,565.184375,1001.8193749999998,Naive Forecast
38,3,9125.41,308.52708492366406,239.063125,77.27687499999998,Seasonal Naive
38,4,137009.84000000003,995.8518606870219,432.8537499999999,1009.1468749999999,Naive Forecast
38,5,3338.8599999999997,236.64348282442745,137.47875,166.19625,Naive Forecast
38,6,257.64000000000004,18.599616797900264,7.594666666666668,11.817186351706034,Naive Forecast
38,7,2973.55,159.0272280534351,210.15562500000004,99.52312500000001,Seasonal Naive
38,8,126205.24,1085.062786259543,394.69249999999954,719.7518749999999,Naive Forecast
38,9,1069.86,17.572137404580154,75.04125,45.04500000000001,Historical Mean
38,10,4660.49,40.98902194656489,73.61062500000003,55.720000000000006,Historical Mean
38,11,9041.16,113.5498187022901,121.17625000000001,86.62875,Seasonal Naive
38,12,632.3799999999999,13.514484732824428,6.455000000000001,15.409375000000002,Naive Forecast
38,13,128551.41,838.4791937022907,365.58937500000013,439.1643750000002,Naive Forecast
38,14,9719.369999999999,185.04117843511446,142.63937499999994,120.41187499999998,Seasonal Naive
38,16,9447.05,194.4122853053435,231.796875,134.82687500000003,Seasonal Naive
38,17,5440.13,62.495462786259544,59.10187500000001,114.92062500000002,Naive Forecast
38,18,2640.5599999999995,143.58051020408163,377.1228571428571,182.1957142857143,Historical Mean
38,20,280.2699999999999,28.382533333333335,36.622,32.25346666666667,Historical Mean
38,21,11669.769999999999,80.12698950381667,66.67937500000001,83.32,Naive Forecast
38,22,335.66,37.13731182795699,152.38,37.13731182795699,Historical Mean
38,23,546.5899999999999,11.852101063829789,13.761875000000002,23.546875,Historical Mean
38,25,759.89,20.307915076335874,21.745624999999997,50.59312499999999,Historical Mean
38,26,37.97,3.1085000000000007,3.3939999999999997,4.861500000000001,Historical Mean
38,27,171.99,6.097444444444446,21.90866666666666,7.943444444444444,Historical Mean
38,28,717.3000000000001,32.61974236641221,21.531249999999996,22.608124999999994,Naive Forecast
38,29,70.97999999999999,9.865,9.865,9.865,Historical Mean
38,31,727.5,40.88561111111112,58.1,45.03812962962963,Historical Mean
38,32,725.79,30.08655720338983,34.361875,38.659947033898305,Historical Mean
38,33,12.0,1.8754187192118228,3.357142857142857,1.8754187192118228,Historical Mean
38,34,5.96,7.22923076923077,5.9799999999999995,7.22923076923077,Naive Forecast
38,38,872871.77,23406.40192270992,9670.206874999996,21686.25875,Naive Forecast
38,40,211191.66,1707.7832156488532,2539.77625,2237.4968749999994,Historical Mean
38,42,1341.6499999999999,18.7226288167939,45.68687500000001,23.933125000000004,Historical Mean
38,44,62.55,4.510272727272728,5.109,4.9270000000000005,Historical Mean
38,46,63184.94000000001,362.3391507633589,141.57749999999982,467.08687499999996,Naive Forecast
38,49,84.4,2.1895238095238088,4.375384615384615,2.1895238095238088,Historical Mean
38,52,213.27999999999997,7.8812500000000005,8.446250000000001,9.793125,Historical Mean
38,55,36.8,8.44,8.44,8.44,Historical Mean
38,56,434.35,82.59161375661377,62.451666666666675,64.24330687830688,Naive Forecast
38,59,581.8299999999999,22.518125,46.559374999999996,35.6225,Historical Mean
38,60,4581.0,66.41708015267176,81.5625,66.1375,Seasonal Naive
38,67,8688.429999999998,74.41296278625957,66.101875,143.98874999999995,Naive Forecast
38,72,2637.0400000000004,56.4901717557252,94.31250000000003,76.020625,Historical Mean
38,74,4878.5599999999995,97.70213740458017,357.02,111.12812500000001,Historical Mean
38,79,109647.26,666.5558301526713,804.1087499999995,709.3018750000002,Historical Mean
38,80,135810.26,667.5000190839687,764.6575,533.3268749999996,Seasonal Naive
38,81,130934.48999999999,1026.9439265267165,837.1518749999999,845.0918750000003,Naive Forecast
38,82,68787.15000000001,339.69205629770994,679.7656249999995,442.2112499999999,Historical Mean
38,83,29070.319999999996,524.8488454198474,757.555,395.304375,Seasonal Naive
38,85,432.81000000000006,57.31281136950904,27.304666666666666,78.42466666666668,Naive Forecast
38,87,8956.53,155.49218034351142,200.00312500000007,240.17312500000003,Historical Mean
38,90,454824.58,4569.632337786255,2731.597499999999,2221.3824999999997,Seasonal Naive
38,91,325412.27,3311.769327290075,3709.2893750000007,2142.4287499999996,Seasonal Naive
38,92,585254.12,6259.778301526721,6201.66375,6270.063125000002,Naive Forecast
38,93,241719.84000000003,3397.0624618320608,4775.066249999998,2648.139999999999,Seasonal Naive
38,94,286080.06,3272.4373377862594,3398.3462500000005,2978.363125,Seasonal Naive
38,95,541024.35,4963.883859732825,3874.0631249999997,3729.713749999999,Seasonal Naive
38,96,160195.21,1717.7475906488548,597.6518749999997,1834.7606250000003,Naive Forecast
38,97,128852.91999999998,1563.1591412213734,1583.4799999999998,933.1887499999998,Seasonal Naive
38,98,59556.14,688.6681106870229,833.2325000000002,744.7206249999999,Historical Mean
39,1,292647.0,5063.854255725191,5660.735,2185.144374999999,Seasonal Naive
39,2,905138.7400000001,9559.20716603053,6369.726250000001,7056.558750000001,Naive Forecast
39,3,468799.8299999999,22025.670071564888,36197.599375,8312.08125,Seasonal Naive
39,4,610805.42,6492.630677480916,5336.202500000001,4460.6900000000005,Seasonal Naive
39,5,274594.39,3759.088687977098,4628.226875000001,3084.772500000001,Seasonal Naive
39,6,35273.16,2001.121755725191,609.5024999999999,904.59375,Naive Forecast
39,7,439081.72,3519.9350190839687,4021.300000000001,5818.1012500000015,Historical Mean
39,8,466600.86,3247.368673664127,1921.5037499999994,3449.3375000000005,Naive Forecast
39,9,243195.46999999997,3095.362542938932,2753.1056249999992,2639.171874999999,Seasonal Naive
39,10,212426.25999999998,3717.819083969466,1657.9137500000002,2387.86875,Naive Forecast
39,11,280821.11,4048.705958969465,2448.5143749999997,4083.1487499999994,Naive Forecast
39,12,61429.18000000001,691.7299713740456,403.44124999999997,474.74312499999996,Naive Forecast
39,13,752628.84,9428.675095419845,2877.159999999998,5289.303125,Naive Forecast
39,14,258496.07,2008.1904150763357,2882.2918749999994,2271.0756249999995,Historical Mean
39,16,206586.88,8701.855133587787,4848.71375,1396.4212500000003,Seasonal Naive
39,17,157812.72999999998,1837.9730104961825,968.0756250000003,1687.4074999999998,Naive Forecast
39,18,133808.5,9017.74235,9062.82375,2531.155625,Seasonal Naive
39,19,6.72,3.3258620689655185,1.68,3.3258620689655185,Naive Forecast
39,20,104141.46,1441.2260877862598,1355.6262499999998,1636.27375,Naive Forecast
39,21,83267.77000000002,396.444375,402.1343749999999,689.1381250000001,Historical Mean
39,22,173779.88999999996,2262.151913167939,1828.0056249999998,2182.7374999999997,Naive Forecast
39,23,244359.07,2897.8758349236637,4056.7331250000007,3484.909375000001,Historical Mean
39,24,107731.95999999999,2531.1433587786255,2120.23125,2916.138125000001,Naive Forecast
39,25,89278.53,784.4321803435112,804.4056249999999,867.6643750000001,Historical Mean
39,26,127678.62,1459.7869656488551,1449.90125,1425.865625,Seasonal Naive
39,27,19948.73,232.6148807251908,344.4543750000001,445.00812500000006,Historical Mean
39,28,6885.9800000000005,210.4156870229008,143.0325,85.0325,Seasonal Naive
39,29,73467.22,736.6347232824426,955.56,1198.791875,Historical Mean
39,30,49393.12,791.7488549618322,707.7850000000001,696.954375,Seasonal Naive
39,31,45297.18,1402.1453244274812,2423.7950000000005,1922.5906249999996,Historical Mean
39,32,65551.61,472.947523854962,334.55437500000005,378.4537500000003,Naive Forecast
39,33,98665.14000000001,1694.8662500000003,1895.5375,1066.6525,Seasonal Naive
39,34,205251.71,958.0012833969464,2020.4618749999995,3522.31875,Historical Mean
39,35,18964.63,498.932514312977,245.563125,319.08062499999994,Naive Forecast
39,36,8359.119999999999,1478.3458396946562,1831.805,214.80499999999998,Seasonal Naive
39,38,569581.8,4959.113425572516,3807.2625000000003,6068.674999999997,Naive Forecast
39,40,836498.8600000001,11810.518024809164,2862.183750000003,11247.343749999998,Naive Forecast
39,41,34293.75,1698.3487070610686,2592.026875,385.218125,Seasonal Naive
39,42,49440.7,577.4222996183203,520.9525000000001,646.1737499999999,Naive Forecast
39,44,61508.4,690.3096087786257,968.5650000000002,794.1443750000002,Historical Mean
39,45,29.849999999999998,8.955,8.955,5.417424242424241,Seasonal Naive
39,46,422769.8400000001,1746.6383874045823,6926.984999999997,2441.3231250000017,Historical Mean
39,49,119665.45000000001,2244.249451335878,2487.5656249999997,2213.5031249999997,Seasonal Naive
39,51,7.76,8.584571428571431,6.199999999999999,8.584571428571431,Naive Forecast
39,52,25238.39,287.9915887404579,780.3968749999999,473.05875000000003,Historical Mean
39,54,169.32,84.88783870967741,10.580000000000002,29.153983870967743,Naive Forecast
39,55,99479.04,3683.8395229007647,1198.27625,904.0912500000001,Seasonal Naive
39,56,17338.09,2603.5820658396956,562.861875,340.2593750000001,Seasonal Naive
39,58,49150.0,1849.8013549618317,1359.375,2334.6875,Naive Forecast
39,59,2978.0300000000007,495.6293272900763,59.65687499999999,88.449375,Naive Forecast
39,60,5292.0,66.74910714285714,82.125,73.17500000000001,Historical Mean
39,67,127661.36,1642.8472041984742,1098.6200000000003,914.0206250000002,Seasonal Naive
39,71,95571.52999999998,1715.5529723282439,1118.0593750000003,1098.02625,Seasonal Naive
39,72,671315.5700000001,5217.605997137403,8831.751875000002,9143.599999999997,Historical Mean
39,74,295024.97,3287.289632633588,6567.341875,2291.376875,Seasonal Naive
39,77,14.96,191.005,5.100000000000001,191.005,Naive Forecast
39,79,532994.71,6677.670825381678,2844.2381250000008,4871.419999999999,Naive Forecast
39,80,157184.45,1215.4877624045807,777.6131249999995,1139.5187500000002,Naive Forecast
39,81,245347.80000000002,1674.7131870229005,1060.570000000001,1020.8962500000014,Seasonal Naive
39,82,282706.02,1604.0487118320616,1623.1262500000012,2778.3268750000007,Historical Mean
39,83,73068.03000000001,481.63121660305353,355.2581250000004,1321.341875,Naive Forecast
39,85,18228.53,340.02777194656494,602.0331249999999,351.0425,Historical Mean
39,87,108386.19,3064.1105009541984,1225.0543749999997,2470.971875,Naive Forecast
39,90,1036464.1599999999,9221.707938931291,3534.0037500000017,2437.947500000002,Seasonal Naive
39,91,783276.4199999999,5347.836364503815,1156.1150000000007,1510.4300000000003,Naive Forecast
39,92,1519089.89,18273.210014312972,6518.551875,13540.263749999995,Naive Forecast
39,93,552389.01,8195.688334923667,2683.6393749999984,6559.746249999999,Naive Forecast
39,94,806797.3099999998,8638.68656965649,1928.8881250000018,4079.0531249999985,Naive Forecast
39,95,1403891.07,16089.961397900768,6067.9968750000035,7500.305000000002,Naive Forecast
39,96,348568.12,2944.9037118320603,1559.9587499999998,1300.8262499999994,Seasonal Naive
39,97,323102.41,3566.992552480916,2408.9543750000003,1555.434374999999,Seasonal Naive
39,98,124179.47,858.1656154580158,1247.0918749999992,1227.828125,Historical Mean
39,99,1345.38,346.4193434343434,167.06833333333336,192.24186868686868,Naive Forecast
40,1,214035.55999999997,2697.051440839694,1848.7899999999997,1314.67875,Seasonal Naive
40,2,326832.37,2605.204145992366,2683.8068750000016,965.9856249999993,Seasonal Naive
40,3,98074.8,2832.5743129770995,3439.6112499999995,700.4287499999998,Seasonal Naive
40,4,310467.28,3053.782681297711,3487.8374999999996,1243.506249999999,Seasonal Naive
40,5,165958.28999999998,4486.389317748091,1305.861875,2153.1000000000004,Naive Forecast
40,6,38328.95,1001.240939885496,540.315625,634.3406249999999,Naive Forecast
40,7,176537.71999999997,4688.802290076336,1197.3762499999993,1723.3974999999998,Naive Forecast
40,8,435387.2,3123.5780916030535,2582.807500000001,1743.7556249999989,Seasonal Naive
40,9,260315.29000000004,3510.777876908396,3025.779375000002,2051.5518749999997,Seasonal Naive
40,10,251966.1,2592.28215648855,1906.6962499999988,2758.398124999999,Naive Forecast
40,11,144935.75999999998,1171.3816984732825,1111.7475,1639.609375,Naive Forecast
40,12,59866.68,1051.6335782442745,882.1899999999999,752.5493749999998,Seasonal Naive
40,13,278316.4,2452.2854389312974,1306.27875,803.8481250000009,Seasonal Naive
40,14,140804.81,984.5522757633588,1017.7431249999998,889.2199999999998,Seasonal Naive
40,16,90859.59,5189.534537213741,6214.095625,2186.5793749999993,Seasonal Naive
40,17,95180.37000000001,1133.087371183206,1612.3406249999998,634.2687499999997,Seasonal Naive
40,18,38387.18,3796.713575757576,3203.7450000000003,503.5174999999999,Seasonal Naive
40,20,41008.39,469.63812499999983,469.63812499999983,349.56812499999984,Seasonal Naive
40,21,77067.53,308.5375047709926,1087.1243749999999,285.89062499999983,Seasonal Naive
40,22,83029.54999999999,1089.4136020992366,1337.3768750000006,405.80875000000026,Seasonal Naive
40,23,179805.62,1144.9702099236638,1128.7349999999997,1631.538125,Naive Forecast
40,24,42874.549999999996,765.0364742366412,1222.4606250000002,359.92375,Seasonal Naive
40,25,78268.4,561.4597232824428,585.20625,1109.888125,Historical Mean
40,26,55165.46,468.05518129771,533.3600000000004,379.1168750000001,Seasonal Naive
40,27,12429.79,158.59729484732821,228.20312500000003,114.77562499999998,Seasonal Naive
40,28,3708.6400000000003,114.56504770992369,125.72250000000003,47.394375000000004,Seasonal Naive
40,29,38962.99999999999,238.76726145038174,671.0250000000002,440.46812499999993,Historical Mean
40,30,28822.629999999997,420.583125,1022.9806250000001,276.6106249999999,Seasonal Naive
40,31,17546.95,449.3569608778626,484.02312500000005,395.113125,Seasonal Naive
40,32,44677.89,788.1549284351141,570.1731250000005,430.01500000000004,Seasonal Naive
40,33,46881.21,922.9383062977097,689.7431249999998,610.4799999999999,Seasonal Naive
40,34,79932.23999999999,1229.6204103053428,1171.5150000000003,1401.15375,Naive Forecast
40,35,21727.11,376.16302958015257,276.681875,343.28312500000004,Naive Forecast
40,36,6268.280000000001,420.7722614503817,422.8575,265.15375,Seasonal Naive
40,37,24753.07,336.00262881679384,366.8743750000001,379.34187499999996,Historical Mean
40,38,444225.80000000005,3231.7344561068717,2835.0624999999995,3725.6231249999987,Naive Forecast
40,40,430983.88,3576.974980916031,1773.2712499999989,2307.4993749999994,Naive Forecast
40,41,4104.3,154.33517175572518,196.29499999999996,107.24437499999998,Seasonal Naive
40,42,59221.530000000006,476.6465791984735,403.90187499999973,576.5012499999999,Naive Forecast
40,44,38293.55,336.0271994274809,368.28062500000004,467.08625,Historical Mean
40,45,17.91,0.3376363636363635,65.88000000000001,5.9399999999999995,Historical Mean
40,46,104799.59,825.7545562977094,1229.6906250000002,506.11437499999977,Seasonal Naive
40,47,30.92,17.331666666666663,82.53999999999999,0.9358333333333313,Seasonal Naive
40,48,12357.0,705.8784615384617,945.6428571428571,558.5196336996337,Seasonal Naive
40,49,623.0200000000001,12.43593220338983,22.60875,21.285624999999996,Historical Mean
40,52,10840.1,109.07959923664123,191.66750000000008,184.32437500000003,Historical Mean
40,54,276.21,78.37804918032788,13.565999999999997,23.187606557377045,Naive Forecast
40,55,64840.43999999999,3929.444732824427,712.8487499999995,1610.155,Naive Forecast
40,56,23499.66,1605.2832156488553,1109.37375,712.2025000000001,Seasonal Naive
40,58,44559.0,1365.2230263157894,1261.8125,2606.1875,Naive Forecast
40,59,1695.97,159.5019895038168,41.426874999999995,41.525,Naive Forecast
40,60,2106.0,70.22903625954199,31.5,64.89999999999999,Naive Forecast
40,67,75052.64,848.900458015267,443.7850000000003,431.819375,Seasonal Naive
40,71,25031.879999999997,498.07188931297713,562.4087500000002,404.3062500000001,Seasonal Naive
40,72,410643.02,5996.80226145038,3509.267499999999,3151.4424999999983,Seasonal Naive
40,74,140221.38,2682.8649904580157,1544.13375,832.0306250000001,Seasonal Naive
40,79,153577.18,649.9536927480918,2010.76125,609.2231249999998,Seasonal Naive
40,80,198949.3,1086.2608492366414,1317.6162500000005,1294.109375,Historical Mean
40,81,242487.54,1663.8345324427482,1829.7562499999995,957.5643750000004,Seasonal Naive
40,82,176794.97,1465.1756154580153,845.1006249999995,1384.0674999999997,Naive Forecast
40,83,30148.760000000002,736.8604007633587,599.8475000000001,175.93749999999991,Seasonal Naive
40,85,20595.18,258.6835400763359,114.00999999999996,401.04937500000005,Naive Forecast
40,87,309488.18000000005,7106.582395038171,3136.7349999999988,4082.628125000001,Naive Forecast
40,90,759744.7,5230.8116412213785,5518.9037499999995,1952.3950000000004,Seasonal Naive
40,91,508434.93000000005,5424.305624999999,6233.951875,2502.1925,Seasonal Naive
40,92,1219953.18,13528.16480916031,15961.4525,7935.841249999999,Seasonal Naive
40,93,350813.08,5626.205190839697,6184.133750000001,2834.8631250000008,Seasonal Naive
40,94,408282.25999999995,3589.266154580154,5158.658750000004,1090.1943749999994,Seasonal Naive
40,95,827061.5899999999,8695.284823473283,11772.615624999993,5023.3743749999985,Seasonal Naive
40,96,192355.6,2537.428387404579,2998.925000000001,1080.0743750000006,Seasonal Naive
40,97,213861.78,2430.84802480916,3146.8650000000007,1018.8918749999995,Seasonal Naive
40,98,94777.38,415.11084923664043,233.985,669.808125,Naive Forecast
40,99,370.3,184.09363095238095,65.80166666666668,119.44672619047618,Naive Forecast
41,1,298771.44,3181.724217557252,3409.4674999999997,1718.1968750000003,Seasonal Naive
41,2,630880.02,5259.584961832061,4146.222500000002,3731.676250000001,Seasonal Naive
41,3,349173.11,12916.542915076338,36209.055625,3948.53125,Seasonal Naive
41,4,422459.55000000005,5565.382333015265,4381.965624999999,2691.818750000002,Seasonal Naive
41,5,276289.64999999997,4091.1156917938943,6786.793125000002,4308.501875,Historical Mean
41,6,47998.14000000001,1232.9298377862594,873.5999999999997,1010.4006249999999,Naive Forecast
41,7,349907.99,4184.3388215648865,3963.823125,3147.6143749999983,Seasonal Naive
41,8,439375.86,3441.7993988549583,896.2550000000006,3033.708125000001,Naive Forecast
41,9,484732.6,11850.69476145038,6868.631250000001,6756.62375,Seasonal Naive
41,10,217380.66999999998,3072.457810114505,1015.0406249999992,1418.4375000000014,Naive Forecast
41,11,179398.19999999998,1784.7460973282443,1881.0974999999999,2522.0049999999997,Historical Mean
41,12,55437.15,482.5620753816793,763.2506249999999,336.26312500000006,Seasonal Naive
41,13,448803.68,5547.629141221375,3289.2775000000033,2424.425625,Seasonal Naive
41,14,226060.94,2063.1177576335886,1570.1175000000007,2587.450625000001,Naive Forecast
41,16,121802.51999999999,8263.069026717558,6604.941249999999,1640.0181249999998,Seasonal Naive
41,17,169220.18000000002,2308.884627862595,886.3199999999995,2175.0912499999995,Naive Forecast
41,18,83643.39,7397.971771907215,5457.889375,1467.7093621134022,Seasonal Naive
41,19,17730.21,289.5655887681159,258.639375,251.55374999999998,Seasonal Naive
41,20,68922.11,1022.6986688931298,2606.828125,351.0887499999999,Seasonal Naive
41,21,58406.66,507.42631679389314,793.0399999999997,226.96499999999997,Seasonal Naive
41,22,142528.19,1370.632294847329,1969.7518749999997,1303.1906249999997,Seasonal Naive
41,23,242644.30999999997,2372.3385066793894,2383.431875,1699.808125000001,Seasonal Naive
41,24,74699.59999999999,1458.997471374046,1842.44,895.9150000000002,Seasonal Naive
41,25,100888.06999999999,1023.7051669847324,1331.6406249999995,909.7193750000002,Seasonal Naive
41,26,90312.73,1218.1211498091607,1769.4343749999996,1362.7025000000003,Historical Mean
41,27,20696.019999999997,340.37442748091587,429.86375000000004,421.365,Historical Mean
41,28,6472.950000000001,174.30476622137405,260.79437500000006,118.388125,Seasonal Naive
41,29,55736.91,432.04203721374046,427.9068750000001,766.665,Naive Forecast
41,30,35247.42,401.9041889312977,394.03625000000005,257.71374999999995,Seasonal Naive
41,31,36452.729999999996,1019.380949427481,2340.7368749999996,716.14375,Seasonal Naive
41,32,63914.060000000005,669.1241412213744,870.8312500000001,628.148125,Seasonal Naive
41,33,78255.76000000001,1421.535820610687,1530.2162500000002,998.72375,Seasonal Naive
41,34,150263.38,1342.8850381679395,1168.6125000000002,1830.2412499999998,Naive Forecast
41,35,26489.480000000007,303.5610973282442,516.07125,443.9112500000001,Historical Mean
41,36,10903.27,959.600777671756,408.77437499999996,559.3106250000001,Naive Forecast
41,38,631723.1799999999,5890.778101145037,6122.046249999999,4752.898124999998,Seasonal Naive
41,40,747535.2,9183.529370229,3360.553749999998,8860.379374999999,Naive Forecast
41,41,43977.67,2044.4278482824425,2118.2093750000004,454.2574999999998,Seasonal Naive
41,42,72395.04000000001,1097.5555343511453,598.9849999999999,738.2981249999998,Naive Forecast
41,44,61175.63,568.6507490458015,525.2468750000002,729.3900000000001,Naive Forecast
41,45,256.83,22.760350877192984,38.47,23.35578947368421,Historical Mean
41,46,341088.86000000004,1366.8627958015259,5177.966250000001,2469.384374999999,Historical Mean
41,48,29102.0,1238.5430743243242,1548.875,1034.9206925675676,Seasonal Naive
41,49,87574.46,2284.881545801527,1531.6525000000001,2558.30875,Naive Forecast
41,51,0.0,18.7928,7.92,18.7928,Naive Forecast
41,52,27227.040000000005,258.2697328244275,250.86500000000004,403.3381249999999,Naive Forecast
41,54,374.14000000000004,44.48209142857144,23.215714285714284,19.397142857142857,Seasonal Naive
41,55,72099.96,4342.488492366413,1116.95125,1360.8787500000003,Naive Forecast
41,56,26167.069999999996,5900.9227242366405,784.823125,445.6918749999999,Seasonal Naive
41,58,92640.0,2191.1620706106874,2845.0,2711.71875,Historical Mean
41,59,4543.94,473.17676526717554,56.208749999999995,88.62562499999999,Naive Forecast
41,60,6084.0,96.23034351145037,69.75,127.27499999999999,Naive Forecast
41,67,102112.31999999998,1453.4709923664122,483.8174999999998,1085.8381249999998,Naive Forecast
41,71,72328.56000000001,1196.530477099237,1528.5587499999997,748.42625,Seasonal Naive
41,72,653455.4299999999,4550.963993320612,4369.558125000001,5217.623750000001,Naive Forecast
41,74,248229.45,3845.0733349236643,5737.699374999999,1093.6887500000007,Seasonal Naive
41,79,272345.29,1602.8919417938941,2758.831874999999,2063.1018749999994,Historical Mean
41,80,231767.24999999997,2180.8154341603067,1255.3693750000011,1649.7287499999993,Naive Forecast
41,81,258223.57,2013.9915028625926,899.4531250000002,713.7812499999989,Seasonal Naive
41,82,233829.38,1123.7149332061058,1028.0412499999998,690.8524999999995,Seasonal Naive
41,83,42978.35,299.572380725191,323.1156249999999,215.48375,Seasonal Naive
41,85,26967.2,440.74479961832066,369.8062499999999,424.07374999999996,Naive Forecast
41,87,176766.02,5224.221211832062,1204.67375,4082.8168750000004,Naive Forecast
41,90,953956.01,10013.671712786261,3775.179374999995,4465.467500000001,Naive Forecast
41,91,676374.9500000001,4289.0975620228955,1454.9831249999988,4137.141249999999,Naive Forecast
41,92,1586018.78,17579.010582061073,4588.603749999995,12889.962499999998,Naive Forecast
41,93,491561.46,7504.425524809155,3083.155000000001,5485.514999999999,Naive Forecast
41,94,635153.25,6797.445605916034,1937.6568750000006,6505.119375000002,Naive Forecast
41,95,1199647.91,13865.754374999997,7403.213124999996,7656.972499999998,Naive Forecast
41,96,41655.380000000005,780.0421851145038,377.12,428.5768750000001,Naive Forecast
41,97,270933.17,3511.240624999998,1278.9443750000005,1377.8875,Naive Forecast
41,98,124591.09,1138.2076288167937,865.041875,1094.410625,Naive Forecast
41,99,1305.16,496.28155844155856,90.33,281.32909090909095,Naive Forecast
42,1,122710.93000000001,973.2291269083971,1323.015625,717.16875,Seasonal Naive
42,2,195414.31,539.0161211832058,443.9843750000009,752.3962499999998,Naive Forecast
42,3,10974.83,252.59816316793894,1971.568125,192.52312499999996,Seasonal Naive
42,4,178199.71,737.538458969466,807.0193750000004,562.9731249999999,Seasonal Naive
42,5,6030.3,627.0338072519083,151.80874999999997,279.648125,Naive Forecast
42,7,4743.17,365.38032919847336,55.01187500000002,149.48749999999998,Naive Forecast
42,8,233509.56,1885.8638358778614,1182.5249999999994,1951.805625,Naive Forecast
42,9,2039.07,39.953229961832065,72.37562500000001,43.32125000000001,Historical Mean
42,10,5444.2,46.20553435114503,41.92500000000001,49.42937500000001,Naive Forecast
42,11,10104.429999999998,151.61251431297714,152.553125,91.09875000000001,Seasonal Naive
42,12,1171.24,30.671087786259545,30.9875,48.220625,Historical Mean
42,13,188851.49,1196.4088501908393,790.9568749999997,926.0937499999999,Naive Forecast
42,14,16088.750000000002,138.91400286259534,176.491875,290.81062499999996,Historical Mean
42,16,11416.4,221.53068702290082,180.15875000000005,95.97624999999998,Seasonal Naive
42,17,6778.13,55.61906011450381,141.55812500000002,109.79875000000003,Historical Mean
42,18,3609.9799999999996,279.67108247422675,449.28,298.62141752577315,Historical Mean
42,20,167.4,35.71679245283019,7.963999999999999,35.71679245283019,Naive Forecast
42,21,12829.490000000002,213.04984255725202,88.48187499999997,161.005625,Naive Forecast
42,22,46.54,69.83842105263159,171.84,69.83842105263159,Historical Mean
42,23,342.95,20.830282534246578,12.770625,14.232500000000002,Naive Forecast
42,24,43.82,11485.480090708315,11485.480090708315,11485.480090708315,Historical Mean
42,25,840.0100000000001,19.10024332061069,31.164374999999993,41.0425,Historical Mean
42,26,0.0,2.4933333333333336,0.87,2.4933333333333336,Naive Forecast
42,27,728.6899999999999,45.732196428571434,26.996874999999996,56.930098214285714,Naive Forecast
42,28,546.73,12.35467080152672,12.480625000000003,19.22625,Historical Mean
42,31,720.9599999999999,43.39644444444444,436.82933333333335,53.48,Historical Mean
42,32,220.0,20.126550387596904,18.5,21.5,Naive Forecast
42,33,2.5,9.333333333333334,2.5,9.333333333333334,Naive Forecast
42,38,470790.37000000005,3464.3808158396923,8141.935624999996,6273.6812500000015,Historical Mean
42,40,240283.91,1072.1586307251916,1230.193125000001,1796.0618749999996,Historical Mean
42,42,2275.87,41.50005248091603,42.76437499999999,51.345,Historical Mean
42,44,17.92,2.767380952380953,2.56,2.767380952380953,Naive Forecast
42,46,69265.18,394.39520992366386,226.62,299.6581250000001,Naive Forecast
42,49,441.85,7.1851442307692315,6.905624999999999,7.1851442307692315,Naive Forecast
42,52,264.08,15.457280534351142,6.5375,11.865625,Naive Forecast
42,56,1142.4,88.1318947368421,106.34400000000001,69.99057894736842,Seasonal Naive
42,59,511.13,53.620252862595414,19.339375,18.373125,Seasonal Naive
42,60,3132.0,81.22041984732827,65.25,39.825,Seasonal Naive
42,67,12687.55,157.41621660305333,165.87687500000004,190.30125000000004,Historical Mean
42,71,0.0,3.2857142857142856,0.0,3.2857142857142856,Naive Forecast
42,72,0.0,13.208888888888888,0.0,13.208888888888888,Naive Forecast
42,74,3829.9799999999996,69.73572420634918,64.12625,77.95937500000001,Naive Forecast
42,79,149790.97,990.1490696564875,1160.4093749999997,1043.574375,Historical Mean
42,80,166194.85,1347.365157442748,1029.6531250000003,1098.7124999999996,Naive Forecast
42,81,187250.2,1190.4832347328243,1244.5812499999997,570.1337500000003,Seasonal Naive
42,82,86689.85,403.39687499999985,441.44937499999963,455.15937499999967,Historical Mean
42,83,42665.84,543.1108492366412,544.25,577.1787499999999,Historical Mean
42,85,381.9,37.85558139534884,28.828666666666667,26.490000000000002,Seasonal Naive
42,87,18144.99,667.8149903846154,365.8731250000001,416.94312499999995,Naive Forecast
42,90,647650.16,5368.350448473281,5103.71,3045.7043749999993,Seasonal Naive
42,91,505117.7800000001,5160.4406393129775,5440.883750000001,3207.748125,Seasonal Naive
42,92,1014603.5599999999,11399.446297709928,11562.1125,3525.9568750000026,Seasonal Naive
42,93,388498.09,5250.582008587785,5090.134375,1375.8556250000008,Seasonal Naive
42,94,445374.72,3090.739265267178,2783.4487499999996,856.3737499999997,Seasonal Naive
42,95,743364.14,5562.265820610691,5432.970000000001,2124.721874999999,Seasonal Naive
42,96,193548.78,1478.7361068702294,868.2875,975.4206250000004,Naive Forecast
42,97,216544.84,2881.1416507633585,2692.2987500000004,869.7243750000001,Seasonal Naive
42,98,68103.14,856.07625,1076.30375,352.30375,Seasonal Naive
43,1,80438.0,1468.2711927480914,1628.03,843.9412499999999,Seasonal Naive
43,2,242387.82000000004,971.3461545801529,1094.46375,880.8243750000004,Seasonal Naive
43,3,14464.77,298.19228530534355,3823.174375,307.29375000000005,Historical Mean
43,4,204922.75,1392.4894322519087,1242.144375,1215.6125000000004,Seasonal Naive
43,5,9851.07,283.3520777027027,318.075625,398.95874999999995,Historical Mean
43,6,175.44,22.69296703296703,13.959999999999997,23.233461538461533,Naive Forecast
43,7,4376.259999999999,185.0953530534351,195.91749999999996,209.43375,Historical Mean
43,8,157534.28,367.5737499999999,945.7087499999999,1036.1624999999995,Historical Mean
43,9,2028.5000000000002,69.48189885496183,83.98499999999999,75.32562500000002,Historical Mean
43,10,5678.29,58.940434160305344,71.56312500000001,94.73375,Historical Mean
43,11,5786.79,179.856875,176.45562499999994,220.06062499999996,Naive Forecast
43,12,871.29,22.598163167938925,27.861875000000005,22.564999999999998,Seasonal Naive
43,13,210522.38,950.5155438931308,1055.3200000000008,923.1243750000004,Seasonal Naive
43,14,18728.229999999996,122.67312500000006,339.8693750000002,269.41812500000003,Historical Mean
43,16,24386.660000000003,765.2848664122138,657.86,391.96812499999993,Seasonal Naive
43,17,4524.43,247.64953721374036,88.83687499999996,72.58687500000002,Seasonal Naive
43,18,3197.8599999999997,503.31265151515146,276.47499999999997,158.94026515151515,Seasonal Naive
43,20,396.5,29.175191637630657,79.67857142857143,32.93991289198606,Historical Mean
43,21,17631.13,139.5928196564886,155.87062499999996,249.818125,Historical Mean
43,22,192.39000000000001,65.63619047619048,194.47571428571428,65.63619047619048,Historical Mean
43,25,648.98,30.880009541984727,20.798750000000002,17.960625,Seasonal Naive
43,26,3.25,2.0857142857142863,4.25,2.0857142857142863,Historical Mean
43,28,7.92,92.52745454545455,4.3999999999999995,23.181863636363634,Naive Forecast
43,31,401.5,15.401978021978021,85.16666666666667,19.542652014652013,Historical Mean
43,32,15.759999999999998,16.326484848484853,0.3333333333333333,16.326484848484853,Naive Forecast
43,38,722840.7,5204.125868320612,7394.028749999992,5121.895,Seasonal Naive
43,40,220588.76,868.1754866412223,2387.7874999999995,3005.6300000000006,Historical Mean
43,42,2290.76,18.456250000000004,31.06374999999999,26.424375000000005,Historical Mean
43,46,72766.09,1422.8194704198474,420.8868749999999,336.705625,Seasonal Naive
43,49,67.82,7.141571428571427,7.781999999999999,7.141571428571427,Historical Mean
43,52,185.88000000000002,28.398769230769222,16.10375,14.198749999999999,Seasonal Naive
43,56,1873.1000000000001,117.045,167.38375000000005,131.8708238636364,Historical Mean
43,59,6.97,120.69601941747574,1.21,7.990000000000001,Naive Forecast
43,60,4122.0,125.70508849557523,66.375,87.40442477876107,Naive Forecast
43,67,14167.260000000002,199.38056297709926,188.95625,397.51124999999996,Naive Forecast
43,72,2658.4,168.8948031496063,55.64125,215.65,Naive Forecast
43,74,9595.74,228.08801526717556,113.11875,188.73375,Naive Forecast
43,79,135739.88999999998,2330.7160734732824,5363.161875000001,6193.70875,Historical Mean
43,80,203235.32000000004,555.0248091603057,552.9100000000003,2087.9925000000007,Naive Forecast
43,81,229399.58000000002,645.6711545801525,644.6199999999997,1023.9612499999998,Naive Forecast
43,82,91938.84999999999,553.8323043893129,590.8743750000001,678.5743749999999,Historical Mean
43,83,50605.020000000004,743.5955438931303,562.3100000000002,541.8725000000001,Seasonal Naive
43,85,3.8,84.4094827586207,1.52,43.169741379310345,Naive Forecast
43,87,1727.0399999999997,71.46300884955753,32.496249999999996,100.46841261061947,Naive Forecast
43,90,747162.0599999999,2836.0557919847324,4141.886249999998,2003.725,Seasonal Naive
43,91,402641.23,2412.8375524809153,3675.160624999999,1575.5268749999998,Seasonal Naive
43,92,981067.84,4629.607309160302,7973.8837499999945,6640.519375000002,Historical Mean
43,93,430853.39,2394.382208969466,3600.144375,2416.6206249999996,Historical Mean
43,94,595641.3400000001,2644.9322709923663,2632.4850000000006,2603.321875000001,Seasonal Naive
43,95,853028.2500000001,4393.230625,6204.835624999998,3524.8518749999976,Seasonal Naive
43,96,297355.64,2578.9522328244284,2560.5212500000007,2014.2543749999998,Seasonal Naive
43,97,233717.71,1462.0030868320605,2181.4556250000014,976.4156250000005,Seasonal Naive
43,98,102993.72,1317.7906583969468,984.9650000000001,719.25,Seasonal Naive
44,1,108395.35000000002,1037.0676479007627,1557.8343749999995,849.7681249999998,Seasonal Naive
44,2,128089.08000000002,1283.2943893129782,584.1037500000002,1019.2837500000002,Naive Forecast
44,3,10932.61,349.9806440839695,328.73187500000006,276.815625,Seasonal Naive
44,4,100237.90999999999,1046.544375,252.17812500000042,807.2962500000001,Naive Forecast
44,5,14544.880000000001,256.5503339694656,479.7049999999999,593.2393749999999,Historical Mean
44,6,219.83999999999997,16.880099255583126,14.033846153846154,25.754615384615384,Naive Forecast
44,7,3750.479999999999,250.3546946564886,129.69750000000002,193.80875,Naive Forecast
44,8,65710.62,711.9065744274808,488.9624999999999,806.9974999999997,Naive Forecast
44,9,1096.38,40.05749999999999,45.41250000000001,43.84375,Historical Mean
44,10,1123.0100000000002,64.1798139312977,15.650625000000002,106.035,Naive Forecast
44,11,6035.759999999999,107.91011450381677,70.25625000000002,127.81,Naive Forecast
44,12,1259.8200000000002,35.84931297709923,43.72749999999999,31.838124999999998,Seasonal Naive
44,13,99955.29999999999,1269.6075286259538,566.9537499999998,955.06125,Naive Forecast
44,14,9155.240000000002,58.743187022900734,44.458750000000016,194.79125,Naive Forecast
44,16,9179.41,183.58312499999994,191.38312499999995,110.30812500000008,Seasonal Naive
44,17,4015.54,37.809856870228984,46.379999999999995,62.56625000000001,Historical Mean
44,18,3994.86,259.28341836734694,570.4542857142857,201.47428571428568,Seasonal Naive
44,20,228.0,22.011238095238095,57.42857142857143,11.001404761904762,Seasonal Naive
44,21,10666.210000000001,160.08339217557253,87.05937499999999,122.45562499999997,Naive Forecast
44,23,183.17999999999998,9.307511627906978,7.834,7.643333333333333,Seasonal Naive
44,24,133.46,7.487460317460318,7.858888888888889,7.487460317460318,Historical Mean
44,25,235.15,17.963439885496182,16.859375,6.469374999999999,Seasonal Naive
44,26,1513.7699999999998,28.216874999999998,45.436875,28.216874999999998,Historical Mean
44,27,164.54,7.511296296296297,7.17,8.464648148148148,Naive Forecast
44,28,714.05,23.56168416030534,15.028124999999998,23.070625000000003,Naive Forecast
44,31,69.88,7.89328,4.66,9.642186666666667,Naive Forecast
44,32,324.65999999999997,7.1263856749311305,19.356,16.869333333333334,Historical Mean
44,33,97.05,6.255064102564103,7.259166666666666,6.730705128205128,Historical Mean
44,38,610564.13,5888.921235687021,12819.833125000003,8937.534999999998,Historical Mean
44,40,207199.52999999997,2361.2697853053455,1347.8906250000005,2652.6718750000005,Naive Forecast
44,42,482.48999999999995,13.730767276422764,29.095625000000005,33.42875,Historical Mean
44,44,56.81,25.221249999999998,24.935000000000002,25.221249999999998,Naive Forecast
44,46,67343.70999999999,290.9668654580155,294.75562500000024,373.6568750000001,Historical Mean
44,49,55.0,3.0075000000000003,1.25,3.39125,Naive Forecast
44,52,133.5,17.579685114503818,45.056250000000006,25.225625,Historical Mean
44,56,3131.31,332.5220025510205,262.93437499999993,306.23728954081633,Naive Forecast
44,59,59.56,84.86882352941177,5.956000000000001,82.03800000000001,Naive Forecast
44,60,4293.0,52.29475190839695,70.3125,58.38749999999999,Historical Mean
44,67,13078.960000000001,71.65691793893137,144.77874999999995,184.67374999999998,Historical Mean
44,72,2227.7,129.91664122137402,119.82000000000001,117.25187500000001,Seasonal Naive
44,74,8457.14,402.6839408396946,244.46124999999995,227.17312499999997,Seasonal Naive
44,79,59078.89,566.546703244275,477.09812499999987,835.4625000000003,Naive Forecast
44,80,70297.68000000001,991.8450000000005,302.3512499999999,714.9187499999998,Naive Forecast
44,81,98039.62999999999,825.643792938931,309.57562500000006,698.3556249999999,Naive Forecast
44,82,52606.850000000006,568.9750715648853,515.848125,556.4393749999999,Naive Forecast
44,83,9791.78,117.44726145038169,111.09000000000003,115.44562499999995,Naive Forecast
44,85,1530.13,19.67381944444444,26.149375,61.01374999999999,Historical Mean
44,87,4445.93,176.04493797709924,156.42812499999994,179.28812499999998,Naive Forecast
44,90,427355.03,4802.918153625954,2532.049375,2517.4181250000006,Seasonal Naive
44,91,235817.82,1719.539188931297,1031.4299999999996,1797.1150000000005,Naive Forecast
44,92,551231.4,6364.449522900762,2839.533750000004,5622.372500000001,Naive Forecast
44,93,156467.88,2481.0291030534345,1324.207499999999,1936.1350000000002,Naive Forecast
44,94,317816.89,2574.723048664122,1979.636875000002,3275.241875,Naive Forecast
44,95,422319.3900000001,4478.086913167941,1269.1506250000018,3864.6218750000016,Naive Forecast
44,96,36197.02,268.65481870228984,441.60375,258.26750000000004,Seasonal Naive
44,97,91222.2,1038.8770801526714,278.7587500000003,646.6243750000001,Naive Forecast
44,98,43016.31,281.3272566793894,387.6456250000001,376.265,Historical Mean
45,1,172920.97,5562.497151717556,2581.7618749999997,736.2049999999996,Seasonal Naive
45,2,433492.68,1843.081020992367,1711.6349999999998,2215.213125,Naive Forecast
45,3,191904.61000000002,13204.940319656487,11404.983125000002,4227.911875000001,Seasonal Naive
45,4,279888.61999999994,1166.481040076336,1115.5387500000004,1835.6062499999998,Naive Forecast
45,5,140310.82,5654.513740458015,2742.6487500000003,2015.3375000000005,Seasonal Naive
45,6,23844.739999999998,1417.1506393129769,871.3337499999999,1075.2531250000002,Naive Forecast
45,7,201500.16,8857.644694656488,3380.4824999999996,4029.84375,Naive Forecast
45,8,424083.58,1299.5373759541985,1628.2837499999991,1426.4343749999975,Historical Mean
45,9,163351.99,1736.536979961832,1754.0356249999995,2166.2025,Historical Mean
45,10,150422.88,1885.5799236641221,1657.0612499999988,1086.8956249999999,Seasonal Naive
45,11,124890.79000000002,4274.227418893131,820.9731250000001,2114.5181250000005,Naive Forecast
45,12,42669.619999999995,219.69697519083985,242.4074999999999,424.4068749999999,Historical Mean
45,13,331971.67,1331.3138979007624,1181.0131249999997,1288.061875,Naive Forecast
45,14,125303.95,1821.632266221374,898.7131250000002,1005.4531250000002,Naive Forecast
45,16,123851.34,5886.593034351146,5759.5687499999985,1577.5231250000002,Seasonal Naive
45,17,118600.2,742.2730343511446,712.1212500000004,1343.6606249999998,Naive Forecast
45,18,46044.35,4908.863778153153,2891.3018749999997,476.1187500000001,Seasonal Naive
45,19,14537.75,212.17964217557258,203.48687500000005,189.52249999999998,Seasonal Naive
45,20,55757.399999999994,1256.7475000000002,1280.18375,1232.3306250000003,Seasonal Naive
45,21,43174.670000000006,461.89464217557247,624.7256250000003,303.473125,Seasonal Naive
45,22,90780.44999999998,767.9165410305352,987.0081249999998,637.8618749999998,Seasonal Naive
45,23,235767.07,3458.3193463740486,1424.8768749999986,1980.4925,Naive Forecast
45,24,75965.88,1995.6782824427478,3317.4125,965.5450000000002,Seasonal Naive
45,25,91255.48999999999,792.2282681297712,440.980625,926.1156250000001,Naive Forecast
45,26,91382.67,1529.5793940839694,2185.8643749999997,1222.6225,Seasonal Naive
45,27,12907.669999999998,351.8769990458016,350.921875,205.94687500000003,Seasonal Naive
45,28,7062.08,237.09694656488549,260.6175,115.54624999999999,Seasonal Naive
45,29,48803.44,739.0548473282443,724.4449999999997,498.40125,Seasonal Naive
45,30,31949.94,365.2244942748092,633.5412499999999,486.26937499999997,Historical Mean
45,31,36451.07,1587.4655009541984,1547.2281249999999,599.2462499999999,Seasonal Naive
45,32,39161.130000000005,1754.9075811068706,502.911875,767.0356249999998,Naive Forecast
45,33,68094.36,1201.6488835877863,1218.3600000000001,601.1825000000001,Seasonal Naive
45,34,162718.84000000003,1247.590944656488,897.6850000000001,1611.9687499999998,Naive Forecast
45,35,23491.519999999997,870.8762309160307,648.7525,726.19625,Naive Forecast
45,36,9248.65,1113.7929055343513,302.443125,334.67812499999997,Naive Forecast
45,38,642013.82,3249.2163358778625,2960.5062500000013,6316.668750000001,Naive Forecast
45,40,456487.25,1466.3864742366404,963.5018750000008,1633.8350000000005,Naive Forecast
45,41,26872.880000000005,588.6249809160307,1426.0124999999998,924.1412500000001,Historical Mean
45,42,55036.509999999995,189.89828721374022,407.5293749999995,356.29625000000027,Historical Mean
45,44,30707.510000000002,298.43503339694644,281.25687500000004,333.4075,Naive Forecast
45,45,22.41,3.7367391304347835,4.715,3.7367391304347835,Historical Mean
45,46,146216.45,2802.099126908399,1931.4918749999997,646.2549999999999,Seasonal Naive
45,47,39.96,21.22181818181818,184.04,21.22181818181818,Historical Mean
45,49,23.03,46.14598305084745,4.303,76.58599999999998,Naive Forecast
45,52,12739.58,453.0670896946566,122.83499999999997,369.125625,Naive Forecast
45,54,73.72,39.4148679245283,13.576000000000002,26.46377358490566,Naive Forecast
45,55,45372.86,2449.5156774809166,764.6700000000002,813.3537500000001,Naive Forecast
45,56,14516.59,2679.647838740458,414.944375,242.08999999999995,Seasonal Naive
45,58,17705.0,535.848622047244,1189.6875,847.5,Historical Mean
45,59,1875.57,482.6147757633588,48.02562500000001,65.10187499999999,Naive Forecast
45,60,2223.0,43.12223282442747,59.0625,81.9375,Historical Mean
45,67,59634.39,2158.910224236642,460.87437500000016,368.35250000000025,Seasonal Naive
45,71,38361.78,1032.4782633587793,843.1575,486.75874999999996,Seasonal Naive
45,72,357873.31999999995,8655.77808206107,4991.651250000001,6515.926874999999,Naive Forecast
45,74,118796.46,817.9382824427485,1184.49375,1042.97875,Historical Mean
45,79,175249.37000000002,823.1176956106874,1364.6531249999994,739.6718750000001,Seasonal Naive
45,80,8544.87,182.3086016949152,156.43562500000004,141.075625,Seasonal Naive
45,81,173814.49,351.3268750000001,384.2931249999996,1199.6243749999999,Historical Mean
45,82,159988.72999999998,875.2921994274813,882.8493750000004,2246.885,Historical Mean
45,83,7080.38,244.21464694656487,88.20374999999999,214.05999999999997,Naive Forecast
45,85,18704.44,507.3813931297712,191.60750000000002,412.0331250000001,Naive Forecast
45,87,95999.93000000001,1693.3687356870228,1730.0118749999992,2004.7075,Historical Mean
45,90,277166.09,730.6996708015274,727.3193750000007,2569.9512499999996,Naive Forecast
45,91,192624.77,1104.8647566793898,1226.9893750000003,2477.95375,Historical Mean
45,92,591362.85,2740.2272662213722,2887.1456250000006,2570.8106250000005,Seasonal Naive
45,93,34934.64,528.7408492366411,516.3337499999999,383.89375000000007,Seasonal Naive
45,94,52445.17,639.1093954918036,426.934375,570.5587499999999,Naive Forecast
45,95,625161.95,1672.88127385496,1668.6593749999988,4291.185625,Naive Forecast
45,96,2.94,0.06000000000000005,0.06000000000000005,0.06000000000000005,Historical Mean
45,97,78723.82999999999,502.46933683206123,452.2243749999999,520.7212499999998,Naive Forecast
45,98,7449.090000000001,192.60246443089432,182.859375,339.70500000000004,Naive Forecast
