Store,Dept,Date,Weekly_Sales,IsHoliday,Type,Size,Temperature,Fuel_Price,MarkDown1,MarkDown2,MarkDown3,MarkDown4,MarkDown5,CPI,Unemployment,Weekly_Sales_Original,Seasonal Naive_Pred,Simple Exp Smoothing (SES)_Pred,Holt's Linear Trend_Pred,Holt-Winters_Pred,"ARIMA(1,1,1)_Pred","SARIMA(1,1,0)x(0,1,1,52)_Pred"
1,2,2012-08-10,46729.91,False,A,151315,85.05,3.494,11436.22,245.0,6.85,6964.26,4836.22,221.9584329,6.908,46729.91,45341.92,46154.26576069509,46113.965131032965,46518.29482488204,47876.823406225834,45786.034445076446
1,2,2012-08-17,46350.97,False,A,151315,84.85,3.571,3662.06,137.86,4.84,2752.2,3446.15,222.0384109,6.908,46350.97,46391.12,46154.26576069509,46113.96513103291,49316.28802162244,47354.70182315227,47182.411925930144
1,2,2012-08-24,44972.52,False,A,151315,77.66,3.62,6237.83,260.06,2.97,3463.03,7988.25,222.1719457,6.908,44972.52,47659.93,46154.26576069509,46113.96513103287,49886.599164800915,47178.50966960045,48246.22269287449
1,2,2012-08-31,50995.5,False,A,151315,80.49,3.638,21442.73,102.32,21.7,13209.64,3032.96,222.3054805,6.908,50995.5,49419.75,46154.26576069509,46113.96513103284,50389.40707330142,47119.05287643269,49606.50442466876
1,2,2012-09-07,47344.5,True,A,151315,83.96,3.73,5204.68,35.74,50.94,4120.32,2737.17,222.4390153,6.908,47344.5,43315.85,46154.26576069509,46113.96513103281,45407.487044749796,47098.98892816638,43980.86039297583
1,2,2012-09-14,44493.61,False,A,151315,74.97,3.717,17212.52,7.0,18.79,1523.11,7992.72,222.5820193,6.908,44493.61,42963.96,46154.26576069509,46113.96513103279,44892.25090821763,47092.218263309005,43608.868066691
1,2,2012-09-21,43541.07,False,A,151315,69.87,3.721,6352.3,7.64,4.69,1010.06,6456.71,222.7818386,6.908,43541.07,43390.94,46154.26576069509,46113.965131032775,43831.34563305997,47089.93347359551,43643.736021340716
1,2,2012-09-28,45784.76,False,A,151315,76.08,3.666,3666.27,7.64,1.65,1417.96,4744.28,222.9816579,6.908,45784.76,46045.09,46154.26576069509,46113.96513103276,46734.73497654338,47089.16246156865,46336.53592125079
1,2,2012-10-05,48577.08,False,A,151315,68.55,3.617,8077.89,0.0,18.22,3617.43,3626.14,223.1814772,6.573,48577.08,49880.69,46154.26576069509,46113.96513103275,48747.49173560988,47088.902280274044,49601.2476940581
1,2,2012-10-12,42112.67,False,A,151315,62.99,3.601,2086.18,0.0,8.11,602.36,5926.45,223.3812965,6.573,42112.67,43306.38,46154.26576069509,46113.965131032746,43799.908829988024,47088.814480987254,43665.384462595706
1,2,2012-10-19,42354.72,False,A,151315,67.97,3.594,950.33,0.0,4.93,80.25,2312.85,223.4257233,6.573,42354.72,42487.67,46154.26576069509,46113.96513103274,42936.974657251616,47088.784852743716,42874.97825033004
1,2,2012-10-26,43134.88,False,A,151315,69.16,3.506,2585.85,31.75,6.0,1057.16,1305.01,223.4442513,6.573,43134.88,41682.4,46154.26576069509,46113.96513103273,43382.9397876129,47088.774854566655,42459.23827949376
1,38,2012-08-10,74483.32,False,A,151315,85.05,3.494,11436.22,245.0,6.85,6964.26,4836.22,221.9584329,6.908,74483.32,69572.84,75253.7033596501,76240.35198985,69386.73003477821,77075.2941177584,69585.61011786979
1,38,2012-08-17,85392.47,False,A,151315,84.85,3.571,3662.06,137.86,4.84,2752.2,3446.15,222.0384109,6.908,85392.47,71090.57,75253.7033596501,76238.65852801666,62504.595309785014,76094.65642458227,67036.78026980751
1,38,2012-08-24,71295.77,False,A,151315,77.66,3.62,6237.83,260.06,2.97,3463.03,7988.25,222.1719457,6.908,71295.77,60459.08,75253.7033596501,76237.04876321844,67892.9270452235,75978.14777230489,64578.72474603739
1,38,2012-08-31,80706.16,False,A,151315,80.49,3.638,21442.73,102.32,21.7,13209.64,3032.96,222.3054805,6.908,80706.16,86374.76,75253.7033596501,76235.51855884382,83245.7130358181,75964.3054876875,80655.64123192622
1,38,2012-09-07,70644.8,True,A,151315,83.96,3.73,5204.68,35.74,50.94,4120.32,2737.17,222.4390153,6.908,70644.8,77634.79,75253.7033596501,76234.06398272769,71585.45983641678,75962.66089872622,72812.34917705574
1,38,2012-09-14,82186.59,False,A,151315,74.97,3.717,17212.52,7.0,18.79,1523.11,7992.72,222.5820193,6.908,82186.59,73226.9,75253.7033596501,76232.68129704679,69168.48475479412,75962.46550664128,70008.59197963201
1,38,2012-09-21,74195.35,False,A,151315,69.87,3.721,6352.3,7.64,4.69,1010.06,6456.71,222.7818386,6.908,74195.35,71469.16,75253.7033596501,76231.36694871468,79139.26839786793,75962.4422922894,72677.59338470017
1,38,2012-09-28,75484.17,False,A,151315,76.08,3.666,3666.27,7.64,1.65,1417.96,4744.28,222.9816579,6.908,75484.17,72839.02,75253.7033596501,76230.11756025135,101060.36086329672,75962.43953421385,80675.64809434778
1,38,2012-10-05,74894.95,False,A,151315,68.55,3.617,8077.89,0.0,18.22,3617.43,3626.14,223.1814772,6.573,74894.95,83059.47,75253.7033596501,76228.92992110415,70156.20038535395,75962.43920652945,73998.04259791491
1,38,2012-10-12,82276.59,False,A,151315,62.99,3.601,2086.18,0.0,8.11,602.36,5926.45,223.3812965,6.573,82276.59,67590.65,75253.7033596501,76227.80097939757,67135.84518179386,75962.43916759758,66404.95453597621
1,38,2012-10-19,68794.43,False,A,151315,67.97,3.594,950.33,0.0,4.93,80.25,2312.85,223.4257233,6.573,68794.43,76702.9,75253.7033596501,76226.72783409085,67440.95953935351,75962.43916297212,70337.42773329045
1,38,2012-10-26,66526.76,False,A,151315,69.16,3.506,2585.85,31.75,6.0,1057.16,1305.01,223.4442513,6.573,66526.76,67148.18,75253.7033596501,76225.70772752329,65544.64439956057,75962.43916242257,65510.90190888463
1,40,2012-08-10,57803.56,False,A,151315,85.05,3.494,11436.22,245.0,6.85,6964.26,4836.22,221.9584329,6.908,57803.56,51106.65,56666.890787370554,55666.72785655234,55016.89246767483,58529.20046299327,54434.08068795352
1,40,2012-08-17,54852.61,False,A,151315,84.85,3.571,3662.06,137.86,4.84,2752.2,3446.15,222.0384109,6.908,54852.61,53241.38,56666.890787370554,55624.93833630358,56597.01855566323,59293.19160265079,56264.86785675441
1,40,2012-08-24,55113.94,False,A,151315,77.66,3.62,6237.83,260.06,2.97,3463.03,7988.25,222.1719457,6.908,55113.94,54901.78,56666.890787370554,55587.912221817656,57407.81641416065,58806.825841200174,57616.432731883426
1,40,2012-08-31,59897.79,False,A,151315,80.49,3.638,21442.73,102.32,21.7,13209.64,3032.96,222.3054805,6.908,59897.79,57323.34,56666.890787370554,55555.1065531772,62280.520560821715,59116.45201568366,60683.71620062117
1,40,2012-09-07,61156.64,True,A,151315,83.96,3.73,5204.68,35.74,50.94,4120.32,2737.17,222.4390153,6.908,61156.64,56234.81,56666.890787370554,55526.04026010567,61062.754664977474,58919.3403447483,59590.009209423704
1,40,2012-09-14,60364.66,False,A,151315,74.97,3.717,17212.52,7.0,18.79,1523.11,7992.72,222.5820193,6.908,60364.66,58226.24,56666.890787370554,55500.28710743626,60449.08139198494,59044.82395699053,60715.02597391416
1,40,2012-09-21,57957.57,False,A,151315,69.87,3.721,6352.3,7.64,4.69,1010.06,6456.71,222.7818386,6.908,57957.57,55280.21,56666.890787370554,55477.469444696064,58518.30337604798,58964.93961089049,58187.04061526634
1,40,2012-09-28,56346.83,False,A,151315,76.08,3.666,3666.27,7.64,1.65,1417.96,4744.28,222.9816579,6.908,56346.83,56542.57,56666.890787370554,55457.25266814801,60884.69636333034,59015.794926877985,59738.360960094156
1,40,2012-10-05,63639.01,False,A,151315,68.55,3.617,8077.89,0.0,18.22,3617.43,3626.14,223.1814772,6.573,63639.01,62225.38,56666.890787370554,55439.34031408055,63838.00368549144,58983.419833503,64388.1514943358
1,40,2012-10-12,56659.18,False,A,151315,62.99,3.601,2086.18,0.0,8.11,602.36,5926.45,223.3812965,6.573,56659.18,54758.87,56666.890787370554,55423.46971139199,58458.03159837214,59004.03019941433,57819.06925842623
1,40,2012-10-19,56386.37,False,A,151315,67.97,3.594,950.33,0.0,4.93,80.25,2312.85,223.4257233,6.573,56386.37,54344.36,56666.890787370554,55409.408129717696,57626.90593538694,58990.909397627634,57274.9328333882
1,40,2012-10-26,59287.86,False,A,151315,69.16,3.506,2585.85,31.75,6.0,1057.16,1305.01,223.4442513,6.573,59287.86,54994.01,56666.890787370554,55396.9493666157,58755.520884794336,58999.26225464466,58040.14430858097
1,72,2012-08-10,40663.95,False,A,151315,85.05,3.494,11436.22,245.0,6.85,6964.26,4836.22,221.9584329,6.908,40663.95,39234.13,38900.06201001478,39547.5340418144,45357.94073412161,39792.40529144045,38218.59850735827
1,72,2012-08-17,40176.27,False,A,151315,84.85,3.571,3662.06,137.86,4.84,2752.2,3446.15,222.0384109,6.908,40176.27,42481.55,38900.06201001478,39547.53404179955,48332.62931560589,39766.45671916388,41538.54362919675
1,72,2012-08-24,39729.78,False,A,151315,77.66,3.62,6237.83,260.06,2.97,3463.03,7988.25,222.1719457,6.908,39729.78,49944.34,38900.06201001478,39547.534041787476,40971.74725828806,39764.54012305564,47351.51717672147
1,72,2012-08-31,39515.27,False,A,151315,80.49,3.638,21442.73,102.32,21.7,13209.64,3032.96,222.3054805,6.908,39515.27,47054.71,38900.06201001478,39547.53404177766,47559.301813373764,39764.39856071444,45464.809637026156
1,72,2012-09-07,40231.04,True,A,151315,83.96,3.73,5204.68,35.74,50.94,4120.32,2737.17,222.4390153,6.908,40231.04,38861.38,38900.06201001478,39547.53404176968,48165.80867740132,39764.38810473138,38228.35144787675
1,72,2012-09-14,40346.48,False,A,151315,74.97,3.717,17212.52,7.0,18.79,1523.11,7992.72,222.5820193,6.908,40346.48,44656.76,38900.06201001478,39547.53404176319,47529.75161718853,39764.38733243854,43313.10524475938
1,72,2012-09-21,61883.75,False,A,151315,69.87,3.721,6352.3,7.64,4.69,1010.06,6456.71,222.7818386,6.908,61883.75,33809.02,38900.06201001478,39547.534041757914,43127.774602768615,39764.387275395966,33237.6655650944
1,72,2012-09-28,50209.37,False,A,151315,76.08,3.666,3666.27,7.64,1.65,1417.96,4744.28,222.9816579,6.908,50209.37,39319.17,38900.06201001478,39547.53404175362,43025.70119298265,39764.38727118273,38107.71875560796
1,72,2012-10-05,54480.13,False,A,151315,68.55,3.617,8077.89,0.0,18.22,3617.43,3626.14,223.1814772,6.573,54480.13,38528.36,38900.06201001478,39547.53404175013,34626.84426710135,39764.387270871535,36540.27286409959
1,72,2012-10-12,42221.07,False,A,151315,62.99,3.601,2086.18,0.0,8.11,602.36,5926.45,223.3812965,6.573,42221.07,44370.76,38900.06201001478,39547.53404174729,37530.304841029705,39764.38727084855,42017.37416315434
1,72,2012-10-19,36267.08,False,A,151315,67.97,3.594,950.33,0.0,4.93,80.25,2312.85,223.4257233,6.573,36267.08,56909.42,38900.06201001478,39547.534041744984,39547.74305549779,39764.387270846855,53357.53098735893
1,72,2012-10-26,35282.73,False,A,151315,69.16,3.506,2585.85,31.75,6.0,1057.16,1305.01,223.4442513,6.573,35282.73,47743.78,38900.06201001478,39547.53404174311,39392.61660931707,39764.38727084673,45204.09680222471
1,87,2012-08-10,51962.16,False,A,151315,85.05,3.494,11436.22,245.0,6.85,6964.26,4836.22,221.9584329,6.908,51962.16,40366.17,53488.852320449376,53395.26330772372,48228.81264075424,54826.21491868513,45538.83560820419
1,87,2012-08-17,47405.37,False,A,151315,84.85,3.571,3662.06,137.86,4.84,2752.2,3446.15,222.0384109,6.908,47405.37,46018.41,53488.852320449376,53478.90350424845,50719.94138087276,53782.4777708032,50077.14272171474
1,87,2012-08-24,48193.9,False,A,151315,77.66,3.62,6237.83,260.06,2.97,3463.03,7988.25,222.1719457,6.908,48193.9,45772.44,53488.852320449376,53545.81566146822,49162.84109621379,53622.45884844549,49827.76454295101
1,87,2012-08-31,56446.86,False,A,151315,80.49,3.638,21442.73,102.32,21.7,13209.64,3032.96,222.3054805,6.908,56446.86,56613.78,53488.852320449376,53599.345387244044,63274.29226292018,53597.92579856364,60776.887654068865
1,87,2012-09-07,56533.45,True,A,151315,83.96,3.73,5204.68,35.74,50.94,4120.32,2737.17,222.4390153,6.908,56533.45,50145.72,53488.852320449376,53642.169167864704,53842.226920442605,53594.16455253326,54189.25430314246
1,87,2012-09-14,45670.34,False,A,151315,74.97,3.717,17212.52,7.0,18.79,1523.11,7992.72,222.5820193,6.908,45670.34,46154.22,53488.852320449376,53676.42819236123,51214.735972143266,53593.58790300255,50686.202675886976
1,87,2012-09-21,50794.86,False,A,151315,69.87,3.721,6352.3,7.64,4.69,1010.06,6456.71,222.7818386,6.908,50794.86,43187.07,53488.852320449376,53703.835411958455,49736.72499520925,53593.499494884985,48192.53574957928
1,87,2012-09-28,47292.44,False,A,151315,76.08,3.666,3666.27,7.64,1.65,1417.96,4744.28,222.9816579,6.908,47292.44,49105.85,53488.852320449376,53725.76118763623,59490.20482358563,53593.485940733226,54595.44270215199
1,87,2012-10-05,68503.09,False,A,151315,68.55,3.617,8077.89,0.0,18.22,3617.43,3626.14,223.1814772,6.573,68503.09,60958.58,53488.852320449376,53743.301808178454,55760.15061466965,53593.48386269973,63110.99745341578
1,87,2012-10-12,44267.78,False,A,151315,62.99,3.601,2086.18,0.0,8.11,602.36,5926.45,223.3812965,6.573,44267.78,42396.06,53488.852320449376,53757.33430461223,47606.0448376332,53593.48354410929,47356.46852858909
1,87,2012-10-19,48093.57,False,A,151315,67.97,3.594,950.33,0.0,4.93,80.25,2312.85,223.4257233,6.573,48093.57,45578.05,53488.852320449376,53768.56030175925,50000.32641860765,53593.48349526509,50273.440856587666
1,87,2012-10-26,51212.09,False,A,151315,69.16,3.506,2585.85,31.75,6.0,1057.16,1305.01,223.4442513,6.573,51212.09,42200.12,53488.852320449376,53777.54109947687,51784.409249799806,53593.48348777662,48042.42722246377
1,90,2012-08-10,89889.86,False,A,151315,85.05,3.494,11436.22,245.0,6.85,6964.26,4836.22,221.9584329,6.908,89889.86,88561.84,86968.96046385472,86912.06040663598,91476.86961191031,87617.5359962681,92177.17424166237
1,90,2012-08-17,91386.97,False,A,151315,84.85,3.571,3662.06,137.86,4.84,2752.2,3446.15,222.0384109,6.908,91386.97,88820.61,86968.96046385472,86903.6256864261,88074.45865972998,87236.6296599335,92833.92197485086
1,90,2012-08-24,82471.61,False,A,151315,77.66,3.62,6237.83,260.06,2.97,3463.03,7988.25,222.1719457,6.908,82471.61,78805.43,86968.96046385472,86896.79829726998,83431.26738492418,87132.72360411093,82261.97781103262
1,90,2012-08-31,85644.62,False,A,151315,80.49,3.638,21442.73,102.32,21.7,13209.64,3032.96,222.3054805,6.908,85644.62,89094.73,86968.96046385472,86891.27194410955,93433.74493588496,87104.37944858834,92529.26654085766
1,90,2012-09-07,96280.55,True,A,151315,83.96,3.73,5204.68,35.74,50.94,4120.32,2737.17,222.4390153,6.908,96280.55,90974.88,86968.96046385472,86886.79869986417,93183.21766331144,87096.64754936525,94642.38518123666
1,90,2012-09-14,89709.09,False,A,151315,74.97,3.717,17212.52,7.0,18.79,1523.11,7992.72,222.5820193,6.908,89709.09,91983.47,86968.96046385472,86883.17788275421,90540.98782260389,87094.5383926628,96044.7698468228
1,90,2012-09-21,86242.68,False,A,151315,69.87,3.721,6352.3,7.64,4.69,1010.06,6456.71,222.7818386,6.908,86242.68,82602.09,86968.96046385472,86880.24705317627,84495.46470579959,87093.96304346758,86328.91696742455
1,90,2012-09-28,80701.63,False,A,151315,76.08,3.666,3666.27,7.64,1.65,1417.96,4744.28,222.9816579,6.908,80701.63,80994.66,86968.96046385472,86877.87472622516,87093.36052414813,87093.80609605061,84267.61204651727
1,90,2012-10-05,95882.36,False,A,151315,68.55,3.617,8077.89,0.0,18.22,3617.43,3626.14,223.1814772,6.573,95882.36,96124.95,86968.96046385472,86875.95447292716,94602.16964030144,87093.76328293486,100175.15727436262
1,90,2012-10-12,92950.15,False,A,151315,62.99,3.601,2086.18,0.0,8.11,602.36,5926.45,223.3812965,6.573,92950.15,90202.21,86968.96046385472,86874.40014554966,93114.74722313316,87093.75160410053,93765.37288460234
1,90,2012-10-19,88474.51,False,A,151315,67.97,3.594,950.33,0.0,4.93,80.25,2312.85,223.4257233,6.573,88474.51,85521.68,86968.96046385472,86873.14201278199,84400.39494495608,87093.74841827374,89564.95420967335
1,90,2012-10-26,84064.59,False,A,151315,69.16,3.506,2585.85,31.75,6.0,1057.16,1305.01,223.4442513,6.573,84064.59,82323.37,86968.96046385472,86872.12363140106,85030.58983005426,87093.74754922363,85933.26495943968
1,91,2012-08-10,73659.91,False,A,151315,85.05,3.494,11436.22,245.0,6.85,6964.26,4836.22,221.9584329,6.908,73659.91,71768.89,66854.4376505205,67031.08636843626,74948.38424601285,67610.27516531307,72485.07264861587
1,91,2012-08-17,71394.59,False,A,151315,84.85,3.571,3662.06,137.86,4.84,2752.2,3446.15,222.0384109,6.908,71394.59,67995.61,66854.4376505205,67032.25185252397,68702.96101777823,67341.32629023577,69073.06388260062
1,91,2012-08-24,60429.67,False,A,151315,77.66,3.62,6237.83,260.06,2.97,3463.03,7988.25,222.1719457,6.908,60429.67,59197.5,66854.4376505205,67033.18423979414,62338.522398228284,67254.48560836453,60015.55167400026
1,91,2012-08-31,62130.73,False,A,151315,80.49,3.638,21442.73,102.32,21.7,13209.64,3032.96,222.3054805,6.908,62130.73,63542.29,66854.4376505205,67033.93014961027,69375.44514798529,67226.44569176069,63953.892022096625
1,91,2012-09-07,74590.68,True,A,151315,83.96,3.73,5204.68,35.74,50.94,4120.32,2737.17,222.4390153,6.908,74590.68,70857.27,66854.4376505205,67034.52687746318,74291.5399900657,67217.39190606707,71533.8696186671
1,91,2012-09-14,70429.68,False,A,151315,74.97,3.717,17212.52,7.0,18.79,1523.11,7992.72,222.5820193,6.908,70429.68,71049.64,66854.4376505205,67035.0042597455,72123.04973817331,67214.468536624,72039.65938513416
1,91,2012-09-21,61875.25,False,A,151315,69.87,3.721,6352.3,7.64,4.69,1010.06,6456.71,222.7818386,6.908,61875.25,59924.91,66854.4376505205,67035.38616557137,62610.4890618963,67213.52461226021,60783.69354580343
1,91,2012-09-28,55839.93,False,A,151315,76.08,3.666,3666.27,7.64,1.65,1417.96,4744.28,222.9816579,6.908,55839.93,57721.07,66854.4376505205,67035.69169023207,61956.91588554635,67213.21982929594,58386.00472155441
1,91,2012-10-05,69193.16,False,A,151315,68.55,3.617,8077.89,0.0,18.22,3617.43,3626.14,223.1814772,6.573,69193.16,71865.59,66854.4376505205,67035.93610996062,73702.59473494386,67213.12141817437,72728.41435977565
1,91,2012-10-12,67677.85,False,A,151315,62.99,3.601,2086.18,0.0,8.11,602.36,5926.45,223.3812965,6.573,67677.85,68548.77,66854.4376505205,67036.13164574346,72003.71700688405,67213.08964228797,69206.99179100373
1,91,2012-10-19,64022.49,False,A,151315,67.97,3.594,950.33,0.0,4.93,80.25,2312.85,223.4257233,6.573,64022.49,61839.05,66854.4376505205,67036.28807436973,61811.871718810435,67213.07938219806,63026.393935223445
1,91,2012-10-26,55472.46,False,A,151315,69.16,3.506,2585.85,31.75,6.0,1057.16,1305.01,223.4442513,6.573,55472.46,56084.02,66854.4376505205,67036.41321727075,59115.56367148794,67213.07606932604,56896.027670016556
1,92,2012-08-10,150012.51,False,A,151315,85.05,3.494,11436.22,245.0,6.85,6964.26,4836.22,221.9584329,6.908,150012.51,139822.31,138289.64876429318,138164.5423087535,149857.52749569563,139844.49949646273,144900.47057167592
1,92,2012-08-17,149962.1,False,A,151315,84.85,3.571,3662.06,137.86,4.84,2752.2,3446.15,222.0384109,6.908,149962.1,132026.43,138289.64876429318,138069.7812573965,138678.69211169195,139409.5468329853,137373.39648000963
1,92,2012-08-24,127017.65,False,A,151315,77.66,3.62,6237.83,260.06,2.97,3463.03,7988.25,222.1719457,6.908,127017.65,117474.47,138289.64876429318,137993.97241631092,129484.18711539864,139291.76779337777,122358.01264378903
1,92,2012-08-31,132574.48,False,A,151315,80.49,3.638,21442.73,102.32,21.7,13209.64,3032.96,222.3054805,6.908,132574.48,131142.28,138289.64876429318,137933.32534344244,144348.53403753898,139259.87489252744,135841.1803441983
1,92,2012-09-07,160693.21,True,A,151315,83.96,3.73,5204.68,35.74,50.94,4120.32,2737.17,222.4390153,6.908,160693.21,144592.43,138289.64876429318,137884.80768514765,151485.51678992884,139251.2387453145,149824.87829940923
1,92,2012-09-14,148861.17,False,A,151315,74.97,3.717,17212.52,7.0,18.79,1523.11,7992.72,222.5820193,6.908,148861.17,143870.73,138289.64876429318,137845.99355851184,147547.09505792716,139248.90019859423,149385.0952769927
1,92,2012-09-21,139354.6,False,A,151315,69.87,3.721,6352.3,7.64,4.69,1010.06,6456.71,222.7818386,6.908,139354.6,122462.32,138289.64876429318,137814.94225720316,127525.16480247771,139248.26695316337,127898.86028432661
1,92,2012-09-28,122434.07,False,A,151315,76.08,3.666,3666.27,7.64,1.65,1417.96,4744.28,222.9816579,6.908,122434.07,120506.66,138289.64876429318,137790.10121615624,132497.89434384886,139248.0954792423,125279.12764095218
1,92,2012-10-05,159459.88,False,A,151315,68.55,3.617,8077.89,0.0,18.22,3617.43,3626.14,223.1814772,6.573,159459.88,155370.71,138289.64876429318,137770.2283833187,157363.95398301084,139248.04904652573,160958.97946382593
1,92,2012-10-12,156944.65,False,A,151315,62.99,3.601,2086.18,0.0,8.11,602.36,5926.45,223.3812965,6.573,156944.65,145457.88,138289.64876429318,137754.33011704867,150171.15360239966,139248.03647320173,150798.86512611652
1,92,2012-10-19,146387.59,False,A,151315,67.97,3.594,950.33,0.0,4.93,80.25,2312.85,223.4257233,6.573,146387.59,134783.19,138289.64876429318,137741.61150403265,134434.14005411023,139248.03306852313,140617.55451432202
1,92,2012-10-26,132155.74,False,A,151315,69.16,3.506,2585.85,31.75,6.0,1057.16,1305.01,223.4442513,6.573,132155.74,125065.14,138289.64876429318,137731.43661361982,131510.7464500153,139248.03214658424,130268.999062107
1,93,2012-08-10,84119.12,False,A,151315,85.05,3.494,11436.22,245.0,6.85,6964.26,4836.22,221.9584329,6.908,84119.12,77994.13,76433.4164271995,77425.04294748713,84852.02159925774,75836.8995095288,77973.73266455893
1,93,2012-08-17,84700.68,False,A,151315,84.85,3.571,3662.06,137.86,4.84,2752.2,3446.15,222.0384109,6.908,84700.68,75368.89,76433.4164271995,77493.14106543039,73424.79545073505,76306.88535997676,75707.88637008978
1,93,2012-08-24,65398.77,False,A,151315,77.66,3.62,6237.83,260.06,2.97,3463.03,7988.25,222.1719457,6.908,65398.77,61528.93,76433.4164271995,77560.89869278393,66846.34327175024,76400.87971985881,61548.01443773118
1,93,2012-08-31,71195.75,False,A,151315,80.49,3.638,21442.73,102.32,21.7,13209.64,3032.96,222.3054805,6.908,71195.75,73692.87,76433.4164271995,77628.31753200071,79434.64288790367,76419.67802981051,73671.06958950988
1,93,2012-09-07,90651.47,True,A,151315,83.96,3.73,5204.68,35.74,50.94,4120.32,2737.17,222.4390153,6.908,90651.47,83809.26,76433.4164271995,77695.3992770214,86449.99993962246,76423.43757939928,83915.73297860056
1,93,2012-09-14,81007.78,False,A,151315,74.97,3.717,17212.52,7.0,18.79,1523.11,7992.72,222.5820193,6.908,81007.78,81435.22,76433.4164271995,77762.14561331698,80340.34456273941,76424.18946683739,81717.25137273596
1,93,2012-09-21,72668.61,False,A,151315,69.87,3.721,6352.3,7.64,4.69,1010.06,6456.71,222.7818386,6.908,72668.61,67516.27,76433.4164271995,77828.5582179311,69069.32333163673,76424.33983982922,67687.85671394458
1,93,2012-09-28,63262.59,False,A,151315,76.08,3.666,3666.27,7.64,1.65,1417.96,4744.28,222.9816579,6.908,63262.59,61812.32,76433.4164271995,77894.63875952215,68857.21725806432,76424.36991352846,61730.62395637051
1,93,2012-10-05,81868.04,False,A,151315,68.55,3.617,8077.89,0.0,18.22,3617.43,3626.14,223.1814772,6.573,81868.04,83366.17,76433.4164271995,77960.38889840522,84924.64601658816,76424.37592808848,83510.49331676259
1,93,2012-10-12,84659.27,False,A,151315,62.99,3.601,2086.18,0.0,8.11,602.36,5926.45,223.3812965,6.573,84659.27,76235.47,76433.4164271995,78025.8102865939,83123.98996614636,76424.37713096452,76132.3856613221
1,93,2012-10-19,75214.29,False,A,151315,67.97,3.594,950.33,0.0,4.93,80.25,2312.85,223.4257233,6.573,75214.29,67370.04,76433.4164271995,78090.90456784162,69992.10084035303,76424.37737153254,67479.40058260929
1,93,2012-10-26,66622.89,False,A,151315,69.16,3.506,2585.85,31.75,6.0,1057.16,1305.01,223.4442513,6.573,66622.89,61848.68,76433.4164271995,78155.67337768311,67413.34626816044,76424.3774196447,61820.553488669175
1,94,2012-08-10,65343.75,False,A,151315,85.05,3.494,11436.22,245.0,6.85,6964.26,4836.22,221.9584329,6.908,65343.75,71110.75,62666.76977532536,61893.356781682014,66826.96898435512,63612.96024725689,66301.0307529507
1,94,2012-08-17,69099.59,False,A,151315,84.85,3.571,3662.06,137.86,4.84,2752.2,3446.15,222.0384109,6.908,69099.59,67602.79,62666.76977532536,61801.56539945693,63427.265710134234,63139.96390626482,62703.21002646717
1,94,2012-08-24,60145.51,False,A,151315,77.66,3.62,6237.83,260.06,2.97,3463.03,7988.25,222.1719457,6.908,60145.51,66796.49,62666.76977532536,61728.13229367687,61648.89452630931,63025.42257374739,61838.52016194638
1,94,2012-08-31,62779.63,False,A,151315,80.49,3.638,21442.73,102.32,21.7,13209.64,3032.96,222.3054805,6.908,62779.63,69864.82,62666.76977532536,61669.385809052816,64966.97489332583,62997.68511424115,64912.19942374987
1,94,2012-09-07,70775.53,True,A,151315,83.96,3.73,5204.68,35.74,50.94,4120.32,2737.17,222.4390153,6.908,70775.53,67510.59,62666.76977532536,61622.38862135357,64978.98688130638,62990.96817946353,62823.52707221644
1,94,2012-09-14,64491.29,False,A,151315,74.97,3.717,17212.52,7.0,18.79,1523.11,7992.72,222.5820193,6.908,64491.29,69043.67,62666.76977532536,61584.790871194185,61533.46545915267,62989.34159888947,63850.724837134425
1,94,2012-09-21,61873.33,False,A,151315,69.87,3.721,6352.3,7.64,4.69,1010.06,6456.71,222.7818386,6.908,61873.33,61440.47,62666.76977532536,61554.71267106667,54825.20196300387,62988.94770428553,56419.48136055296
1,94,2012-09-28,58663.94,False,A,151315,76.08,3.666,3666.27,7.64,1.65,1417.96,4744.28,222.9816579,6.908,58663.94,58101.89,62666.76977532536,61530.650110964656,55792.28616522282,62988.852318319725,53547.43511177441
1,94,2012-10-05,63583.95,False,A,151315,68.55,3.617,8077.89,0.0,18.22,3617.43,3626.14,223.1814772,6.573,63583.95,66759.5,62666.76977532536,61511.40006288305,61138.96256606332,62988.82921954563,61799.34711748052
1,94,2012-10-12,62887.85,False,A,151315,62.99,3.601,2086.18,0.0,8.11,602.36,5926.45,223.3812965,6.573,62887.85,62602.91,62666.76977532536,61496.000024417765,58972.75227251227,62988.823625920195,57884.75579153524
1,94,2012-10-19,62767.87,False,A,151315,67.97,3.594,950.33,0.0,4.93,80.25,2312.85,223.4257233,6.573,62767.87,60047.94,62666.76977532536,61483.67999364553,53908.57501091572,62988.82227136149,55110.188084841124
1,94,2012-10-26,60278.73,False,A,151315,69.16,3.506,2585.85,31.75,6.0,1057.16,1305.01,223.4442513,6.573,60278.73,58438.32,62666.76977532536,61473.82396902775,54083.03095976913,62988.82194334001,53710.991313111044
1,95,2012-08-10,137408.2,False,A,151315,85.05,3.494,11436.22,245.0,6.85,6964.26,4836.22,221.9584329,6.908,137408.2,138567.1,130698.40157868619,131596.34294169463,140984.22501377208,133241.10431254795,135874.68739871442
1,95,2012-08-17,136264.68,False,A,151315,84.85,3.571,3662.06,137.86,4.84,2752.2,3446.15,222.0384109,6.908,136264.68,133260.84,130698.40157868619,131381.89429920426,134456.61163902527,132591.6124479309,130403.38023622139
1,95,2012-08-24,118845.34,False,A,151315,77.66,3.62,6237.83,260.06,2.97,3463.03,7988.25,222.1719457,6.908,118845.34,122721.92,130698.40157868619,131196.05922296472,127107.9430887302,132326.4905051769,119974.58617433632
1,95,2012-08-31,124741.33,False,A,151315,80.49,3.638,21442.73,102.32,21.7,13209.64,3032.96,222.3054805,6.908,124741.33,130446.34,130698.40157868619,131035.01984701015,133617.99415578248,132218.26798791546,127660.60268037213
1,95,2012-09-07,140657.4,True,A,151315,83.96,3.73,5204.68,35.74,50.94,4120.32,2737.17,222.4390153,6.908,140657.4,133762.77,130698.40157868619,130895.46771760262,134768.56559352615,132174.09166240753,130919.72641140438
1,95,2012-09-14,128542.73,False,A,151315,74.97,3.717,17212.52,7.0,18.79,1523.11,7992.72,222.5820193,6.908,128542.73,133939.4,130698.40157868619,130774.5358231095,134145.475964574,132156.05892961987,131077.6507098957
1,95,2012-09-21,119121.35,False,A,151315,69.87,3.721,6352.3,7.64,4.69,1010.06,6456.71,222.7818386,6.908,119121.35,116165.28,130698.40157868619,130669.73969303408,123071.443698199,132148.6979857647,113493.31289021955
1,95,2012-09-28,115326.47,False,A,151315,76.08,3.666,3666.27,7.64,1.65,1417.96,4744.28,222.9816579,6.908,115326.47,115663.78,130698.40157868619,130578.92635611565,121577.97626735481,132145.6932556954,112965.46307666507
1,95,2012-10-05,127009.22,False,A,151315,68.55,3.617,8077.89,0.0,18.22,3617.43,3626.14,223.1814772,6.573,127009.22,132805.42,130698.40157868619,130500.2301088752,130814.3873009203,132144.4667278252,129889.01134605664
1,95,2012-10-12,124559.93,False,A,151315,62.99,3.601,2086.18,0.0,8.11,602.36,5926.45,223.3812965,6.573,124559.93,125954.3,130698.40157868619,130432.03418589866,131915.16780672793,132143.96606035036,123255.51333739716
1,95,2012-10-19,123346.24,False,A,151315,67.97,3.594,950.33,0.0,4.93,80.25,2312.85,223.4257233,6.573,123346.24,116931.34,130698.40157868619,130372.93754439795,119170.45727823928,132143.76168837768,114138.0880276234
1,95,2012-10-26,117375.38,False,A,151315,69.16,3.506,2585.85,31.75,6.0,1057.16,1305.01,223.4442513,6.573,117375.38,108018.21,130698.40157868619,130321.72608065889,114099.70847387034,132143.6782639387,105333.28553054799
2,2,2012-08-10,67146.39,False,A,202307,88.55,3.494,5554.54,142.3,13.43,4187.43,5286.19,221.5954138,6.565,67146.39,66849.04,66070.32084129078,65761.59132723352,69409.846005734,68101.93579468488,69567.81746558292
2,2,2012-08-17,68857.79,False,A,202307,84.79,3.571,4774.16,330.78,10.53,4253.28,4927.26,221.6751459,6.565,68857.79,67360.35,66070.32084129078,65761.59132723334,69375.70934183708,67643.08468913996,69551.81093273277
2,2,2012-08-24,68175.69,False,A,202307,76.91,3.62,4759.7,211.38,6.62,2972.88,5102.26,221.8083518,6.565,68175.69,69418.62,66070.32084129078,65761.5913272332,70115.25562135465,67484.75141505199,71307.81246597732
2,2,2012-08-31,72899.98,False,A,202307,82.64,3.638,17500.26,73.22,21.38,12878.62,4756.5,221.9415576,6.565,72899.98,66006.89,66070.32084129078,65761.59132723308,69265.47754818338,67430.1162068538,68649.11602178507
2,2,2012-09-07,66273.96,True,A,202307,87.65,3.73,10658.86,149.28,60.97,2920.9,3275.57,222.0747635,6.565,66273.96,60703.72,66070.32084129078,65761.59132723299,64550.52011140641,67411.26353048458,63701.075482659704
2,2,2012-09-14,63984.36,False,A,202307,75.88,3.717,8325.93,0.0,37.32,1808.69,9314.55,222.2174395,6.565,63984.36,59135.08,66070.32084129078,65761.59132723292,63370.04657864793,67404.75813921759,62266.01064495375
2,2,2012-09-21,66350.75,False,A,202307,71.09,3.721,6707.94,3.82,15.55,1001.42,7607.94,222.4169362,6.565,66350.75,61107.02,66070.32084129078,65761.59132723286,64880.32449588337,67402.51335896953,64033.93077023423
2,2,2012-09-28,61500.04,False,A,202307,79.45,3.666,7106.05,1.91,1.65,1549.1,3946.03,222.6164329,6.565,61500.04,61698.6,66070.32084129078,65761.59132723282,65537.52374657389,67401.73876476678,64610.54079023586
2,2,2012-10-05,67497.08,False,A,202307,70.27,3.617,6037.76,0.0,10.04,3027.37,3853.4,222.8159296,6.17,67497.08,64978.04,66070.32084129078,65761.59132723279,65524.37076443924,67401.47147972653,66870.52383307795
2,2,2012-10-12,59664.89,False,A,202307,60.97,3.601,2145.5,0.0,33.31,586.83,10421.01,223.0154263,6.17,59664.89,62476.91,66070.32084129078,65761.59132723276,64104.55623295322,67401.37924912051,64760.716612901495
2,2,2012-10-19,64137.69,False,A,202307,68.08,3.594,4461.89,0.0,1.14,1579.67,2642.29,223.0598077,6.17,64137.69,60669.07,66070.32084129078,65761.59132723273,62915.48959288199,67401.34742360316,63184.61246573261
2,2,2012-10-26,62475.44,False,A,202307,69.79,3.506,6152.59,129.77,200.0,272.29,2924.15,223.0783366,6.17,62475.44,59276.11,66070.32084129078,65761.59132723272,62563.529908364486,67401.33644174368,62125.6115760375
2,4,2012-08-10,46654.19,False,A,202307,88.55,3.494,5554.54,142.3,13.43,4187.43,5286.19,221.5954138,6.565,46654.19,45898.36,46478.084140160616,46504.19500748762,47838.14804966805,47288.70928775572,47410.92135161993
2,4,2012-08-17,47210.3,False,A,202307,84.79,3.571,4774.16,330.78,10.53,4253.28,4927.26,221.6751459,6.565,47210.3,48759.46,46478.084140160616,46509.73655952556,51059.491772262336,46960.68157784883,50492.468252602834
2,4,2012-08-24,46393.79,False,A,202307,76.91,3.62,4759.7,211.38,6.62,2972.88,5102.26,221.8083518,6.565,46393.79,44929.7,46478.084140160616,46515.25040380331,46976.48476903368,46878.32566356371,46588.68749478907
2,4,2012-08-31,48887.63,False,A,202307,82.64,3.638,17500.26,73.22,21.38,12878.62,4756.5,221.9415576,6.565,48887.63,43831.31,46478.084140160616,46520.73667885967,47769.89764044701,46857.64906700525,45841.48195471294
2,4,2012-09-07,46049.92,True,A,202307,87.65,3.73,10658.86,149.28,60.97,2920.9,3275.57,222.0747635,6.565,46049.92,43054.31,46478.084140160616,46526.195522540744,46028.64762304774,46852.45792015257,44892.674983923214
2,4,2012-09-14,42250.04,False,A,202307,75.88,3.717,8325.93,0.0,37.32,1808.69,9314.55,222.2174395,6.565,42250.04,42110.79,46478.084140160616,46531.62707200342,44460.51004769621,46851.15461060789,43850.97123330335
2,4,2012-09-21,43268.67,False,A,202307,71.09,3.721,6707.94,3.82,15.55,1001.42,7607.94,222.4169362,6.565,43268.67,41290.33,46478.084140160616,46537.03146371878,43964.17597898758,46850.82739663813,43091.713334507105
2,4,2012-09-28,42846.96,False,A,202307,79.45,3.666,7106.05,1.91,1.65,1549.1,3946.03,222.6164329,6.565,42846.96,42514.19,46478.084140160616,46542.408833475565,45287.49391211525,46850.74524502462,44319.5271205805
2,4,2012-10-05,47631.56,False,A,202307,70.27,3.617,6037.76,0.0,10.04,3027.37,3853.4,222.8159296,6.17,47631.56,45904.51,46478.084140160616,46547.75931638356,47426.85314706745,46850.72461972061,47463.009962100354
2,4,2012-10-12,43076.52,False,A,202307,60.97,3.601,2145.5,0.0,33.31,586.83,10421.01,223.0154263,6.17,43076.52,41842.76,46478.084140160616,46553.08304687702,45090.788343061155,46850.71944145147,43727.46464727601
2,4,2012-10-19,43727.01,False,A,202307,68.08,3.594,4461.89,0.0,1.14,1579.67,2642.29,223.0598077,6.17,43727.01,41549.8,46478.084140160616,46558.38015871801,43927.44075400124,46850.71814137505,43281.170175879706
2,4,2012-10-26,46098.84,False,A,202307,69.79,3.506,6152.59,129.77,200.0,272.29,2924.15,223.0783366,6.17,46098.84,41105.97,46478.084140160616,46563.650784999794,44901.67318252515,46850.717814972806,43079.39493859559
2,8,2012-08-10,55758.16,False,A,202307,88.55,3.494,5554.54,142.3,13.43,4187.43,5286.19,221.5954138,6.565,55758.16,52087.46,60365.195503711075,60415.01624166404,55933.73987104907,61529.2825264387,57183.61209256672
2,8,2012-08-17,56043.0,False,A,202307,84.79,3.571,4774.16,330.78,10.53,4253.28,4927.26,221.6751459,6.565,56043.0,52018.66,60365.195503711075,60415.01623857396,56495.506076082645,61522.03195996012,57362.28670912041
2,8,2012-08-24,58219.65,False,A,202307,76.91,3.62,4759.7,211.38,6.62,2972.88,5102.26,221.8083518,6.565,58219.65,53115.76,60365.195503711075,60415.016235919844,56325.52418315144,61521.98566937288,58105.02487741124
2,8,2012-08-31,60093.88,False,A,202307,82.64,3.638,17500.26,73.22,21.38,12878.62,4756.5,221.9415576,6.565,60093.88,55692.84,60365.195503711075,60415.016233640185,61226.06153037309,61521.9853738348,61123.54536279397
2,8,2012-09-07,59936.16,True,A,202307,87.65,3.73,10658.86,149.28,60.97,2920.9,3275.57,222.0747635,6.565,59936.16,52356.03,60365.195503711075,60415.01623168215,58691.43858539173,61521.985371947965,57969.030337801945
2,8,2012-09-14,59095.81,False,A,202307,75.88,3.717,8325.93,0.0,37.32,1808.69,9314.55,222.2174395,6.565,59095.81,52273.31,60365.195503711075,60415.016230000365,58382.472486587634,61521.985371935916,57797.595638526516
2,8,2012-09-21,58275.75,False,A,202307,71.09,3.721,6707.94,3.82,15.55,1001.42,7607.94,222.4169362,6.565,58275.75,53564.08,60365.195503711075,60415.01622855585,58611.71426551356,61521.985371935836,58809.55607104434
2,8,2012-09-28,57424.0,False,A,202307,79.45,3.666,7106.05,1.91,1.65,1549.1,3946.03,222.6164329,6.565,57424.0,56021.27,60365.195503711075,60415.016227315136,61999.46990007742,61521.985371935836,61411.10131069987
2,8,2012-10-05,62955.51,False,A,202307,70.27,3.617,6037.76,0.0,10.04,3027.37,3853.4,222.8159296,6.17,62955.51,56024.76,60365.195503711075,60415.01622624947,62616.25269941164,61521.985371935836,61522.72683600862
2,8,2012-10-12,63083.63,False,A,202307,60.97,3.601,2145.5,0.0,33.31,586.83,10421.01,223.0154263,6.17,63083.63,52291.79,60365.195503711075,60415.01622533415,59297.65598802981,61521.985371935836,57922.13274789511
2,8,2012-10-19,60502.97,False,A,202307,68.08,3.594,4461.89,0.0,1.14,1579.67,2642.29,223.0598077,6.17,60502.97,55898.8,60365.195503711075,60415.016224547966,60722.61916312917,61521.985371935836,60967.72296152454
2,8,2012-10-26,63992.36,False,A,202307,69.79,3.506,6152.59,129.77,200.0,272.29,2924.15,223.0783366,6.17,63992.36,53561.04,60365.195503711075,60415.0162238727,60625.046349976095,61521.985371935836,59158.458150818544
2,13,2012-08-10,45416.76,False,A,202307,88.55,3.494,5554.54,142.3,13.43,4187.43,5286.19,221.5954138,6.565,45416.76,42715.26,46643.93990799721,46640.80630422621,45059.82540332939,46873.95480636889,44674.22412030407
2,13,2012-08-17,45854.8,False,A,202307,84.79,3.571,4774.16,330.78,10.53,4253.28,4927.26,221.6751459,6.565,45854.8,43889.81,46643.93990799721,46640.80630422606,46143.481352652176,47290.89363022809,45734.265439940355
2,13,2012-08-24,46305.29,False,A,202307,76.91,3.62,4759.7,211.38,6.62,2972.88,5102.26,221.8083518,6.565,46305.29,45810.67,46643.93990799721,46640.806304225945,48187.89977187851,47106.699360221624,47567.38004311093
2,13,2012-08-31,47502.6,False,A,202307,82.64,3.638,17500.26,73.22,21.38,12878.62,4756.5,221.9415576,6.565,47502.6,48399.6,46643.93990799721,46640.80630422585,51637.8579385209,47188.07227912896,50307.48338825707
2,13,2012-09-07,46471.17,True,A,202307,87.65,3.73,10658.86,149.28,60.97,2920.9,3275.57,222.0747635,6.565,46471.17,45300.83,46643.93990799721,46640.80630422577,48406.02132145771,47152.123539077125,47360.57601163578
2,13,2012-09-14,45803.72,False,A,202307,75.88,3.717,8325.93,0.0,37.32,1808.69,9314.55,222.2174395,6.565,45803.72,43458.52,46643.93990799721,46640.80630422571,48327.435424444935,47168.00489037517,46330.36922774811
2,13,2012-09-21,45159.15,False,A,202307,71.09,3.721,6707.94,3.82,15.55,1001.42,7607.94,222.4169362,6.565,45159.15,42643.4,46643.93990799721,46640.80630422566,46260.95521387571,47160.98886370252,45041.16733672183
2,13,2012-09-28,44953.35,False,A,202307,79.45,3.666,7106.05,1.91,1.65,1549.1,3946.03,222.6164329,6.565,44953.35,42217.5,46643.93990799721,46640.806304225625,48454.69901369293,47164.08838775104,45701.55825015103
2,13,2012-10-05,50442.51,False,A,202307,70.27,3.617,6037.76,0.0,10.04,3027.37,3853.4,222.8159296,6.17,50442.51,46943.82,46643.93990799721,46640.80630422559,49174.65760465881,47162.719087180274,48416.77780136857
2,13,2012-10-12,44493.28,False,A,202307,60.97,3.601,2145.5,0.0,33.31,586.83,10421.01,223.0154263,6.17,44493.28,43462.12,46643.93990799721,46640.80630422557,45967.839417059426,47163.3240136218,45292.919776725634
2,13,2012-10-19,45272.78,False,A,202307,68.08,3.594,4461.89,0.0,1.14,1579.67,2642.29,223.0598077,6.17,45272.78,42628.03,46643.93990799721,46640.806304225545,45531.231959757075,47163.056770616524,44663.60398854696
2,13,2012-10-26,47892.06,False,A,202307,69.79,3.506,6152.59,129.77,200.0,272.29,2924.15,223.0783366,6.17,47892.06,43146.42,46643.93990799721,46640.80630422553,45762.33854469203,47163.17483261376,45026.95520566484
2,38,2012-08-10,63261.19,False,A,202307,88.55,3.494,5554.54,142.3,13.43,4187.43,5286.19,221.5954138,6.565,63261.19,79136.17,72732.02544002788,74027.57969125856,64797.28767237853,76492.45142661578,68664.0718918662
2,38,2012-08-17,64288.79,False,A,202307,84.79,3.571,4774.16,330.78,10.53,4253.28,4927.26,221.6751459,6.565,64288.79,71708.94,72732.02544002788,74024.9147947151,62881.24541855932,78119.19458444508,64610.65911903327
2,38,2012-08-24,70536.5,False,A,202307,76.91,3.62,4759.7,211.38,6.62,2972.88,5102.26,221.8083518,6.565,70536.5,83855.16,72732.02544002788,74022.37452119443,66066.02707597347,78769.15132615535,71470.58229611552
2,38,2012-08-31,73745.16,False,A,202307,82.64,3.638,17500.26,73.22,21.38,12878.62,4756.5,221.9415576,6.565,73745.16,79820.44,72732.02544002788,74019.95304274128,67733.27564716236,79028.83815136894,69972.72238908849
2,38,2012-09-07,72382.28,True,A,202307,87.65,3.73,10658.86,149.28,60.97,2920.9,3275.57,222.0747635,6.565,72382.28,70297.94,72732.02544002788,74017.64480394287,74074.44945807228,79132.59466755194,67004.0743077861
2,38,2012-09-14,68752.24,False,A,202307,75.88,3.717,8325.93,0.0,37.32,1808.69,9314.55,222.2174395,6.565,68752.24,82024.87,72732.02544002788,74015.44450918344,67283.75910211656,79174.05004227716,70431.50095398669
2,38,2012-09-21,68481.44,False,A,202307,71.09,3.721,6707.94,3.82,15.55,1001.42,7607.94,222.4169362,6.565,68481.44,82779.88,72732.02544002788,74013.347110495,77143.15612502598,79190.61332096877,73730.40828574853
2,38,2012-09-28,60410.33,False,A,202307,79.45,3.666,7106.05,1.91,1.65,1549.1,3946.03,222.6164329,6.565,60410.33,76486.29,72732.02544002788,74011.34779597618,82287.34281378672,79197.23109255651,72204.75294001032
2,38,2012-10-05,76287.15,False,A,202307,70.27,3.617,6037.76,0.0,10.04,3027.37,3853.4,222.8159296,6.17,76287.15,86066.09,72732.02544002788,74009.44197875255,77340.01668207023,79199.87518866833,75365.6037823329
2,38,2012-10-12,66962.97,False,A,202307,60.97,3.601,2145.5,0.0,33.31,586.83,10421.01,223.0154263,6.17,66962.97,96658.98,72732.02544002788,74007.62528645346,80202.30735119015,79200.9316234751,81418.71244894812
2,38,2012-10-19,68932.17,False,A,202307,68.08,3.594,4461.89,0.0,1.14,1579.67,2642.29,223.0598077,6.17,68932.17,76417.88,72732.02544002788,74005.89355118069,71344.46644521944,79201.35371649054,68878.17913875838
2,38,2012-10-26,70757.72,False,A,202307,69.79,3.506,6152.59,129.77,200.0,272.29,2924.15,223.0783366,6.17,70757.72,77566.94,72732.02544002788,74004.24279994646,72008.24619086295,79201.52236155274,69599.25880134922
2,40,2012-08-10,75690.26,False,A,202307,88.55,3.494,5554.54,142.3,13.43,4187.43,5286.19,221.5954138,6.565,75690.26,68597.94,76451.46862304065,75894.61075085046,75487.61477764789,77593.57025431284,76478.24979949722
2,40,2012-08-17,77078.83,False,A,202307,84.79,3.571,4774.16,330.78,10.53,4253.28,4927.26,221.6751459,6.565,77078.83,71015.08,76451.46862304065,75832.04550052634,77552.2098775136,77986.62677778307,78820.30048789344
2,40,2012-08-24,73665.93,False,A,202307,76.91,3.62,4759.7,211.38,6.62,2972.88,5102.26,221.8083518,6.565,73665.93,71795.39,76451.46862304065,75778.76561359681,75981.54112667005,77851.88392084387,78860.78592426908
2,40,2012-08-31,77013.83,False,A,202307,82.64,3.638,17500.26,73.22,21.38,12878.62,4756.5,221.9415576,6.565,77013.83,74590.76,76451.46862304065,75733.39304117816,84096.39577289352,77898.07482828853,82920.44863495165
2,40,2012-09-07,80757.91,True,A,202307,87.65,3.73,10658.86,149.28,60.97,2920.9,3275.57,222.0747635,6.565,80757.91,72308.58,76451.46862304065,75694.75425182395,79970.6294521432,77882.24022318197,80200.2784636788
2,40,2012-09-14,81225.28,False,A,202307,75.88,3.717,8325.93,0.0,37.32,1808.69,9314.55,222.2174395,6.565,81225.28,72681.2,76451.46862304065,75661.84987891374,81534.85359884474,77887.66844992078,80823.90176514414
2,40,2012-09-21,81480.97,False,A,202307,71.09,3.721,6707.94,3.82,15.55,1001.42,7607.94,222.4169362,6.565,81480.97,71884.6,76451.46862304065,75633.82887269925,81091.6643753241,77885.80761124943,80131.89857930492
2,40,2012-09-28,79305.26,False,A,202307,79.45,3.666,7106.05,1.91,1.65,1549.1,3946.03,222.6164329,6.565,79305.26,74442.16,76451.46862304065,75609.966488468,84596.46514185345,77886.44552133082,82823.03935888463
2,40,2012-10-05,82468.01,False,A,202307,70.27,3.617,6037.76,0.0,10.04,3027.37,3853.4,222.8159296,6.17,82468.01,79177.89,76451.46862304065,75589.64554150264,86306.18879817052,77886.22684075512,86566.7248171677
2,40,2012-10-12,78961.25,False,A,202307,60.97,3.601,2145.5,0.0,33.31,586.83,10421.01,223.0154263,6.17,78961.25,70716.88,76451.46862304065,75572.34044400832,82288.73615963929,77886.30180617044,79553.6706325579
2,40,2012-10-19,76958.58,False,A,202307,68.08,3.594,4461.89,0.0,1.14,1579.67,2642.29,223.0598077,6.17,76958.58,70862.73,76451.46862304065,75557.60361113347,82044.78197092906,77886.2761074385,79545.94705305302
2,40,2012-10-26,77608.73,False,A,202307,69.79,3.506,6152.59,129.77,200.0,272.29,2924.15,223.0783366,6.17,77608.73,69317.13,76451.46862304065,75545.0538844848,80346.9632706354,77886.28491716523,77998.93018433517
2,72,2012-08-10,55112.18,False,A,202307,88.55,3.494,5554.54,142.3,13.43,4187.43,5286.19,221.5954138,6.565,55112.18,62357.89,59410.30681808436,59317.34493671109,67757.44008209536,59761.99056247921,66483.05177088718
2,72,2012-08-17,69411.27,False,A,202307,84.79,3.571,4774.16,330.78,10.53,4253.28,4927.26,221.6751459,6.565,69411.27,58805.29,59410.30681808436,59317.344936687725,67599.7524577059,59428.63398508541,64569.15461219452
2,72,2012-08-24,69892.49,False,A,202307,76.91,3.62,4759.7,211.38,6.62,2972.88,5102.26,221.8083518,6.565,69892.49,56190.45,59410.30681808436,59317.344936668705,67872.32839749916,59413.9011977053,62204.80744500711
2,72,2012-08-31,67488.9,False,A,202307,82.64,3.638,17500.26,73.22,21.38,12878.62,4756.5,221.9415576,6.565,67488.9,65991.82,59410.30681808436,59317.34493665322,68118.54538476864,59413.25007803733,70012.03355870627
2,72,2012-09-07,65524.14,True,A,202307,87.65,3.73,10658.86,149.28,60.97,2920.9,3275.57,222.0747635,6.565,65524.14,54597.33,59410.30681808436,59317.34493664062,63366.48062523751,59413.22130162109,60245.07079194621
2,72,2012-09-14,68694.92,False,A,202307,75.88,3.717,8325.93,0.0,37.32,1808.69,9314.55,222.2174395,6.565,68694.92,44396.74,59410.30681808436,59317.34493663036,49927.57255691513,59413.22002983931,49802.410428906274
2,72,2012-09-21,82465.63,False,A,202307,71.09,3.721,6707.94,3.82,15.55,1001.42,7607.94,222.4169362,6.565,82465.63,59346.43,59410.30681808436,59317.34493662201,61231.26111059167,59413.21997363256,63539.58463030727
2,72,2012-09-28,70755.16,False,A,202307,79.45,3.666,7106.05,1.91,1.65,1549.1,3946.03,222.6164329,6.565,70755.16,50395.12,59410.30681808436,59317.34493661521,53660.93405949233,59413.21997114849,55175.57271911754
2,72,2012-10-05,76706.02,False,A,202307,70.27,3.617,6037.76,0.0,10.04,3027.37,3853.4,222.8159296,6.17,76706.02,55872.54,59410.30681808436,59317.34493660968,55978.53483783549,59413.2199710387,59871.482405216564
2,72,2012-10-12,63842.47,False,A,202307,60.97,3.601,2145.5,0.0,33.31,586.83,10421.01,223.0154263,6.17,63842.47,54137.0,59410.30681808436,59317.34493660518,47172.4506330059,59413.21997103385,56828.25905425693
2,72,2012-10-19,52176.54,False,A,202307,68.08,3.594,4461.89,0.0,1.14,1579.67,2642.29,223.0598077,6.17,52176.54,91916.15,59410.30681808436,59317.34493660151,61297.023794184744,59413.219971033635,88774.02843983138
2,72,2012-10-26,48941.21,False,A,202307,69.79,3.506,6152.59,129.77,200.0,272.29,2924.15,223.0783366,6.17,48941.21,79821.63,59410.30681808436,59317.34493659853,64784.74155365312,59413.21997103363,80140.8896254675
2,90,2012-08-10,97053.99,False,A,202307,88.55,3.494,5554.54,142.3,13.43,4187.43,5286.19,221.5954138,6.565,97053.99,99571.64,98571.75648266885,98573.20972151181,102648.03763271682,99501.45181072441,101908.54962067492
2,90,2012-08-17,101366.47,False,A,202307,84.79,3.571,4774.16,330.78,10.53,4253.28,4927.26,221.6751459,6.565,101366.47,97227.21,98571.75648266885,98573.2097214776,100533.25268681646,99052.70511554363,99528.44113550693
2,90,2012-08-24,94870.83,False,A,202307,76.91,3.62,4759.7,211.38,6.62,2972.88,5102.26,221.8083518,6.565,94870.83,94672.23,98571.75648266885,98573.20972144928,97962.88510473497,98916.58008399517,97011.21154224244
2,90,2012-08-31,100564.16,False,A,202307,82.64,3.638,17500.26,73.22,21.38,12878.62,4756.5,221.9415576,6.565,100564.16,99456.28,98571.75648266885,98573.20972142585,104154.12643123417,98875.28724682653,101569.43751056035
2,90,2012-09-07,104556.46,True,A,202307,87.65,3.73,10658.86,149.28,60.97,2920.9,3275.57,222.0747635,6.565,104556.46,98739.15,98571.75648266885,98573.20972140649,103342.80451503528,98862.76127432873,100893.69716449961
2,90,2012-09-14,102206.83,False,A,202307,75.88,3.717,8325.93,0.0,37.32,1808.69,9314.55,222.2174395,6.565,102206.83,98529.83,98571.75648266885,98573.20972139043,102234.08929097738,98858.96158417001,100827.23553786051
2,90,2012-09-21,96837.83,False,A,202307,71.09,3.721,6707.94,3.82,15.55,1001.42,7607.94,222.4169362,6.565,96837.83,93148.32,98571.75648266885,98573.20972137718,95660.59647032333,98857.80896745264,95665.98296477129
2,90,2012-09-28,96590.03,False,A,202307,79.45,3.666,7106.05,1.91,1.65,1549.1,3946.03,222.6164329,6.565,96590.03,91669.76,98571.75648266885,98573.20972136619,97433.7784401261,98857.45932702364,93757.65676274165
2,90,2012-10-05,107403.51,False,A,202307,70.27,3.617,6037.76,0.0,10.04,3027.37,3853.4,222.8159296,6.17,107403.51,102442.77,98571.75648266885,98573.20972135711,99689.6167115919,98857.35326537474,105642.96612266637
2,90,2012-10-12,105762.82,False,A,202307,60.97,3.601,2145.5,0.0,33.31,586.83,10421.01,223.0154263,6.17,105762.82,97912.18,98571.75648266885,98573.2097213496,97736.31159519154,98857.32109211206,100738.05830707322
2,90,2012-10-19,102550.04,False,A,202307,68.08,3.594,4461.89,0.0,1.14,1579.67,2642.29,223.0598077,6.17,102550.04,96819.66,98571.75648266885,98573.20972134337,94669.6333224241,98857.31133251618,99903.96853157177
2,90,2012-10-26,100544.64,False,A,202307,69.79,3.506,6152.59,129.77,200.0,272.29,2924.15,223.0783366,6.17,100544.64,94482.7,98571.75648266885,98573.20972133824,94031.19953868173,98857.30837199233,97318.20213752236
2,91,2012-08-10,88085.32,False,A,202307,88.55,3.494,5554.54,142.3,13.43,4187.43,5286.19,221.5954138,6.565,88085.32,84372.07,80531.29164919749,80169.17807918701,87441.33497755318,81400.82997836918,86518.12219288423
2,91,2012-08-17,87363.99,False,A,202307,84.79,3.571,4774.16,330.78,10.53,4253.28,4927.26,221.6751459,6.565,87363.99,81847.97,80531.29164919749,80169.17807898391,83477.24983891826,80296.82972022945,84102.1776407459
2,91,2012-08-24,76683.14,False,A,202307,76.91,3.62,4759.7,211.38,6.62,2972.88,5102.26,221.8083518,6.565,76683.14,76262.36,80531.29164919749,80169.1780788128,77702.38037501893,79859.11974385838,78557.13316999422
2,91,2012-08-31,80808.8,False,A,202307,82.64,3.638,17500.26,73.22,21.38,12878.62,4756.5,221.9415576,6.565,80808.8,78299.63,80531.29164919749,80169.17807866863,81404.64239927343,79685.57809656057,80453.91575197467
2,91,2012-09-07,83399.01,True,A,202307,87.65,3.73,10658.86,149.28,60.97,2920.9,3275.57,222.0747635,6.565,83399.01,81974.86,80531.29164919749,80169.17807854716,82395.70048900874,79616.77294024102,84337.19335403532
2,91,2012-09-14,81943.56,False,A,202307,75.88,3.717,8325.93,0.0,37.32,1808.69,9314.55,222.2174395,6.565,81943.56,84278.61,80531.29164919749,80169.17807844482,83794.16120052447,79589.49332402283,86705.9238124682
2,91,2012-09-21,78540.21,False,A,202307,71.09,3.721,6707.94,3.82,15.55,1001.42,7607.94,222.4169362,6.565,78540.21,75082.21,80531.29164919749,80169.1780783586,77204.6846742825,79578.67760175986,77332.0021426976
2,91,2012-09-28,75325.66,False,A,202307,79.45,3.666,7106.05,1.91,1.65,1549.1,3946.03,222.6164329,6.565,75325.66,72338.21,80531.29164919749,80169.17807828596,77268.92935952274,79574.38942383486,74377.8969918646
2,91,2012-10-05,85978.07,False,A,202307,70.27,3.617,6037.76,0.0,10.04,3027.37,3853.4,222.8159296,6.17,85978.07,85825.49,80531.29164919749,80169.17807822477,83236.0041368336,79572.68926276661,88432.42148438284
2,91,2012-10-12,83666.41,False,A,202307,60.97,3.601,2145.5,0.0,33.31,586.83,10421.01,223.0154263,6.17,83666.41,81089.05,80531.29164919749,80169.1780781732,84177.37645951551,79572.01518913708,83245.26102184504
2,91,2012-10-19,80550.34,False,A,202307,68.08,3.594,4461.89,0.0,1.14,1579.67,2642.29,223.0598077,6.17,80550.34,74394.33,80531.29164919749,80169.17807812976,77202.59139067898,79571.74793489481,76601.34806662612
2,91,2012-10-26,75329.8,False,A,202307,69.79,3.506,6152.59,129.77,200.0,272.29,2924.15,223.0783366,6.17,75329.8,73723.02,80531.29164919749,80169.17807809316,75889.1762858321,79571.64197491227,75991.94908340767
2,92,2012-08-10,170283.67,False,A,202307,88.55,3.494,5554.54,142.3,13.43,4187.43,5286.19,221.5954138,6.565,170283.67,158082.14,165653.46028836173,165705.74328303387,173369.39336975382,166984.50979230445,169257.67484188147
2,92,2012-08-17,173002.07,False,A,202307,84.79,3.571,4774.16,330.78,10.53,4253.28,4927.26,221.6751459,6.565,173002.07,153827.25,165653.46028836173,165718.8517228454,166797.0124309266,166259.89202495987,164980.46941244396
2,92,2012-08-24,157874.84,False,A,202307,76.91,3.62,4759.7,211.38,6.62,2972.88,5102.26,221.8083518,6.565,157874.84,147186.84,165653.46028836173,165729.33847469464,161012.1346918736,166092.45230342238,158372.34292264076
2,92,2012-08-31,169994.15,False,A,202307,82.64,3.638,17500.26,73.22,21.38,12878.62,4756.5,221.9415576,6.565,169994.15,156168.3,165653.46028836173,165737.72787617403,176597.29395866994,166053.76147687627,166835.05019183405
2,92,2012-09-07,182189.34,True,A,202307,87.65,3.73,10658.86,149.28,60.97,2920.9,3275.57,222.0747635,6.565,182189.34,164687.59,165653.46028836173,165744.43939735755,179783.4450736999,166044.8210650966,175770.1771969177
2,92,2012-09-14,179419.94,False,A,202307,75.88,3.717,8325.93,0.0,37.32,1808.69,9314.55,222.2174395,6.565,179419.94,163843.05,165653.46028836173,165749.80861430438,176111.8496429578,166042.75517584258,175169.52709605548
2,92,2012-09-21,169646.36,False,A,202307,71.09,3.721,6707.94,3.82,15.55,1001.42,7607.94,222.4169362,6.565,169646.36,150256.66,165653.46028836173,165754.1039878618,162010.47278784175,166042.27780427234,161692.39128138588
2,92,2012-09-28,159369.52,False,A,202307,79.45,3.666,7106.05,1.91,1.65,1549.1,3946.03,222.6164329,6.565,159369.52,148682.36,165653.46028836173,165757.54028670778,171651.62290643604,166042.16749651232,159289.69975078167
2,92,2012-10-05,192860.85,False,A,202307,70.27,3.617,6037.76,0.0,10.04,3027.37,3853.4,222.8159296,6.17,192860.85,176375.65,165653.46028836173,165760.28932578454,184407.7779965172,166042.142007349,188083.498279106
2,92,2012-10-12,192455.74,False,A,202307,60.97,3.601,2145.5,0.0,33.31,586.83,10421.01,223.0154263,6.17,192455.74,164033.78,165653.46028836173,165762.48855704596,183241.30352488023,166042.13611748733,174928.7985528935
2,92,2012-10-19,175971.97,False,A,202307,68.08,3.594,4461.89,0.0,1.14,1579.67,2642.29,223.0598077,6.17,175971.97,163289.88,165653.46028836173,165764.24794205508,172284.48247885762,166042.13475649836,174996.56555294342
2,92,2012-10-26,169784.13,False,A,202307,69.79,3.506,6152.59,129.77,200.0,272.29,2924.15,223.0783366,6.17,169784.13,158040.78,165653.46028836173,165765.6554500624,172156.4456454764,166042.1344420103,169380.8950117652
2,93,2012-08-10,79684.98,False,A,202307,88.55,3.494,5554.54,142.3,13.43,4187.43,5286.19,221.5954138,6.565,79684.98,71791.57,75972.44862840064,75774.79280776884,77115.24951024736,76283.24612837384,78763.52184622911
2,93,2012-08-17,84053.55,False,A,202307,84.79,3.571,4774.16,330.78,10.53,4253.28,4927.26,221.6751459,6.565,84053.55,67449.2,75972.44862840064,75842.7866662597,73110.1957942186,76255.581459225,74223.6906104137
2,93,2012-08-24,67563.36,False,A,202307,76.91,3.62,4759.7,211.38,6.62,2972.88,5102.26,221.8083518,6.565,67563.36,61155.6,75972.44862840064,75910.44055545809,67841.85242656231,76250.05773108854,68005.8076167823
2,93,2012-08-31,73745.88,False,A,202307,82.64,3.638,17500.26,73.22,21.38,12878.62,4756.5,221.9415576,6.565,73745.88,67773.34,75972.44862840064,75977.75617521048,77016.96156872608,76248.95482353662,74643.6117060734
2,93,2012-09-07,85314.0,True,A,202307,87.65,3.73,10658.86,149.28,60.97,2920.9,3275.57,222.0747635,6.565,85314.0,77386.51,75972.44862840064,76044.73521686412,82388.51680513048,76248.73460902968,84199.5467416338
2,93,2012-09-14,81530.16,False,A,202307,75.88,3.717,8325.93,0.0,37.32,1808.69,9314.55,222.2174395,6.565,81530.16,71216.66,75972.44862840064,76111.3793633095,76893.88754702521,76248.69063940685,78040.64385871918
2,93,2012-09-21,71229.3,False,A,202307,71.09,3.721,6707.94,3.82,15.55,1001.42,7607.94,222.4169362,6.565,71229.3,61189.72,75972.44862840064,76177.69028902265,68913.4754540085,76248.68186011362,68046.49013875984
2,93,2012-09-28,67980.56,False,A,202307,79.45,3.666,7106.05,1.91,1.65,1549.1,3946.03,222.6164329,6.565,67980.56,59126.11,75972.44862840064,76243.66966010723,69579.67401255903,76248.68010717636,66022.86722786158
2,93,2012-10-05,80830.06,False,A,202307,70.27,3.617,6037.76,0.0,10.04,3027.37,3853.4,222.8159296,6.17,80830.06,75167.1,75972.44862840064,76309.31913433639,79411.836923211,76248.67975717221,81971.8265100403
2,93,2012-10-12,84581.61,False,A,202307,60.97,3.601,2145.5,0.0,33.31,586.83,10421.01,223.0154263,6.17,84581.61,69198.2,75972.44862840064,76374.6403611944,79651.53749613551,76248.67968728785,76095.44203614138
2,93,2012-10-19,75948.41,False,A,202307,68.08,3.594,4461.89,0.0,1.14,1579.67,2642.29,223.0598077,6.17,75948.41,65348.7,75972.44862840064,76439.63498191812,72141.77503629502,76248.67967333423,72194.05793736683
2,93,2012-10-26,71383.59,False,A,202307,69.79,3.506,6152.59,129.77,200.0,272.29,2924.15,223.0783366,6.17,71383.59,60839.12,75972.44862840064,76504.30462953822,67677.52237265583,76248.67967054815,67687.26322045189
2,94,2012-08-10,78542.86,False,A,202307,88.55,3.494,5554.54,142.3,13.43,4187.43,5286.19,221.5954138,6.565,78542.86,72752.41,73338.23239752483,73339.2590954891,73565.21546067465,74117.16788007726,73509.43472155271
2,94,2012-08-17,74809.81,False,A,202307,84.79,3.571,4774.16,330.78,10.53,4253.28,4927.26,221.6751459,6.565,74809.81,73448.41,73338.23239752483,73338.3963618451,72692.62206247458,73662.04346867776,74042.26745568364
2,94,2012-08-24,66590.42,False,A,202307,76.91,3.62,4759.7,211.38,6.62,2972.88,5102.26,221.8083518,6.565,66590.42,71896.0,73338.23239752483,73337.56735319845,69292.41531460713,73558.9112281069,72409.69415949979
2,94,2012-08-31,71934.11,False,A,202307,82.64,3.638,17500.26,73.22,21.38,12878.62,4756.5,221.9415576,6.565,71934.11,71909.55,73338.23239752483,73336.77075121012,71125.9597580362,73535.54122469957,72519.04276874918
2,94,2012-09-07,74909.27,True,A,202307,87.65,3.73,10658.86,149.28,60.97,2920.9,3275.57,222.0747635,6.565,74909.27,67525.94,73338.23239752483,73336.00528907607,71415.1656589477,73530.24552806547,68402.60590086332
2,94,2012-09-14,71138.45,False,A,202307,75.88,3.717,8325.93,0.0,37.32,1808.69,9314.55,222.2174395,6.565,71138.45,66253.87,73338.23239752483,73335.26974951272,66123.50840699427,73529.04551100293,66915.49636998668
2,94,2012-09-21,71351.89,False,A,202307,71.09,3.721,6707.94,3.82,15.55,1001.42,7607.94,222.4169362,6.565,71351.89,63940.22,73338.23239752483,73334.56296282113,64004.51908589866,73528.77358437082,64619.1314374505
2,94,2012-09-28,68920.29,False,A,202307,79.45,3.666,7106.05,1.91,1.65,1549.1,3946.03,222.6164329,6.565,68920.29,61435.09,73338.23239752483,73333.88380502691,62605.54670369053,73528.71196516926,62178.336019111215
2,94,2012-10-05,72994.42,False,A,202307,70.27,3.617,6037.76,0.0,10.04,3027.37,3853.4,222.8159296,6.17,72994.42,67274.49,73338.23239752483,73333.23119609279,65637.41093666287,73528.69800211617,67846.62592189951
2,94,2012-10-12,72007.43,False,A,202307,60.97,3.601,2145.5,0.0,33.31,586.83,10421.01,223.0154263,6.17,72007.43,62264.03,73338.23239752483,73332.60409820109,64120.476919022236,73528.69483805617,63039.61202889742
2,94,2012-10-19,73438.58,False,A,202307,68.08,3.594,4461.89,0.0,1.14,1579.67,2642.29,223.0598077,6.17,73438.58,65152.25,73338.23239752483,73332.00151410328,63193.95354766862,73528.69412107287,65717.91550131871
2,94,2012-10-26,71138.52,False,A,202307,69.79,3.506,6152.59,129.77,200.0,272.29,2924.15,223.0783366,6.17,71138.52,65277.11,73338.23239752483,73331.42248553417,61024.88525274417,73528.6939586028,65722.75544989118
2,95,2012-08-10,157227.55,False,A,202307,88.55,3.494,5554.54,142.3,13.43,4187.43,5286.19,221.5954138,6.565,157227.55,150502.78,154556.94729789495,154750.34292706364,160384.25838818823,157947.21826101933,159148.50616533632
2,95,2012-08-17,151758.6,False,A,202307,84.79,3.571,4774.16,330.78,10.53,4253.28,4927.26,221.6751459,6.565,151758.6,146619.44,154556.94729789495,154810.18461181497,155564.42251727654,157242.17477010397,155214.98062729315
2,95,2012-08-24,137902.5,False,A,202307,76.91,3.62,4759.7,211.38,6.62,2972.88,5102.26,221.8083518,6.565,137902.5,147167.55,154556.94729789495,154869.72708814256,151569.85689969588,156967.55232648633,155540.89898517006
2,95,2012-08-31,154732.04,False,A,202307,82.64,3.638,17500.26,73.22,21.38,12878.62,4756.5,221.9415576,6.565,154732.04,145434.71,154556.94729789495,154928.97185208852,152236.24704161653,156860.58376708496,153938.95848390216
2,95,2012-09-07,155701.57,True,A,202307,87.65,3.73,10658.86,149.28,60.97,2920.9,3275.57,222.0747635,6.565,155701.57,144040.98,154556.94729789495,154987.92039221473,151366.59886024904,156818.91829885275,152569.4529381741
2,95,2012-09-14,151208.59,False,A,202307,75.88,3.717,8325.93,0.0,37.32,1808.69,9314.55,222.2174395,6.565,151208.59,142322.71,154556.94729789495,155046.57418964032,152458.9077068199,156802.68912597498,150994.61409951036
2,95,2012-09-21,145469.62,False,A,202307,71.09,3.721,6707.94,3.82,15.55,1001.42,7607.94,222.4169362,6.565,145469.62,135033.36,154556.94729789495,155104.9347180788,144205.32463519688,156796.36767889973,143663.51762709263
2,95,2012-09-28,144370.82,False,A,202307,79.45,3.666,7106.05,1.91,1.65,1549.1,3946.03,222.6164329,6.565,144370.82,135333.7,154556.94729789495,155163.00344387506,142253.0528720182,156793.90540350057,143858.5896731314
2,95,2012-10-05,152482.21,False,A,202307,70.27,3.617,6037.76,0.0,10.04,3027.37,3853.4,222.8159296,6.17,152482.21,148486.25,154556.94729789495,155220.78182604234,150352.94891941056,156792.94631927996,156745.97756872812
2,95,2012-10-12,145394.36,False,A,202307,60.97,3.601,2145.5,0.0,33.31,586.83,10421.01,223.0154263,6.17,145394.36,141333.41,154556.94729789495,155278.27131629878,147094.40853813555,156792.57274508817,149798.2797701719
2,95,2012-10-19,146283.06,False,A,202307,68.08,3.594,4461.89,0.0,1.14,1579.67,2642.29,223.0598077,6.17,146283.06,137866.17,154556.94729789495,155335.47335910395,143458.73581551795,156792.4272336995,146308.47432880322
2,95,2012-10-26,138018.99,False,A,202307,69.79,3.506,6152.59,129.77,200.0,272.29,2924.15,223.0783366,6.17,138018.99,128987.1,154556.94729789495,155392.3893916951,138177.11567267572,156792.37055536173,137602.7577032654
3,38,2012-08-10,80323.73,False,B,37392,85.85,3.494,3375.44,28.4,2.4,1880.43,555.9,225.4735085,6.334,80323.73,106319.37,89066.71814924316,87949.92695057999,85706.44662178218,88526.14340413889,78399.1791265602
3,38,2012-08-17,81180.6,False,B,37392,87.36,3.571,990.08,44.2,0.0,401.46,430.69,225.5558664,6.334,81180.6,93071.53,89066.71814924316,87718.37103706418,80536.86277646795,88710.26486952655,66389.5746436534
3,38,2012-08-24,91993.02,False,B,37392,83.01,3.62,3062.02,26.8,0.0,1004.51,1285.29,225.6925864,6.334,91993.02,100561.19,89066.71814924316,87487.97290311597,90165.61948178723,88727.54437163913,75029.32848141344
3,38,2012-08-31,81614.82,False,B,37392,85.18,3.638,6599.69,27.8,24.7,1743.76,428.74,225.8293063,6.334,81614.82,106769.36,89066.71814924316,87258.72675983749,98033.86405093838,88729.16602500057,80827.40745580063
3,38,2012-09-07,92495.16,True,B,37392,84.99,3.73,2266.83,19.0,8.31,419.87,926.86,225.9660263,6.334,92495.16,107423.91,89066.71814924316,87030.6268472754,94072.93738901729,88729.31821454906,79968.85252336357
3,38,2012-09-14,87895.23,False,B,37392,78.36,3.717,3589.7,0.0,3.72,2080.29,1760.69,226.1122067,6.334,87895.23,114210.61,89066.71814924316,86803.66743427613,97624.9429090453,88729.33249729234,85002.0526130676
3,38,2012-09-21,87729.02,False,B,37392,72.78,3.721,3233.34,1.91,7.69,878.66,1602.11,226.3151496,6.334,87729.02,89773.23,89066.71814924316,86577.84281834184,86672.88115583373,88729.33383770473,67134.99934319987
3,38,2012-09-28,77952.53,False,B,37392,77.46,3.666,2493.82,0.0,1.5,890.65,715.52,226.5180926,6.334,77952.53,105565.46,89066.71814924316,86353.14732548724,94219.19715124575,88729.33396350028,78739.54672158111
3,38,2012-10-05,99091.97,False,B,37392,72.74,3.617,1750.8,0.0,3.01,480.24,646.82,226.7210356,6.034,99091.97,109972.31,89066.71814924316,86129.5753100969,99600.84780403569,88729.33397530598,83031.52159853658
3,38,2012-10-12,95333.35,False,B,37392,70.31,3.601,775.31,0.0,2.78,498.54,328.16,226.9239785,6.034,95333.35,98070.26,89066.71814924316,85907.12115478353,88704.927497851,88729.33397641394,72354.03917275036
3,38,2012-10-19,91827.97,False,B,37392,73.44,3.594,629.25,0.0,7.5,75.11,3010.32,226.9688442,6.034,91827.97,91313.58,89066.71814924316,85685.77927024671,81577.82768163564,88729.33397651791,65918.77696380846
3,38,2012-10-26,83489.04,False,B,37392,74.66,3.506,370.99,6.35,4.0,5.94,180.07,226.9873637,6.034,83489.04,97101.29,89066.71814924316,85465.54409513257,82660.14046283189,88729.33397652768,69574.99749530503
4,2,2012-08-10,96870.0,False,A,205863,83.21,3.476,16996.42,36.6,60.94,4777.2,3937.09,130.7561613,4.077,96870.0,95162.69,100544.14713419328,100598.65177302757,109898.63658513936,100830.40415430024,97613.8829432601
4,2,2012-08-17,112674.99,False,A,205863,81.41,3.552,2531.63,15.04,5.54,1269.13,3528.9,130.7909677,4.077,112674.99,107974.78,100544.14713419328,100605.35173524242,114207.98515584916,101079.97930994701,108042.59708907659
4,2,2012-08-24,101654.79,False,A,205863,75.76,3.61,9983.59,0.0,23.4,8115.89,7158.66,130.8381613,4.077,101654.79,96329.83,100544.14713419328,100610.71170501431,101648.62921963929,101020.22489076636,96863.46945237892
4,2,2012-08-31,101495.5,False,A,205863,76.47,3.646,19617.58,1.02,68.29,7187.73,6428.12,130.8853548,4.077,101495.5,104098.12,100544.14713419328,100614.99968083181,107848.70283834622,101034.53156565299,104085.68130558178
4,2,2012-09-07,100312.06,True,A,205863,82.09,3.709,9082.61,16.0,59.06,7217.88,8026.47,130.9325484,4.077,100312.06,96952.19,100544.14713419328,100618.43006148582,101383.54942797875,101031.10619646493,97323.39384164143
4,2,2012-09-14,96606.57,False,A,205863,68.2,3.706,13802.34,0.0,23.12,3643.77,12517.18,130.9776667,4.077,96606.57,96937.39,100544.14713419328,100621.17436600903,103586.11471904938,101031.92631393929,97679.27346053332
4,2,2012-09-21,95291.41,False,A,205863,68.97,3.721,11214.89,5.73,16.84,6376.86,4417.13,131.0103333,4.077,95291.41,96778.13,100544.14713419328,100623.36980962759,98892.18896782551,101031.72995768253,96833.80922727415
4,2,2012-09-28,94947.88,False,A,205863,71.74,3.666,5333.92,5.73,2.94,1931.02,9753.37,131.043,4.077,94947.88,94264.32,100544.14713419328,100625.12616452244,101851.86547085713,101031.77697019083,95296.78291463452
4,2,2012-10-05,101963.71,False,A,205863,63.07,3.62,5918.34,0.0,126.57,3674.49,6807.07,131.0756667,3.879,101963.71,105441.07,100544.14713419328,100626.53124843833,100566.54506196814,101031.76571424221,104133.57069973768
4,2,2012-10-12,91054.12,False,A,205863,57.11,3.603,4975.39,0.0,61.17,1513.17,5905.53,131.1083333,3.879,91054.12,94631.83,100544.14713419328,100627.65531557103,96193.15893087865,101031.76840919263,94734.95166296029
4,2,2012-10-19,94432.15,False,A,205863,64.46,3.61,6313.84,0.0,15.05,2421.08,5885.12,131.1499677,3.879,94432.15,97077.45,100544.14713419328,100628.5545692772,100008.94232640788,101031.76776395534,97349.51825031747
4,2,2012-10-26,93534.21,False,A,205863,63.64,3.514,1763.13,88.76,66.76,0.0,7577.14,131.1930968,3.879,93534.21,89021.14,100544.14713419328,100629.27397224212,97402.2163041471,101031.767918441,90451.51741114003
4,4,2012-08-10,59613.49,False,A,205863,83.21,3.476,16996.42,36.6,60.94,4777.2,3937.09,130.7561613,4.077,59613.49,56617.69,58859.584015840344,58869.29869247854,64068.260945953465,58708.34774992473,56566.75691910594
4,4,2012-08-17,64240.7,False,A,205863,81.41,3.552,2531.63,15.04,5.54,1269.13,3528.9,130.7909677,4.077,64240.7,63239.08,58859.584015840344,58858.50268647625,64159.60087772817,58605.0240166717,62165.92214519787
4,4,2012-08-24,57761.17,False,A,205863,75.76,3.61,9983.59,0.0,23.4,8115.89,7158.66,130.8381613,4.077,57761.17,55027.47,58859.584015840344,58849.865881674414,59889.12305989055,58595.04833836775,54473.393667876546
4,4,2012-08-31,58424.08,False,A,205863,76.47,3.646,19617.58,1.02,68.29,7187.73,6428.12,130.8853548,4.077,58424.08,58127.38,58859.584015840344,58842.956437832945,66405.52609505584,58594.085208654076,57775.059467925406
4,4,2012-09-07,61720.96,True,A,205863,82.09,3.709,9082.61,16.0,59.06,7217.88,8026.47,130.9325484,4.077,61720.96,57708.24,58859.584015840344,58837.42888275978,61419.954760639,58593.99222060684,57001.683187937844
4,4,2012-09-14,59052.36,False,A,205863,68.2,3.706,13802.34,0.0,23.12,3643.77,12517.18,130.9776667,4.077,59052.36,57221.26,58859.584015840344,58833.006838701236,61410.498522975045,58593.9832428162,56547.814469064826
4,4,2012-09-21,57105.21,False,A,205863,68.97,3.721,11214.89,5.73,16.84,6376.86,4417.13,131.0103333,4.077,57105.21,56423.47,58859.584015840344,58829.469203454406,60255.11327358881,58593.98237603033,55728.144050744566
4,4,2012-09-28,54969.27,False,A,205863,71.74,3.666,5333.92,5.73,2.94,1931.02,9753.37,131.043,4.077,54969.27,53790.29,58859.584015840344,58826.63909525694,62183.745204434155,58593.98229234407,53475.95161811223
4,4,2012-10-05,62267.45,False,A,205863,63.07,3.62,5918.34,0.0,126.57,3674.49,6807.07,131.0756667,3.879,62267.45,61589.77,58859.584015840344,58824.37500869897,61347.25090322499,58593.98228426435,60516.52804524458
4,4,2012-10-12,56556.77,False,A,205863,57.11,3.603,4975.39,0.0,61.17,1513.17,5905.53,131.1083333,3.879,56556.77,56211.57,58859.584015840344,58822.56373945259,58011.58274164239,58593.98228348427,55338.54206314466
4,4,2012-10-19,58016.81,False,A,205863,64.46,3.61,6313.84,0.0,15.05,2421.08,5885.12,131.1499677,3.879,58016.81,57379.59,58859.584015840344,58821.11472405549,61782.284924768646,58593.98228340896,56704.68862514619
4,4,2012-10-26,57973.13,False,A,205863,63.64,3.514,1763.13,88.76,66.76,0.0,7577.14,131.1930968,3.879,57973.13,55849.32,58859.584015840344,58819.95551173781,59432.74752013132,58593.98228340169,55116.46563048072
4,5,2012-08-10,29309.07,False,A,205863,83.21,3.476,16996.42,36.6,60.94,4777.2,3937.09,130.7561613,4.077,29309.07,34882.76,29499.854582631415,29390.294824717148,31224.593839999085,31233.317216613996,27997.744591021758
4,5,2012-08-17,29590.8,False,A,205863,81.41,3.552,2531.63,15.04,5.54,1269.13,3528.9,130.7909677,4.077,29590.8,32724.09,29499.854582631415,29333.28938325873,26713.47545679469,32757.956622566868,24585.24319861262
4,5,2012-08-24,40981.28,False,A,205863,75.76,3.61,9983.59,0.0,23.4,8115.89,7158.66,130.8381613,4.077,40981.28,33804.19,29499.854582631415,29276.568969007603,27986.991443107047,33464.87804126486,26043.532665837956
4,5,2012-08-31,38738.2,False,A,205863,76.47,3.646,19617.58,1.02,68.29,7187.73,6428.12,130.8853548,4.077,38738.2,35176.39,29499.854582631415,29220.13215682773,26649.184624594065,33792.65252371808,26554.26584399705
4,5,2012-09-07,35199.92,True,A,205863,82.09,3.709,9082.61,16.0,59.06,7217.88,8026.47,130.9325484,4.077,35199.92,35563.18,29499.854582631415,29163.977528708758,26603.370399350257,33944.629969167894,26914.69634412654
4,5,2012-09-14,36270.1,False,A,205863,68.2,3.706,13802.34,0.0,23.12,3643.77,12517.18,130.9776667,4.077,36270.1,37455.41,29499.854582631415,29108.10367373038,29299.68484352441,34015.096540429266,29013.335657888732
4,5,2012-09-21,40347.24,False,A,205863,68.97,3.721,11214.89,5.73,16.84,6376.86,4417.13,131.0103333,4.077,40347.24,43322.16,29499.854582631415,29052.509188026896,31435.334235292117,34047.769399554105,33375.78893818003
4,5,2012-09-28,49255.4,False,A,205863,71.74,3.666,5333.92,5.73,2.94,1931.02,9753.37,131.043,4.077,49255.4,37753.3,29499.854582631415,28997.19267475193,33523.10581918029,34062.91864981962,30532.926832608195
4,5,2012-10-05,44162.22,False,A,205863,63.07,3.62,5918.34,0.0,126.57,3674.49,6807.07,131.0756667,3.879,44162.22,51826.73,29499.854582631415,28942.152744043335,41326.09750629544,34069.942821861936,41955.48964654645
4,5,2012-10-12,39036.4,False,A,205863,57.11,3.603,4975.39,0.0,61.17,1513.17,5905.53,131.1083333,3.879,39036.4,49606.26,29499.854582631415,28887.388012988285,38995.509216447594,34073.19968223557,39983.08399270288
4,5,2012-10-19,41777.74,False,A,205863,64.46,3.61,6313.84,0.0,15.05,2421.08,5885.12,131.1499677,3.879,41777.74,54631.87,29499.854582631415,28832.89710558851,40469.15381095137,34074.709773308154,43718.2715694168
4,5,2012-10-26,46483.6,False,A,205863,63.64,3.514,1763.13,88.76,66.76,0.0,7577.14,131.1930968,3.879,46483.6,48125.31,29499.854582631415,28778.678652725735,33834.7349629595,34075.40994917874,37424.39211485032
4,7,2012-08-10,35885.16,False,A,205863,83.21,3.476,16996.42,36.6,60.94,4777.2,3937.09,130.7561613,4.077,35885.16,29545.41,41589.37267120338,41619.82606026859,43500.786251672806,44509.49975191108,31092.69680126512
4,7,2012-08-17,36696.19,False,A,205863,81.41,3.552,2531.63,15.04,5.54,1269.13,3528.9,130.7909677,4.077,36696.19,29304.64,41589.37267120338,41637.93683760302,38858.880962262294,47192.726667759234,30732.208348680626
4,7,2012-08-24,39219.35,False,A,205863,75.76,3.61,9983.59,0.0,23.4,8115.89,7158.66,130.8381613,4.077,39219.35,33811.61,41589.37267120338,41655.612469926666,45231.07010643641,48750.51812041621,35253.18892968715
4,7,2012-08-31,43287.47,False,A,205863,76.47,3.646,19617.58,1.02,68.29,7187.73,6428.12,130.8853548,4.077,43287.47,39017.49,41589.37267120338,41672.86341240538,46676.5490630882,49654.91953188015,40473.44186629525
4,7,2012-09-07,42650.69,True,A,205863,82.09,3.709,9082.61,16.0,59.06,7217.88,8026.47,130.9325484,4.077,42650.69,41722.37,41589.37267120338,41689.69986900024,45875.08616220368,50179.98462429858,43195.89805024973
4,7,2012-09-14,41865.99,False,A,205863,68.2,3.706,13802.34,0.0,23.12,3643.77,12517.18,130.9776667,4.077,41865.99,39829.34,41589.37267120338,41706.131798503244,45457.19063153142,50484.81978685114,41295.333606808745
4,7,2012-09-21,51044.21,False,A,205863,68.97,3.721,11214.89,5.73,16.84,6376.86,4417.13,131.0103333,4.077,51044.21,37392.34,41589.37267120338,41722.16892042794,41486.74791480865,50661.79684678182,38865.52581183283
4,7,2012-09-28,50983.79,False,A,205863,71.74,3.666,5333.92,5.73,2.94,1931.02,9753.37,131.043,4.077,50983.79,35090.31,41589.37267120338,41737.82072075855,42197.44772803514,50764.54378542053,36549.022986513475
4,7,2012-10-05,50293.51,False,A,205863,63.07,3.62,5918.34,0.0,126.57,3674.49,6807.07,131.0756667,3.879,50293.51,39751.24,41589.37267120338,41753.096457560925,46120.49812102245,50824.19520806119,41213.61738249152
4,7,2012-10-12,48524.82,False,A,205863,57.11,3.603,4975.39,0.0,61.17,1513.17,5905.53,131.1083333,3.879,48524.82,38040.95,41589.37267120338,41768.00516645871,43954.420622796286,50858.82682113111,39505.4279733961
4,7,2012-10-19,50064.05,False,A,205863,64.46,3.61,6313.84,0.0,15.05,2421.08,5885.12,131.1499677,3.879,50064.05,49930.58,41589.37267120338,41782.555665977954,46860.02503710065,50878.93277285416,51437.96450152834
4,7,2012-10-26,47321.62,False,A,205863,63.64,3.514,1763.13,88.76,66.76,0.0,7577.14,131.1930968,3.879,47321.62,58326.85,41589.37267120338,41796.75656276325,48381.96504690447,50890.60561332722,59866.50225920728
4,8,2012-08-10,58854.51,False,A,205863,83.21,3.476,16996.42,36.6,60.94,4777.2,3937.09,130.7561613,4.077,58854.51,55951.73,62098.27103791623,62120.1630816113,60090.67270643769,63436.64577025011,58362.40176512154
4,8,2012-08-17,57167.63,False,A,205863,81.41,3.552,2531.63,15.04,5.54,1269.13,3528.9,130.7909677,4.077,57167.63,60312.08,62098.27103791623,62120.16307702186,58974.406611103324,63833.5153977911,61454.22848163125
4,8,2012-08-24,60205.79,False,A,205863,75.76,3.61,9983.59,0.0,23.4,8115.89,7158.66,130.8381613,4.077,60205.79,57193.32,62098.27103791623,62120.16307305953,58361.65415799431,63728.78711189534,58923.13999173638
4,8,2012-08-31,60518.71,False,A,205863,76.47,3.646,19617.58,1.02,68.29,7187.73,6428.12,130.8853548,4.077,60518.71,61627.1,62098.27103791623,62120.163069638606,64049.589439347794,63756.42342645693,63553.082144024855
4,8,2012-09-07,59222.12,True,A,205863,82.09,3.709,9082.61,16.0,59.06,7217.88,8026.47,130.9325484,4.077,59222.12,61749.78,62098.27103791623,62120.16306668511,62251.33887406915,63749.130593617985,63256.77224447224
4,8,2012-09-14,60246.22,False,A,205863,68.2,3.706,13802.34,0.0,23.12,3643.77,12517.18,130.9776667,4.077,60246.22,59392.79,62098.27103791623,62120.163064135195,60938.32099548358,63751.05506913726,61154.60272419661
4,8,2012-09-21,60258.64,False,A,205863,68.97,3.721,11214.89,5.73,16.84,6376.86,4417.13,131.0103333,4.077,60258.64,58897.54,62098.27103791623,62120.163061933694,60729.20358856134,63750.54722724563,60724.42470949645
4,8,2012-09-28,60371.65,False,A,205863,71.74,3.666,5333.92,5.73,2.94,1931.02,9753.37,131.043,4.077,60371.65,58750.26,62098.27103791623,62120.163060033,63114.8203169948,63750.681239543694,61117.08325082378
4,8,2012-10-05,64347.41,False,A,205863,63.07,3.62,5918.34,0.0,126.57,3674.49,6807.07,131.0756667,3.879,64347.41,64457.83,62098.27103791623,62120.16305839203,65447.396277664964,63750.645875592185,66007.01198009319
4,8,2012-10-12,60674.94,False,A,205863,57.11,3.603,4975.39,0.0,61.17,1513.17,5905.53,131.1083333,3.879,60674.94,60515.72,62098.27103791623,62120.163056975274,62679.98969634957,63750.6552076392,62375.70885600455
4,8,2012-10-19,60359.28,False,A,205863,64.46,3.61,6313.84,0.0,15.05,2421.08,5885.12,131.1499677,3.879,60359.28,63001.6,62098.27103791623,62120.163055752106,63853.16134578511,63750.65274504388,64537.988652336884
4,8,2012-10-26,60917.72,False,A,205863,63.64,3.514,1763.13,88.76,66.76,0.0,7577.14,131.1930968,3.879,60917.72,60906.48,62098.27103791623,62120.163054696066,62647.42198047617,63750.65339488798,62664.14935481514
4,13,2012-08-10,71686.04,False,A,205863,83.21,3.476,16996.42,36.6,60.94,4777.2,3937.09,130.7561613,4.077,71686.04,67683.46,71719.59153641172,71727.19475059523,74290.23346735058,71982.79185953333,67550.5545143595
4,13,2012-08-17,79667.45,False,A,205863,81.41,3.552,2531.63,15.04,5.54,1269.13,3528.9,130.7909677,4.077,79667.45,76767.1,71719.59153641172,71727.19475059482,78930.00887699796,72698.1489856743,75710.7633786728
4,13,2012-08-24,76899.88,False,A,205863,75.76,3.61,9983.59,0.0,23.4,8115.89,7158.66,130.8381613,4.077,76899.88,72219.2,71719.59153641172,71727.1947505945,75339.92129301914,72352.39979586509,71431.99368287802
4,13,2012-08-31,75987.82,False,A,205863,76.47,3.646,19617.58,1.02,68.29,7187.73,6428.12,130.8853548,4.077,75987.82,79989.6,71719.59153641172,71727.19475059424,83641.66736141483,72519.5086396654,79088.66824439833
4,13,2012-09-07,78984.98,True,A,205863,82.09,3.709,9082.61,16.0,59.06,7217.88,8026.47,130.9325484,4.077,78984.98,70641.23,71719.59153641172,71727.19475059403,75293.19352492676,72438.7409430247,70090.48580353004
4,13,2012-09-14,73792.16,False,A,205863,68.2,3.706,13802.34,0.0,23.12,3643.77,12517.18,130.9776667,4.077,73792.16,72262.53,71719.59153641172,71727.19475059387,75137.62267232391,72477.77790044893,71419.73671125386
4,13,2012-09-21,75430.25,False,A,205863,68.97,3.721,11214.89,5.73,16.84,6376.86,4417.13,131.0103333,4.077,75430.25,71448.82,71719.59153641172,71727.19475059374,73924.12593293506,72458.91040628577,70571.70714276643
4,13,2012-09-28,73976.17,False,A,205863,71.74,3.666,5333.92,5.73,2.94,1931.02,9753.37,131.043,4.077,73976.17,69313.8,71719.59153641172,71727.19475059364,76089.47470574049,72468.02951698203,69086.6519206348
4,13,2012-10-05,83784.6,False,A,205863,63.07,3.62,5918.34,0.0,126.57,3674.49,6807.07,131.0756667,3.879,83784.6,78462.21,71719.59153641172,71727.19475059355,77510.49652781337,72463.62203291597,76950.74010079824
4,13,2012-10-12,76524.38,False,A,205863,57.11,3.603,4975.39,0.0,61.17,1513.17,5905.53,131.1083333,3.879,76524.38,72953.66,71719.59153641172,71727.19475059348,72245.3850543278,72465.75227526521,71612.40751489146
4,13,2012-10-19,74635.37,False,A,205863,64.46,3.61,6313.84,0.0,15.05,2421.08,5885.12,131.1499677,3.879,74635.37,74262.29,71719.59153641172,71727.19475059342,74800.65088929422,72464.72267824376,73065.2526798884
4,13,2012-10-26,72740.81,False,A,205863,63.64,3.514,1763.13,88.76,66.76,0.0,7577.14,131.1930968,3.879,72740.81,71031.26,71719.59153641172,71727.1947505934,69714.49263971586,72465.22030708255,69662.29452172814
4,23,2012-08-10,58254.26,False,A,205863,83.21,3.476,16996.42,36.6,60.94,4777.2,3937.09,130.7561613,4.077,58254.26,51724.34,49387.7248750125,49377.70005072836,55862.109901234835,50106.852372877416,54429.555764998
4,23,2012-08-17,55895.34,False,A,205863,81.41,3.552,2531.63,15.04,5.54,1269.13,3528.9,130.7909677,4.077,55895.34,53111.96,49387.7248750125,49377.70005072798,53546.26554904239,49777.11040934862,55138.84784495468
4,23,2012-08-24,46676.67,False,A,205863,75.76,3.61,9983.59,0.0,23.4,8115.89,7158.66,130.8381613,4.077,46676.67,38422.49,49387.7248750125,49377.70005072768,46604.83696920177,49619.46652983023,41895.38138629037
4,23,2012-08-31,43200.94,False,A,205863,76.47,3.646,19617.58,1.02,68.29,7187.73,6428.12,130.8853548,4.077,43200.94,38156.0,49387.7248750125,49377.70005072744,46506.82301802584,49544.099741558406,41645.074051445685
4,23,2012-09-07,39542.84,True,A,205863,82.09,3.709,9082.61,16.0,59.06,7217.88,8026.47,130.9325484,4.077,39542.84,41383.73,49387.7248750125,49377.70005072725,43783.70919278276,49508.0681950641,43926.63054107297
4,23,2012-09-14,45864.51,False,A,205863,68.2,3.706,13802.34,0.0,23.12,3643.77,12517.18,130.9776667,4.077,45864.51,46604.33,49387.7248750125,49377.7000507271,47575.9155901492,49490.84214135343,48858.57393621524
4,23,2012-09-21,38888.75,False,A,205863,68.97,3.721,11214.89,5.73,16.84,6376.86,4417.13,131.0103333,4.077,38888.75,43408.55,49387.7248750125,49377.70005072698,47365.32071483359,49482.60666562968,46185.483839267414
4,23,2012-09-28,38658.73,False,A,205863,71.74,3.666,5333.92,5.73,2.94,1931.02,9753.37,131.043,4.077,38658.73,40700.19,49387.7248750125,49377.70005072688,47971.42555588991,49478.669428376415,44024.87374203137
4,23,2012-10-05,41898.93,False,A,205863,63.07,3.62,5918.34,0.0,126.57,3674.49,6807.07,131.0756667,3.879,41898.93,44818.26,49387.7248750125,49377.7000507268,56194.06432717019,49476.78710394143,48674.67977314923
4,23,2012-10-12,48738.22,False,A,205863,57.11,3.603,4975.39,0.0,61.17,1513.17,5905.53,131.1083333,3.879,48738.22,46791.31,49387.7248750125,49377.70005072674,49990.66411016283,49475.88719747133,49385.31891513035
4,23,2012-10-19,38198.94,False,A,205863,64.46,3.61,6313.84,0.0,15.05,2421.08,5885.12,131.1499677,3.879,38198.94,56550.43,49387.7248750125,49377.700050726686,53120.02485698879,49475.456967889295,58007.29507328987
4,23,2012-10-26,53980.64,False,A,205863,63.64,3.514,1763.13,88.76,66.76,0.0,7577.14,131.1930968,3.879,53980.64,66020.7,49387.7248750125,49377.70005072665,61225.05060880999,49475.25128263265,67148.70107474516
4,38,2012-08-10,80655.97,False,A,205863,83.21,3.476,16996.42,36.6,60.94,4777.2,3937.09,130.7561613,4.077,80655.97,79342.77,76456.20384980227,76670.21711979927,78777.14655995945,77387.68939185567,72532.11567695242
4,38,2012-08-17,72189.67,False,A,205863,81.41,3.552,2531.63,15.04,5.54,1269.13,3528.9,130.7909677,4.077,72189.67,81511.5,76456.20384980227,76670.21708982727,82738.35550708255,77129.5942397813,75365.24128573632
4,38,2012-08-24,68651.79,False,A,205863,75.76,3.61,9983.59,0.0,23.4,8115.89,7158.66,130.8381613,4.077,68651.79,78430.63,76456.20384980227,76670.21706357649,80309.12712571681,77071.90260218045,73231.96073307429
4,38,2012-08-31,77293.84,False,A,205863,76.47,3.646,19617.58,1.02,68.29,7187.73,6428.12,130.8853548,4.077,77293.84,86248.34,76456.20384980227,76670.21704058492,85556.45667150697,77059.00687352255,78088.19503403967
4,38,2012-09-07,70558.37,True,A,205863,82.09,3.709,9082.61,16.0,59.06,7217.88,8026.47,130.9325484,4.077,70558.37,84399.92,76456.20384980227,76670.2170204479,75076.47211030276,77056.12430986976,73000.60233112791
4,38,2012-09-14,80098.77,False,A,205863,68.2,3.706,13802.34,0.0,23.12,3643.77,12517.18,130.9776667,4.077,80098.77,82159.84,76456.20384980227,76670.21700281103,86754.30091788416,77055.4799745683,77326.99219995226
4,38,2012-09-21,73898.95,False,A,205863,68.97,3.721,11214.89,5.73,16.84,6376.86,4417.13,131.0103333,4.077,73898.95,78262.2,76456.20384980227,76670.21698736389,78929.93143998632,77055.33594722641,72702.2974102273
4,38,2012-09-28,71725.36,False,A,205863,71.74,3.666,5333.92,5.73,2.94,1931.02,9753.37,131.043,4.077,71725.36,79815.66,76456.20384980227,76670.21697383461,79654.27685396578,77055.30375300212,73530.65155019646
4,38,2012-10-05,86611.0,False,A,205863,63.07,3.62,5918.34,0.0,126.57,3674.49,6807.07,131.0756667,3.879,86611.0,84029.36,76456.20384980227,76670.21696198509,94107.25943467967,77055.29655667354,81155.17924840872
4,38,2012-10-12,72207.86,False,A,205863,57.11,3.603,4975.39,0.0,61.17,1513.17,5905.53,131.1083333,3.879,72207.86,90034.37,76456.20384980227,76670.21695160675,76478.15011228062,77055.29494808857,75500.68763617081
4,38,2012-10-19,67825.56,False,A,205863,64.46,3.61,6313.84,0.0,15.05,2421.08,5885.12,131.1499677,3.879,67825.56,86519.57,76456.20384980227,76670.21694251696,81033.49849800054,77055.29458852389,76358.81322561766
4,38,2012-10-26,78355.42,False,A,205863,63.64,3.514,1763.13,88.76,66.76,0.0,7577.14,131.1930968,3.879,78355.42,77211.35,76456.20384980227,76670.21693455572,83534.70543450587,77055.29450815091,74476.62571635749
4,40,2012-08-10,78338.17,False,A,205863,83.21,3.476,16996.42,36.6,60.94,4777.2,3937.09,130.7561613,4.077,78338.17,71634.65,79824.04952421639,79480.24527192656,81781.86311557319,81087.14633582853,78235.77174579976
4,40,2012-08-17,80865.06,False,A,205863,81.41,3.552,2531.63,15.04,5.54,1269.13,3528.9,130.7909677,4.077,80865.06,75363.68,79824.04952421639,79569.73845614218,80845.90214028573,81626.80519587298,80923.01261465515
4,40,2012-08-24,81757.96,False,A,205863,75.76,3.61,9983.59,0.0,23.4,8115.89,7158.66,130.8381613,4.077,81757.96,72352.3,79824.04952421639,79641.33300351468,78775.54915383653,81380.76467470592,78202.9397083132
4,40,2012-08-31,81893.01,False,A,205863,76.47,3.646,19617.58,1.02,68.29,7187.73,6428.12,130.8853548,4.077,81893.01,80002.69,79824.04952421639,79698.60864141268,86416.4407646904,81492.93912886233,85662.84094407537
4,40,2012-09-07,85703.12,True,A,205863,82.09,3.709,9082.61,16.0,59.06,7217.88,8026.47,130.9325484,4.077,85703.12,80531.1,79824.04952421639,79744.42915173108,83734.06570679105,81441.7967068515,85676.83781705813
4,40,2012-09-14,83030.87,False,A,205863,68.2,3.706,13802.34,0.0,23.12,3643.77,12517.18,130.9776667,4.077,83030.87,78758.36,79824.04952421639,79781.08555998579,84697.31123952931,81465.11348916886,84400.32718623876
4,40,2012-09-21,80696.21,False,A,205863,68.97,3.721,11214.89,5.73,16.84,6376.86,4417.13,131.0103333,4.077,80696.21,78930.99,79824.04952421639,79810.41068658957,80671.81690243472,81454.48293401995,83911.50740709252
4,40,2012-09-28,76724.11,False,A,205863,71.74,3.666,5333.92,5.73,2.94,1931.02,9753.37,131.043,4.077,76724.11,77912.07,79824.04952421639,79833.8707878726,83606.62224071067,81459.32960202225,83567.32228282446
4,40,2012-10-05,87756.28,False,A,205863,63.07,3.62,5918.34,0.0,126.57,3674.49,6807.07,131.0756667,3.879,87756.28,81476.46,79824.04952421639,79852.63886889901,87241.46547451094,81457.1199158492,87072.05957992542
4,40,2012-10-12,79997.68,False,A,205863,57.11,3.603,4975.39,0.0,61.17,1513.17,5905.53,131.1083333,3.879,79997.68,78493.69,79824.04952421639,79867.65333372014,84292.9374796925,81458.1273529134,84174.21222628877
4,40,2012-10-19,79449.38,False,A,205863,64.46,3.61,6313.84,0.0,15.05,2421.08,5885.12,131.1499677,3.879,79449.38,82695.07,79824.04952421639,79879.66490557704,86220.32504308067,81457.6680436003,87923.7739815821
4,40,2012-10-26,82878.16,False,A,205863,63.64,3.514,1763.13,88.76,66.76,0.0,7577.14,131.1930968,3.879,82878.16,79046.56,79824.04952421639,79889.27416306257,82888.39129443034,81457.87745126714,84421.55864733638
4,72,2012-08-10,95228.04,False,A,205863,83.21,3.476,16996.42,36.6,60.94,4777.2,3937.09,130.7561613,4.077,95228.04,90592.72,87500.12397032375,87518.91522573528,90035.76555025262,88034.40272180732,82233.33376490731
4,72,2012-08-17,95062.53,False,A,205863,81.41,3.552,2531.63,15.04,5.54,1269.13,3528.9,130.7909677,4.077,95062.53,94992.81,87500.12397032375,87518.91522472138,92601.41923670523,87819.63363665839,87165.0398447128
4,72,2012-08-24,93412.45,False,A,205863,75.76,3.61,9983.59,0.0,23.4,8115.89,7158.66,130.8381613,4.077,93412.45,88461.13,87500.12397032375,87518.91522387236,92942.85957706101,87790.53436396085,82043.59726831033
4,72,2012-08-31,91616.59,False,A,205863,76.47,3.646,19617.58,1.02,68.29,7187.73,6428.12,130.8853548,4.077,91616.59,90505.96,87500.12397032375,87518.91522316143,93775.85376631022,87786.59167513793,83936.46891048522
4,72,2012-09-07,83037.9,True,A,205863,82.09,3.709,9082.61,16.0,59.06,7217.88,8026.47,130.9325484,4.077,83037.9,98383.13,87500.12397032375,87518.91522256611,91612.66717103204,87786.0574763861,89155.32402390138
4,72,2012-09-14,94456.96,False,A,205863,68.2,3.706,13802.34,0.0,23.12,3643.77,12517.18,130.9776667,4.077,94456.96,87642.97,87500.12397032375,87518.9152220676,90511.26133465176,87785.98509727648,81191.72838282242
4,72,2012-09-21,127832.24,False,A,205863,68.97,3.721,11214.89,5.73,16.84,6376.86,4417.13,131.0103333,4.077,127832.24,84069.95,87500.12397032375,87518.91522165018,81444.72042792596,87785.97529056037,76427.91193940374
4,72,2012-09-28,101735.37,False,A,205863,71.74,3.666,5333.92,5.73,2.94,1931.02,9753.37,131.043,4.077,101735.37,75502.22,87500.12397032375,87518.91522130065,77889.57663140827,87785.97396183884,69480.14329776767
4,72,2012-10-05,115783.96,False,A,205863,63.07,3.62,5918.34,0.0,126.57,3674.49,6807.07,131.0756667,3.879,115783.96,88351.16,87500.12397032375,87518.91522100795,86058.15938287889,87785.97378180907,81146.07471652934
4,72,2012-10-12,99291.1,False,A,205863,57.11,3.603,4975.39,0.0,61.17,1513.17,5905.53,131.1083333,3.879,99291.1,85095.34,87500.12397032375,87518.91522076286,85181.41253486025,87785.97375741665,78940.05305145012
4,72,2012-10-19,91918.26,False,A,205863,64.46,3.61,6313.84,0.0,15.05,2421.08,5885.12,131.1499677,3.879,91918.26,129343.72,87500.12397032375,87518.91522055762,106127.70560930802,87785.97375411169,116769.80415017296
4,72,2012-10-26,90201.62,False,A,205863,63.64,3.514,1763.13,88.76,66.76,0.0,7577.14,131.1930968,3.879,90201.62,112417.58,87500.12397032375,87518.91522038578,93988.42570615909,87785.9737536639,101674.29416623095
4,79,2012-08-10,54066.27,False,A,205863,83.21,3.476,16996.42,36.6,60.94,4777.2,3937.09,130.7561613,4.077,54066.27,48991.6,54014.407599539394,54462.87746396335,54729.752563766415,52714.25732336872,51685.94671650983
4,79,2012-08-17,55417.43,False,A,205863,81.41,3.552,2531.63,15.04,5.54,1269.13,3528.9,130.7909677,4.077,55417.43,51264.0,54014.407599539394,54462.87746384822,57525.15958125461,52871.89923861622,53857.924450952974
4,79,2012-08-24,54043.95,False,A,205863,75.76,3.61,9983.59,0.0,23.4,8115.89,7158.66,130.8381613,4.077,54043.95,47348.29,54014.407599539394,54462.877463752,53013.681044275705,52836.13897826501,50117.64617737053
4,79,2012-08-31,55213.35,False,A,205863,76.47,3.646,19617.58,1.02,68.29,7187.73,6428.12,130.8853548,4.077,55213.35,55064.39,54014.407599539394,54462.87746367158,59533.786641137216,52844.251010007196,56722.398096650504
4,79,2012-09-07,56778.6,True,A,205863,82.09,3.709,9082.61,16.0,59.06,7217.88,8026.47,130.9325484,4.077,56778.6,51818.66,54014.407599539394,54462.87746360437,55334.82479344021,52842.41083719134,53423.59477936201
4,79,2012-09-14,59286.01,False,A,205863,68.2,3.706,13802.34,0.0,23.12,3643.77,12517.18,130.9776667,4.077,59286.01,52290.27,54014.407599539394,54462.87746354819,56541.09349587069,52842.828270961305,54134.197207533434
4,79,2012-09-21,51587.39,False,A,205863,68.97,3.721,11214.89,5.73,16.84,6376.86,4417.13,131.0103333,4.077,51587.39,50233.36,54014.407599539394,54462.877463501245,53983.62709197554,52842.73357825049,52091.832530001215
4,79,2012-09-28,54134.78,False,A,205863,71.74,3.666,5333.92,5.73,2.94,1931.02,9753.37,131.043,4.077,54134.78,46925.8,54014.407599539394,54462.877463462006,55787.56112068216,52842.75505880651,51020.960602411804
4,79,2012-10-05,55600.72,False,A,205863,63.07,3.62,5918.34,0.0,126.57,3674.49,6807.07,131.0756667,3.879,55600.72,55898.48,54014.407599539394,54462.877463429206,56879.584683623754,52842.75018605249,56259.601967366165
4,79,2012-10-12,52073.32,False,A,205863,57.11,3.603,4975.39,0.0,61.17,1513.17,5905.53,131.1083333,3.879,52073.32,50645.18,54014.407599539394,54462.8774634018,54279.85707733665,52842.75129141176,52484.44978018049
4,79,2012-10-19,54362.55,False,A,205863,64.46,3.61,6313.84,0.0,15.05,2421.08,5885.12,131.1499677,3.879,54362.55,51373.53,54014.407599539394,54462.877463378885,56245.066504555245,52842.75104066668,53634.129449334374
4,79,2012-10-26,55143.62,False,A,205863,63.64,3.514,1763.13,88.76,66.76,0.0,7577.14,131.1930968,3.879,55143.62,49585.26,54014.407599539394,54462.87746335974,53107.58996315065,52842.75109754691,51506.68038230789
4,90,2012-08-10,95927.79,False,A,205863,83.21,3.476,16996.42,36.6,60.94,4777.2,3937.09,130.7561613,4.077,95927.79,94437.29,91642.24825708769,91588.47682931696,95435.07109193924,92072.00298526109,93167.03686424943
4,90,2012-08-17,95538.77,False,A,205863,81.41,3.552,2531.63,15.04,5.54,1269.13,3528.9,130.7909677,4.077,95538.77,99456.38,91642.24825708769,91636.89311326871,97083.84061268435,91803.21737162747,98168.50235337949
4,90,2012-08-24,92170.1,False,A,205863,75.76,3.61,9983.59,0.0,23.4,8115.89,7158.66,130.8381613,4.077,92170.1,92900.93,91642.24825708769,91678.18263760697,91045.26604662229,91768.52750518294,91614.90682116617
4,90,2012-08-31,89339.82,False,A,205863,76.47,3.646,19617.58,1.02,68.29,7187.73,6428.12,130.8853548,4.077,89339.82,94715.58,91642.24825708769,91713.39444406817,93383.37941611224,91764.0503800211,93398.23547698159
4,90,2012-09-07,97357.57,True,A,205863,82.09,3.709,9082.61,16.0,59.06,7217.88,8026.47,130.9325484,4.077,97357.57,99615.69,91642.24825708769,91743.42315798851,97830.35349244645,91763.47255566576,98309.58200578381
4,90,2012-09-14,96233.7,False,A,205863,68.2,3.706,13802.34,0.0,23.12,3643.77,12517.18,130.9776667,4.077,96233.7,99068.39,91642.24825708769,91769.03171802372,98468.49240547277,91763.39798080499,97713.13816895596
4,90,2012-09-21,95530.98,False,A,205863,68.97,3.721,11214.89,5.73,16.84,6376.86,4417.13,131.0103333,4.077,95530.98,95259.77,91642.24825708769,91790.87076010913,93961.80792280697,91763.38835606382,93928.44360406481
4,90,2012-09-28,89488.72,False,A,205863,71.74,3.666,5333.92,5.73,2.94,1931.02,9753.37,131.043,4.077,89488.72,89862.82,91642.24825708769,91809.49514814783,89826.0917258578,91763.38711388057,88481.12489970264
4,90,2012-10-05,99321.85,False,A,205863,63.07,3.62,5918.34,0.0,126.57,3674.49,6807.07,131.0756667,3.879,99321.85,104945.18,91642.24825708769,91825.37807142166,99479.84187999435,91763.38695356257,103752.28520797977
4,90,2012-10-12,100417.17,False,A,205863,57.11,3.603,4975.39,0.0,61.17,1513.17,5905.53,131.1083333,3.879,100417.17,97759.58,91642.24825708769,91838.92306689736,93354.93972818002,91763.3869328717,96522.67408800207
4,90,2012-10-19,98779.24,False,A,205863,64.46,3.61,6313.84,0.0,15.05,2421.08,5885.12,131.1499677,3.879,98779.24,98922.94,91642.24825708769,91850.47427187859,96294.73250115589,91763.3869302013,97612.2604599605
4,90,2012-10-26,94014.08,False,A,205863,63.64,3.514,1763.13,88.76,66.76,0.0,7577.14,131.1930968,3.879,94014.08,95141.39,91642.24825708769,91860.3251674922,90507.5259596229,91763.38692985666,93902.67932526467
4,91,2012-08-10,71860.0,False,A,205863,83.21,3.476,16996.42,36.6,60.94,4777.2,3937.09,130.7561613,4.077,71860.0,68920.24,68667.37238001543,68847.1752843243,71632.9378143826,68287.2715376703,69694.12065167735
4,91,2012-08-17,73369.41,False,A,205863,81.41,3.552,2531.63,15.04,5.54,1269.13,3528.9,130.7909677,4.077,73369.41,71175.32,68667.37238001543,68847.17528317422,71896.85696523772,68473.24135195666,71562.407642988
4,91,2012-08-24,72068.0,False,A,205863,75.76,3.61,9983.59,0.0,23.4,8115.89,7158.66,130.8381613,4.077,72068.0,63101.1,68667.37238001543,68847.17528219645,63644.65483971888,68546.71317990164,63551.59562507093
4,91,2012-08-31,65144.25,False,A,205863,76.47,3.646,19617.58,1.02,68.29,7187.73,6428.12,130.8853548,4.077,65144.25,66449.03,68667.37238001543,68847.17528136515,67584.29940768573,68575.73998472096,66959.98326598163
4,91,2012-09-07,74247.81,True,A,205863,82.09,3.709,9082.61,16.0,59.06,7217.88,8026.47,130.9325484,4.077,74247.81,70699.32,68667.37238001543,68847.17528065841,70646.56681658846,68587.20771897482,71009.20858124775
4,91,2012-09-14,69022.15,False,A,205863,68.2,3.706,13802.34,0.0,23.12,3643.77,12517.18,130.9776667,4.077,69022.15,71611.73,68667.37238001543,68847.17528005755,72470.77287471124,68591.73832197215,72047.21567799021
4,91,2012-09-21,68454.83,False,A,205863,68.97,3.721,11214.89,5.73,16.84,6376.86,4417.13,131.0103333,4.077,68454.83,68198.75,68667.37238001543,68847.17527954672,69983.12204030358,68593.52824516578,68790.27842652754
4,91,2012-09-28,62039.28,False,A,205863,71.74,3.666,5333.92,5.73,2.94,1931.02,9753.37,131.043,4.077,62039.28,59364.91,68667.37238001543,68847.17527911242,63863.83021605565,68594.23539718086,60405.271178311545
4,91,2012-10-05,68866.03,False,A,205863,63.07,3.62,5918.34,0.0,126.57,3674.49,6807.07,131.0756667,3.879,68866.03,71605.44,68667.37238001543,68847.17527874318,72497.01321726627,68594.51477451628,72029.67708281797
4,91,2012-10-12,68866.44,False,A,205863,57.11,3.603,4975.39,0.0,61.17,1513.17,5905.53,131.1083333,3.879,68866.44,69990.75,68667.37238001543,68847.17527842926,69335.79781733303,68594.62514922197,70215.04602341414
4,91,2012-10-19,67800.65,False,A,205863,64.46,3.61,6313.84,0.0,15.05,2421.08,5885.12,131.1499677,3.879,67800.65,71171.85,68667.37238001543,68847.17527816238,70179.55355943006,68594.66875539224,71343.77742662956
4,91,2012-10-26,64274.43,False,A,205863,63.64,3.514,1763.13,88.76,66.76,0.0,7577.14,131.1930968,3.879,64274.43,58851.8,68667.37238001543,68847.17527793549,61356.32846218315,68594.6859830539,59614.66765633583
4,92,2012-08-10,172350.05,False,A,205863,83.21,3.476,16996.42,36.6,60.94,4777.2,3937.09,130.7561613,4.077,172350.05,159670.68,166227.94134318575,166522.1227693014,177194.96470080747,166293.43579492037,165185.09094190845
4,92,2012-08-17,173825.85,False,A,205863,81.41,3.552,2531.63,15.04,5.54,1269.13,3528.9,130.7909677,4.077,173825.85,171553.94,166227.94134318575,166507.24644310586,174113.23261541102,166296.80907010878,178025.75604250157
4,92,2012-08-24,168317.08,False,A,205863,75.76,3.61,9983.59,0.0,23.4,8115.89,7158.66,130.8381613,4.077,168317.08,152595.4,166227.94134318575,166494.97944498915,159448.23096001433,166297.2486542719,158870.9557139313
4,92,2012-08-31,158089.61,False,A,205863,76.47,3.646,19617.58,1.02,68.29,7187.73,6428.12,130.8853548,4.077,158089.61,152433.05,166227.94134318575,166484.86409521676,169288.68572707952,166297.30593813572,157736.50303214963
4,92,2012-09-07,177978.85,True,A,205863,82.09,3.709,9082.61,16.0,59.06,7217.88,8026.47,130.9325484,4.077,177978.85,168013.66,166227.94134318575,166476.5229917093,176959.9450577313,166297.3134030112,173958.2690647981
4,92,2012-09-14,180938.15,False,A,205863,68.2,3.706,13802.34,0.0,23.12,3643.77,12517.18,130.9776667,4.077,180938.15,168867.79,166227.94134318575,166469.64492923123,179324.99649459298,166297.3143757872,174654.47909273178
4,92,2012-09-21,176024.88,False,A,205863,68.97,3.721,11214.89,5.73,16.84,6376.86,4417.13,131.0103333,4.077,176024.88,163451.54,166227.94134318575,166463.97328837335,171352.68982334455,166297.3145025533,169515.26189413876
4,92,2012-09-28,163451.36,False,A,205863,71.74,3.666,5333.92,5.73,2.94,1931.02,9753.37,131.043,4.077,163451.36,146263.17,166227.94134318575,166459.29646112397,166772.764256619,166297.31451907265,151248.63732869193
4,92,2012-10-05,186274.98,False,A,205863,63.07,3.62,5918.34,0.0,126.57,3674.49,6807.07,131.0756667,3.879,186274.98,178151.02,166227.94134318575,166455.43995580764,180903.58457679526,166297.31452122534,184586.62249970777
4,92,2012-10-12,179526.95,False,A,205863,57.11,3.603,4975.39,0.0,61.17,1513.17,5905.53,131.1083333,3.879,179526.95,166415.23,166227.94134318575,166452.2598868289,173963.51744873347,166297.31452150588,172456.16769254426
4,92,2012-10-19,177406.75,False,A,205863,64.46,3.61,6313.84,0.0,15.05,2421.08,5885.12,131.1499677,3.879,177406.75,171337.35,166227.94134318575,166449.63760632355,179213.8350191734,166297.31452154243,177289.5397803652
4,92,2012-10-26,164891.82,False,A,205863,63.64,3.514,1763.13,88.76,66.76,0.0,7577.14,131.1930968,3.879,164891.82,159591.49,166227.94134318575,166447.4752774261,165097.72161092676,166297.3145215472,165845.64117168522
4,93,2012-08-10,76421.65,False,A,205863,83.21,3.476,16996.42,36.6,60.94,4777.2,3937.09,130.7561613,4.077,76421.65,70491.93,73061.95461751192,74943.09343199544,78117.66764067361,72462.36747598808,72130.54856910204
4,93,2012-08-17,78650.07,False,A,205863,81.41,3.552,2531.63,15.04,5.54,1269.13,3528.9,130.7909677,4.077,78650.07,74616.6,73061.95461751192,75032.00410832645,75650.18781639502,72782.97027839055,75062.64386053495
4,93,2012-08-24,74220.74,False,A,205863,75.76,3.61,9983.59,0.0,23.4,8115.89,7158.66,130.8381613,4.077,74220.74,67750.68,73061.95461751192,75120.4491651238,70046.582009643,72833.94036941377,68581.56607960825
4,93,2012-08-31,70674.39,False,A,205863,76.47,3.646,19617.58,1.02,68.29,7187.73,6428.12,130.8853548,4.077,70674.39,67961.11,73061.95461751192,75208.43104080726,73878.18892682895,72842.04369901492,69214.58628580859
4,93,2012-09-07,83789.8,True,A,205863,82.09,3.709,9082.61,16.0,59.06,7217.88,8026.47,130.9325484,4.077,83789.8,75563.55,73061.95461751192,75295.95216102675,80830.90611159761,72843.33198297334,76644.63963280884
4,93,2012-09-14,80307.26,False,A,205863,68.2,3.706,13802.34,0.0,23.12,3643.77,12517.18,130.9776667,4.077,80307.26,77433.86,73061.95461751192,75383.01493872922,81402.61895161169,72843.53679699908,78331.2247048564
4,93,2012-09-21,79632.17,False,A,205863,68.97,3.721,11214.89,5.73,16.84,6376.86,4417.13,131.0103333,4.077,79632.17,72519.12,73061.95461751192,75469.62177422512,76513.58255731863,72843.56935875292,73507.60732298144
4,93,2012-09-28,70345.51,False,A,205863,71.74,3.666,5333.92,5.73,2.94,1931.02,9753.37,131.043,4.077,70345.51,63718.64,73061.95461751192,75555.77505525471,73966.59240910095,72843.57453548734,65614.05377834562
4,93,2012-10-05,78810.06,False,A,205863,63.07,3.62,5918.34,0.0,126.57,3674.49,6807.07,131.0756667,3.879,78810.06,75293.66,73061.95461751192,75641.47715705373,80481.97547647236,72843.57535849519,76386.94042688812
4,93,2012-10-12,80777.37,False,A,205863,57.11,3.603,4975.39,0.0,61.17,1513.17,5905.53,131.1083333,3.879,80777.37,70253.34,73061.95461751192,75726.73044241901,75819.10331757815,72843.57548933866,71478.94310978637
4,93,2012-10-19,76919.09,False,A,205863,64.46,3.61,6313.84,0.0,15.05,2421.08,5885.12,131.1499677,3.879,76919.09,72670.38,73061.95461751192,75811.53726177354,75650.70546570425,72843.57551014042,73558.20070210786
4,93,2012-10-26,72324.59,False,A,205863,63.64,3.514,1763.13,88.76,66.76,0.0,7577.14,131.1930968,3.879,72324.59,68657.72,73061.95461751192,75895.89995323132,70846.8042521937,72843.57551344753,69532.52523425013
4,94,2012-08-10,73428.01,False,A,205863,83.21,3.476,16996.42,36.6,60.94,4777.2,3937.09,130.7561613,4.077,73428.01,74975.11,74938.34831700519,75194.95893111467,76168.33521028253,74261.79337080123,74708.67841747841
4,94,2012-08-17,72177.95,False,A,205863,81.41,3.552,2531.63,15.04,5.54,1269.13,3528.9,130.7909677,4.077,72177.95,77493.27,74938.34831700519,75273.56750312432,75257.51059081162,74378.76149732732,75665.70047419202
4,94,2012-08-24,72260.49,False,A,205863,75.76,3.61,9983.59,0.0,23.4,8115.89,7158.66,130.8381613,4.077,72260.49,73028.12,74938.34831700519,75351.7830322739,70983.96729540509,74406.68681011148,71594.44545761071
4,94,2012-08-31,68660.48,False,A,205863,76.47,3.646,19617.58,1.02,68.29,7187.73,6428.12,130.8853548,4.077,68660.48,70893.22,74938.34831700519,75429.60748377776,71331.8783737818,74413.35378099709,70331.70780763
4,94,2012-09-07,73110.93,True,A,205863,82.09,3.709,9082.61,16.0,59.06,7217.88,8026.47,130.9325484,4.077,73110.93,71860.57,74938.34831700519,75507.04281302408,72866.68170165032,74414.94547313436,71449.3979806697
4,94,2012-09-14,75002.99,False,A,205863,68.2,3.706,13802.34,0.0,23.12,3643.77,12517.18,130.9776667,4.077,75002.99,70416.42,74938.34831700519,75584.09096562417,70200.67486753677,74415.32547837262,69637.35672790292
4,94,2012-09-21,75031.71,False,A,205863,68.97,3.721,11214.89,5.73,16.84,6376.86,4417.13,131.0103333,4.077,75031.71,66277.31,74938.34831700519,75660.75387746126,69182.59139570205,74415.41620193512,66664.118928605
4,94,2012-09-28,71792.99,False,A,205863,71.74,3.666,5333.92,5.73,2.94,1931.02,9753.37,131.043,4.077,71792.99,63663.75,74938.34831700519,75737.03347473918,65324.03893372372,74415.43786154389,63724.333694607536
4,94,2012-10-05,75185.26,False,A,205863,63.07,3.62,5918.34,0.0,126.57,3674.49,6807.07,131.0756667,3.879,75185.26,65462.15,74938.34831700519,75812.9316740307,65293.281952153266,74415.44303262226,64846.53157308252
4,94,2012-10-12,75652.14,False,A,205863,57.11,3.603,4975.39,0.0,61.17,1513.17,5905.53,131.1083333,3.879,75652.14,64438.46,74938.34831700519,75888.45038232575,66029.36476062615,74415.44426718065,64435.051107335814
4,94,2012-10-19,76081.44,False,A,205863,64.46,3.61,6313.84,0.0,15.05,2421.08,5885.12,131.1499677,3.879,76081.44,67672.13,74938.34831700519,75963.59149707934,68393.98945494628,74415.44456192273,67244.17589443427
4,94,2012-10-26,76523.09,False,A,205863,63.64,3.514,1763.13,88.76,66.76,0.0,7577.14,131.1930968,3.879,76523.09,67020.21,74938.34831700519,76038.35690625916,68321.08865874982,74415.44463229032,66782.86174722617
4,95,2012-08-10,166720.93,False,A,205863,83.21,3.476,16996.42,36.6,60.94,4777.2,3937.09,130.7561613,4.077,166720.93,167571.2,165559.77611239252,166100.04314054688,174740.02135816216,166190.92177060404,175421.21844567516
4,95,2012-08-17,175362.48,False,A,205863,81.41,3.552,2531.63,15.04,5.54,1269.13,3528.9,130.7909677,4.077,175362.48,168722.92,165559.77611239252,166282.12009873043,172953.13492273953,165913.7477064148,176301.1248233645
4,95,2012-08-24,164984.73,False,A,205863,75.76,3.61,9983.59,0.0,23.4,8115.89,7158.66,130.8381613,4.077,164984.73,155105.39,165559.77611239252,166463.28667212307,161446.40975102695,165841.25363685362,163023.23768325194
4,95,2012-08-31,160200.2,False,A,205863,76.47,3.646,19617.58,1.02,68.29,7187.73,6428.12,130.8853548,4.077,160200.2,163045.62,165559.77611239252,166643.54741264874,165095.39245529176,165822.29302400944,170444.8839764693
4,95,2012-09-07,169708.19,True,A,205863,82.09,3.709,9082.61,16.0,59.06,7217.88,8026.47,130.9325484,4.077,169708.19,161286.24,165559.77611239252,166822.90684947176,166777.5595169694,165817.33393091944,169100.08635118115
4,95,2012-09-14,158167.74,False,A,205863,68.2,3.706,13802.34,0.0,23.12,3643.77,12517.18,130.9776667,4.077,158167.74,160298.69,165559.77611239252,167001.3694891107,165970.5667149084,165816.036894559,168139.61592567584
4,95,2012-09-21,155205.17,False,A,205863,68.97,3.721,11214.89,5.73,16.84,6376.86,4417.13,131.0103333,4.077,155205.17,152195.84,165559.77611239252,167178.9398155514,159010.17903362185,165815.69765847494,160216.22788393803
4,95,2012-09-28,150886.81,False,A,205863,71.74,3.666,5333.92,5.73,2.94,1931.02,9753.37,131.043,4.077,150886.81,146715.05,165559.77611239252,167355.62229035993,154838.71537521976,165815.60893226476,154916.08766382703
4,95,2012-10-05,157750.68,False,A,205863,63.07,3.62,5918.34,0.0,126.57,3674.49,6807.07,131.0756667,3.879,157750.68,161042.12,165559.77611239252,167531.4213527944,162707.0969287389,165815.5857261828,168435.17952741648
4,95,2012-10-12,152136.08,False,A,205863,57.11,3.603,4975.39,0.0,61.17,1513.17,5905.53,131.1083333,3.879,152136.08,150298.33,165559.77611239252,167706.34141991672,158932.3056443085,165815.5796566996,158563.3838863012
4,95,2012-10-19,154909.22,False,A,205863,64.46,3.61,6313.84,0.0,15.05,2421.08,5885.12,131.1499677,3.879,154909.22,157955.97,165559.77611239252,167880.3868867034,160418.84495243334,165815.57806924396,165479.43463352753
4,95,2012-10-26,145803.47,False,A,205863,63.64,3.514,1763.13,88.76,66.76,0.0,7577.14,131.1930968,3.879,145803.47,142834.93,165559.77611239252,168053.56212615618,150686.93167365703,165815.57765404956,151067.52352383186
5,38,2012-08-10,54848.29,False,B,34875,86.96,3.494,3261.56,15.0,0.5,1687.13,2102.31,222.5472987,5.603,54848.29,52676.41,60625.233659385696,60933.26802752337,60307.81110702228,60722.974547019105,60083.029435731674
5,38,2012-08-17,58823.79,False,B,34875,87.52,3.571,1649.56,-10.98,2.31,1955.75,1205.23,222.6276753,5.603,58823.79,60479.13,60625.233659385696,60929.56909076049,60244.82699036324,60728.529751959824,59474.7968438344
5,38,2012-08-24,53831.51,False,B,34875,79.45,3.62,1985.37,68.0,4.54,627.6,1355.17,222.7617437,5.603,53831.51,52937.06,60625.233659385696,60926.39335304331,59227.00560321589,60728.534745677964,57943.45681623531
5,38,2012-08-31,52838.14,False,B,34875,84.25,3.638,5211.69,49.0,13.0,2799.14,2740.48,222.8958121,5.603,52838.14,57022.52,60625.233659385696,60923.66681006765,75589.2418555911,60728.534750166946,65544.65190077161
5,38,2012-09-07,63993.33,True,B,34875,86.3,3.73,2797.26,1.9,9.61,968.75,2069.3,223.0298805,5.603,63993.33,60241.98,60625.233659385696,60921.32592512681,69426.99205262384,60728.534750170984,64166.877602994624
5,38,2012-09-14,58289.95,False,B,34875,76.65,3.717,2027.18,4.0,4.55,1354.97,3535.01,223.1734167,5.603,58289.95,47805.59,60625.233659385696,60919.31614851403,60993.101865394085,60728.534750170984,56234.07801821997
5,38,2012-09-21,48492.74,False,B,34875,71.09,3.721,3033.26,5.73,1.1,83.82,4579.05,223.3737593,5.603,48492.74,56689.91,60625.233659385696,60917.5906463491,72962.07560447529,60728.534750170984,64232.38610660834
5,38,2012-09-28,57519.08,False,B,34875,78.33,3.666,1279.39,0.0,0.55,425.98,1492.6,223.5741019,5.603,57519.08,54934.49,60625.233659385696,60916.109209207156,62593.535779229955,60728.534750170984,59180.241610633966
5,38,2012-10-05,71078.48,False,B,34875,71.17,3.617,2048.94,0.0,6.02,1121.58,2070.87,223.7744444,5.422,71078.48,55315.19,60625.233659385696,60914.837315117344,68369.27490814924,60728.534750170984,61677.123501122835
5,38,2012-10-12,60322.52,False,B,34875,66.24,3.601,1355.87,0.0,4.0,453.98,3562.36,223.974787,5.422,60322.52,50951.8,60625.233659385696,60913.74532509637,62416.32507095315,60728.534750170984,57564.33727974611
5,38,2012-10-19,55725.8,False,B,34875,69.17,3.594,908.91,0.0,0.0,0.0,709.95,224.0192873,5.422,55725.8,54429.31,60625.233659385696,60912.80779247046,69416.76034782101,60728.534750170984,61586.22579401992
5,38,2012-10-26,56913.22,False,B,34875,71.7,3.506,1547.61,1.74,0.0,133.31,598.74,224.0378139,5.422,56913.22,45146.95,60625.233659385696,60912.0028698908,60433.34910102108,60728.534750170984,54605.731910950795
6,2,2012-08-10,53580.77,False,A,202505,87.04,3.494,5750.2,187.04,5.21,3920.14,7505.63,223.5699533,5.668,53580.77,51121.45,55710.47588146891,55795.61286941248,53737.45571582997,56134.43879969504,53043.5100530303
6,2,2012-08-17,52224.61,False,A,202505,87.53,3.571,5433.03,171.64,0.01,4968.35,4940.37,223.6510224,5.668,52224.61,51778.07,55710.47588146891,55829.34708732998,55093.887396945545,55990.32153086162,53742.88371856697
6,2,2012-08-24,53499.76,False,A,202505,79.03,3.62,5492.77,103.36,50.0,5268.21,6277.08,223.7860175,5.668,53499.76,51563.95,55710.47588146891,55862.912634157896,53968.148782027914,55969.532018602724,53427.427053903084
6,2,2012-08-31,54663.26,False,A,202505,83.58,3.638,21801.35,111.57,16.74,15675.98,4002.59,223.9210125,5.668,54663.26,47050.15,55710.47588146891,55896.31035325167,50691.23105319905,55966.53304545078,49096.186904164904
6,2,2012-09-07,53906.29,True,A,202505,86.33,3.73,14105.12,47.96,24.6,3040.62,3558.18,224.0560076,5.668,53906.29,52072.06,55710.47588146891,55929.54108374997,51173.30413270071,55966.10043116652,53525.52521735592
6,2,2012-09-14,47512.16,False,A,202505,76.41,3.717,11072.87,22.0,6.01,3871.46,9997.93,224.2004678,5.668,47512.16,46940.38,55710.47588146891,55962.60566059579,46574.42444491139,55966.03802476624,48503.16792353056
6,2,2012-09-21,48706.59,False,A,202505,70.81,3.721,8735.97,3.82,6.15,855.06,9092.57,224.4017192,5.668,48706.59,45757.91,55710.47588146891,55995.50491455738,45978.02554810461,55966.02902238481,47408.96647394164
6,2,2012-09-28,45984.17,False,A,202505,77.82,3.666,4181.54,7.64,1.65,1952.69,2447.92,224.6029706,5.668,45984.17,43107.81,55710.47588146891,56028.239672249154,45469.83068021366,55966.02772375405,45046.70546001536
6,2,2012-10-05,51837.64,False,A,202505,70.84,3.617,9663.09,0.0,40.93,3720.0,5941.24,224.804222,5.329,51837.64,50528.92,55710.47588146891,56060.810756152474,48098.88156984582,55966.02753642119,51823.25849932404
6,2,2012-10-12,44644.68,False,A,202505,65.43,3.601,1905.34,0.0,13.83,559.5,8706.87,225.0054733,5.329,44644.68,44655.25,55710.47588146891,56093.218984636274,46096.562054111455,55966.02750939765,46474.36232281899
6,2,2012-10-19,47320.06,False,A,202505,69.68,3.594,1476.45,0.0,3.1,31.32,4080.57,225.0501013,5.329,47320.06,45088.33,55710.47588146891,56125.46517197766,46033.41570675199,55966.0275054994,46840.85833398288
6,2,2012-10-26,46877.87,False,A,202505,72.34,3.506,6827.59,53.07,0.0,319.25,1881.27,225.0686254,5.329,46877.87,44217.74,55710.47588146891,56157.55012838234,46063.11407902467,55966.02750493706,46089.209095153376
6,8,2012-08-10,49660.53,False,A,202505,87.04,3.494,5750.2,187.04,5.21,3920.14,7505.63,223.5699533,5.668,49660.53,45194.43,49825.575947494486,49828.820308999995,44508.04658851561,50162.54534599418,46105.80876678678
6,8,2012-08-17,46634.81,False,A,202505,87.53,3.571,5433.03,171.64,0.01,4968.35,4940.37,223.6510224,5.668,46634.81,43422.45,49825.575947494486,49828.82030899985,43026.50113697161,50037.54199420086,44558.0500762416
6,8,2012-08-24,46094.28,False,A,202505,79.03,3.62,5492.77,103.36,50.0,5268.21,6277.08,223.7860175,5.668,46094.28,42647.37,49825.575947494486,49828.82030899973,43673.336921377086,50011.42862739749,44250.73783616073
6,8,2012-08-31,48695.46,False,A,202505,83.58,3.638,21801.35,111.57,16.74,15675.98,4002.59,223.9210125,5.668,48695.46,46659.33,49825.575947494486,49828.82030899964,47546.772898974035,50005.97351026643,48044.705921225635
6,8,2012-09-07,48458.13,True,A,202505,86.33,3.73,14105.12,47.96,24.6,3040.62,3558.18,224.0560076,5.668,48458.13,46043.6,49825.575947494486,49828.820308999566,45679.064898175835,50004.83392902676,47061.30880391283
6,8,2012-09-14,45644.04,False,A,202505,76.41,3.717,11072.87,22.0,6.01,3871.46,9997.93,224.2004678,5.668,45644.04,46557.04,49825.575947494486,49828.82030899951,44727.707476922085,50004.59586898688,47109.04968128538
6,8,2012-09-21,47631.55,False,A,202505,70.81,3.721,8735.97,3.82,6.15,855.06,9092.57,224.4017192,5.668,47631.55,45054.97,49825.575947494486,49828.82030899946,45811.058801811814,50004.546137927246,46480.42135132559
6,8,2012-09-28,46531.89,False,A,202505,77.82,3.666,4181.54,7.64,1.65,1952.69,2447.92,224.6029706,5.668,46531.89,42977.04,49825.575947494486,49828.82030899942,47870.85783864877,50004.5357490426,45731.41799260959
6,8,2012-10-05,52134.7,False,A,202505,70.84,3.617,9663.09,0.0,40.93,3720.0,5941.24,224.804222,5.329,52134.7,48115.98,49825.575947494486,49828.82030899939,50189.157387501946,50004.53357879075,49721.84539822232
6,8,2012-10-12,49240.09,False,A,202505,65.43,3.601,1905.34,0.0,13.83,559.5,8706.87,225.0054733,5.329,49240.09,45378.21,49825.575947494486,49828.82030899936,48184.12398296618,50004.53312542225,47312.70591360137
6,8,2012-10-19,47558.06,False,A,202505,69.68,3.594,1476.45,0.0,3.1,31.32,4080.57,225.0501013,5.329,47558.06,46484.13,49825.575947494486,49828.82030899935,47144.86216805904,50004.53303071296,47698.94762972881
6,8,2012-10-26,48648.83,False,A,202505,72.34,3.506,6827.59,53.07,0.0,319.25,1881.27,225.0686254,5.329,48648.83,44861.79,49825.575947494486,49828.820308999326,47124.92570689623,50004.53301092807,46655.884224761634
6,9,2012-08-10,43919.42,False,A,202505,87.04,3.494,5750.2,187.04,5.21,3920.14,7505.63,223.5699533,5.668,43919.42,39377.29,48352.23807877818,48729.4287749284,44688.67086252684,46582.88061456953,45371.243976757316
6,9,2012-08-17,44580.41,False,A,202505,87.53,3.571,5433.03,171.64,0.01,4968.35,4940.37,223.6510224,5.668,44580.41,46004.99,48352.23807877818,48729.42883333968,51042.7690652996,46694.12034254466,51831.88075822059
6,9,2012-08-24,50683.15,False,A,202505,79.03,3.62,5492.77,103.36,50.0,5268.21,6277.08,223.7860175,5.668,50683.15,44381.72,48352.23807877818,48729.42888423826,49844.24473629071,46755.03817664961,50263.47471433833
6,9,2012-08-31,90721.84,False,A,202505,83.58,3.638,21801.35,111.57,16.74,15675.98,4002.59,223.9210125,5.668,90721.84,84949.44,48352.23807877818,48729.42892859038,93101.12175429772,46788.3984030686,90648.72472507265
6,9,2012-09-07,96185.84,True,A,202505,86.33,3.73,14105.12,47.96,24.6,3040.62,3558.18,224.0560076,5.668,96185.84,78935.48,48352.23807877818,48729.42896723803,78777.50949788146,46806.66735046435,83390.73733944027
6,9,2012-09-14,52087.62,False,A,202505,76.41,3.717,11072.87,22.0,6.01,3871.46,9997.93,224.2004678,5.668,52087.62,48114.95,48352.23807877818,48729.429000914926,51782.66204800717,46816.671912026875,53623.08453214654
6,9,2012-09-21,46907.55,False,A,202505,70.81,3.721,8735.97,3.82,6.15,855.06,9092.57,224.4017192,5.668,46907.55,49328.38,48352.23807877818,48729.42903026038,48860.48278135178,46822.15067606786,54166.100849028204
6,9,2012-09-28,48834.66,False,A,202505,77.82,3.666,4181.54,7.64,1.65,1952.69,2447.92,224.6029706,5.668,48834.66,45726.99,48352.23807877818,48729.42905583148,48018.03017886856,46825.15099299621,51054.63420756221
6,9,2012-10-05,52446.09,False,A,202505,70.84,3.617,9663.09,0.0,40.93,3720.0,5941.24,224.804222,5.329,52446.09,48912.27,48352.23807877818,48729.429078113695,53123.149664994606,46826.794046357005,54481.970578855005
6,9,2012-10-12,48643.94,False,A,202505,65.43,3.601,1905.34,0.0,13.83,559.5,8706.87,225.0054733,5.329,48643.94,42762.09,48352.23807877818,48729.429097530025,46671.63181263965,46827.69382608391,48360.62886274773
6,9,2012-10-19,47228.84,False,A,202505,69.68,3.594,1476.45,0.0,3.1,31.32,4080.57,225.0501013,5.329,47228.84,43380.78,48352.23807877818,48729.42911444907,46296.22432629767,46828.18656939722,48807.7467910342
6,9,2012-10-26,46317.01,False,A,202505,72.34,3.506,6827.59,53.07,0.0,319.25,1881.27,225.0686254,5.329,46317.01,41315.58,48352.23807877818,48729.42912919203,41824.08515540311,46828.45640874296,46397.876566811596
6,10,2012-08-10,52638.6,False,A,202505,87.04,3.494,5750.2,187.04,5.21,3920.14,7505.63,223.5699533,5.668,52638.6,49922.0,54452.97045819946,54433.38112005286,51911.97755472016,54986.49446707611,53956.247799701756
6,10,2012-08-17,51720.05,False,A,202505,87.53,3.571,5433.03,171.64,0.01,4968.35,4940.37,223.6510224,5.668,51720.05,52174.34,54452.97045819946,54433.381120058446,53618.49072739868,54789.991954608304,55885.56480304688
6,10,2012-08-24,46782.67,False,A,202505,79.03,3.62,5492.77,103.36,50.0,5268.21,6277.08,223.7860175,5.668,46782.67,44927.09,54452.97045819946,54433.38112006302,47281.987666832836,54743.57207943276,50440.304322600525
6,10,2012-08-31,52327.7,False,A,202505,83.58,3.638,21801.35,111.57,16.74,15675.98,4002.59,223.9210125,5.668,52327.7,50321.16,54452.97045819946,54433.38112006677,52485.47296720419,54732.60629184942,54698.345611711826
6,10,2012-09-07,49048.67,True,A,202505,86.33,3.73,14105.12,47.96,24.6,3040.62,3558.18,224.0560076,5.668,49048.67,58305.21,54452.97045819946,54433.38112006983,56506.58332781345,54730.01583901283,59045.644359267775
6,10,2012-09-14,46165.93,False,A,202505,76.41,3.717,11072.87,22.0,6.01,3871.46,9997.93,224.2004678,5.668,46165.93,42881.81,54452.97045819946,54433.38112007235,45076.03296032708,54729.40389519688,48782.494414327564
6,10,2012-09-21,44100.32,False,A,202505,70.81,3.721,8735.97,3.82,6.15,855.06,9092.57,224.4017192,5.668,44100.32,43714.62,54452.97045819946,54433.3811200744,45131.80207232093,54729.25933543938,48983.31895225058
6,10,2012-09-28,44065.55,False,A,202505,77.82,3.666,4181.54,7.64,1.65,1952.69,2447.92,224.6029706,5.668,44065.55,43616.96,54452.97045819946,54433.38112007609,44365.18111862184,54729.225186024116,48541.98266274346
6,10,2012-10-05,46067.53,False,A,202505,70.84,3.617,9663.09,0.0,40.93,3720.0,5941.24,224.804222,5.329,46067.53,43464.29,54452.97045819946,54433.381120077465,45839.70061880237,54729.21711889269,49207.59483925736
6,10,2012-10-12,41261.48,False,A,202505,65.43,3.601,1905.34,0.0,13.83,559.5,8706.87,225.0054733,5.329,41261.48,43886.92,54452.97045819946,54433.38112007859,45530.89305972068,54729.21521319067,49142.29491079299
6,10,2012-10-19,46178.9,False,A,202505,69.68,3.594,1476.45,0.0,3.1,31.32,4080.57,225.0501013,5.329,46178.9,45083.08,54452.97045819946,54433.38112007952,49161.376915719076,54729.21476300584,51274.712747595084
6,10,2012-10-26,43664.52,False,A,202505,72.34,3.506,6827.59,53.07,0.0,319.25,1881.27,225.0686254,5.329,43664.52,43794.04,54452.97045819946,54433.381120080274,47019.52660982175,54729.21465665848,49760.121180320246
6,38,2012-08-10,71996.56,False,A,202505,87.04,3.494,5750.2,187.04,5.21,3920.14,7505.63,223.5699533,5.668,71996.56,64896.66,72703.35469667573,72835.03391161106,69645.61803998052,72582.4818904137,65033.50398793376
6,38,2012-08-17,71008.9,False,A,202505,87.53,3.571,5433.03,171.64,0.01,4968.35,4940.37,223.6510224,5.668,71008.9,69180.03,72703.35469667573,72820.58582663193,60232.697954375755,72585.29550635678,61698.59885310244
6,38,2012-08-24,60908.78,False,A,202505,79.03,3.62,5492.77,103.36,50.0,5268.21,6277.08,223.7860175,5.668,60908.78,66918.12,72703.35469667573,72806.60487291637,56338.40244323992,72585.34138227212,59614.92034363267
6,38,2012-08-31,75931.97,False,A,202505,83.58,3.638,21801.35,111.57,16.74,15675.98,4002.59,223.9210125,5.668,75931.97,72892.66,72703.35469667573,72793.07594731283,62520.08065471462,72585.34213027741,64029.045673619505
6,38,2012-09-07,78107.25,True,A,202505,86.33,3.73,14105.12,47.96,24.6,3040.62,3558.18,224.0560076,5.668,78107.25,72475.64,72703.35469667573,72779.9844349804,59031.41191883852,72585.34214247362,62458.18717479567
6,38,2012-09-14,63983.86,False,A,202505,76.41,3.717,11072.87,22.0,6.01,3871.46,9997.93,224.2004678,5.668,63983.86,71692.79,72703.35469667573,72767.31619360099,61826.27904283492,72585.34214267247,63402.15697399681
6,38,2012-09-21,74672.63,False,A,202505,70.81,3.721,8735.97,3.82,6.15,855.06,9092.57,224.4017192,5.668,74672.63,71776.72,72703.35469667573,72755.05753810174,54427.816051992995,72585.34214267571,60305.79154364656
6,38,2012-09-28,71173.04,False,A,202505,77.82,3.666,4181.54,7.64,1.65,1952.69,2447.92,224.6029706,5.668,71173.04,70946.97,72703.35469667573,72743.19522587162,62782.28185158955,72585.34214267577,63596.96456405209
6,38,2012-10-05,65382.93,False,A,202505,70.84,3.617,9663.09,0.0,40.93,3720.0,5941.24,224.804222,5.329,65382.93,83846.66,72703.35469667573,72731.7164424558,62302.42128607013,72585.34214267577,67305.90298977532
6,38,2012-10-12,62722.88,False,A,202505,65.43,3.601,1905.34,0.0,13.83,559.5,8706.87,225.0054733,5.329,62722.88,76015.3,72703.35469667573,72720.6087877127,59574.98225978536,72585.34214267577,63865.21179757338
6,38,2012-10-19,70336.13,False,A,202505,69.68,3.594,1476.45,0.0,3.1,31.32,4080.57,225.0501013,5.329,70336.13,72333.68,72703.35469667573,72709.86026241846,60454.68551597573,72585.34214267577,62970.68702967407
6,38,2012-10-26,69318.89,False,A,202505,72.34,3.506,6827.59,53.07,0.0,319.25,1881.27,225.0686254,5.329,69318.89,76703.15,72703.35469667573,72699.45925530462,58994.541180038024,72585.34214267577,63604.58391286818
6,40,2012-08-10,68049.17,False,A,202505,87.04,3.494,5750.2,187.04,5.21,3920.14,7505.63,223.5699533,5.668,68049.17,62216.08,67760.4458136415,67777.26857045012,63649.03994679319,67528.85913715235,65271.32559946054
6,40,2012-08-17,66282.98,False,A,202505,87.53,3.571,5433.03,171.64,0.01,4968.35,4940.37,223.6510224,5.668,66282.98,59989.92,67760.4458136415,67777.24397372294,62963.15495159126,67526.84579661995,63270.592406774515
6,40,2012-08-24,62842.18,False,A,202505,79.03,3.62,5492.77,103.36,50.0,5268.21,6277.08,223.7860175,5.668,62842.18,59975.57,67760.4458136415,67777.22119102225,62491.27368417574,67526.82663011769,63224.68745536494
6,40,2012-08-31,64206.72,False,A,202505,83.58,3.638,21801.35,111.57,16.74,15675.98,4002.59,223.9210125,5.668,64206.72,64186.28,67760.4458136415,67777.20008856227,65490.28611067428,67526.82644765735,66959.51189556501
6,40,2012-09-07,68846.8,True,A,202505,86.33,3.73,14105.12,47.96,24.6,3040.62,3558.18,224.0560076,5.668,68846.8,64293.82,67760.4458136415,67777.18054242402,65183.87262157572,67526.82644592038,66971.0797371943
6,40,2012-09-14,64384.82,False,A,202505,76.41,3.717,11072.87,22.0,6.01,3871.46,9997.93,224.2004678,5.668,64384.82,62202.49,67760.4458136415,67777.16243782763,62267.162278421325,67526.82644590385,64773.800933941835
6,40,2012-09-21,64849.92,False,A,202505,70.81,3.721,8735.97,3.82,6.15,855.06,9092.57,224.4017192,5.668,64849.92,58948.27,67760.4458136415,67777.14566845837,61031.67253821406,67526.82644590369,62144.96674517579
6,40,2012-09-28,65156.96,False,A,202505,77.82,3.666,4181.54,7.64,1.65,1952.69,2447.92,224.6029706,5.668,65156.96,59119.62,67760.4458136415,67777.13013584226,63321.58112439077,67526.82644590369,62816.63687433018
6,40,2012-10-05,68665.58,False,A,202505,70.84,3.617,9663.09,0.0,40.93,3720.0,5941.24,224.804222,5.329,68665.58,65688.79,67760.4458136415,67777.11574876786,66255.20890229856,67526.82644590369,68236.92660404199
6,40,2012-10-12,64918.67,False,A,202505,65.43,3.601,1905.34,0.0,13.83,559.5,8706.87,225.0054733,5.329,64918.67,59176.35,67760.4458136415,67777.10242275063,62264.756338269886,67526.82644590369,62597.549881277424
6,40,2012-10-19,62213.08,False,A,202505,69.68,3.594,1476.45,0.0,3.1,31.32,4080.57,225.0501013,5.329,62213.08,59098.4,67760.4458136415,67777.09007953684,62717.89254889355,67526.82644590369,62637.4469370349
6,40,2012-10-26,62392.73,False,A,202505,72.34,3.506,6827.59,53.07,0.0,319.25,1881.27,225.0686254,5.329,62392.73,61483.3,67760.4458136415,67777.07864664402,66342.53064314333,67526.82644590369,65211.931610513435
6,72,2012-08-10,69517.03,False,A,202505,87.04,3.494,5750.2,187.04,5.21,3920.14,7505.63,223.5699533,5.668,69517.03,69171.8,75461.56923756587,75452.03626632622,74565.18935934544,76475.74768053021,70232.06223256623
6,72,2012-08-17,69159.89,False,A,202505,87.53,3.571,5433.03,171.64,0.01,4968.35,4940.37,223.6510224,5.668,69159.89,65710.37,75461.56923756587,75452.03626632488,75412.46920847136,75934.33774393279,67636.76283765092
6,72,2012-08-24,71861.75,False,A,202505,79.03,3.62,5492.77,103.36,50.0,5268.21,6277.08,223.7860175,5.668,71861.75,65571.8,75461.56923756587,75452.03626632382,70537.93016353527,75871.43129016938,66773.3773142309
6,72,2012-08-31,69865.4,False,A,202505,83.58,3.638,21801.35,111.57,16.74,15675.98,4002.59,223.9210125,5.668,69865.4,65146.4,75461.56923756587,75452.03626632296,69573.05768386199,75864.1221854456,66334.19149880005
6,72,2012-09-07,74390.02,True,A,202505,86.33,3.73,14105.12,47.96,24.6,3040.62,3558.18,224.0560076,5.668,74390.02,74476.16,75461.56923756587,75452.03626632228,70381.57680021189,75863.27294011913,74352.6003752813
6,72,2012-09-14,67954.92,False,A,202505,76.41,3.717,11072.87,22.0,6.01,3871.46,9997.93,224.2004678,5.668,67954.92,61254.69,75461.56923756587,75452.03626632174,60392.16326478911,75863.17426625252,61816.59232469435
6,72,2012-09-21,77148.18,False,A,202505,70.81,3.721,8735.97,3.82,6.15,855.06,9092.57,224.4017192,5.668,77148.18,65346.06,75461.56923756587,75452.03626632129,66790.14493102522,75863.1628013299,66264.20815892788
6,72,2012-09-28,72925.94,False,A,202505,77.82,3.666,4181.54,7.64,1.65,1952.69,2447.92,224.6029706,5.668,72925.94,61300.94,75461.56923756587,75452.03626632094,62985.556203970846,75863.16146921985,62356.270305763115
6,72,2012-10-05,82813.18,False,A,202505,70.84,3.617,9663.09,0.0,40.93,3720.0,5941.24,224.804222,5.329,82813.18,76236.88,75461.56923756587,75452.03626632066,66011.60341809067,75863.1613144419,75393.73913140742
6,72,2012-10-12,66434.55,False,A,202505,65.43,3.601,1905.34,0.0,13.83,559.5,8706.87,225.0054733,5.329,66434.55,65459.42,75461.56923756587,75452.03626632044,58545.553916668614,75863.16129645823,65277.52645250419
6,72,2012-10-19,65821.75,False,A,202505,69.68,3.594,1476.45,0.0,3.1,31.32,4080.57,225.0501013,5.329,65821.75,76700.89,75461.56923756587,75452.03626632025,64014.87637131821,75863.1612943687,75552.5666838612
6,72,2012-10-26,77553.69,False,A,202505,72.34,3.506,6827.59,53.07,0.0,319.25,1881.27,225.0686254,5.329,77553.69,73178.81,75461.56923756587,75452.03626632012,65786.03752664666,75863.16129412592,72822.93207705177
6,90,2012-08-10,54003.24,False,A,202505,87.04,3.494,5750.2,187.04,5.21,3920.14,7505.63,223.5699533,5.668,54003.24,53960.13,55139.646991847774,55139.66169364297,53034.81442294072,55534.42172520685,54369.99307309227
6,90,2012-08-17,53392.06,False,A,202505,87.53,3.571,5433.03,171.64,0.01,4968.35,4940.37,223.6510224,5.668,53392.06,52352.02,55139.646991847774,55139.66160237163,50588.383564897376,55175.948668450794,52800.7463395384
6,90,2012-08-24,50611.19,False,A,202505,79.03,3.62,5492.77,103.36,50.0,5268.21,6277.08,223.7860175,5.668,50611.19,50578.49,55139.646991847774,55139.66152105423,49030.18093051727,55033.68740368517,51025.18807289075
6,90,2012-08-31,53905.5,False,A,202505,83.58,3.638,21801.35,111.57,16.74,15675.98,4002.59,223.9210125,5.668,53905.5,54994.27,55139.646991847774,55139.66144860523,54520.53865926766,54977.230531763315,55457.17419569119
6,90,2012-09-07,55957.41,True,A,202505,86.33,3.73,14105.12,47.96,24.6,3040.62,3558.18,224.0560076,5.668,55957.41,54968.33,55139.646991847774,55139.66138405743,53642.454308597524,54954.825428079945,55418.336706195994
6,90,2012-09-14,50338.28,False,A,202505,76.41,3.717,11072.87,22.0,6.01,3871.46,9997.93,224.2004678,5.668,50338.28,52450.17,55139.646991847774,55139.66132654915,49885.059414283794,54945.93388566935,52882.82353278484
6,90,2012-09-21,51792.4,False,A,202505,70.81,3.721,8735.97,3.82,6.15,855.06,9092.57,224.4017192,5.668,51792.4,50296.66,55139.646991847774,55139.661275312654,47626.7135114812,54942.40524650049,50728.23448364568
6,90,2012-09-28,47976.09,False,A,202505,77.82,3.666,4181.54,7.64,1.65,1952.69,2447.92,224.6029706,5.668,47976.09,50664.79,55139.646991847774,55139.66122966396,49388.25752371707,54941.00489391722,51116.43912363832
6,90,2012-10-05,54342.85,False,A,202505,70.84,3.617,9663.09,0.0,40.93,3720.0,5941.24,224.804222,5.329,54342.85,56177.84,55139.646991847774,55139.66118899366,48885.75303420738,54940.449159181066,56541.4908413185
6,90,2012-10-12,54621.09,False,A,202505,65.43,3.601,1905.34,0.0,13.83,559.5,8706.87,225.0054733,5.329,54621.09,54408.91,55139.646991847774,55139.661152758825,51337.44982417773,54940.22861394077,54834.6255226573
6,90,2012-10-19,53340.94,False,A,202505,69.68,3.594,1476.45,0.0,3.1,31.32,4080.57,225.0501013,5.329,53340.94,51206.62,55139.646991847774,55139.661120475714,48986.16474720629,54940.14108980408,51646.139727200294
6,90,2012-10-26,51327.79,False,A,202505,72.34,3.506,6827.59,53.07,0.0,319.25,1881.27,225.0686254,5.329,51327.79,51181.91,55139.646991847774,55139.661091713366,49495.501783734486,54940.10635554958,51629.74270237127
6,91,2012-08-10,49446.5,False,A,202505,87.04,3.494,5750.2,187.04,5.21,3920.14,7505.63,223.5699533,5.668,49446.5,46080.27,45321.60467020507,45262.84942733392,46046.87153850952,46131.124845546714,44894.37843979809
6,91,2012-08-17,47583.16,False,A,202505,87.53,3.571,5433.03,171.64,0.01,4968.35,4940.37,223.6510224,5.668,47583.16,46401.68,45321.60467020507,45262.84942733385,44286.909089256544,45372.02351015235,45313.99932802267
6,91,2012-08-24,43082.87,False,A,202505,79.03,3.62,5492.77,103.36,50.0,5268.21,6277.08,223.7860175,5.668,43082.87,42100.04,45321.60467020507,45262.8494273338,40767.2846076236,45038.66716035785,40973.702639394294
6,91,2012-08-31,43735.29,False,A,202505,83.58,3.638,21801.35,111.57,16.74,15675.98,4002.59,223.9210125,5.668,43735.29,44062.53,45321.60467020507,45262.84942733376,43903.39090664489,44892.275037505664,42876.18389327737
6,91,2012-09-07,47875.05,True,A,202505,86.33,3.73,14105.12,47.96,24.6,3040.62,3558.18,224.0560076,5.668,47875.05,46141.83,45321.60467020507,45262.84942733372,44571.40767934179,44827.987515619905,45023.3354535865
6,91,2012-09-14,44758.46,False,A,202505,76.41,3.717,11072.87,22.0,6.01,3871.46,9997.93,224.2004678,5.668,44758.46,45309.56,45321.60467020507,45262.84942733369,43110.3139651821,44799.755904589954,44220.60044729554
6,91,2012-09-21,44160.99,False,A,202505,70.81,3.721,8735.97,3.82,6.15,855.06,9092.57,224.4017192,5.668,44160.99,41305.26,45321.60467020507,45262.84942733368,40149.46113016582,44787.35810423979,40166.58995891668
6,91,2012-09-28,39980.19,False,A,202505,77.82,3.666,4181.54,7.64,1.65,1952.69,2447.92,224.6029706,5.668,39980.19,41023.8,45321.60467020507,45262.849427333655,37257.74927744274,44781.913659239486,40014.334094621765
6,91,2012-10-05,45663.14,False,A,202505,70.84,3.617,9663.09,0.0,40.93,3720.0,5941.24,224.804222,5.329,45663.14,47199.71,45321.60467020507,45262.84942733364,44205.71396986515,44779.52275274607,46147.98532128129
6,91,2012-10-12,44775.89,False,A,202505,65.43,3.601,1905.34,0.0,13.83,559.5,8706.87,225.0054733,5.329,44775.89,45778.29,45321.60467020507,45262.84942733363,46029.22979823282,44778.47279561362,44571.62543348057
6,91,2012-10-19,45019.75,False,A,202505,69.68,3.594,1476.45,0.0,3.1,31.32,4080.57,225.0501013,5.329,45019.75,41913.87,45321.60467020507,45262.849427333625,42033.801012006035,44778.01171109065,40723.45843431636
6,91,2012-10-26,40456.36,False,A,202505,72.34,3.506,6827.59,53.07,0.0,319.25,1881.27,225.0686254,5.329,40456.36,42021.1,45321.60467020507,45262.84942733362,43219.41500361854,44777.809227645615,40783.91693809563
6,92,2012-08-10,104312.39,False,A,202505,87.04,3.494,5750.2,187.04,5.21,3920.14,7505.63,223.5699533,5.668,104312.39,93726.77,102232.50415797604,102246.04484318304,101124.38505906802,103080.48219920244,100234.54271605532
6,92,2012-08-17,102025.59,False,A,202505,87.53,3.571,5433.03,171.64,0.01,4968.35,4940.37,223.6510224,5.668,102025.59,93537.24,102232.50415797604,102246.04484292524,95455.1958010333,102789.28537397883,100292.6152125645
6,92,2012-08-24,92254.28,False,A,202505,79.03,3.62,5492.77,103.36,50.0,5268.21,6277.08,223.7860175,5.668,92254.28,85919.58,102232.50415797604,102246.04484270905,94177.97102522687,102712.71966286287,92441.0265391745
6,92,2012-08-31,97124.59,False,A,202505,83.58,3.638,21801.35,111.57,16.74,15675.98,4002.59,223.9210125,5.668,97124.59,94082.08,102232.50415797604,102246.04484252773,104022.79524149263,102692.58789077302,100535.612012369
6,92,2012-09-07,103544.25,True,A,202505,86.33,3.73,14105.12,47.96,24.6,3040.62,3558.18,224.0560076,5.668,103544.25,93593.54,102232.50415797604,102246.04484237566,101400.18734864252,102687.29455199811,100136.7110015841
6,92,2012-09-14,95487.92,False,A,202505,76.41,3.717,11072.87,22.0,6.01,3871.46,9997.93,224.2004678,5.668,95487.92,89485.75,102232.50415797604,102246.04484224814,97047.11018572643,102685.90275026001,96045.35385324708
6,92,2012-09-21,97524.78,False,A,202505,70.81,3.721,8735.97,3.82,6.15,855.06,9092.57,224.4017192,5.668,97524.78,85229.81,102232.50415797604,102246.04484214119,88997.72374826648,102685.53679747281,91943.1953963481
6,92,2012-09-28,90778.91,False,A,202505,77.82,3.666,4181.54,7.64,1.65,1952.69,2447.92,224.6029706,5.668,90778.91,85760.01,102232.50415797604,102246.0448420515,90259.43766620306,102685.44057583522,92452.10631999448
6,92,2012-10-05,105457.17,False,A,202505,70.84,3.617,9663.09,0.0,40.93,3720.0,5941.24,224.804222,5.329,105457.17,100861.53,102232.50415797604,102246.04484197628,96286.74946459214,102685.41527584061,107893.50009751329
6,92,2012-10-12,107386.22,False,A,202505,65.43,3.601,1905.34,0.0,13.83,559.5,8706.87,225.0054733,5.329,107386.22,99228.65,102232.50415797604,102246.0448419132,102474.76188581077,102685.40862359748,105963.64848632147
6,92,2012-10-19,100390.24,False,A,202505,69.68,3.594,1476.45,0.0,3.1,31.32,4080.57,225.0501013,5.329,100390.24,91903.91,102232.50415797604,102246.04484186029,96207.83040691802,102685.40687449282,98607.66971025204
6,92,2012-10-26,97646.76,False,A,202505,72.34,3.506,6827.59,53.07,0.0,319.25,1881.27,225.0686254,5.329,97646.76,93745.53,102232.50415797604,102246.04484181592,100104.03267616652,102685.40641459274,100365.3271705879
6,94,2012-08-10,47567.26,False,A,202505,87.04,3.494,5750.2,187.04,5.21,3920.14,7505.63,223.5699533,5.668,47567.26,46061.41,47194.544184104874,47738.19927043695,46454.43622566208,47852.525350555414,46409.23726702071
6,94,2012-08-17,44550.03,False,A,202505,87.53,3.571,5433.03,171.64,0.01,4968.35,4940.37,223.6510224,5.668,44550.03,43666.59,47194.544184104874,47836.892094749965,42256.804709863914,47567.100448340934,43729.951302598376
6,94,2012-08-24,39936.52,False,A,202505,79.03,3.62,5492.77,103.36,50.0,5268.21,6277.08,223.7860175,5.668,39936.52,42706.18,47194.544184104874,47921.66973092757,40423.54569704284,47520.42696910704,42604.74766417977
6,94,2012-08-31,43145.61,False,A,202505,83.58,3.638,21801.35,111.57,16.74,15675.98,4002.59,223.9210125,5.668,43145.61,44736.42,47194.544184104874,47994.49414998633,43134.47639803804,47512.7947910914,44668.77948411096
6,94,2012-09-07,45370.58,True,A,202505,86.33,3.73,14105.12,47.96,24.6,3040.62,3558.18,224.0560076,5.668,45370.58,44133.3,47194.544184104874,48057.05069497107,41046.11978640589,47511.54675597128,43696.948808597954
6,94,2012-09-14,38796.91,False,A,202505,76.41,3.717,11072.87,22.0,6.01,3871.46,9997.93,224.2004678,5.668,38796.91,40729.11,47194.544184104874,48110.78708409724,38531.82194587741,47511.34267377379,40811.16626377321
6,94,2012-09-21,39719.72,False,A,202505,70.81,3.721,8735.97,3.82,6.15,855.06,9092.57,224.4017192,5.668,39719.72,37353.89,47194.544184104874,48156.94691464771,35756.557352113305,47511.3093016814,37872.152990215625
6,94,2012-09-28,37934.81,False,A,202505,77.82,3.666,4181.54,7.64,1.65,1952.69,2447.92,224.6029706,5.668,37934.81,38287.24,47194.544184104874,48196.598442990005,37261.19135255646,47511.30384458341,38871.84913718994
6,94,2012-10-05,41269.45,False,A,202505,70.84,3.617,9663.09,0.0,40.93,3720.0,5941.24,224.804222,5.329,41269.45,42413.56,47194.544184104874,48230.65930675683,38548.242723360796,47511.302952223465,41854.860299678156
6,94,2012-10-12,43073.14,False,A,202505,65.43,3.601,1905.34,0.0,13.83,559.5,8706.87,225.0054733,5.329,43073.14,40401.85,47194.544184104874,48259.91776132451,39635.85872938109,47511.302806302265,40848.098121704475
6,94,2012-10-19,43096.21,False,A,202505,69.68,3.594,1476.45,0.0,3.1,31.32,4080.57,225.0501013,5.329,43096.21,37211.67,47194.544184104874,48285.05092205555,37837.57605601549,47511.30278244082,38293.186711979666
6,94,2012-10-26,41314.21,False,A,202505,72.34,3.506,6827.59,53.07,0.0,319.25,1881.27,225.0686254,5.329,41314.21,38306.3,47194.544184104874,48306.64043447735,40118.07901991606,47511.30277853893,39631.83941342586
6,95,2012-08-10,107032.93,False,A,202505,87.04,3.494,5750.2,187.04,5.21,3920.14,7505.63,223.5699533,5.668,107032.93,96458.11,101213.60978317425,101250.9887490829,100307.48403151653,101374.23001299232,97332.53524481233
6,95,2012-08-17,96671.07,False,A,202505,87.53,3.571,5433.03,171.64,0.01,4968.35,4940.37,223.6510224,5.668,96671.07,89441.36,101213.60978317425,101250.98965974132,93117.57799854052,101274.3711282308,90559.75078645429
6,95,2012-08-24,88186.98,False,A,202505,79.03,3.62,5492.77,103.36,50.0,5268.21,6277.08,223.7860175,5.668,88186.98,85768.92,101213.60978317425,101250.9904763937,87342.5693154206,101264.3099883118,86448.29221885416
6,95,2012-08-31,94979.3,False,A,202505,83.58,3.638,21801.35,111.57,16.74,15675.98,4002.59,223.9210125,5.668,94979.3,97915.62,101213.60978317425,101250.99120874412,99820.23644890258,101263.29629246778,98184.71008908472
6,95,2012-09-07,106658.54,True,A,202505,86.33,3.73,14105.12,47.96,24.6,3040.62,3558.18,224.0560076,5.668,106658.54,91044.4,101213.60978317425,101250.991865495,89575.27088840648,101263.19415898465,90662.14105430475
6,95,2012-09-14,88081.1,False,A,202505,76.41,3.717,11072.87,22.0,6.01,3871.46,9997.93,224.2004678,5.668,88081.1,85934.23,101213.60978317425,101250.99245445036,82517.99877196552,101263.1838686708,85255.07872151888
6,95,2012-09-21,85753.1,False,A,202505,70.81,3.721,8735.97,3.82,6.15,855.06,9092.57,224.4017192,5.668,85753.1,83548.9,101213.60978317425,101250.99298260864,77381.92668635029,101263.18283188487,82208.73715797688
6,95,2012-09-28,80957.39,False,A,202505,77.82,3.666,4181.54,7.64,1.65,1952.69,2447.92,224.6029706,5.668,80957.39,82056.36,101213.60978317425,101250.99345624585,75609.90968306403,101263.18272742498,80741.65413330263
6,95,2012-10-05,93008.64,False,A,202505,70.84,3.617,9663.09,0.0,40.93,3720.0,5941.24,224.804222,5.329,93008.64,86330.14,101213.60978317425,101250.99388099012,80420.10955639504,101263.18271690028,84986.9213808192
6,95,2012-10-12,83088.99,False,A,202505,65.43,3.601,1905.34,0.0,13.83,559.5,8706.87,225.0054733,5.329,83088.99,81326.12,101213.60978317425,101250.99426188861,78157.9850247215,101263.18271583988,80998.08268885812
6,95,2012-10-19,82656.99,False,A,202505,69.68,3.594,1476.45,0.0,3.1,31.32,4080.57,225.0501013,5.329,82656.99,78442.13,101213.60978317425,101250.99460346746,79245.8992659972,101263.18271573304,79383.89668978921
6,95,2012-10-26,82996.21,False,A,202505,72.34,3.506,6827.59,53.07,0.0,319.25,1881.27,225.0686254,5.329,82996.21,79311.37,101213.60978317425,101250.99490978559,76749.77186850933,101263.18271572227,79172.58018355277
7,72,2012-08-10,45011.58,False,B,70713,63.41,3.509,4032.28,26.2,55.79,2124.61,960.59,198.0795651,7.872,45011.58,52165.79,44801.9147991528,44947.07597511678,58528.98814664598,45341.947453162386,52625.078613148326
7,72,2012-08-17,40291.02,False,B,70713,59.66,3.545,1266.82,34.6,46.86,1649.91,1421.44,198.1001057,7.872,40291.02,48731.61,44801.9147991528,44967.77531039985,51529.79811968541,45476.08959576734,41209.24901008505
7,72,2012-08-24,33957.54,False,B,70713,59.27,3.558,2534.52,19.6,1.86,1627.26,3915.85,198.0984199,7.872,33957.54,45838.75,44801.9147991528,44988.31149860205,47147.21400680889,45465.85038129058,43144.881728263106
7,72,2012-08-31,44585.3,False,B,70713,60.46,3.556,6246.07,9.0,16.35,2482.01,1225.36,198.0967341,7.872,44585.3,50241.4,44801.9147991528,45008.68582560865,49081.048831571294,45466.63195157912,45173.55517840501
7,72,2012-09-07,48408.77,True,B,70713,57.84,3.596,5069.74,0.0,10.15,817.15,2158.82,198.0950484,7.872,48408.77,51607.5,44801.9147991528,45028.89956716986,49812.58669431371,45466.57229347572,48030.323872258436
7,72,2012-09-14,47807.13,False,B,70713,53.66,3.659,3180.52,0.0,5.03,709.04,5384.1,198.1267184,7.872,47807.13,44080.96,44801.9147991528,45048.95398898075,41917.456777225525,45466.57684724312,39753.29879206669
7,72,2012-09-21,41184.89,False,B,70713,51.77,3.765,4113.14,12.0,3.0,344.2,4693.52,198.358523,7.872,41184.89,40199.66,44801.9147991528,45068.8503467605,41916.426709696665,45466.57649964914,35912.12978006463
7,72,2012-09-28,42194.62,False,B,70713,50.64,3.789,3735.2,6.91,4.5,917.2,1793.35,198.5903276,7.872,42194.62,41466.98,44801.9147991528,45088.589886331,42772.94300039503,45466.576526181365,36963.07140382512
7,72,2012-10-05,42902.78,False,B,70713,48.43,3.779,2955.56,0.0,9.9,2240.78,1324.84,198.8221322,7.557,42902.78,40520.76,44801.9147991528,45108.1738436949,44028.96004986286,45466.57652415613,35926.42087612756
7,72,2012-10-12,35449.75,False,B,70713,41.43,3.76,302.62,0.0,3.72,375.75,514.23,199.0539368,7.557,35449.75,38367.95,44801.9147991528,45127.60344511298,43055.65021349298,45466.576524310716,33582.313461549296
7,72,2012-10-19,31729.1,False,B,70713,43.01,3.75,2034.63,0.0,0.5,298.55,4163.41,199.1481963,7.557,31729.1,49290.17,44801.9147991528,45146.87990718091,42781.19065293082,45466.576524298915,45671.226464216794
7,72,2012-10-26,34076.17,False,B,70713,42.53,3.686,2818.42,24.03,2.97,343.26,1064.56,199.2195317,7.557,34076.17,49302.8,44801.9147991528,45166.004436905474,39530.14244948971,45466.57652429982,45977.14222606422
8,38,2012-08-10,66084.76,False,A,155078,83.74,3.494,11811.65,26.0,59.03,2215.73,2801.89,225.5226885,5.401,66084.76,51162.09,61928.23530148798,61756.050172373594,60102.30031381142,62051.77095628552,54163.23365178285
8,38,2012-08-17,54629.56,False,A,155078,81.21,3.571,3224.14,21.02,4.26,1066.29,5044.43,225.6050797,5.401,54629.56,64613.67,61928.23530148798,61722.74661451499,67161.72311373496,61758.22105994586,61363.992906000916
8,38,2012-08-24,57482.68,False,A,155078,73.77,3.62,3822.14,6.4,4.2,763.09,3570.91,225.7418442,5.401,57482.68,60949.13,61928.23530148798,61694.674408799045,61113.849582963776,61789.99603616394,58158.22086011004
8,38,2012-08-31,60044.63,False,A,155078,75.33,3.638,10297.42,21.6,17.16,3952.93,3198.02,225.8786088,5.401,60044.63,58615.72,61928.23530148798,61671.01180983278,64358.84974126012,61786.55658983387,58179.42271820821
8,38,2012-09-07,63038.47,True,A,155078,80.87,3.73,11548.63,9.0,29.22,1177.09,2831.4,226.0153733,5.401,63038.47,65454.1,61928.23530148798,61651.06615271185,59745.684238062604,61786.92888880827,59541.62225803245
8,38,2012-09-14,54031.44,False,A,155078,67.21,3.717,4678.98,0.0,12.29,1130.96,5427.34,226.1615981,5.401,54031.44,66871.62,61928.23530148798,61634.25357694396,67014.22853986836,61786.88858972724,62811.51110145969
8,38,2012-09-21,63891.94,False,A,155078,66.96,3.721,3913.12,5.73,2.28,0.0,6984.96,226.3645848,5.401,63891.94,59993.02,61928.23530148798,61620.08193535614,68215.11189213749,61786.89295185565,60411.401621969075
8,38,2012-09-28,63867.88,False,A,155078,71.1,3.666,5518.65,1.91,0.55,1103.02,2049.02,226.5675714,5.401,63867.88,54419.55,61928.23530148798,61608.13638768598,59590.4384207721,61786.892479682,54933.898784309225
8,38,2012-10-05,68094.62,False,A,155078,61.41,3.617,3709.42,0.0,20.04,1332.17,2156.75,226.7705581,5.124,68094.62,61916.86,61928.23530148798,61598.06725714414,66080.17548128798,61786.8925307919,60482.91494894666
8,38,2012-10-12,65280.4,False,A,155078,55.03,3.601,757.39,0.0,7.5,186.45,4830.34,226.9735448,5.124,65280.4,65010.82,61928.23530148798,61589.5797944787,62274.214394933086,61786.892525259565,60482.9061522705
8,38,2012-10-19,56048.77,False,A,155078,62.99,3.594,1260.59,0.0,6.5,280.98,3531.83,227.0184166,5.124,56048.77,58928.39,61928.23530148798,61582.425549909334,75670.73919961252,61786.892525858406,62830.37121465198
8,38,2012-10-26,66858.65,False,A,155078,64.74,3.506,2679.05,20.38,6.0,384.25,1691.31,227.0369359,5.124,66858.65,59898.73,61928.23530148798,61576.39510036559,65695.41527095786,61786.892525793584,59570.8551691785
8,92,2012-08-10,65578.7,False,A,155078,83.74,3.494,11811.65,26.0,59.03,2215.73,2801.89,225.5226885,5.401,65578.7,59690.84,58560.51902387338,58354.083523860776,65202.15467153389,59355.49967516486,60567.75429541061
8,92,2012-08-17,65443.74,False,A,155078,81.21,3.571,3224.14,21.02,4.26,1066.29,5044.43,225.6050797,5.401,65443.74,59114.96,58560.51902387338,58314.9665128132,61036.42448224733,58966.90630616736,59682.81146811465
8,92,2012-08-24,61211.37,False,A,155078,73.77,3.62,3822.14,6.4,4.2,763.09,3570.91,225.7418442,5.401,61211.37,54593.77,58560.51902387338,58283.67290397513,57782.65661721392,58887.71394788082,55283.183226311405
8,92,2012-08-31,61399.31,False,A,155078,75.33,3.638,10297.42,21.6,17.16,3952.93,3198.02,225.8786088,5.401,61399.31,59846.61,58560.51902387338,58258.63801690468,63187.379345248795,58871.57515058954,60539.58112167231
8,92,2012-09-07,67135.41,True,A,155078,80.87,3.73,11548.63,9.0,29.22,1177.09,2831.4,226.0153733,5.401,67135.41,62616.57,58560.51902387338,58238.610107248314,65834.78676902215,58868.2861870627,63299.76060753278
8,92,2012-09-14,69068.09,False,A,155078,67.21,3.717,4678.98,0.0,12.29,1130.96,5427.34,226.1615981,5.401,69068.09,63499.86,58560.51902387338,58222.58777952323,66549.16722614318,58867.61592143599,64174.130661928284
8,92,2012-09-21,61167.37,False,A,155078,66.96,3.721,3913.12,5.73,2.28,0.0,6984.96,226.3645848,5.401,61167.37,57328.64,58560.51902387338,58209.76991734316,57680.06811789362,58867.47932642461,57806.98168621604
8,92,2012-09-28,58998.37,False,A,155078,71.1,3.666,5518.65,1.91,0.55,1103.02,2049.02,226.5675714,5.401,58998.37,54955.02,58560.51902387338,58199.5156275991,56202.3442471148,58867.451489405394,55517.854858678984
8,92,2012-10-05,73207.81,False,A,155078,61.41,3.617,3709.42,0.0,20.04,1332.17,2156.75,226.7705581,5.124,73207.81,69634.24,58560.51902387338,58191.312195803854,70038.22342872637,58867.445816433654,70104.67923669865
8,92,2012-10-12,72961.66,False,A,155078,55.03,3.601,757.39,0.0,7.5,186.45,4830.34,226.9735448,5.124,72961.66,62002.2,58560.51902387338,58184.74945036766,66569.62376162026,58867.444660325375,62828.26732937501
8,92,2012-10-19,69405.09,False,A,155078,62.99,3.594,1260.59,0.0,6.5,280.98,3531.83,227.0184166,5.124,69405.09,62276.7,58560.51902387338,58179.4992540187,62330.617659915515,58867.444424719346,62744.72708225687
8,92,2012-10-26,62127.74,False,A,155078,64.74,3.506,2679.05,20.38,6.0,384.25,1691.31,227.0369359,5.124,62127.74,57630.48,58560.51902387338,58175.29909693954,58367.735662041145,58867.44437670464,58171.10431051053
8,95,2012-08-10,68759.66,False,A,155078,83.74,3.494,11811.65,26.0,59.03,2215.73,2801.89,225.5226885,5.401,68759.66,67604.9,65494.36388579616,65953.32954736006,68940.35015820505,66224.53114297894,67337.77890642105
8,95,2012-08-17,65904.99,False,A,155078,81.21,3.571,3224.14,21.02,4.26,1066.29,5044.43,225.6050797,5.401,65904.99,65209.05,65494.36388579616,65852.63806741993,64304.25164891627,66034.12228139934,64559.873347898116
8,95,2012-08-24,63752.09,False,A,155078,73.77,3.62,3822.14,6.4,4.2,763.09,3570.91,225.7418442,5.401,63752.09,64666.56,65494.36388579616,65764.69874773582,63211.81320141545,65953.92136506965,63958.09305236056
8,95,2012-08-31,67164.85,False,A,155078,75.33,3.638,10297.42,21.6,17.16,3952.93,3198.02,225.8786088,5.401,67164.85,69499.5,65494.36388579616,65687.89657985528,65757.44142084659,65920.1404426548,68145.17349091162
8,95,2012-09-07,67972.31,True,A,155078,80.87,3.73,11548.63,9.0,29.22,1177.09,2831.4,226.0153733,5.401,67972.31,63775.26,65494.36388579616,65620.82108947918,66354.19404904163,65905.91179326497,63884.290420201054
8,95,2012-09-14,65783.69,False,A,155078,67.21,3.717,4678.98,0.0,12.29,1130.96,5427.34,226.1615981,5.401,65783.69,63236.47,65494.36388579616,65562.24043305563,66112.39090093366,65899.91863354681,63426.37752433271
8,95,2012-09-21,60954.83,False,A,155078,66.96,3.721,3913.12,5.73,2.28,0.0,6984.96,226.3645848,5.401,60954.83,58829.83,65494.36388579616,65511.07877493324,58276.06575976374,65897.39429252024,58565.09213408447
8,95,2012-09-28,60774.39,False,A,155078,71.1,3.666,5518.65,1.91,0.55,1103.02,2049.02,226.5675714,5.401,60774.39,58064.22,65494.36388579616,65466.39652960455,56300.99115331978,65896.33103074881,57602.98580045288
8,95,2012-10-05,65849.49,False,A,155078,61.41,3.617,3709.42,0.0,20.04,1332.17,2156.75,226.7705581,5.124,65849.49,66934.53,65494.36388579616,65427.37310618779,62159.84405736674,65895.88318096042,65505.561690234914
8,95,2012-10-12,63340.85,False,A,155078,55.03,3.601,757.39,0.0,7.5,186.45,4830.34,226.9735448,5.124,63340.85,60761.2,65494.36388579616,65393.2918382488,62186.49289841407,65895.6945449741,60788.28891102965
8,95,2012-10-19,64305.12,False,A,155078,62.99,3.594,1260.59,0.0,6.5,280.98,3531.83,227.0184166,5.124,64305.12,61239.17,65494.36388579616,65363.526822198684,57669.277294995336,65895.61509079939,60291.49377207184
8,95,2012-10-26,58817.79,False,A,155078,64.74,3.506,2679.05,20.38,6.0,384.25,1691.31,227.0369359,5.124,58817.79,56591.73,65494.36388579616,65337.53142255426,54962.36178813229,65895.5816244073,56229.02095425122
9,38,2012-08-10,69297.85,False,B,125833,88.66,3.494,3180.78,-9.94,1.4,2112.03,2314.58,225.7170094,5.277,69297.85,87993.83,72269.00941298188,72053.52550540207,72309.58740422499,69420.51046911112,66629.58621582044
9,38,2012-08-17,67012.59,False,B,125833,86.37,3.571,975.91,0.0,3.0,325.68,670.48,225.7995323,5.277,67012.59,80156.68,72269.00941298188,72034.16683830769,72415.39738886147,69803.60105072249,61247.953175503666
9,38,2012-08-24,72797.79,False,B,125833,77.9,3.62,1524.71,0.0,1.8,501.16,4241.59,225.9364729,5.277,72797.79,68660.07,72269.00941298188,72014.90496454877,66895.84424776917,69824.90687950811,54633.64300520065
9,38,2012-08-31,72690.0,False,B,125833,80.71,3.638,5758.14,0.0,17.6,2828.89,1884.13,226.0734135,5.277,72690.0,82635.0,72269.00941298188,71995.73940015865,82796.48918996479,69826.09181686243,66386.19563847348
9,38,2012-09-07,69395.12,True,B,125833,87.93,3.73,4837.99,-5.96,22.74,602.8,1377.59,226.2103541,5.277,69395.12,83424.12,72269.00941298188,71976.66966359048,77571.8888688602,69826.15771791457,65097.71224396118
9,38,2012-09-14,67320.29,False,B,125833,73.55,3.717,2640.68,0.0,10.75,385.53,4276.03,226.3567545,5.277,67320.29,82488.65,72269.00941298188,71957.69527570515,73303.09617795833,69826.16138304392,63232.056326441176
9,38,2012-09-21,68180.46,False,B,125833,69.92,3.721,1887.95,1.91,0.0,273.53,4626.19,226.5599138,5.277,68180.46,81917.04,72269.00941298188,71938.81575975925,73770.847861344,69826.16158688244,63161.00663260682
9,38,2012-09-28,54601.96,False,B,125833,76.8,3.666,1699.68,1.91,0.55,190.38,1819.15,226.7630732,5.277,54601.96,73974.77,72269.00941298188,71920.03064139308,74973.30350003502,69826.16159821906,59884.91067782943
9,38,2012-10-05,78550.82,False,B,125833,66.61,3.617,2657.57,0.0,3.01,1107.79,1560.55,226.9662325,4.954,78550.82,87434.86,72269.00941298188,71901.33944861875,80145.53868204793,69826.16159884955,68014.56307001489
9,38,2012-10-12,77592.93,False,B,125833,60.09,3.601,520.41,0.0,6.01,0.0,2839.84,227.1693919,4.954,77592.93,86055.78,72269.00941298188,71882.74171180827,73728.44204405982,69826.16159888462,65230.14980201778
9,38,2012-10-19,66380.13,False,B,125833,68.01,3.594,545.72,0.0,8.0,28.94,3098.87,227.214288,4.954,66380.13,88271.46,72269.00941298188,71864.23696368186,74228.5684788248,69826.16159888657,66461.04226731214
9,38,2012-10-26,62385.5,False,B,125833,69.52,3.506,512.23,3.0,8.0,0.0,1666.38,227.2328068,4.954,62385.5,78987.05,72269.00941298188,71845.82473929608,81565.77087092755,69826.16159888667,64584.24290144143
10,2,2012-08-10,112523.39,False,B,126512,90.78,3.811,15282.47,0.0,58.8,5537.01,14827.71,130.7561613,7.17,112523.39,116330.25,107976.96395310173,108892.56324161701,118306.5062940929,111370.30120578237,114465.19662961179
10,2,2012-08-17,113259.2,False,B,126512,88.83,4.002,4407.9,0.0,7.2,3037.56,3717.52,130.7909677,7.17,113259.2,119858.79,107976.96395310173,108892.43880099437,121953.26081917142,110055.96886398942,118100.61053048358
10,2,2012-08-24,106630.07,False,B,126512,82.5,4.055,11322.69,0.0,34.0,6602.59,7256.22,130.8381613,7.17,106630.07,106724.02,107976.96395310173,108892.32240475115,107490.8225732117,109381.22848500614,104895.91649271183
10,2,2012-08-31,95671.5,False,B,126512,86.97,3.886,26218.85,0.0,68.24,12440.51,3544.68,130.8853548,7.17,95671.5,108981.34,107976.96395310173,108892.21353286394,105496.51766811727,109034.83620311994,106898.8273596658
10,2,2012-09-07,106094.76,True,B,126512,83.07,4.124,11848.88,20.0,47.52,3530.47,2552.3,130.9325484,7.17,106094.76,106874.02,107976.96395310173,108892.11169892586,103112.49059784334,108857.0083797264,104780.29597229607
10,2,2012-09-14,99757.84,False,B,126512,78.47,3.966,10389.14,0.0,15.97,4943.53,7618.04,130.9776667,7.17,99757.84,104742.41,107976.96395310173,108892.01644797347,103746.30282825847,108765.71669562567,102814.45306903444
10,2,2012-09-21,105282.5,False,B,126512,81.93,4.125,11273.56,245.91,27.0,2976.5,7950.03,131.0103333,7.17,105282.5,104948.33,107976.96395310173,108891.92735445414,102155.27574496185,108718.85017368944,102913.7573278547
10,2,2012-09-28,101696.68,False,B,126512,82.52,3.966,6091.96,62.82,2.82,3350.88,1751.75,131.043,7.17,101696.68,102264.22,107976.96395310173,108891.84402032479,99304.48558518648,108694.79025081654,100224.8654113811
10,2,2012-10-05,105938.79,False,B,126512,80.88,4.132,8975.95,0.0,46.24,9546.75,7186.77,131.0756667,6.943,105938.79,111280.17,107976.96395310173,108891.76607327357,105026.0998435461,108682.43857920248,109025.16783770696
10,2,2012-10-12,99426.46,False,B,126512,76.03,4.468,2674.51,0.0,10.32,1390.15,8116.13,131.1083333,6.943,99426.46,99815.15,107976.96395310173,108891.69316505647,100806.6296711895,108676.09758665369,98012.13936262888
10,2,2012-10-19,102492.76,False,B,126512,72.71,4.449,3067.64,0.0,53.6,967.02,2705.58,131.1499677,6.943,102492.76,103050.1,107976.96395310173,108891.6249699415,102038.54450519466,108672.84230366365,101120.75375361853
10,2,2012-10-26,101458.77,False,B,126512,70.5,4.301,9657.93,63.3,100.0,1925.87,834.57,131.1930968,6.943,101458.77,102097.86,107976.96395310173,108891.56118325338,98720.82199265799,108671.1711351102,100034.14872115843
10,4,2012-08-10,51393.71,False,B,126512,90.78,3.811,15282.47,0.0,58.8,5537.01,14827.71,130.7561613,7.17,51393.71,50071.82,48140.88410548688,48120.75944304427,53616.90656627439,50520.855798090975,51759.18787944155
10,4,2012-08-17,47653.21,False,B,126512,88.83,4.002,4407.9,0.0,7.2,3037.56,3717.52,130.7909677,7.17,47653.21,51094.26,48140.88410548688,48120.75944304341,51799.041218021615,50178.37801998206,52505.823641761745
10,4,2012-08-24,46813.57,False,B,126512,82.5,4.055,11322.69,0.0,34.0,6602.59,7256.22,130.8381613,7.17,46813.57,46767.1,48140.88410548688,48120.759443042705,45132.93464861875,50089.69815042393,47914.38976383556
10,4,2012-08-31,43073.67,False,B,126512,86.97,3.886,26218.85,0.0,68.24,12440.51,3544.68,130.8853548,7.17,43073.67,47157.53,48140.88410548688,48120.75944304214,51778.830241075826,50066.73572842893,49126.777436002005
10,4,2012-09-07,48804.35,True,B,126512,83.07,4.124,11848.88,20.0,47.52,3530.47,2552.3,130.9325484,7.17,48804.35,47567.7,48140.88410548688,48120.75944304167,49949.630206240385,50060.78992780356,49236.63978702065
10,4,2012-09-14,45407.66,False,B,126512,78.47,3.966,10389.14,0.0,15.97,4943.53,7618.04,130.9776667,7.17,45407.66,46876.11,48140.88410548688,48120.759443041294,46436.42753087572,50059.25034521578,48180.959161728795
10,4,2012-09-21,46075.05,False,B,126512,81.93,4.125,11273.56,245.91,27.0,2976.5,7950.03,131.0103333,7.17,46075.05,47419.26,48140.88410548688,48120.75944304098,44197.620221414785,50058.85169166281,48347.56741058422
10,4,2012-09-28,42838.68,False,B,126512,82.52,3.966,6091.96,62.82,2.82,3350.88,1751.75,131.043,7.17,42838.68,45422.75,48140.88410548688,48120.759443040726,43801.93093729395,50058.74846585566,46592.51418063668
10,4,2012-10-05,47647.51,False,B,126512,80.88,4.132,8975.95,0.0,46.24,9546.75,7186.77,131.0756667,6.943,47647.51,49064.02,48140.88410548688,48120.75944304052,47388.620634350584,50058.721736964915,50168.61666098251
10,4,2012-10-12,43968.08,False,B,126512,76.03,4.468,2674.51,0.0,10.32,1390.15,8116.13,131.1083333,6.943,43968.08,47254.67,48140.88410548688,48120.759443040355,45142.62066303907,50058.714815889456,48325.892949874346
10,4,2012-10-19,44762.46,False,B,126512,72.71,4.449,3067.64,0.0,53.6,967.02,2705.58,131.1499677,6.943,44762.46,46768.39,48140.88410548688,48120.75944304022,44568.589466526006,50058.71302377298,47826.140519263834
10,4,2012-10-26,44849.91,False,B,126512,70.5,4.301,9657.93,63.3,100.0,1925.87,834.57,131.1930968,6.943,44849.91,45959.28,48140.88410548688,48120.75944304011,45325.12972596581,50058.71255972928,47233.497612370906
10,5,2012-08-10,32075.35,False,B,126512,90.78,3.811,15282.47,0.0,58.8,5537.01,14827.71,130.7561613,7.17,32075.35,37897.15,32600.60064132753,32306.28471732817,25551.852418073493,43193.88723650506,27703.160572057757
10,5,2012-08-17,34128.95,False,B,126512,88.83,4.002,4407.9,0.0,7.2,3037.56,3717.52,130.7909677,7.17,34128.95,40381.49,32600.60064132753,32165.040865957595,23972.148056060723,50077.803535219224,27566.62633495009
10,5,2012-08-24,50062.19,False,B,126512,82.5,4.055,11322.69,0.0,34.0,6602.59,7256.22,130.8381613,7.17,50062.19,37838.57,32600.60064132753,32024.503233843872,22487.937099855815,53809.48123721261,26179.131914877602
10,5,2012-08-31,41573.25,False,B,126512,86.97,3.886,26218.85,0.0,68.24,12440.51,3544.68,130.8853548,7.17,41573.25,33630.17,32600.60064132753,31884.668289890717,19875.3836100342,55832.373130037595,23021.876532512357
10,5,2012-09-07,36708.3,True,B,126512,83.07,4.124,11848.88,20.0,47.52,3530.47,2552.3,130.9325484,7.17,36708.3,38749.03,32600.60064132753,31745.53252065733,23034.049345967225,56928.95540129621,26842.444744342352
10,5,2012-09-14,42269.57,False,B,126512,78.47,3.966,10389.14,0.0,15.97,4943.53,7618.04,130.9776667,7.17,42269.57,48452.46,32600.60064132753,31607.092430270106,30277.690752094175,57523.397784452645,34393.13159404749
10,5,2012-09-21,38609.11,False,B,126512,81.93,4.125,11273.56,245.91,27.0,2976.5,7950.03,131.0103333,7.17,38609.11,47777.08,32600.60064132753,31469.344540334823,30357.34403240711,57845.63694165434,33425.667212540364
10,5,2012-09-28,65585.96,False,B,126512,82.52,3.966,6091.96,62.82,2.82,3350.88,1751.75,131.043,7.17,65585.96,41554.29,32600.60064132753,31332.285389849214,35383.148031668316,58020.31842025734,32596.87981750945
10,5,2012-10-05,54202.85,False,B,126512,80.88,4.132,8975.95,0.0,46.24,9546.75,7186.77,131.0756667,6.943,54202.85,57616.25,32600.60064132753,31195.911535116033,41360.62682947574,58115.01088169471,42366.33146002721
10,5,2012-10-12,49683.63,False,B,126512,76.03,4.468,2674.51,0.0,10.32,1390.15,8116.13,131.1083333,6.943,49683.63,53009.89,32600.60064132753,31060.21954965652,34680.14519003935,58166.34238131778,38741.175241493016
10,5,2012-10-19,49277.87,False,B,126512,72.71,4.449,3067.64,0.0,53.6,967.02,2705.58,131.1499677,6.943,49277.87,64236.97,32600.60064132753,30925.206024124298,34891.74154618272,58194.16849137509,44905.24189144851
10,5,2012-10-26,51926.77,False,B,126512,70.5,4.301,9657.93,63.3,100.0,1925.87,834.57,131.1930968,6.943,51926.77,62747.68,32600.60064132753,30790.867566219742,28630.702902119814,58209.252648405505,41630.176517740416
10,7,2012-08-10,41690.3,False,B,126512,90.78,3.811,15282.47,0.0,58.8,5537.01,14827.71,130.7561613,7.17,41690.3,37345.51,39296.25673295352,39303.237111945855,37822.58946767423,46933.55518808571,36737.84851083519
10,7,2012-08-17,43456.01,False,B,126512,88.83,4.002,4407.9,0.0,7.2,3037.56,3717.52,130.7909677,7.17,43456.01,45602.43,39296.25673295352,39308.25442539578,41445.84423921017,51686.56950535823,43442.268466423135
10,7,2012-08-24,42202.21,False,B,126512,82.5,4.055,11322.69,0.0,34.0,6602.59,7256.22,130.8381613,7.17,42202.21,40976.96,39296.25673295352,39313.0972265001,41442.32417456641,54525.50003629369,40174.9117888279
10,7,2012-08-31,40301.02,False,B,126512,86.97,3.886,26218.85,0.0,68.24,12440.51,3544.68,130.8853548,7.17,40301.02,41224.48,39296.25673295352,39317.771585152404,41985.709887813646,56221.16641166923,40482.04290847994
10,7,2012-09-07,40571.34,True,B,126512,83.07,4.124,11848.88,20.0,47.52,3530.47,2552.3,130.9325484,7.17,40571.34,39397.14,39296.25673295352,39322.28336012308,38770.25370288131,57233.97191192631,38414.46217241169
10,7,2012-09-14,42506.8,False,B,126512,78.47,3.966,10389.14,0.0,15.97,4943.53,7618.04,130.9776667,7.17,42506.8,39469.62,39296.25673295352,39326.63820640256,37272.76452718764,57838.91106519803,38099.82715473888
10,7,2012-09-21,50399.14,False,B,126512,81.93,4.125,11273.56,245.91,27.0,2976.5,7950.03,131.0103333,7.17,50399.14,43022.25,39296.25673295352,39330.84158228926,38079.48384217851,58200.23550416308,40796.577066043
10,7,2012-09-28,46282.84,False,B,126512,82.52,3.966,6091.96,62.82,2.82,3350.88,1751.75,131.043,7.17,46282.84,40164.69,39296.25673295352,39334.898756230876,36911.17010398483,58416.051176677116,38474.078573868595
10,7,2012-10-05,51935.68,False,B,126512,80.88,4.132,8975.95,0.0,46.24,9546.75,7186.77,131.0756667,6.943,51935.68,39280.28,39296.25673295352,39338.814813427816,38493.39423570596,58544.95583819432,38190.64700175156
10,7,2012-10-12,47548.04,False,B,126512,76.03,4.468,2674.51,0.0,10.32,1390.15,8116.13,131.1083333,6.943,47548.04,40775.29,39296.25673295352,39342.59466220689,40903.66216406732,58621.949374239695,39807.5966642233
10,7,2012-10-19,60225.85,False,B,126512,72.71,4.449,3067.64,0.0,53.6,967.02,2705.58,131.1499677,6.943,60225.85,53181.41,39296.25673295352,39346.24304017333,40870.21760930578,58667.93688565315,48588.7570286599
10,7,2012-10-26,54045.23,False,B,126512,70.5,4.301,9657.93,63.3,100.0,1925.87,834.57,131.1930968,6.943,54045.23,62530.06,39296.25673295352,39349.76452014886,43223.359366021934,58695.40479159212,55815.23496606379
10,8,2012-08-10,87015.8,False,B,126512,90.78,3.811,15282.47,0.0,58.8,5537.01,14827.71,130.7561613,7.17,87015.8,84692.84,85855.20369344979,86305.97335348625,82746.80670074132,87487.48935353404,86205.6704164818
10,8,2012-08-17,83770.12,False,B,126512,88.83,4.002,4407.9,0.0,7.2,3037.56,3717.52,130.7909677,7.17,83770.12,83764.9,85855.20369344979,86305.97334436653,82341.68507590076,87225.41541448058,85363.02679150963
10,8,2012-08-24,83540.73,False,B,126512,82.5,4.055,11322.69,0.0,34.0,6602.59,7256.22,130.8381613,7.17,83540.73,84845.52,85855.20369344979,86305.97333646368,84011.7333233471,87152.18979484528,86501.51520785046
10,8,2012-08-31,83546.57,False,B,126512,86.97,3.886,26218.85,0.0,68.24,12440.51,3544.68,130.8853548,7.17,83546.57,86039.52,85855.20369344979,86305.97332961528,87770.10216054987,87131.72995290015,88029.39253621083
10,8,2012-09-07,86112.6,True,B,126512,83.07,4.124,11848.88,20.0,47.52,3530.47,2552.3,130.9325484,7.17,86112.6,82687.38,85855.20369344979,86305.97332368068,85157.76446802141,87126.01330434866,84833.92619938737
10,8,2012-09-14,85335.84,False,B,126512,78.47,3.966,10389.14,0.0,15.97,4943.53,7618.04,130.9776667,7.17,85335.84,81666.9,85855.20369344979,86305.97331853792,83402.73863751694,87124.41602560384,83721.18154411543
10,8,2012-09-21,83915.42,False,B,126512,81.93,4.125,11273.56,245.91,27.0,2976.5,7950.03,131.0103333,7.17,83915.42,85327.83,85855.20369344979,86305.97331408136,84226.60662496518,87123.96973275137,86918.28545910007
10,8,2012-09-28,85974.5,False,B,126512,82.52,3.966,6091.96,62.82,2.82,3350.88,1751.75,131.043,7.17,85974.5,83853.89,85855.20369344979,86305.97331021944,85420.3586899821,87123.84503484826,85829.9456940799
10,8,2012-10-05,90222.53,False,B,126512,80.88,4.132,8975.95,0.0,46.24,9546.75,7186.77,131.0756667,6.943,90222.53,89169.7,85855.20369344979,86305.97330687281,88044.60025863287,87123.81019322587,90670.1306615113
10,8,2012-10-12,84337.02,False,B,126512,76.03,4.468,2674.51,0.0,10.32,1390.15,8116.13,131.1083333,6.943,84337.02,82247.55,85855.20369344979,86305.97330397273,82451.78019781248,87123.80045818927,84045.5663951362
10,8,2012-10-19,85710.76,False,B,126512,72.71,4.449,3067.64,0.0,53.6,967.02,2705.58,131.1499677,6.943,85710.76,84329.15,85855.20369344979,86305.9733014596,84609.27172632134,87123.79773813978,86099.44653666504
10,8,2012-10-26,85331.99,False,B,126512,70.5,4.301,9657.93,63.3,100.0,1925.87,834.57,131.1930968,6.943,85331.99,80465.69,85855.20369344979,86305.9732992818,83457.20606900171,87123.79697813552,82664.51943680727
10,9,2012-08-10,56893.05,False,B,126512,90.78,3.811,15282.47,0.0,58.8,5537.01,14827.71,130.7561613,7.17,56893.05,56936.26,64470.35577406113,65595.427379499,62607.169316474676,63948.245686051334,60242.21378591885
10,9,2012-08-17,58865.18,False,B,126512,88.83,4.002,4407.9,0.0,7.2,3037.56,3717.52,130.7909677,7.17,58865.18,59916.23,64470.35577406113,65595.4273801715,63751.20679274689,65057.2997211619,62206.00379934392
10,9,2012-08-24,61900.79,False,B,126512,82.5,4.055,11322.69,0.0,34.0,6602.59,7256.22,130.8381613,7.17,61900.79,61800.59,64470.35577406113,65595.42738073955,61594.23588435823,65394.44552883695,62779.26954362654
10,9,2012-08-31,80720.9,False,B,126512,86.97,3.886,26218.85,0.0,68.24,12440.51,3544.68,130.8853548,7.17,80720.9,79208.89,64470.35577406113,65595.42738121936,86567.67839000121,65496.9358422341,81392.87720438877
10,9,2012-09-07,66073.17,True,B,126512,83.07,4.124,11848.88,20.0,47.52,3530.47,2552.3,130.9325484,7.17,66073.17,65338.94,64470.35577406113,65595.42738162463,71695.31037968883,65528.09228582949,68077.08394810294
10,9,2012-09-14,60251.59,False,B,126512,78.47,3.966,10389.14,0.0,15.97,4943.53,7618.04,130.9776667,7.17,60251.59,53746.41,64470.35577406113,65595.42738196696,59676.16359567481,65537.56365873622,57079.41742172912
10,9,2012-09-21,55717.61,False,B,126512,81.93,4.125,11273.56,245.91,27.0,2976.5,7950.03,131.0103333,7.17,55717.61,57381.21,64470.35577406113,65595.42738225611,59422.57010407344,65540.44289957332,59278.30951691154
10,9,2012-09-28,64358.02,False,B,126512,82.52,3.966,6091.96,62.82,2.82,3350.88,1751.75,131.043,7.17,64358.02,52626.63,64470.35577406113,65595.42738250035,60528.23093145104,65541.31817160406,56648.959734166136
10,9,2012-10-05,61795.11,False,B,126512,80.88,4.132,8975.95,0.0,46.24,9546.75,7186.77,131.0756667,6.943,61795.11,60890.98,64470.35577406113,65595.42738270665,63952.74016733205,65541.58424907764,62841.69629624627
10,9,2012-10-12,58177.84,False,B,126512,76.03,4.468,2674.51,0.0,10.32,1390.15,8116.13,131.1083333,6.943,58177.84,61612.69,64470.35577406113,65595.4273828809,63340.215402128924,65541.66513504162,63120.84117134738
10,9,2012-10-19,54777.95,False,B,126512,72.71,4.449,3067.64,0.0,53.6,967.02,2705.58,131.1499677,6.943,54777.95,57693.89,64470.35577406113,65595.42738302809,59383.47705051693,65541.68972389193,59474.68412954675
10,9,2012-10-26,57271.82,False,B,126512,70.5,4.301,9657.93,63.3,100.0,1925.87,834.57,131.1930968,6.943,57271.82,47695.97,64470.35577406113,65595.4273831524,51604.28089472308,65541.69719875568,50834.138193870334
10,10,2012-08-10,51385.39,False,B,126512,90.78,3.811,15282.47,0.0,58.8,5537.01,14827.71,130.7561613,7.17,51385.39,50530.23,48178.850528688985,48218.445343024825,53122.1314221452,47029.58948037082,47153.87821100292
10,10,2012-08-17,53934.15,False,B,126512,88.83,4.002,4407.9,0.0,7.2,3037.56,3717.52,130.7909677,7.17,53934.15,53076.15,48178.850528688985,48218.44532343055,53162.031709400566,47746.35387086933,47742.563229909145
10,10,2012-08-24,53363.39,False,B,126512,82.5,4.055,11322.69,0.0,34.0,6602.59,7256.22,130.8381613,7.17,53363.39,55746.22,48178.850528688985,48218.445306189,56796.85786024919,48229.78909091406,50536.57767772929
10,10,2012-08-31,51521.8,False,B,126512,86.97,3.886,26218.85,0.0,68.24,12440.51,3544.68,130.8853548,7.17,51521.8,51092.48,48178.850528688985,48218.44529101769,54148.56937155281,48555.85106480364,47553.07460253755
10,10,2012-09-07,48221.99,True,B,126512,83.07,4.124,11848.88,20.0,47.52,3530.47,2552.3,130.9325484,7.17,48221.99,53587.25,48178.850528688985,48218.445277668034,52259.56989204065,48775.76969383304,47579.213044648546
10,10,2012-09-14,47110.6,False,B,126512,78.47,3.966,10389.14,0.0,15.97,4943.53,7618.04,130.9776667,7.17,47110.6,46260.53,48178.850528688985,48218.4452659213,48963.20012754326,48924.0979481745,43329.19241227191
10,10,2012-09-21,46756.39,False,B,126512,81.93,4.125,11273.56,245.91,27.0,2976.5,7950.03,131.0103333,7.17,46756.39,49346.6,48178.850528688985,48218.44525558503,51347.866245261815,49024.14072823859,45593.027478852906
10,10,2012-09-28,47821.03,False,B,126512,82.52,3.966,6091.96,62.82,2.82,3350.88,1751.75,131.043,7.17,47821.03,46741.08,48178.850528688985,48218.44524648985,49465.65069678765,49091.61646229471,43747.68596845312
10,10,2012-10-05,46511.89,False,B,126512,80.88,4.132,8975.95,0.0,46.24,9546.75,7186.77,131.0756667,6.943,46511.89,53097.86,48178.850528688985,48218.445238486755,51016.48347020572,49137.12673983293,46809.33376579051
10,10,2012-10-12,48684.03,False,B,126512,76.03,4.468,2674.51,0.0,10.32,1390.15,8116.13,131.1083333,6.943,48684.03,48159.92,48178.850528688985,48218.44523144462,46575.41561677417,49167.822002219895,42910.89117287395
10,10,2012-10-19,46947.21,False,B,126512,72.71,4.449,3067.64,0.0,53.6,967.02,2705.58,131.1499677,6.943,46947.21,46021.91,48178.850528688985,48218.44522524804,47870.039730132805,49188.524999080626,42722.80349892131
10,10,2012-10-26,43637.06,False,B,126512,70.5,4.301,9657.93,63.3,100.0,1925.87,834.57,131.1930968,6.943,43637.06,43216.33,48178.850528688985,48218.445219795496,43890.061113970674,49202.48852457886,39838.72542951946
10,13,2012-08-10,66524.77,False,B,126512,90.78,3.811,15282.47,0.0,58.8,5537.01,14827.71,130.7561613,7.17,66524.77,61249.68,62344.88522806838,62098.63875238328,63183.760677822815,66305.61861023484,65619.85986434031
10,13,2012-08-17,68639.73,False,B,126512,88.83,4.002,4407.9,0.0,7.2,3037.56,3717.52,130.7909677,7.17,68639.73,69949.28,62344.88522806838,62098.63875126439,69588.14468586311,65875.14879516234,74088.69656035774
10,13,2012-08-24,64019.57,False,B,126512,82.5,4.055,11322.69,0.0,34.0,6602.59,7256.22,130.8381613,7.17,64019.57,65340.01,62344.88522806838,62098.63875031029,66002.49558515918,65780.76141797665,69628.10345562924
10,13,2012-08-31,58043.31,False,B,126512,86.97,3.886,26218.85,0.0,68.24,12440.51,3544.68,130.8853548,7.17,58043.31,62869.37,62344.88522806838,62098.63874949669,66274.24408106078,65760.06547912088,67555.20716077002
10,13,2012-09-07,63844.99,True,B,126512,83.07,4.124,11848.88,20.0,47.52,3530.47,2552.3,130.9325484,7.17,63844.99,62026.6,62344.88522806838,62098.638748802914,67009.20349874285,65755.5275642228,66929.99263116742
10,13,2012-09-14,61430.75,False,B,126512,78.47,3.966,10389.14,0.0,15.97,4943.53,7618.04,130.9776667,7.17,61430.75,61359.53,62344.88522806838,62098.63874821131,64107.68206313843,65754.53255395697,65956.12430552444
10,13,2012-09-21,60853.2,False,B,126512,81.93,4.125,11273.56,245.91,27.0,2976.5,7950.03,131.0103333,7.17,60853.2,63588.09,62344.88522806838,62098.638747706835,65094.55614243572,65754.31438207599,67986.84642790853
10,13,2012-09-28,56960.17,False,B,126512,82.52,3.966,6091.96,62.82,2.82,3350.88,1751.75,131.043,7.17,56960.17,59617.8,62344.88522806838,62098.63874727665,62736.083233258454,65754.2665444091,64267.00541884685
10,13,2012-10-05,64940.04,False,B,126512,80.88,4.132,8975.95,0.0,46.24,9546.75,7186.77,131.0756667,6.943,64940.04,65464.57,62344.88522806838,62098.638746909826,67738.85003453944,65754.25605523714,69937.3137580337
10,13,2012-10-12,61065.21,False,B,126512,76.03,4.468,2674.51,0.0,10.32,1390.15,8116.13,131.1083333,6.943,61065.21,61492.4,62344.88522806838,62098.63874659702,61529.17793252774,65754.25375531879,65688.68013321084
10,13,2012-10-19,58976.21,False,B,126512,72.71,4.449,3067.64,0.0,53.6,967.02,2705.58,131.1499677,6.943,58976.21,60363.04,62344.88522806838,62098.63874633028,62120.77247274789,65754.25325102499,64794.065730637005
10,13,2012-10-26,61010.32,False,B,126512,70.5,4.301,9657.93,63.3,100.0,1925.87,834.57,131.1930968,6.943,61010.32,58593.28,62344.88522806838,62098.63874610283,59889.72265347483,65754.25314045053,62968.01115590743
10,23,2012-08-10,69871.07,False,B,126512,90.78,3.811,15282.47,0.0,58.8,5537.01,14827.71,130.7561613,7.17,69871.07,76763.05,79756.96793877284,79850.45400313448,79015.08208246905,76358.64663681414,88982.6675701849
10,23,2012-08-17,64470.6,False,B,126512,88.83,4.002,4407.9,0.0,7.2,3037.56,3717.52,130.7909677,7.17,64470.6,68116.85,79756.96793877284,79905.82581507582,72407.0716983155,72361.03731618967,79908.44103300244
10,23,2012-08-24,59430.24,False,B,126512,82.5,4.055,11322.69,0.0,34.0,6602.59,7256.22,130.8381613,7.17,59430.24,55395.83,79756.96793877284,79960.92076795746,60824.48576308541,70160.7577003785,67601.63975510589
10,23,2012-08-31,54524.55,False,B,126512,86.97,3.886,26218.85,0.0,68.24,12440.51,3544.68,130.8853548,7.17,54524.55,49337.1,79756.96793877284,80015.7402460747,55269.08428886775,68949.72630649582,61511.2867832486
10,23,2012-09-07,52855.22,True,B,126512,83.07,4.124,11848.88,20.0,47.52,3530.47,2552.3,130.9325484,7.17,52855.22,46835.92,79756.96793877284,80070.28562680133,50750.44407508276,68283.17600696551,58853.87818825844
10,23,2012-09-14,53483.66,False,B,126512,78.47,3.966,10389.14,0.0,15.97,4943.53,7618.04,130.9776667,7.17,53483.66,50779.91,79756.96793877284,80124.55828062435,52940.163924767665,67916.3074814688,62587.41421698125
10,23,2012-09-21,53112.83,False,B,126512,81.93,4.125,11273.56,245.91,27.0,2976.5,7950.03,131.0103333,7.17,53112.83,50189.1,79756.96793877284,80178.55957117824,53563.25592000254,67714.38346298892,62127.73897919406
10,23,2012-09-28,51737.52,False,B,126512,82.52,3.966,6091.96,62.82,2.82,3350.88,1751.75,131.043,7.17,51737.52,46833.86,79756.96793877284,80232.29085527937,51470.86373205557,67603.24471325873,58905.39185978094
10,23,2012-10-05,54097.4,False,B,126512,80.88,4.132,8975.95,0.0,46.24,9546.75,7186.77,131.0756667,6.943,54097.4,55787.23,79756.96793877284,80285.75348295998,59939.51153308229,67542.07407202161,67774.6577175909
10,23,2012-10-12,55403.73,False,B,126512,76.03,4.468,2674.51,0.0,10.32,1390.15,8116.13,131.1083333,6.943,55403.73,61447.35,79756.96793877284,80338.9487975022,61778.9948595199,67508.40582077311,73028.30790896142
10,23,2012-10-19,58628.76,False,B,126512,72.71,4.449,3067.64,0.0,53.6,967.02,2705.58,131.1499677,6.943,58628.76,53643.42,79756.96793877284,80391.8781354717,61558.22918887902,67489.87485364237,66014.76853542346
10,23,2012-10-26,59735.58,False,B,126512,70.5,4.301,9657.93,63.3,100.0,1925.87,834.57,131.1930968,6.943,59735.58,53764.46,79756.96793877284,80444.54282675136,63198.5850558081,67479.67543044493,66284.17710176761
10,34,2012-08-10,42482.95,False,B,126512,90.78,3.811,15282.47,0.0,58.8,5537.01,14827.71,130.7561613,7.17,42482.95,50332.55,46500.972170015986,46492.15082061326,47170.089786753575,45992.63482662657,47966.54023145921
10,34,2012-08-17,38431.52,False,B,126512,88.83,4.002,4407.9,0.0,7.2,3037.56,3717.52,130.7909677,7.17,38431.52,46721.54,46500.972170015986,46488.95088150045,44174.926459694514,45080.7777340407,45037.43139185334
10,34,2012-08-24,38754.25,False,B,126512,82.5,4.055,11322.69,0.0,34.0,6602.59,7256.22,130.8381613,7.17,38754.25,39004.9,46500.972170015986,46485.85407159621,38126.66781957123,44518.366208402294,39057.43840216634
10,34,2012-08-31,34766.64,False,B,126512,86.97,3.886,26218.85,0.0,68.24,12440.51,3544.68,130.8853548,7.17,34766.64,36140.78,46500.972170015986,46482.857067201774,34725.28762408918,44171.484304710655,36378.702748859665
10,34,2012-09-07,34093.95,True,B,126512,83.07,4.124,11848.88,20.0,47.52,3530.47,2552.3,130.9325484,7.17,34093.95,36157.22,46500.972170015986,46479.95665173618,37592.82205822121,43957.53588860707,37363.79353984903
10,34,2012-09-14,34942.82,False,B,126512,78.47,3.966,10389.14,0.0,15.97,4943.53,7618.04,130.9776667,7.17,34942.82,37592.16,46500.972170015986,46477.149712284016,37198.60622021233,43825.57765075698,37883.42153112578
10,34,2012-09-21,34051.94,False,B,126512,81.93,4.125,11273.56,245.91,27.0,2976.5,7950.03,131.0103333,7.17,34051.94,33354.03,46500.972170015986,46474.43323625443,35023.4038624855,43744.18898308828,34974.33757418264
10,34,2012-09-28,31800.24,False,B,126512,82.52,3.966,6091.96,62.82,2.82,3350.88,1751.75,131.043,7.17,31800.24,33973.41,46500.972170015986,46471.80430814784,33141.07730742098,43693.99041016999,34565.85592572615
10,34,2012-10-05,34984.12,False,B,126512,80.88,4.132,8975.95,0.0,46.24,9546.75,7186.77,131.0756667,6.943,34984.12,37405.32,46500.972170015986,46469.26010642679,37067.85689803113,43663.02913760941,37615.44628633759
10,34,2012-10-12,37214.03,False,B,126512,76.03,4.468,2674.51,0.0,10.32,1390.15,8116.13,131.1083333,6.943,37214.03,36956.65,46500.972170015986,46466.79790048775,37038.86980134114,43643.93296927549,37339.497786181586
10,34,2012-10-19,39109.96,False,B,126512,72.71,4.449,3067.64,0.0,53.6,967.02,2705.58,131.1499677,6.943,39109.96,35333.99,46500.972170015986,46464.4150477304,38849.312606640335,43632.15491188705,37129.23214938998
10,34,2012-10-26,38454.92,False,B,126512,70.5,4.301,9657.93,63.3,100.0,1925.87,834.57,131.1930968,6.943,38454.92,35300.95,46500.972170015986,46462.10899072144,41098.701607472176,43624.89048933801,37847.31004442785
10,38,2012-08-10,79456.11,False,B,126512,90.78,3.811,15282.47,0.0,58.8,5537.01,14827.71,130.7561613,7.17,79456.11,83514.5,83794.63005584056,80840.44945800355,97120.29685872445,83220.07465699699,86572.59394163321
10,38,2012-08-17,78532.79,False,B,126512,88.83,4.002,4407.9,0.0,7.2,3037.56,3717.52,130.7909677,7.17,78532.79,79557.55,83794.63005584056,80510.9657371506,96072.34889962476,83632.11823121634,84484.99317406883
10,38,2012-08-24,85112.42,False,B,126512,82.5,4.055,11322.69,0.0,34.0,6602.59,7256.22,130.8381613,7.17,85112.42,70091.05,83794.63005584056,80217.27833434314,78978.77024161545,83706.16239364118,73950.18260580493
10,38,2012-08-31,76349.07,False,B,126512,86.97,3.886,26218.85,0.0,68.24,12440.51,3544.68,130.8853548,7.17,76349.07,98658.34,83794.63005584056,79955.49820649797,95596.9037081729,83719.46811743407,90043.72759535786
10,38,2012-09-07,77247.83,True,B,126512,83.07,4.124,11848.88,20.0,47.52,3530.47,2552.3,130.9325484,7.17,77247.83,74690.39,83794.63005584056,79722.1588304146,89711.20931539383,83721.85915380823,80323.77634011954
10,38,2012-09-14,87518.64,False,B,126512,78.47,3.966,10389.14,0.0,15.97,4943.53,7618.04,130.9776667,7.17,87518.64,84057.42,83794.63005584056,79514.17029866793,93520.66712132047,83722.28882265087,84829.63860738384
10,38,2012-09-21,88964.54,False,B,126512,81.93,4.125,11273.56,245.91,27.0,2976.5,7950.03,131.0103333,7.17,88964.54,83300.23,83794.63005584056,79328.77840269114,85159.81523290009,83722.36603407112,80789.24870268327
10,38,2012-09-28,85036.81,False,B,126512,82.52,3.966,6091.96,62.82,2.82,3350.88,1751.75,131.043,7.17,85036.81,84365.26,83794.63005584056,79163.52816122239,86066.00549849005,83722.37990895062,81560.32091864116
10,38,2012-10-05,81722.12,False,B,126512,80.88,4.132,8975.95,0.0,46.24,9546.75,7186.77,131.0756667,6.943,81722.12,90270.56,83794.63005584056,79016.23131115458,89599.01924649051,83722.38240226418,85017.212579515
10,38,2012-10-12,96191.28,False,B,126512,76.03,4.468,2674.51,0.0,10.32,1390.15,8116.13,131.1083333,6.943,96191.28,78538.35,83794.63005584056,78884.93733029827,90449.57862818589,83722.38285031222,81927.31538953401
10,38,2012-10-19,86841.22,False,B,126512,72.71,4.449,3067.64,0.0,53.6,967.02,2705.58,131.1499677,6.943,86841.22,78613.61,83794.63005584056,78767.90760833774,89856.11274070719,83722.38293082638,81645.10977265237
10,38,2012-10-26,76447.65,False,B,126512,70.5,4.301,9657.93,63.3,100.0,1925.87,834.57,131.1930968,6.943,76447.65,82021.14,83794.63005584056,78663.59242394898,90759.82291046299,83722.38294529477,83078.51815834899
10,40,2012-08-10,98585.78,False,B,126512,90.78,3.811,15282.47,0.0,58.8,5537.01,14827.71,130.7561613,7.17,98585.78,93704.22,94391.77717648969,94381.60438854173,95082.47854505233,94962.92240616509,95998.58597408661
10,40,2012-08-17,98694.38,False,B,126512,88.83,4.002,4407.9,0.0,7.2,3037.56,3717.52,130.7909677,7.17,98694.38,92525.37,94391.77717648969,94381.42504743447,97562.45932279948,94918.60868616457,95054.1998259118
10,40,2012-08-24,98800.09,False,B,126512,82.5,4.055,11322.69,0.0,34.0,6602.59,7256.22,130.8381613,7.17,98800.09,90741.13,94391.77717648969,94381.2574224674,91215.91305580076,94912.00860663927,92924.9445249066
10,40,2012-08-31,92971.95,False,B,126512,86.97,3.886,26218.85,0.0,68.24,12440.51,3544.68,130.8853548,7.17,92971.95,96273.26,94391.77717648969,94381.10074823909,97910.50313842925,94911.02559167822,98509.05317251255
10,40,2012-09-07,97251.53,True,B,126512,83.07,4.124,11848.88,20.0,47.52,3530.47,2552.3,130.9325484,7.17,97251.53,93133.89,94391.77717648969,94380.95430935084,95502.66235553556,94910.8791815615,95442.76772615605
10,40,2012-09-14,95464.9,False,B,126512,78.47,3.966,10389.14,0.0,15.97,4943.53,7618.04,130.9776667,7.17,95464.9,91755.68,94391.77717648969,94380.81743714014,95362.18492766665,94910.8573752583,94167.76632826649
10,40,2012-09-21,91925.86,False,B,126512,81.93,4.125,11273.56,245.91,27.0,2976.5,7950.03,131.0103333,7.17,91925.86,94732.0,94391.77717648969,94380.68950662737,94606.60983594661,94910.85412743043,96824.7483705846
10,40,2012-09-28,94653.7,False,B,126512,82.52,3.966,6091.96,62.82,2.82,3350.88,1751.75,131.043,7.17,94653.7,92255.21,94391.77717648969,94380.5699336621,91308.58814098607,94910.85364369937,94292.02446434318
10,40,2012-10-05,98848.77,False,B,126512,80.88,4.132,8975.95,0.0,46.24,9546.75,7186.77,131.0756667,6.943,98848.77,99169.95,94391.77717648969,94380.45817225573,97643.50568639417,94910.85357165254,101113.93108908365
10,40,2012-10-12,97283.41,False,B,126512,76.03,4.468,2674.51,0.0,10.32,1390.15,8116.13,131.1083333,6.943,97283.41,95710.94,94391.77717648969,94380.35371208847,94429.27338955921,94910.8535609219,97686.74314660183
10,40,2012-10-19,94644.66,False,B,126512,72.71,4.449,3067.64,0.0,53.6,967.02,2705.58,131.1499677,6.943,94644.66,92492.33,94391.77717648969,94380.25607617908,96642.81101291084,94910.85355932367,94908.90701616675
10,40,2012-10-26,95015.0,False,B,126512,70.5,4.301,9657.93,63.3,100.0,1925.87,834.57,131.1930968,6.943,95015.0,93319.55,94391.77717648969,94380.16481870697,95335.32210984366,94910.85355908563,95550.42783342532
10,46,2012-08-10,53104.95,False,B,126512,90.78,3.811,15282.47,0.0,58.8,5537.01,14827.71,130.7561613,7.17,53104.95,51189.47,54625.400804396864,54626.36020522649,52617.63055444352,55143.28668117416,52190.50071397566
10,46,2012-08-17,52857.99,False,B,126512,88.83,4.002,4407.9,0.0,7.2,3037.56,3717.52,130.7909677,7.17,52857.99,52610.15,54625.400804396864,54626.360205226636,53265.821001892815,55583.92797243671,53533.72289993919
10,46,2012-08-24,48217.8,False,B,126512,82.5,4.055,11322.69,0.0,34.0,6602.59,7256.22,130.8381613,7.17,48217.8,48051.93,54625.400804396864,54626.360205226745,48952.84439128634,55852.74375496237,49025.01705405137
10,46,2012-08-31,45690.09,False,B,126512,86.97,3.886,26218.85,0.0,68.24,12440.51,3544.68,130.8853548,7.17,45690.09,47387.32,54625.400804396864,54626.36020522684,49748.08388786461,56016.736386537676,48492.05722997962
10,46,2012-09-07,46935.66,True,B,126512,83.07,4.124,11848.88,20.0,47.52,3530.47,2552.3,130.9325484,7.17,46935.66,46607.32,54625.400804396864,54626.36020522691,48828.96617393822,56116.78104521923,47705.680150133536
10,46,2012-09-14,43916.33,False,B,126512,78.47,3.966,10389.14,0.0,15.97,4943.53,7618.04,130.9776667,7.17,43916.33,46372.64,54625.400804396864,54626.36020522697,48120.132260352955,56177.813871112456,47434.20491771556
10,46,2012-09-21,46056.29,False,B,126512,81.93,4.125,11273.56,245.91,27.0,2976.5,7950.03,131.0103333,7.17,46056.29,48649.41,54625.400804396864,54626.360205227014,48113.79461039608,56215.04730151847,49498.350486354
10,46,2012-09-28,45796.01,False,B,126512,82.52,3.966,6091.96,62.82,2.82,3350.88,1751.75,131.043,7.17,45796.01,44102.68,54625.400804396864,54626.36020522705,46053.396501639814,56237.76177228908,45194.57639248792
10,46,2012-10-05,48404.31,False,B,126512,80.88,4.132,8975.95,0.0,46.24,9546.75,7186.77,131.0756667,6.943,48404.31,48499.81,54625.400804396864,54626.36020522708,50920.49231254391,56251.618867291145,49605.45207165881
10,46,2012-10-12,45384.81,False,B,126512,76.03,4.468,2674.51,0.0,10.32,1390.15,8116.13,131.1083333,6.943,45384.81,48705.98,54625.400804396864,54626.36020522711,50089.11626687324,56260.07246869068,49716.92277993365
10,46,2012-10-19,46611.46,False,B,126512,72.71,4.449,3067.64,0.0,53.6,967.02,2705.58,131.1499677,6.943,46611.46,47416.94,54625.400804396864,54626.36020522712,50598.50234622009,56265.22963739103,48596.04744667911
10,46,2012-10-26,48375.09,False,B,126512,70.5,4.301,9657.93,63.3,100.0,1925.87,834.57,131.1930968,6.943,48375.09,48246.06,54625.400804396864,54626.36020522714,49588.82980106283,56268.37579815101,49266.672710434534
10,72,2012-08-10,105458.18,False,B,126512,90.78,3.811,15282.47,0.0,58.8,5537.01,14827.71,130.7561613,7.17,105458.18,129239.0,103920.55702292014,104326.61466178123,114166.71376250706,105595.50023311721,111469.0620866147
10,72,2012-08-17,118339.36,False,B,126512,88.83,4.002,4407.9,0.0,7.2,3037.56,3717.52,130.7909677,7.17,118339.36,152246.75,103920.55702292014,104326.61466165418,140703.84667590834,105353.62200237099,134212.55645256393
10,72,2012-08-24,115171.28,False,B,126512,82.5,4.055,11322.69,0.0,34.0,6602.59,7256.22,130.8381613,7.17,115171.28,125855.98,103920.55702292014,104326.61466154973,106441.31553808278,105335.10937601366,107158.06937280239
10,72,2012-08-31,96347.84,False,B,126512,86.97,3.886,26218.85,0.0,68.24,12440.51,3544.68,130.8853548,7.17,96347.84,139659.53,103920.55702292014,104326.61466146384,105010.96635835893,105333.69247572632,117133.61404633221
10,72,2012-09-07,110519.11,True,B,126512,83.07,4.124,11848.88,20.0,47.52,3530.47,2552.3,130.9325484,7.17,110519.11,123021.88,103920.55702292014,104326.61466139324,96059.6097469251,105333.58403047465,102874.53080509944
10,72,2012-09-14,107830.89,False,B,126512,78.47,3.966,10389.14,0.0,15.97,4943.53,7618.04,130.9776667,7.17,107830.89,113522.35,103920.55702292014,104326.61466133517,96119.37317927921,105333.57573040391,95877.65916735675
10,72,2012-09-21,123513.57,False,B,126512,81.93,4.125,11273.56,245.91,27.0,2976.5,7950.03,131.0103333,7.17,123513.57,116602.04,103920.55702292014,104326.61466128744,93182.21453112832,105333.57509514167,97503.15257597103
10,72,2012-09-28,129930.09,False,B,126512,82.52,3.966,6091.96,62.82,2.82,3350.88,1751.75,131.043,7.17,129930.09,123573.06,103920.55702292014,104326.61466124821,96437.73713797901,105333.57504652062,103555.85051197547
10,72,2012-10-05,121408.81,False,B,126512,80.88,4.132,8975.95,0.0,46.24,9546.75,7186.77,131.0756667,6.943,121408.81,126638.92,103920.55702292014,104326.61466121594,103289.5055574464,105333.57504279932,107726.11719092887
10,72,2012-10-12,113547.32,False,B,126512,76.03,4.468,2674.51,0.0,10.32,1390.15,8116.13,131.1083333,6.943,113547.32,117679.29,103920.55702292014,104326.61466118942,89015.21506469276,105333.5750425145,98133.36309478883
10,72,2012-10-19,101213.23,False,B,126512,72.71,4.449,3067.64,0.0,53.6,967.02,2705.58,131.1499677,6.943,101213.23,145623.07,103920.55702292014,104326.61466116761,98460.99548424411,105333.5750424927,121392.84873459241
10,72,2012-10-26,121126.83,False,B,126512,70.5,4.301,9657.93,63.3,100.0,1925.87,834.57,131.1930968,6.943,121126.83,148579.95,103920.55702292014,104326.61466114968,89785.44369363724,105333.57504249102,121630.8426972691
10,74,2012-08-10,42614.36,False,B,126512,90.78,3.811,15282.47,0.0,58.8,5537.01,14827.71,130.7561613,7.17,42614.36,44093.98,41129.95731612194,41084.870162662875,44285.49869336556,41130.77160304098,42684.57511477052
10,74,2012-08-17,49468.44,False,B,126512,88.83,4.002,4407.9,0.0,7.2,3037.56,3717.52,130.7909677,7.17,49468.44,48607.26,41129.95731612194,41084.870159809274,48712.98076364337,41160.146370944654,46570.499504764186
10,74,2012-08-24,40923.46,False,B,126512,82.5,4.055,11322.69,0.0,34.0,6602.59,7256.22,130.8381613,7.17,40923.46,45471.67,41129.95731612194,41084.870157369114,44048.98121417656,41153.211086368705,43278.43330490238
10,74,2012-08-31,38189.58,False,B,126512,86.97,3.886,26218.85,0.0,68.24,12440.51,3544.68,130.8853548,7.17,38189.58,40835.23,41129.95731612194,41084.870155282486,42200.59331089774,41154.848483889844,39485.12235865885
10,74,2012-09-07,40175.34,True,B,126512,83.07,4.124,11848.88,20.0,47.52,3530.47,2552.3,130.9325484,7.17,40175.34,39151.54,41129.95731612194,41084.87015349818,39996.771309805685,41154.46189980481,37718.10426123909
10,74,2012-09-14,35218.81,False,B,126512,78.47,3.966,10389.14,0.0,15.97,4943.53,7618.04,130.9776667,7.17,35218.81,34347.84,41129.95731612194,41084.87015197238,34009.127043430475,41154.553171015905,32753.8223247369
10,74,2012-09-21,34016.43,False,B,126512,81.93,4.125,11273.56,245.91,27.0,2976.5,7950.03,131.0103333,7.17,34016.43,38954.23,41129.95731612194,41084.87015066766,37603.48069775882,41154.53162218785,36923.21147479175
10,74,2012-09-28,34885.51,False,B,126512,82.52,3.966,6091.96,62.82,2.82,3350.88,1751.75,131.043,7.17,34885.51,35240.31,41129.95731612194,41084.870149551956,35401.208816004146,41154.53670979417,33743.452254245174
10,74,2012-10-05,32861.26,False,B,126512,80.88,4.132,8975.95,0.0,46.24,9546.75,7186.77,131.0756667,6.943,32861.26,40658.71,41129.95731612194,41084.8701485979,39335.509628071355,41154.53550862731,38573.48263216367
10,74,2012-10-12,36822.83,False,B,126512,76.03,4.468,2674.51,0.0,10.32,1390.15,8116.13,131.1083333,6.943,36822.83,32995.0,41129.95731612194,41084.87014778208,35158.10385113701,41154.5357922188,32108.99002955634
10,74,2012-10-19,33927.57,False,B,126512,72.71,4.449,3067.64,0.0,53.6,967.02,2705.58,131.1499677,6.943,33927.57,38130.76,41129.95731612194,41084.87014708445,37595.23123130636,41154.5357252638,36330.14086300219
10,74,2012-10-26,33862.98,False,B,126512,70.5,4.301,9657.93,63.3,100.0,1925.87,834.57,131.1930968,6.943,33862.98,35201.53,41129.95731612194,41084.8701464879,33140.14371236514,41154.53574107165,33096.43383042093
10,92,2012-08-10,56447.86,False,B,126512,90.78,3.811,15282.47,0.0,58.8,5537.01,14827.71,130.7561613,7.17,56447.86,50422.9,52517.793118690664,52453.69925915614,54238.368903141214,53510.53623656019,55830.69925903843
10,92,2012-08-17,55798.22,False,B,126512,88.83,4.002,4407.9,0.0,7.2,3037.56,3717.52,130.7909677,7.17,55798.22,52096.32,52517.793118690664,52453.699256247965,55594.31085366639,53069.62798446168,57499.19840072304
10,92,2012-08-24,51237.75,False,B,126512,82.5,4.055,11322.69,0.0,34.0,6602.59,7256.22,130.8381613,7.17,51237.75,50721.48,52517.793118690664,52453.69925373884,52705.793731395956,52818.41761894708,55939.42434173806
10,92,2012-08-31,47542.72,False,B,126512,86.97,3.886,26218.85,0.0,68.24,12440.51,3544.68,130.8853548,7.17,47542.72,50409.61,52517.793118690664,52453.69925157402,53640.731089134846,52675.28886723599,55803.80301728098
10,92,2012-09-07,51893.06,True,B,126512,83.07,4.124,11848.88,20.0,47.52,3530.47,2552.3,130.9325484,7.17,51893.06,49844.82,52517.793118690664,52453.699249706246,53740.13155759555,52593.74032315259,55337.41982779219
10,92,2012-09-14,50307.59,False,B,126512,78.47,3.966,10389.14,0.0,15.97,4943.53,7618.04,130.9776667,7.17,50307.59,49748.67,52517.793118690664,52453.69924809477,52161.64078303729,52547.277505845654,55057.026242052576
10,92,2012-09-21,49597.54,False,B,126512,81.93,4.125,11273.56,245.91,27.0,2976.5,7950.03,131.0103333,7.17,49597.54,49481.37,52517.793118690664,52453.69924670441,51695.19164530903,52520.80501125531,54775.857518476056
10,92,2012-09-28,50045.69,False,B,126512,82.52,3.966,6091.96,62.82,2.82,3350.88,1751.75,131.043,7.17,50045.69,48535.0,52517.793118690664,52453.69924550483,50210.31583596564,52505.72213401164,53771.96052194339
10,92,2012-10-05,54063.04,False,B,126512,80.88,4.132,8975.95,0.0,46.24,9546.75,7186.77,131.0756667,6.943,54063.04,55517.16,52517.793118690664,52453.69924446986,56748.09262665734,52497.12856587731,60662.42327859488
10,92,2012-10-12,53206.88,False,B,126512,76.03,4.468,2674.51,0.0,10.32,1390.15,8116.13,131.1083333,6.943,53206.88,53315.69,52517.793118690664,52453.699243576906,53548.010115993085,52492.23232412674,58332.51330287524
10,92,2012-10-19,55225.23,False,B,126512,72.71,4.449,3067.64,0.0,53.6,967.02,2705.58,131.1499677,6.943,55225.23,49770.57,52517.793118690664,52453.69924280648,52660.41648448046,52489.44265830861,55136.53264435571
10,92,2012-10-26,53198.97,False,B,126512,70.5,4.301,9657.93,63.3,100.0,1925.87,834.57,131.1930968,6.943,53198.97,49786.28,52517.793118690664,52453.69924214177,53457.09673306019,52487.85322793052,55230.38704108236
10,95,2012-08-10,78052.06,False,B,126512,90.78,3.811,15282.47,0.0,58.8,5537.01,14827.71,130.7561613,7.17,78052.06,73006.25,72870.95093797006,72838.9735145527,74153.6088390816,73357.84882445092,73837.77379694088
10,95,2012-08-17,76087.84,False,B,126512,88.83,4.002,4407.9,0.0,7.2,3037.56,3717.52,130.7909677,7.17,76087.84,75582.88,72870.95093797006,72815.65025499293,78241.95447335715,73293.83619184278,76969.22027683906
10,95,2012-08-24,70906.84,False,B,126512,82.5,4.055,11322.69,0.0,34.0,6602.59,7256.22,130.8381613,7.17,70906.84,73809.66,72870.95093797006,72792.45483719016,73831.45357374268,73284.23340342706,74035.577830436
10,95,2012-08-31,71380.49,False,B,126512,86.97,3.886,26218.85,0.0,68.24,12440.51,3544.68,130.8853548,7.17,71380.49,74689.88,72870.95093797006,72769.38656040555,76288.4261512779,73282.79285112355,75646.33689034561
10,95,2012-09-07,71977.12,True,B,126512,83.07,4.124,11848.88,20.0,47.52,3530.47,2552.3,130.9325484,7.17,71977.12,70571.49,72870.95093797006,72746.44472774114,72608.4275356783,73282.57674816999,71899.82134601132
10,95,2012-09-14,66570.53,False,B,126512,78.47,3.966,10389.14,0.0,15.97,4943.53,7618.04,130.9776667,7.17,66570.53,68798.62,72870.95093797006,72723.62864611893,71277.27567665638,73282.54432971046,70378.87889891915
10,95,2012-09-21,67963.11,False,B,126512,81.93,4.125,11273.56,245.91,27.0,2976.5,7950.03,131.0103333,7.17,67963.11,70933.78,72870.95093797006,72700.93762625987,72855.82485578957,73282.53946648902,72082.10561828628
10,95,2012-09-28,67903.38,False,B,126512,82.52,3.966,6091.96,62.82,2.82,3350.88,1751.75,131.043,7.17,67903.38,68065.98,72870.95093797006,72678.37098266304,70470.59142597447,73282.53873693792,69605.38392916498
10,95,2012-10-05,71869.34,False,B,126512,80.88,4.132,8975.95,0.0,46.24,9546.75,7186.77,131.0756667,6.943,71869.34,69028.55,72870.95093797006,72655.92803358499,72163.37618068454,73282.53862749507,70849.67406389245
10,95,2012-10-12,69742.01,False,B,126512,76.03,4.468,2674.51,0.0,10.32,1390.15,8116.13,131.1083333,6.943,69742.01,68991.12,72870.95093797006,72633.60810101907,71256.7790271162,73282.53861107712,70487.43008827548
10,95,2012-10-19,68044.5,False,B,126512,72.71,4.449,3067.64,0.0,53.6,967.02,2705.58,131.1499677,6.943,68044.5,66670.83,72870.95093797006,72611.41051067502,67651.82832684454,73282.5386086142,67928.19977045825
10,95,2012-10-26,64643.03,False,B,126512,70.5,4.301,9657.93,63.3,100.0,1925.87,834.57,131.1930968,6.943,64643.03,63924.58,72870.95093797006,72589.33459195857,63602.910834928334,73282.53860824472,64919.90719460891
11,2,2012-08-10,57469.0,False,A,207499,86.21,3.494,16812.92,128.54,8.74,4764.33,4098.22,225.4735085,6.334,57469.0,61524.19,58442.42568061013,58432.73677666799,65287.42112039286,59018.09677094132,59022.30033062205
11,2,2012-08-17,61262.08,False,A,207499,87.73,3.571,6844.78,209.26,0.04,1235.79,2254.08,225.5558664,6.334,61262.08,69185.11,58442.42568061013,58432.73677658764,63936.01343495425,60141.3211879984,63118.904662715046
11,2,2012-08-24,61866.94,False,A,207499,83.17,3.62,3936.04,74.16,102.55,1673.59,4930.02,225.6925864,6.334,61866.94,61848.65,58442.42568061013,58432.73677652008,59670.73582307798,59337.186845181175,57313.54534227309
11,2,2012-08-31,60721.27,False,A,207499,86.49,3.638,16650.73,120.0,45.0,7575.93,6689.78,225.8293063,6.334,60721.27,62254.39,58442.42568061013,58432.73677646327,59374.33930607532,59912.879495268244,57440.47620381934
11,2,2012-09-07,57075.27,True,A,207499,85.17,3.73,14597.86,56.0,45.05,3235.27,2855.68,225.9660263,6.334,57075.27,58615.79,58442.42568061013,58432.736776415506,54112.97533418379,59500.73191032223,53556.37455489247
11,2,2012-09-14,53768.32,False,A,207499,79.61,3.717,7571.95,32.98,19.52,707.47,8664.16,226.1122067,6.334,53768.32,58793.54,58442.42568061013,58432.736776375335,56699.641282913784,59795.794964803026,54462.00026991178
11,2,2012-09-21,55523.02,False,A,207499,73.64,3.721,6267.79,159.46,12.0,838.95,9194.37,226.3151496,6.334,55523.02,57388.13,58442.42568061013,58432.73677634156,53403.549399304975,59584.554600187184,52583.1117214973
11,2,2012-09-28,52256.71,False,A,207499,77.67,3.666,7694.84,51.91,5.2,1653.38,3211.84,226.5180926,6.334,52256.71,57896.38,58442.42568061013,58432.736776313155,52790.98688406197,59735.78495914064,52745.150429311405
11,2,2012-10-05,59397.25,False,A,207499,73.37,3.617,5635.1,0.0,27.94,1754.56,5473.9,226.7210356,6.034,59397.25,59946.55,58442.42568061013,58432.736776289275,56111.54321166727,59627.516723991626,55080.38984140713
11,2,2012-10-12,51792.42,False,A,207499,69.94,3.601,2345.03,0.0,22.95,271.93,13035.68,226.9239785,6.034,51792.42,55015.77,58442.42568061013,58432.73677626919,51999.706340129116,59705.02768689221,50647.02959436471
11,2,2012-10-19,48616.84,False,A,207499,73.77,3.594,2344.65,0.0,153.97,409.53,2739.63,226.9688442,6.034,48616.84,54159.04,58442.42568061013,58432.7367762523,52032.020028396444,59649.53634761337,50097.754354661054
11,2,2012-10-26,49926.25,False,A,207499,74.26,3.506,4115.64,147.27,153.0,1060.9,3936.2,226.9873637,6.034,49926.25,52922.4,58442.42568061013,58432.736776238096,50558.66488055259,59689.2634858107,48868.73569488028
11,38,2012-08-10,78535.0,False,A,207499,86.21,3.494,16812.92,128.54,8.74,4764.33,4098.22,225.4735085,6.334,78535.0,70793.11,71205.62491289688,72132.99263109163,67994.96365755307,75850.71732609175,73387.04444158533
11,38,2012-08-17,52881.26,False,A,207499,87.73,3.571,6844.78,209.26,0.04,1235.79,2254.08,225.5558664,6.334,52881.26,78709.35,71205.62491289688,72131.90003884953,68573.0238897453,74039.14810925628,80572.14099932258
11,38,2012-08-24,75131.09,False,A,207499,83.17,3.62,3936.04,74.16,102.55,1673.59,4930.02,225.6925864,6.334,75131.09,67482.22,71205.62491289688,72130.85856432008,63280.706373124616,73570.55041550442,72344.660533364
11,38,2012-08-31,74933.3,False,A,207499,86.49,3.638,16650.73,120.0,45.0,7575.93,6689.78,225.8293063,6.334,74933.3,76127.24,71205.62491289688,72129.86581592438,87042.06341982447,73449.33848689088,84611.76004747274
11,38,2012-09-07,64519.74,True,A,207499,85.17,3.73,14597.86,56.0,45.05,3235.27,2855.68,225.9660263,6.334,64519.74,68046.85,71205.62491289688,72128.91951397527,67001.31299921618,73417.98465857691,74083.77113303961
11,38,2012-09-14,69615.75,False,A,207499,79.61,3.717,7571.95,32.98,19.52,707.47,8664.16,226.1122067,6.334,69615.75,70030.93,71205.62491289688,72128.0174854424,62967.657961383375,73409.87437965316,73677.33349926805
11,38,2012-09-21,60758.87,False,A,207499,73.64,3.721,6267.79,159.46,12.0,838.95,9194.37,226.3151496,6.334,60758.87,71878.86,71205.62491289688,72127.15765896218,60098.83158184472,73407.77649790289,73489.56271243398
11,38,2012-09-28,63291.5,False,A,207499,77.67,3.666,7694.84,51.91,5.2,1653.38,3211.84,226.5180926,6.334,63291.5,64564.73,71205.62491289688,72126.3380600813,67043.66837171098,73407.23383989082,72514.33517265253
11,38,2012-10-05,74786.51,False,A,207499,73.37,3.617,5635.1,0.0,27.94,1754.56,5473.9,226.7210356,6.034,74786.51,78878.72,71205.62491289688,72125.55680672261,74762.3042276544,73407.0934708171,81425.97967833497
11,38,2012-10-12,62014.54,False,A,207499,69.94,3.601,2345.03,0.0,22.95,271.93,13035.68,226.9239785,6.034,62014.54,74753.68,71205.62491289688,72124.81210486333,68678.54562816789,73407.05716161974,77576.17756848542
11,38,2012-10-19,72572.34,False,A,207499,73.77,3.594,2344.65,0.0,153.97,409.53,2739.63,226.9688442,6.034,72572.34,68767.28,71205.62491289688,72124.10224441532,58440.90793208151,73407.04776953801,71532.79050724069
11,38,2012-10-26,58593.72,False,A,207499,74.26,3.506,4115.64,147.27,153.0,1060.9,3936.2,226.9873637,6.034,58593.72,74198.61,71205.62491289688,72123.42559529812,67545.9533580495,73407.04534009297,76942.72978166351
11,40,2012-08-10,55993.86,False,A,207499,86.21,3.494,16812.92,128.54,8.74,4764.33,4098.22,225.4735085,6.334,55993.86,51081.08,54962.177203350024,54872.02436539553,54284.56619983913,55610.19496997705,54140.40879802795
11,40,2012-08-17,57634.09,False,A,207499,87.73,3.571,6844.78,209.26,0.04,1235.79,2254.08,225.5558664,6.334,57634.09,55285.53,54962.177203350024,54872.0219471231,56061.14152976802,55972.261382127996,57718.34295033796
11,40,2012-08-24,55050.02,False,A,207499,83.17,3.62,3936.04,74.16,102.55,1673.59,4930.02,225.6925864,6.334,55050.02,51000.62,54962.177203350024,54872.019754567555,54349.23573865699,55729.041107898345,54037.18379310561
11,40,2012-08-31,56723.78,False,A,207499,86.49,3.638,16650.73,120.0,45.0,7575.93,6689.78,225.8293063,6.334,56723.78,54390.99,54962.177203350024,54872.0177666609,56061.70686486246,55892.42577935935,57028.8291425749
11,40,2012-09-07,55472.45,True,A,207499,85.17,3.73,14597.86,56.0,45.05,3235.27,2855.68,225.9660263,6.334,55472.45,51933.85,54962.177203350024,54872.01596430163,53447.854969943786,55782.671150749666,54581.118120771614
11,40,2012-09-14,54539.16,False,A,207499,79.61,3.717,7571.95,32.98,19.52,707.47,8664.16,226.1122067,6.334,54539.16,52493.21,54962.177203350024,54872.014330171085,55216.54796216984,55856.39947785362,55366.800584324694
11,40,2012-09-21,54523.21,False,A,207499,73.64,3.721,6267.79,159.46,12.0,838.95,9194.37,226.3151496,6.334,54523.21,52000.13,54962.177203350024,54872.01284856714,54685.66282182386,55806.87203389607,54875.224214819216
11,40,2012-09-28,55042.03,False,A,207499,77.67,3.666,7694.84,51.91,5.2,1653.38,3211.84,226.5180926,6.334,55042.03,50552.25,54962.177203350024,54872.01150525324,54785.903831533906,55840.14239009864,53758.79976490749
11,40,2012-10-05,59162.67,False,A,207499,73.37,3.617,5635.1,0.0,27.94,1754.56,5473.9,226.7210356,6.034,59162.67,56116.54,54962.177203350024,54872.01028732167,58887.95665787559,55817.792829665144,58929.58100027233
11,40,2012-10-12,52576.65,False,A,207499,69.94,3.601,2345.03,0.0,22.95,271.93,13035.68,226.9239785,6.034,52576.65,51310.7,54962.177203350024,54872.00918306948,53513.92688405854,55832.80628033364,54093.509018340905
11,40,2012-10-19,49845.63,False,A,207499,73.77,3.594,2344.65,0.0,153.97,409.53,2739.63,226.9688442,6.034,49845.63,50981.1,54962.177203350024,54872.008181886056,54916.714132270965,55822.72090520307,54105.49517631627
11,40,2012-10-26,49642.06,False,A,207499,74.26,3.506,4115.64,147.27,153.0,1060.9,3936.2,226.9873637,6.034,49642.06,52706.3,54962.177203350024,54872.00727415117,53946.53202371246,55829.49581616594,55260.29455640584
11,72,2012-08-10,61810.17,False,A,207499,86.21,3.494,16812.92,128.54,8.74,4764.33,4098.22,225.4735085,6.334,61810.17,56529.0,62018.582932321544,62305.98156928745,83246.28502934876,69747.30130917215,65359.52865230347
11,72,2012-08-17,69682.5,False,A,207499,87.73,3.571,6844.78,209.26,0.04,1235.79,2254.08,225.5558664,6.334,69682.5,71432.38,62018.582932321544,62305.98156928369,78417.26735977341,71051.63065021929,75187.0755399667
11,72,2012-08-24,70233.19,False,A,207499,83.17,3.62,3936.04,74.16,102.55,1673.59,4930.02,225.6925864,6.334,70233.19,65451.48,62018.582932321544,62305.98156928067,62771.05065066609,71341.38834741326,68010.65838352671
11,72,2012-08-31,74962.22,False,A,207499,86.49,3.638,16650.73,120.0,45.0,7575.93,6689.78,225.8293063,6.334,74962.22,65995.29,62018.582932321544,62305.98156927825,72257.34820610376,71405.75822735151,70006.52515530885
11,72,2012-09-07,62859.2,True,A,207499,85.17,3.73,14597.86,56.0,45.05,3235.27,2855.68,225.9660263,6.334,62859.2,59267.47,62018.582932321544,62305.98156927631,61641.80332216627,71420.05804227754,62840.34834044157
11,72,2012-09-14,68198.4,False,A,207499,79.61,3.717,7571.95,32.98,19.52,707.47,8664.16,226.1122067,6.334,68198.4,60008.55,62018.582932321544,62305.98156927474,59770.671907775264,71423.234756404,63052.55445918002
11,72,2012-09-21,90770.05,False,A,207499,73.64,3.721,6267.79,159.46,12.0,838.95,9194.37,226.3151496,6.334,90770.05,64921.69,62018.582932321544,62305.98156927349,56944.49142048899,71423.94046572216,66391.3573580504
11,72,2012-09-28,82639.36,False,A,207499,77.67,3.666,7694.84,51.91,5.2,1653.38,3211.84,226.5180926,6.334,82639.36,57384.22,62018.582932321544,62305.98156927249,53730.58648945325,71424.09723955258,59877.32713923774
11,72,2012-10-05,85856.74,False,A,207499,73.37,3.617,5635.1,0.0,27.94,1754.56,5473.9,226.7210356,6.034,85856.74,61422.39,62018.582932321544,62305.98156927168,58219.648105139626,71424.13206697127,63882.4694313319
11,72,2012-10-12,83292.69,False,A,207499,69.94,3.601,2345.03,0.0,22.95,271.93,13035.68,226.9239785,6.034,83292.69,61253.31,62018.582932321544,62305.981569271025,51594.14212846657,71424.13980390728,62527.229553528334
11,72,2012-10-19,66437.93,False,A,207499,73.77,3.594,2344.65,0.0,153.97,409.53,2739.63,226.9688442,6.034,66437.93,70273.97,62018.582932321544,62305.98156927051,54347.78293733412,71424.14152267316,70111.06947674775
11,72,2012-10-26,63717.3,False,A,207499,74.26,3.506,4115.64,147.27,153.0,1060.9,3936.2,226.9873637,6.034,63717.3,77685.59,62018.582932321544,62305.98156927009,59238.23652797484,71424.14190449823,76847.54445443799
11,90,2012-08-10,50843.39,False,A,207499,86.21,3.494,16812.92,128.54,8.74,4764.33,4098.22,225.4735085,6.334,50843.39,52555.06,50317.10440797865,50212.570135141774,52849.92885580247,50827.593583790636,50147.77880568875
11,90,2012-08-17,52459.06,False,A,207499,87.73,3.571,6844.78,209.26,0.04,1235.79,2254.08,225.5558664,6.334,52459.06,54106.77,50317.10440797865,50221.344902611076,52605.80524076113,50579.03174947095,51528.73599174267
11,90,2012-08-24,49371.02,False,A,207499,83.17,3.62,3936.04,74.16,102.55,1673.59,4930.02,225.6925864,6.334,49371.02,50535.98,50317.10440797865,50228.648726419866,50142.92205632116,50483.09639242277,48081.32769683433
11,90,2012-08-31,50004.57,False,A,207499,86.49,3.638,16650.73,120.0,45.0,7575.93,6689.78,225.8293063,6.334,50004.57,51459.28,50317.10440797865,50234.72818578063,52240.64396852156,50446.06901548394,49107.14288092458
11,90,2012-09-07,51466.83,True,A,207499,85.17,3.73,14597.86,56.0,45.05,3235.27,2855.68,225.9660263,6.334,51466.83,51797.31,50317.10440797865,50239.7885250066,52695.32407134509,50431.77786480545,49451.00970123318
11,90,2012-09-14,49875.48,False,A,207499,79.61,3.717,7571.95,32.98,19.52,707.47,8664.16,226.1122067,6.334,49875.48,53224.07,50317.10440797865,50244.00058261936,51486.73175544685,50426.262027481825,50632.432449283675
11,90,2012-09-21,49954.09,False,A,207499,73.64,3.721,6267.79,159.46,12.0,838.95,9194.37,226.3151496,6.334,49954.09,48227.58,50317.10440797865,50247.50655890689,48723.940806013416,50424.13312533355,45869.22691062209
11,90,2012-09-28,45256.18,False,A,207499,77.67,3.666,7694.84,51.91,5.2,1653.38,3211.84,226.5180926,6.334,45256.18,47239.2,50317.10440797865,50250.42481664665,46712.05550352755,50423.31145056488,44790.58908761081
11,90,2012-10-05,51945.12,False,A,207499,73.37,3.617,5635.1,0.0,27.94,1754.56,5473.9,226.7210356,6.034,51945.12,53549.03,50317.10440797865,50252.853877067275,52334.47995576592,50422.99431554483,51007.01649208169
11,90,2012-10-12,48686.33,False,A,207499,69.94,3.601,2345.03,0.0,22.95,271.93,13035.68,226.9239785,6.034,48686.33,52631.24,50317.10440797865,50254.875745953854,50929.57474812302,50422.87191356198,50052.17499716879
11,90,2012-10-19,46644.26,False,A,207499,73.77,3.594,2344.65,0.0,153.97,409.53,2739.63,226.9688442,6.034,46644.26,50801.05,50317.10440797865,50256.55868218705,48256.84031986582,50422.824671080205,48162.09218754044
11,90,2012-10-26,44530.77,False,A,207499,74.26,3.506,4115.64,147.27,153.0,1060.9,3936.2,226.9873637,6.034,44530.77,47652.6,50317.10440797865,50257.95950218276,47190.58415605651,50422.80643728993,45229.77699267472
11,91,2012-08-10,44105.64,False,A,207499,86.21,3.494,16812.92,128.54,8.74,4764.33,4098.22,225.4735085,6.334,44105.64,46343.67,42062.74254743463,41947.66673735728,45839.802593888366,42064.303930444934,44203.3413520314
11,91,2012-08-17,45895.22,False,A,207499,87.73,3.571,6844.78,209.26,0.04,1235.79,2254.08,225.5558664,6.334,45895.22,47537.19,42062.74254743463,41947.66673735717,45038.14965493927,41769.196399825385,45571.12659490284
11,91,2012-08-24,40623.16,False,A,207499,83.17,3.62,3936.04,74.16,102.55,1673.59,4930.02,225.6925864,6.334,40623.16,40431.47,42062.74254743463,41947.66673735708,39870.58885420687,41666.02643769607,38296.45731351276
11,91,2012-08-31,39664.1,False,A,207499,86.49,3.638,16650.73,120.0,45.0,7575.93,6689.78,225.8293063,6.334,39664.1,40049.05,42062.74254743463,41947.666737357016,40778.61781416824,41629.95808978431,37792.8546747004
11,91,2012-09-07,43253.84,True,A,207499,85.17,3.73,14597.86,56.0,45.05,3235.27,2855.68,225.9660263,6.334,43253.84,45271.26,42062.74254743463,41947.666737356965,44123.47302855951,41617.34855020289,43182.15605293838
11,91,2012-09-14,43831.09,False,A,207499,79.61,3.717,7571.95,32.98,19.52,707.47,8664.16,226.1122067,6.334,43831.09,46242.38,42062.74254743463,41947.66673735692,45582.03353079494,41612.940239380216,44103.534963382335
11,91,2012-09-21,42517.66,False,A,207499,73.64,3.721,6267.79,159.46,12.0,838.95,9194.37,226.3151496,6.334,42517.66,39441.91,42062.74254743463,41947.666737356885,40284.62820672193,41611.399088398146,37176.61833951223
11,91,2012-09-28,37763.67,False,A,207499,77.67,3.666,7694.84,51.91,5.2,1653.38,3211.84,226.5180926,6.334,37763.67,37980.23,42062.74254743463,41947.666737356856,37615.572408611006,41610.86030008556,35834.2212845458
11,91,2012-10-05,43779.08,False,A,207499,73.37,3.617,5635.1,0.0,27.94,1754.56,5473.9,226.7210356,6.034,43779.08,47567.2,42062.74254743463,41947.666737356834,46356.67759035632,41610.671939017004,45477.40015558986
11,91,2012-10-12,43303.26,False,A,207499,69.94,3.601,2345.03,0.0,22.95,271.93,13035.68,226.9239785,6.034,43303.26,46164.25,42062.74254743463,41947.66673735681,44686.30788289268,41610.60608775164,44101.93089234551
11,91,2012-10-19,40027.65,False,A,207499,73.77,3.594,2344.65,0.0,153.97,409.53,2739.63,226.9688442,6.034,40027.65,41928.39,42062.74254743463,41947.6667373568,40518.459393058714,41610.583066066836,39869.23604151911
11,91,2012-10-26,35361.01,False,A,207499,74.26,3.506,4115.64,147.27,153.0,1060.9,3936.2,226.9873637,6.034,35361.01,37406.42,42062.74254743463,41947.66673735679,36252.542307519776,41610.57501765701,35332.31400272337
11,92,2012-08-10,83465.25,False,A,207499,86.21,3.494,16812.92,128.54,8.74,4764.33,4098.22,225.4735085,6.334,83465.25,82991.62,78786.16915226598,78805.9435266007,84281.9068100621,79466.02307969324,79936.7083645684
11,92,2012-08-17,87453.36,False,A,207499,87.73,3.571,6844.78,209.26,0.04,1235.79,2254.08,225.5558664,6.334,87453.36,84088.95,78786.16915226598,78805.94352263241,81042.92941990551,79306.92776912052,81161.43643916429
11,92,2012-08-24,75977.04,False,A,207499,83.17,3.62,3936.04,74.16,102.55,1673.59,4930.02,225.6925864,6.334,75977.04,71656.05,78786.16915226598,78805.94351922661,75627.13434005003,79251.79492739003,68470.18237746686
11,92,2012-08-31,75444.35,False,A,207499,86.49,3.638,16650.73,120.0,45.0,7575.93,6689.78,225.8293063,6.334,75444.35,73949.57,78786.16915226598,78805.94351630355,80728.91895781051,79232.68920877182,70653.37020683086
11,92,2012-09-07,82496.42,True,A,207499,85.17,3.73,14597.86,56.0,45.05,3235.27,2855.68,225.9660263,6.334,82496.42,76597.84,78786.16915226598,78805.94351379483,84391.22959892356,79226.06831870954,73262.65587782332
11,92,2012-09-14,80986.68,False,A,207499,79.61,3.717,7571.95,32.98,19.52,707.47,8664.16,226.1122067,6.334,80986.68,81496.82,78786.16915226598,78805.94351164172,82979.1379518067,79223.77391743143,78407.14200064771
11,92,2012-09-21,82553.25,False,A,207499,73.64,3.721,6267.79,159.46,12.0,838.95,9194.37,226.3151496,6.334,82553.25,71411.97,78786.16915226598,78805.9435097938,78127.68866292348,79222.97881629315,68127.05667872402
11,92,2012-09-28,72042.58,False,A,207499,77.67,3.666,7694.84,51.91,5.2,1653.38,3211.84,226.5180926,6.334,72042.58,68931.59,78786.16915226598,78805.9435082078,74256.84652738429,79222.70328218056,65710.47791479119
11,92,2012-10-05,90459.51,False,A,207499,73.37,3.617,5635.1,0.0,27.94,1754.56,5473.9,226.7210356,6.034,90459.51,84208.53,78786.16915226598,78805.94350684663,85720.82059221629,79222.60779867091,81126.75913540639
11,92,2012-10-12,86107.74,False,A,207499,69.94,3.601,2345.03,0.0,22.95,271.93,13035.68,226.9239785,6.034,86107.74,82996.67,78786.16915226598,78805.94350567838,84911.92089220868,79222.5747098438,79905.23456779428
11,92,2012-10-19,79390.96,False,A,207499,73.77,3.594,2344.65,0.0,153.97,409.53,2739.63,226.9688442,6.034,79390.96,77697.48,78786.16915226598,78805.94350467574,79054.89184167533,79222.56324325147,74636.99633277825
11,92,2012-10-26,71189.31,False,A,207499,74.26,3.506,4115.64,147.27,153.0,1060.9,3936.2,226.9873637,6.034,71189.31,71724.53,78786.16915226598,78805.94350381522,76131.54465339963,79222.55926962197,68548.11849083692
11,95,2012-08-10,82463.39,False,A,207499,86.21,3.494,16812.92,128.54,8.74,4764.33,4098.22,225.4735085,6.334,82463.39,87498.33,83197.19480717072,84093.9839563311,89761.03884131463,83629.6522632214,83385.76990939798
11,95,2012-08-17,88714.65,False,A,207499,87.73,3.571,6844.78,209.26,0.04,1235.79,2254.08,225.5558664,6.334,88714.65,89679.64,83197.19480717072,83965.23287979027,90163.40012559072,83496.80393568405,85457.23753081384
11,95,2012-08-24,78715.5,False,A,207499,83.17,3.62,3936.04,74.16,102.55,1673.59,4930.02,225.6925864,6.334,78715.5,82623.45,83197.19480717072,83855.38157571688,83636.75300280837,83443.66411153416,78414.28802607101
11,95,2012-08-31,83303.8,False,A,207499,86.49,3.638,16650.73,120.0,45.0,7575.93,6689.78,225.8293063,6.334,83303.8,84137.07,83197.19480717072,83761.6556875081,83946.27755461726,83422.4079846184,79929.5859841861
11,95,2012-09-07,82872.52,True,A,207499,85.17,3.73,14597.86,56.0,45.05,3235.27,2855.68,225.9660263,6.334,82872.52,81993.27,83197.19480717072,83681.68811502797,83038.02839048648,83413.90545494904,77782.19519430511
11,95,2012-09-14,79716.99,False,A,207499,79.61,3.717,7571.95,32.98,19.52,707.47,8664.16,226.1122067,6.334,79716.99,82841.93,83197.19480717072,83613.45923215924,82304.13670772339,83410.50441151978,78635.72397826263
11,95,2012-09-21,76914.51,False,A,207499,73.64,3.721,6267.79,159.46,12.0,838.95,9194.37,226.3151496,6.334,76914.51,77442.85,83197.19480717072,83555.24588000737,77644.70780612483,83409.14398152336,73234.3225331923
11,95,2012-09-28,71349.09,False,A,207499,77.67,3.666,7694.84,51.91,5.2,1653.38,3211.84,226.5180926,6.334,71349.09,74209.74,83197.19480717072,83505.57784755144,74119.29750754159,83408.59980447486,70002.25575341811
11,95,2012-10-05,80880.89,False,A,207499,73.37,3.617,5635.1,0.0,27.94,1754.56,5473.9,226.7210356,6.034,80880.89,82706.7,83197.19480717072,83463.20074063602,82761.09321253479,83408.38213163546,78498.93779974536
11,95,2012-10-12,73717.11,False,A,207499,69.94,3.601,2345.03,0.0,22.95,271.93,13035.68,226.9239785,6.034,73717.11,75866.36,83197.19480717072,83427.04430153985,77783.32235406458,83408.2950616917,71653.09404157476
11,95,2012-10-19,70205.89,False,A,207499,73.77,3.594,2344.65,0.0,153.97,409.53,2739.63,226.9688442,6.034,70205.89,76092.29,83197.19480717072,83396.1953790137,75201.68548383113,83408.26023339099,71887.91171991023
11,95,2012-10-26,65344.85,False,A,207499,74.26,3.506,4115.64,147.27,153.0,1060.9,3936.2,226.9873637,6.034,65344.85,69298.21,83197.19480717072,83369.87486613098,70697.5091676949,83408.24630194143,65086.88090685176
12,2,2012-08-10,78555.3,False,B,112238,95.91,3.811,10844.78,79.4,38.62,6513.42,2756.59,130.7561613,10.926,78555.3,73729.52,77960.06762049756,77985.74419512683,79370.06457278054,78190.98987071456,74561.2971436704
12,2,2012-08-17,77949.05,False,B,112238,94.87,4.002,7487.95,25.5,6.6,5107.54,4876.34,130.7909677,10.926,77949.05,74825.6,77960.06762049756,77985.74419509924,79493.03811289732,78171.02117232747,75477.01180101585
12,2,2012-08-24,79476.87,False,B,112238,85.32,4.055,10712.3,86.08,70.0,7981.57,3515.91,130.8381613,10.926,79476.87,76451.8,77960.06762049756,77985.74419507624,82781.7773728462,78159.89230053083,77252.51663250284
12,2,2012-08-31,80800.52,False,B,112238,89.78,4.093,30055.26,13.2,116.87,11860.18,3746.24,130.8853548,10.926,80800.52,83335.24,77960.06762049756,77985.7441950571,87468.21496921773,78153.69000406336,83866.18568568189
12,2,2012-09-07,76954.26,True,B,112238,88.52,4.124,17640.02,84.0,46.18,3202.21,2634.17,130.9325484,10.926,76954.26,76787.08,77960.06762049756,77985.74419504113,78299.30315114606,78150.23336603453,77132.08704660888
12,2,2012-09-14,73237.2,False,B,112238,83.64,4.133,6928.05,0.0,19.56,863.95,5776.08,130.9776667,10.926,73237.2,76625.37,77960.06762049756,77985.74419502784,77213.42177336474,78148.30692692846,76894.7231027442
12,2,2012-09-21,72639.45,False,B,112238,82.97,4.125,11918.13,156.82,388.52,3290.61,7953.53,131.0103333,10.926,72639.45,73208.99,77960.06762049756,77985.74419501677,78254.7339562183,78147.2332919113,73928.61714171284
12,2,2012-09-28,73447.25,False,B,112238,81.22,3.966,3068.35,27.82,0.22,1307.43,3605.14,131.043,10.926,73447.25,72323.14,77960.06762049756,77985.74419500756,78641.32810784175,78146.63493811623,73170.7493238776
12,2,2012-10-05,77695.14,False,B,112238,81.61,3.966,8953.66,0.0,44.83,7731.09,3269.62,131.0756667,10.199,77695.14,74250.24,77960.06762049756,77985.74419499988,80067.91625464833,78146.30146607188,75037.88305129387
12,2,2012-10-12,70345.66,False,B,112238,71.74,4.468,1986.92,0.0,16.75,910.5,4225.2,131.1083333,10.199,70345.66,71607.93,77960.06762049756,77985.74419499347,75902.08877391004,78146.11561682133,72278.96136265616
12,2,2012-10-19,72884.73,False,B,112238,68.66,4.449,1810.87,0.0,8.48,640.64,2250.86,131.1499677,10.199,72884.73,75099.67,77960.06762049756,77985.74419498815,77022.59339117176,78146.01204009126,75522.08221155229
12,2,2012-10-26,73961.07,False,B,112238,65.95,4.301,13749.1,104.54,56.0,2402.63,4813.93,131.1930968,10.199,73961.07,71923.04,77960.06762049756,77985.74419498371,75306.09422317355,78145.95431513955,72511.99432582162
12,8,2012-08-10,42048.61,False,B,112238,95.91,3.811,10844.78,79.4,38.62,6513.42,2756.59,130.7561613,10.926,42048.61,41520.03,42171.443933502,42193.214443414065,41373.791786781665,42984.95653035811,41673.347103317945
12,8,2012-08-17,38200.94,False,B,112238,94.87,4.002,7487.95,25.5,6.6,5107.54,4876.34,130.7909677,10.926,38200.94,40650.78,42171.443933502,42193.21344781172,41738.6383603081,42836.82106078176,41311.93408987629
12,8,2012-08-24,39268.02,False,B,112238,85.32,4.055,10712.3,86.08,70.0,7981.57,3515.91,130.8381613,10.926,39268.02,41843.2,42171.443933502,42193.212545060895,40751.74795968934,42800.73609047214,41628.34700005254
12,8,2012-08-31,39873.12,False,B,112238,89.78,4.093,30055.26,13.2,116.87,11860.18,3746.24,130.8853548,10.926,39873.12,42604.21,42171.443933502,42193.21172650209,42989.710536212806,42791.94599390736,42922.478779210614
12,8,2012-09-07,40637.0,True,B,112238,88.52,4.124,17640.02,84.0,46.18,3202.21,2634.17,130.9325484,10.926,40637.0,42381.8,42171.443933502,42193.21098428343,42122.81547587714,42789.804775639604,42478.90334445223
12,8,2012-09-14,38836.08,False,B,112238,83.64,4.133,6928.05,0.0,19.56,863.95,5776.08,130.9776667,10.926,38836.08,40539.58,42171.443933502,42193.21031128531,41890.54068544371,42789.28318686793,41345.96120339824
12,8,2012-09-21,40290.49,False,B,112238,82.97,4.125,11918.13,156.82,388.52,3290.61,7953.53,131.0103333,10.926,40290.49,41749.17,42171.443933502,42193.20970105209,42272.187420672686,42789.15613076588,42169.50180973165
12,8,2012-09-28,37196.88,False,B,112238,81.22,3.966,3068.35,27.82,0.22,1307.43,3605.14,131.043,10.926,37196.88,42102.8,42171.443933502,42193.20914773023,41811.09547268717,42789.12518061138,42203.16096721818
12,8,2012-10-05,43169.66,False,B,112238,81.61,3.966,8953.66,0.0,44.83,7731.09,3269.62,131.0756667,10.199,43169.66,42050.83,42171.443933502,42193.20864601207,43161.73666195398,42789.117641327175,42685.30647236256
12,8,2012-10-12,41986.53,False,B,112238,71.74,4.468,1986.92,0.0,16.75,910.5,4225.2,131.1083333,10.199,41986.53,41582.31,42171.443933502,42193.208191084974,41099.70939623087,42789.11580479979,41637.67295953877
12,8,2012-10-19,41756.38,False,B,112238,68.66,4.449,1810.87,0.0,8.48,640.64,2250.86,131.1499677,10.199,41756.38,41914.07,42171.443933502,42193.20777858513,40864.83623743819,42789.115357432005,41749.81973104772
12,8,2012-10-26,43391.78,False,B,112238,65.95,4.301,13749.1,104.54,56.0,2402.63,4813.93,131.1930968,10.199,43391.78,42992.96,42171.443933502,42193.207404555695,44064.445927724744,42789.115248455724,43583.39951748568
12,13,2012-08-10,45198.96,False,B,112238,95.91,3.811,10844.78,79.4,38.62,6513.42,2756.59,130.7561613,10.926,45198.96,44143.6,44155.094107389086,44247.87736532614,44754.162879941134,44375.84691337953,40136.962288318835
12,13,2012-08-17,44771.26,False,B,112238,94.87,4.002,7487.95,25.5,6.6,5107.54,4876.34,130.7909677,10.926,44771.26,46518.34,44155.094107389086,44247.87736532588,45649.59777827205,44331.883615768726,42317.66964377139
12,13,2012-08-24,44157.86,False,B,112238,85.32,4.055,10712.3,86.08,70.0,7981.57,3515.91,130.8381613,10.926,44157.86,47095.74,44155.094107389086,44247.87736532567,47550.0167041685,44316.35349442501,42991.23255614495
12,13,2012-08-31,47897.14,False,B,112238,89.78,4.093,30055.26,13.2,116.87,11860.18,3746.24,130.8853548,10.926,47897.14,49101.97,44155.094107389086,44247.877365325505,50804.09049180007,44310.86744851723,45052.20669486267
12,13,2012-09-07,46955.08,True,B,112238,88.52,4.124,17640.02,84.0,46.18,3202.21,2634.17,130.9325484,10.926,46955.08,48091.52,44155.094107389086,44247.877365325374,47792.05184765618,44308.92949201089,43944.16780064449
12,13,2012-09-14,44293.65,False,B,112238,83.64,4.133,6928.05,0.0,19.56,863.95,5776.08,130.9776667,10.926,44293.65,46413.64,44155.094107389086,44247.877365325265,45622.21067968859,44308.24490506364,42248.09040206922
12,13,2012-09-21,45187.67,False,B,112238,82.97,4.125,11918.13,156.82,388.52,3290.61,7953.53,131.0103333,10.926,45187.67,46696.89,44155.094107389086,44247.877365325185,46644.7581807868,44308.003073378146,42572.682753644855
12,13,2012-09-28,45519.8,False,B,112238,81.22,3.966,3068.35,27.82,0.22,1307.43,3605.14,131.043,10.926,45519.8,45277.3,44155.094107389086,44247.87736532511,47606.67972944724,44307.917645859634,41281.46007604132
12,13,2012-10-05,48511.56,False,B,112238,81.61,3.966,8953.66,0.0,44.83,7731.09,3269.62,131.0756667,10.199,48511.56,47176.61,44155.094107389086,44247.87736532506,49325.08289778663,44307.88746842071,43169.629858074855
12,13,2012-10-12,45562.1,False,B,112238,71.74,4.468,1986.92,0.0,16.75,910.5,4225.2,131.1083333,10.199,45562.1,45773.63,44155.094107389086,44247.87736532502,46909.96017825964,44307.87680818106,41719.70865901149
12,13,2012-10-19,45177.49,False,B,112238,68.66,4.449,1810.87,0.0,8.48,640.64,2250.86,131.1499677,10.199,45177.49,47662.81,44155.094107389086,44247.87736532498,45248.97623098934,44307.87304243044,43421.73451275657
12,13,2012-10-26,45846.87,False,B,112238,65.95,4.301,13749.1,104.54,56.0,2402.63,4813.93,131.1930968,10.199,45846.87,45506.79,44155.094107389086,44247.87736532495,48520.45661302122,44307.871712171625,41550.81061789922
12,38,2012-08-10,51552.33,False,B,112238,95.91,3.811,10844.78,79.4,38.62,6513.42,2756.59,130.7561613,10.926,51552.33,50023.07,56270.783739548664,56689.1534100132,52349.56495005094,55564.76010961899,53100.28351692401
12,38,2012-08-17,59510.41,False,B,112238,94.87,4.002,7487.95,25.5,6.6,5107.54,4876.34,130.7909677,10.926,59510.41,48363.45,56270.783739548664,56732.69145038669,53956.54029780399,55585.119139706294,49450.69011438482
12,38,2012-08-24,51964.8,False,B,112238,85.32,4.055,10712.3,86.08,70.0,7981.57,3515.91,130.8381613,10.926,51964.8,48302.08,56270.783739548664,56776.011800558306,50332.370824235346,55585.187891723464,50405.3172870925
12,38,2012-08-31,56505.2,False,B,112238,89.78,4.093,30055.26,13.2,116.87,11860.18,3746.24,130.8853548,10.926,56505.2,50506.4,56270.783739548664,56819.11554897907,54624.962419713884,55585.188123897584,51937.84956523314
12,38,2012-09-07,52197.47,True,B,112238,88.52,4.124,17640.02,84.0,46.18,3202.21,2634.17,130.9325484,10.926,52197.47,39511.68,56270.783739548664,56862.00377865772,50967.374723088076,55585.188124681634,47118.040985667474
12,38,2012-09-14,57288.54,False,B,112238,83.64,4.133,6928.05,0.0,19.56,863.95,5776.08,130.9776667,10.926,57288.54,56014.72,56270.783739548664,56904.677567187995,50381.76103145065,55585.18812468428,52923.55518590551
12,38,2012-09-21,83801.71,False,B,112238,82.97,4.125,11918.13,156.82,388.52,3290.61,7953.53,131.0103333,10.926,83801.71,50231.44,56270.783739548664,56947.137986775604,54068.71563939433,55585.18812468429,52496.2096096662
12,38,2012-09-28,47981.88,False,B,112238,81.22,3.966,3068.35,27.82,0.22,1307.43,3605.14,131.043,10.926,47981.88,52176.71,56270.783739548664,56989.38610426528,52304.55394687041,55585.18812468429,52489.99774437292
12,38,2012-10-05,62704.62,False,B,112238,81.61,3.966,8953.66,0.0,44.83,7731.09,3269.62,131.0756667,10.199,62704.62,48764.2,56270.783739548664,57031.42298116751,50787.71084422361,55585.18812468429,50738.201667463334
12,38,2012-10-12,48143.47,False,B,112238,71.74,4.468,1986.92,0.0,16.75,910.5,4225.2,131.1083333,10.199,48143.47,56755.47,56270.783739548664,57073.249673685226,54712.44021103349,55585.18812468429,55358.73828597047
12,38,2012-10-19,64564.79,False,B,112238,68.66,4.449,1810.87,0.0,8.48,640.64,2250.86,131.1499677,10.199,64564.79,46615.11,56270.783739548664,57114.867232740355,50412.03461736848,55585.18812468429,49857.23629153606
12,38,2012-10-26,49993.05,False,B,112238,65.95,4.301,13749.1,104.54,56.0,2402.63,4813.93,131.1930968,10.199,49993.05,60912.35,56270.783739548664,57156.27670400021,52527.84773748805,55585.18812468429,56163.04536252609
12,40,2012-08-10,49901.94,False,B,112238,95.91,3.811,10844.78,79.4,38.62,6513.42,2756.59,130.7561613,10.926,49901.94,45174.39,45870.392365064545,45887.69408458017,47444.30645121584,46056.97164376294,45873.75386062262
12,40,2012-08-17,47329.06,False,B,112238,94.87,4.002,7487.95,25.5,6.6,5107.54,4876.34,130.7909677,10.926,47329.06,42831.77,45870.392365064545,45887.6612469268,45933.932447277286,46050.62444237436,43661.86648275277
12,40,2012-08-24,46806.79,False,B,112238,85.32,4.055,10712.3,86.08,70.0,7981.57,3515.91,130.8381613,10.926,46806.79,41814.56,45870.392365064545,45887.63078708754,45548.39825189072,46050.53834593475,42780.100592969386
12,40,2012-08-31,49760.24,False,B,112238,89.78,4.093,30055.26,13.2,116.87,11860.18,3746.24,130.8853548,10.926,49760.24,45515.88,45870.392365064545,45887.60253288199,50223.73440313438,46050.53717808195,46591.470501881704
12,40,2012-09-07,51752.11,True,B,112238,88.52,4.124,17640.02,84.0,46.18,3202.21,2634.17,130.9325484,10.926,51752.11,45783.45,45870.392365064545,45887.57632459755,48352.90608268714,46050.53716224064,46487.80451124872
12,40,2012-09-14,50347.5,False,B,112238,83.64,4.133,6928.05,0.0,19.56,863.95,5776.08,130.9776667,10.926,50347.5,46324.06,45870.392365064545,45887.552014086614,48309.81833632586,46050.53716202576,46921.27598421395
12,40,2012-09-21,49901.63,False,B,112238,82.97,4.125,11918.13,156.82,388.52,3290.61,7953.53,131.0103333,10.926,49901.63,47648.37,45870.392365064545,45887.5294639291,49894.7484590082,46050.53716202284,48271.02808332949
12,40,2012-09-28,48276.33,False,B,112238,81.22,3.966,3068.35,27.82,0.22,1307.43,3605.14,131.043,10.926,48276.33,46850.64,45870.392365064545,45887.50854665571,49469.46497539757,46050.5371620228,47551.512905624964
12,40,2012-10-05,49864.74,False,B,112238,81.61,3.966,8953.66,0.0,44.83,7731.09,3269.62,131.0756667,10.199,49864.74,47296.04,45870.392365064545,45887.48914402732,50305.539000039964,46050.5371620228,48061.46044559223
12,40,2012-10-12,49842.88,False,B,112238,71.74,4.468,1986.92,0.0,16.75,910.5,4225.2,131.1083333,10.199,49842.88,44963.3,45870.392365064545,45887.47114636666,47762.24081643725,46050.5371620228,45729.7930750306
12,40,2012-10-19,48132.68,False,B,112238,68.66,4.449,1810.87,0.0,8.48,640.64,2250.86,131.1499677,10.199,48132.68,45262.0,45870.392365064545,45887.45445193833,47273.51435489337,46050.5371620228,45886.20251289922
12,40,2012-10-26,47811.46,False,B,112238,65.95,4.301,13749.1,104.54,56.0,2402.63,4813.93,131.1930968,10.199,47811.46,47483.12,45870.392365064545,45887.438966373695,48742.29588269635,46050.5371620228,47943.69889212643
12,72,2012-08-10,38299.88,False,B,112238,95.91,3.811,10844.78,79.4,38.62,6513.42,2756.59,130.7561613,10.926,38299.88,46878.68,61766.53412349065,60367.681789755356,50792.847441931146,60094.6564498949,49610.89984263069
12,72,2012-08-17,48667.37,False,B,112238,94.87,4.002,7487.95,25.5,6.6,5107.54,4876.34,130.7909677,10.926,48667.37,51166.08,61766.53412349065,60367.681789753915,49769.592332493005,61068.401388346385,54795.67194520389
12,72,2012-08-24,48105.96,False,B,112238,85.32,4.055,10712.3,86.08,70.0,7981.57,3515.91,130.8381613,10.926,48105.96,44937.82,61766.53412349065,60367.68178975276,47686.645349952174,61151.81517270518,48418.648485249236
12,72,2012-08-31,41856.62,False,B,112238,89.78,4.093,30055.26,13.2,116.87,11860.18,3746.24,130.8853548,10.926,41856.62,48510.41,61766.53412349065,60367.681789751834,47104.949963852945,61158.96063672384,51839.32781847058
12,72,2012-09-07,48520.89,True,B,112238,88.52,4.124,17640.02,84.0,46.18,3202.21,2634.17,130.9325484,10.926,48520.89,45973.74,61766.53412349065,60367.6817897511,47698.62888068526,61159.57273766656,49479.35645908054
12,72,2012-09-14,40333.15,False,B,112238,83.64,4.133,6928.05,0.0,19.56,863.95,5776.08,130.9776667,10.926,40333.15,39316.93,61766.53412349065,60367.6817897505,47283.20215350784,61159.62517198896,43316.54196516358
12,72,2012-09-21,54217.25,False,B,112238,82.97,4.125,11918.13,156.82,388.52,3290.61,7953.53,131.0103333,10.926,54217.25,43927.04,61766.53412349065,60367.68178975003,41509.13567815102,61159.629663663414,47151.721874474795
12,72,2012-09-28,46368.2,False,B,112238,81.22,3.966,3068.35,27.82,0.22,1307.43,3605.14,131.043,10.926,46368.2,36920.93,61766.53412349065,60367.68178974966,37718.87842122081,61159.63004843313,40412.08631262258
12,72,2012-10-05,53630.7,False,B,112238,81.61,3.966,8953.66,0.0,44.83,7731.09,3269.62,131.0756667,10.199,53630.7,44729.4,61766.53412349065,60367.68178974935,39995.50884773463,61159.63008139361,47783.379810525614
12,72,2012-10-12,48449.19,False,B,112238,71.74,4.468,1986.92,0.0,16.75,910.5,4225.2,131.1083333,10.199,48449.19,47820.29,61766.53412349065,60367.68178974911,41874.09515822815,61159.6300842171,50769.02330640824
12,72,2012-10-19,51743.0,False,B,112238,68.66,4.449,1810.87,0.0,8.48,640.64,2250.86,131.1499677,10.199,51743.0,55019.76,61766.53412349065,60367.681789748916,36395.93840771304,61159.630084458964,57020.25753261331
12,72,2012-10-26,45390.88,False,B,112238,65.95,4.301,13749.1,104.54,56.0,2402.63,4813.93,131.1930968,10.199,45390.88,53089.67,61766.53412349065,60367.68178974876,43013.880069408224,61159.630084479686,55713.67895637466
12,79,2012-08-10,44478.4,False,B,112238,95.91,3.811,10844.78,79.4,38.62,6513.42,2756.59,130.7561613,10.926,44478.4,44942.29,42595.74050828912,42587.80531962913,43650.4784484431,43052.47022291739,44828.6954765948
12,79,2012-08-17,44522.55,False,B,112238,94.87,4.002,7487.95,25.5,6.6,5107.54,4876.34,130.7909677,10.926,44522.55,42415.78,42595.74050828912,42587.771325932794,42459.841251701284,43251.89177806493,43307.153214879596
12,79,2012-08-24,42785.72,False,B,112238,85.32,4.055,10712.3,86.08,70.0,7981.57,3515.91,130.8381613,10.926,42785.72,44035.49,42595.74050828912,42587.739833986765,42804.447722455145,43223.64537167109,44263.73672396373
12,79,2012-08-31,41916.55,False,B,112238,89.78,4.093,30055.26,13.2,116.87,11860.18,3746.24,130.8853548,10.926,41916.55,42693.69,42595.74050828912,42587.71065967588,45353.20938457579,43227.64624045168,44440.526270977614
12,79,2012-09-07,45034.82,True,B,112238,88.52,4.124,17640.02,84.0,46.18,3202.21,2634.17,130.9325484,10.926,45034.82,42243.08,42595.74050828912,42587.68363243488,41852.97281827418,43227.0795506301,42902.370200666235
12,79,2012-09-14,41551.92,False,B,112238,83.64,4.133,6928.05,0.0,19.56,863.95,5776.08,130.9776667,10.926,41551.92,41170.22,42595.74050828912,42587.65859425113,42320.03699122836,43227.159817534986,42455.039338170514
12,79,2012-09-21,39803.33,False,B,112238,82.97,4.125,11918.13,156.82,388.52,3290.61,7953.53,131.0103333,10.926,39803.33,40834.84,42595.74050828912,42587.6353987409,41212.186642852685,43227.14844839481,41859.39324721155
12,79,2012-09-28,40992.7,False,B,112238,81.22,3.966,3068.35,27.82,0.22,1307.43,3605.14,131.043,10.926,40992.7,37722.72,42595.74050828912,42587.613910293476,40329.42380739108,43227.150058739055,39774.4165374111
12,79,2012-10-05,42922.9,False,B,112238,81.61,3.966,8953.66,0.0,44.83,7731.09,3269.62,131.0756667,10.199,42922.9,42821.29,42595.74050828912,42587.59400327837,42751.24060078555,43227.14983064717,43540.10811488384
12,79,2012-10-12,42466.03,False,B,112238,71.74,4.468,1986.92,0.0,16.75,910.5,4225.2,131.1083333,10.199,42466.03,41507.49,42595.74050828912,42587.575561310805,41601.47583268635,43227.14986295449,42385.450759795276
12,79,2012-10-19,40232.8,False,B,112238,68.66,4.449,1810.87,0.0,8.48,640.64,2250.86,131.1499677,10.199,40232.8,39559.94,42595.74050828912,42587.55847657128,40471.61327025439,43227.14985837843,40868.42301487539
12,79,2012-10-26,40426.56,False,B,112238,65.95,4.301,13749.1,104.54,56.0,2402.63,4813.93,131.1930968,10.199,40426.56,40048.17,42595.74050828912,42587.54264917524,39369.31546411458,43227.14985902659,40746.0353748049
12,95,2012-08-10,46250.11,False,B,112238,95.91,3.811,10844.78,79.4,38.62,6513.42,2756.59,130.7561613,10.926,46250.11,45891.54,44694.1833670238,44615.196402568596,41510.686757271025,45184.21615957178,41877.37986630633
12,95,2012-08-17,42542.14,False,B,112238,94.87,4.002,7487.95,25.5,6.6,5107.54,4876.34,130.7909677,10.926,42542.14,45100.82,44694.1833670238,44615.19952289629,41945.748926783876,45045.2930313128,41754.063919345885
12,95,2012-08-24,41924.34,False,B,112238,85.32,4.055,10712.3,86.08,70.0,7981.57,3515.91,130.8381613,10.926,41924.34,48724.92,44694.1833670238,44615.20235272339,44558.27025873197,45015.08939493864,44509.80272406459
12,95,2012-08-31,44697.32,False,B,112238,89.78,4.093,30055.26,13.2,116.87,11860.18,3746.24,130.8853548,10.926,44697.32,51057.36,44694.1833670238,44615.20491909533,46230.89130353365,45008.5227442905,46303.911521805836
12,95,2012-09-07,45886.08,True,B,112238,88.52,4.124,17640.02,84.0,46.18,3202.21,2634.17,130.9325484,10.926,45886.08,45200.89,44694.1833670238,44615.20724653962,40752.35804927957,45007.09507180099,41351.17816047765
12,95,2012-09-14,41895.35,False,B,112238,83.64,4.133,6928.05,0.0,19.56,863.95,5776.08,130.9776667,10.926,41895.35,39419.38,44694.1833670238,44615.20935730028,34276.03107278211,45006.7846778351,35978.38786413156
12,95,2012-09-21,41986.87,False,B,112238,82.97,4.125,11918.13,156.82,388.52,3290.61,7953.53,131.0103333,10.926,41986.87,39939.8,44694.1833670238,44615.21127155042,34711.15622465382,45006.71719428073,36508.328399789425
12,95,2012-09-28,40130.19,False,B,112238,81.22,3.966,3068.35,27.82,0.22,1307.43,3605.14,131.043,10.926,40130.19,39455.32,44694.1833670238,44615.213007585044,33935.31320932134,45006.70252250676,36042.905990769905
12,95,2012-10-05,43400.63,False,B,112238,81.61,3.966,8953.66,0.0,44.83,7731.09,3269.62,131.0756667,10.199,43400.63,42043.44,44694.1833670238,44615.21458199592,34793.807714554496,45006.699332678465,37618.76402303552
12,95,2012-10-12,39038.64,False,B,112238,71.74,4.468,1986.92,0.0,16.75,910.5,4225.2,131.1083333,10.199,39038.64,38324.63,44694.1833670238,44615.2160098301,32063.01026752184,45006.69863916965,34847.59282946118
12,95,2012-10-19,37322.29,False,B,112238,68.66,4.449,1810.87,0.0,8.48,640.64,2250.86,131.1499677,10.199,37322.29,40604.18,44694.1833670238,44615.21730473381,31494.776135877375,45006.6984883921,35549.306384129595
12,95,2012-10-26,36971.46,False,B,112238,65.95,4.301,13749.1,104.54,56.0,2402.63,4813.93,131.1930968,10.199,36971.46,41510.45,44694.1833670238,44615.21847908277,34031.859846992695,45006.69845561117,37119.17923815022
13,1,2012-08-10,34885.32,False,A,219622,81.69,3.509,6249.06,70.38,51.09,3258.43,7070.04,130.7561613,5.765,34885.32,33909.31,33869.14641271489,33861.15230662769,34885.60387497293,39928.66923656053,33637.26462535652
13,1,2012-08-17,35524.12,False,A,219622,79.4,3.545,5063.08,6.76,40.96,2344.61,5594.85,130.7909677,5.765,35524.12,33532.53,33869.14641271489,33861.152306628755,35314.65124534951,43154.41077695269,33709.53070881701
13,1,2012-08-24,34554.33,False,A,219622,77.37,3.582,9360.8,71.92,179.51,8290.49,6291.99,130.8381613,5.765,34554.33,31450.65,33869.14641271489,33861.15230662961,32006.761423025815,44851.42180357975,31668.789472458324
13,1,2012-08-31,36004.03,False,A,219622,79.18,3.624,21327.53,50.44,88.44,9444.6,3872.19,130.8853548,5.765,36004.03,34118.01,33869.14641271489,33861.15230663029,35623.20012554973,45744.192159925085,34084.32445217894
13,1,2012-09-07,35489.42,True,A,219622,70.65,3.689,17452.15,18.74,69.23,4472.17,5180.78,130.9325484,5.765,35489.42,33124.95,33869.14641271489,33861.15230663084,34388.70498224173,46213.86436397266,33197.658203235405
13,1,2012-09-14,37693.05,False,A,219622,68.55,3.749,13208.43,0.0,28.06,1300.16,10484.98,130.9776667,5.765,37693.05,35798.64,33869.14641271489,33861.15230663127,36833.15082966117,46460.95139781855,35113.04079024809
13,1,2012-09-21,37857.4,False,A,219622,67.96,3.821,10671.71,141.83,46.0,2465.37,12372.29,131.0103333,5.765,37857.4,36918.05,33869.14641271489,33861.152306631615,37685.43935552701,46590.93993401171,35796.861186980226
13,1,2012-09-28,36678.66,False,A,219622,64.8,3.821,5197.64,63.1,2.6,3022.73,9779.77,131.043,5.765,36678.66,36964.11,33869.14641271489,33861.1523066319,40109.839493379346,46659.3248236542,36567.002225252785
13,1,2012-10-05,44180.86,False,A,219622,61.79,3.815,6607.14,0.0,50.6,3943.91,7700.91,131.0756667,5.621,44180.86,44538.63,33869.14641271489,33861.15230663212,49648.96369687082,46695.30102023561,42936.67099051727
13,1,2012-10-12,47496.96,False,A,219622,55.1,3.797,1927.15,0.0,9.72,518.97,11269.24,131.1083333,5.621,47496.96,48179.54,33869.14641271489,33861.1523066323,55852.43078175014,46714.2275217951,46824.46282547471
13,1,2012-10-19,59197.86,False,A,219622,52.06,3.781,2753.9,0.0,8.84,775.96,6978.9,131.1499677,5.621,59197.86,61474.31,33869.14641271489,33861.152306632444,65122.99108324866,46724.184451524205,55727.28593184584
13,1,2012-10-26,73165.41,False,A,219622,46.97,3.755,10192.49,364.57,150.0,1714.15,5563.92,131.1930968,5.621,73165.41,83303.04,33869.14641271489,33861.15230663255,101394.38940044411,46729.422632987305,78803.1108489447
13,2,2012-08-10,80436.11,False,A,219622,81.69,3.509,6249.06,70.38,51.09,3258.43,7070.04,130.7561613,5.765,80436.11,73515.43,77301.58576536797,77833.51610673139,76504.5558159102,80364.92947260864,73690.19525175187
13,2,2012-08-17,82423.06,False,A,219622,79.4,3.545,5063.08,6.76,40.96,2344.61,5594.85,130.7909677,5.765,82423.06,78003.18,77301.58576536797,77850.3065498723,81586.9568791596,79126.92724763164,78212.20616074897
13,2,2012-08-24,81595.37,False,A,219622,77.37,3.582,9360.8,71.92,179.51,8290.49,6291.99,130.8381613,5.765,81595.37,82300.83,77301.58576536797,77867.0130407975,83919.00619163574,78617.32835674004,82449.39953330763
13,2,2012-08-31,80338.63,False,A,219622,79.18,3.624,21327.53,50.44,88.44,9444.6,3872.19,130.8853548,5.765,80338.63,79483.41,77301.58576536797,77883.63599926807,79912.35065621577,78407.56215086527,79606.11598221034
13,2,2012-09-07,85014.33,True,A,219622,70.65,3.689,17452.15,18.74,69.23,4472.17,5180.78,130.9325484,5.765,85014.33,73704.45,77301.58576536797,77900.1758429463,75783.61028549696,78321.21608160654,73883.24205823311
13,2,2012-09-14,76116.2,False,A,219622,68.55,3.749,13208.43,0.0,28.06,1300.16,10484.98,130.9776667,5.765,76116.2,76293.43,77301.58576536797,77916.63298740613,75553.80669162092,78285.67344667476,76394.59962275306
13,2,2012-09-21,77198.61,False,A,219622,67.96,3.821,10671.71,141.83,46.0,2465.37,12372.29,131.0103333,5.765,77198.61,75033.57,77301.58576536797,77933.00784614366,74460.09695095057,78271.04303085225,75149.24580331042
13,2,2012-09-28,75530.96,False,A,219622,64.8,3.821,5197.64,63.1,2.6,3022.73,9779.77,131.043,5.765,75530.96,75553.76,77301.58576536797,77949.30083058751,75203.9567731323,78265.02071237333,75681.44699319357
13,2,2012-10-05,80908.63,False,A,219622,61.79,3.815,6607.14,0.0,50.6,3943.91,7700.91,131.0756667,5.621,80908.63,80885.78,77301.58576536797,77965.51235010913,79301.46641127851,78262.54174524746,80980.02352695403
13,2,2012-10-12,75251.48,False,A,219622,55.1,3.797,1927.15,0.0,9.72,518.97,11269.24,131.1083333,5.621,75251.48,73460.3,77301.58576536797,77981.64281203315,70996.70336012541,78261.52132793932,73535.64391342484
13,2,2012-10-19,74957.33,False,A,219622,52.06,3.781,2753.9,0.0,8.84,775.96,6978.9,131.1499677,5.621,74957.33,73779.76,77301.58576536797,77997.69262164754,72385.40863228308,78261.1012935339,73888.66776196091
13,2,2012-10-26,71889.05,False,A,219622,46.97,3.755,10192.49,364.57,150.0,1714.15,5563.92,131.1930968,5.621,71889.05,71394.51,77301.58576536797,78013.66218221387,69949.42540009166,78260.92839475971,71501.75451113713
13,4,2012-08-10,46809.31,False,A,219622,81.69,3.509,6249.06,70.38,51.09,3258.43,7070.04,130.7561613,5.765,46809.31,42561.39,46915.40712244346,46918.516060711656,46604.84221563594,47205.28151769599,43353.49091916533
13,4,2012-08-17,47337.25,False,A,219622,79.4,3.545,5063.08,6.76,40.96,2344.61,5594.85,130.7909677,5.765,47337.25,47437.61,46915.40712244346,46918.51606071156,49997.94504997859,47119.80121214944,48064.79002125824
13,4,2012-08-24,47071.23,False,A,219622,77.37,3.582,9360.8,71.92,179.51,8290.49,6291.99,130.8381613,5.765,47071.23,46806.82,46915.40712244346,46918.51606071148,49254.32792202268,47112.059381730425,47433.2113793691
13,4,2012-08-31,47392.48,False,A,219622,79.18,3.624,21327.53,50.44,88.44,9444.6,3872.19,130.8853548,5.765,47392.48,46643.92,46915.40712244346,46918.516060711416,49922.98663602965,47111.35821509498,47334.11927699918
13,4,2012-09-07,51651.07,True,A,219622,70.65,3.689,17452.15,18.74,69.23,4472.17,5180.78,130.9325484,5.765,51651.07,44023.1,46915.40712244346,46918.516060711365,46412.21341156146,47111.29471142414,44646.10365351895
13,4,2012-09-14,43956.77,False,A,219622,68.55,3.749,13208.43,0.0,28.06,1300.16,10484.98,130.9776667,5.765,43956.77,42856.79,46915.40712244346,46918.51606071133,44814.733217189765,47111.28895998646,43447.5082779643
13,4,2012-09-21,45054.74,False,A,219622,67.96,3.821,10671.71,141.83,46.0,2465.37,12372.29,131.0103333,5.765,45054.74,41407.74,46915.40712244346,46918.5160607113,43900.25312913245,47111.28843908688,42044.444563425655
13,4,2012-09-28,42380.96,False,A,219622,64.8,3.821,5197.64,63.1,2.6,3022.73,9779.77,131.043,5.765,42380.96,40831.88,46915.40712244346,46918.51606071127,44376.32290650281,47111.28839190974,41553.41032911508
13,4,2012-10-05,46983.08,False,A,219622,61.79,3.815,6607.14,0.0,50.6,3943.91,7700.91,131.0756667,5.621,46983.08,45361.55,46915.40712244346,46918.51606071125,46885.98511063459,47111.28838763697,45913.137135943405
13,4,2012-10-12,42528.42,False,A,219622,55.1,3.797,1927.15,0.0,9.72,518.97,11269.24,131.1083333,5.621,42528.42,41003.77,46915.40712244346,46918.516060711234,43797.32885806273,47111.28838724999,41666.92145666051
13,4,2012-10-19,43248.62,False,A,219622,52.06,3.781,2753.9,0.0,8.84,775.96,6978.9,131.1499677,5.621,43248.62,39894.92,46915.40712244346,46918.51606071122,43832.70018797426,47111.28838721494,40651.500547740834
13,4,2012-10-26,43265.8,False,A,219622,46.97,3.755,10192.49,364.57,150.0,1714.15,5563.92,131.1930968,5.621,43265.8,40924.39,46915.40712244346,46918.51606071121,45852.8160620504,47111.28838721177,41757.72668504196
13,5,2012-08-10,41564.1,False,A,219622,81.69,3.509,6249.06,70.38,51.09,3258.43,7070.04,130.7561613,5.765,41564.1,37793.54,31732.67211418826,31744.792702441377,26074.63595926451,42225.3838083134,25928.668976969428
13,5,2012-08-17,34480.89,False,A,219622,79.4,3.545,5063.08,6.76,40.96,2344.61,5594.85,130.7909677,5.765,34480.89,34948.1,31732.67211418826,31744.792702442315,30789.351377659,48404.386204414885,24388.16617951988
13,5,2012-08-24,73550.3,False,A,219622,77.37,3.582,9360.8,71.92,179.51,8290.49,6291.99,130.8381613,5.765,73550.3,33201.57,31732.67211418826,31744.79270244307,24533.46952044627,51837.29510365897,22135.503997054773
13,5,2012-08-31,48611.54,False,A,219622,79.18,3.624,21327.53,50.44,88.44,9444.6,3872.19,130.8853548,5.765,48611.54,35498.3,31732.67211418826,31744.79270244367,28036.39966316351,53744.53882279795,24331.59941314363
13,5,2012-09-07,40621.68,True,A,219622,70.65,3.689,17452.15,18.74,69.23,4472.17,5180.78,130.9325484,5.765,40621.68,39786.2,31732.67211418826,31744.792702444152,30745.634109886087,54804.15872852748,27727.541339051746
13,5,2012-09-14,45865.48,False,A,219622,68.55,3.749,13208.43,0.0,28.06,1300.16,10484.98,130.9776667,5.765,45865.48,58911.45,31732.67211418826,31744.792702444534,38790.423640046036,55392.85871130951,41249.07752296735
13,5,2012-09-21,38904.82,False,A,219622,67.96,3.821,10671.71,141.83,46.0,2465.37,12372.29,131.0103333,5.765,38904.82,49604.44,31732.67211418826,31744.792702444844,33795.42207467155,55719.926622976345,34151.384495551254
13,5,2012-09-28,72284.15,False,A,219622,64.8,3.821,5197.64,63.1,2.6,3022.73,9779.77,131.043,5.765,72284.15,49633.57,31732.67211418826,31744.79270244509,50122.12398401921,55901.637888427,38355.23310955618
13,5,2012-10-05,52946.2,False,A,219622,61.79,3.815,6607.14,0.0,50.6,3943.91,7700.91,131.0756667,5.621,52946.2,65327.9,31732.67211418826,31744.792702445287,56814.090064770724,56002.59240831067,49499.4493355942
13,5,2012-10-12,48423.13,False,A,219622,55.1,3.797,1927.15,0.0,9.72,518.97,11269.24,131.1083333,5.621,48423.13,52186.95,31732.67211418826,31744.792702445444,54953.38927257794,56058.68037324595,41266.87737184237
13,5,2012-10-19,50482.05,False,A,219622,52.06,3.781,2753.9,0.0,8.84,775.96,6978.9,131.1499677,5.621,50482.05,61428.09,31732.67211418826,31744.79270244557,47600.0857236975,56089.84153189647,44859.01162508194
13,5,2012-10-26,46964.71,False,A,219622,46.97,3.755,10192.49,364.57,150.0,1714.15,5563.92,131.1930968,5.621,46964.71,54998.42,31732.67211418826,31744.792702445673,37665.84954665301,56107.15394124423,38295.33566738046
13,7,2012-08-10,46326.33,False,A,219622,81.69,3.509,6249.06,70.38,51.09,3258.43,7070.04,130.7561613,5.765,46326.33,46431.78,48939.12882606247,48940.968735117465,46295.192803611106,52915.31979954999,44306.407816551044
13,7,2012-08-17,52008.53,False,A,219622,79.4,3.545,5063.08,6.76,40.96,2344.61,5594.85,130.7909677,5.765,52008.53,45683.25,48939.12882606247,48940.96873532238,45554.553356802964,55583.345311857775,43733.90680953222
13,7,2012-08-24,47188.54,False,A,219622,77.37,3.582,9360.8,71.92,179.51,8290.49,6291.99,130.8381613,5.765,47188.54,43280.53,48939.12882606247,48940.968735493385,44242.597400466664,57254.992961361924,41631.25319695935
13,7,2012-08-31,44189.27,False,A,219622,79.18,3.624,21327.53,50.44,88.44,9444.6,3872.19,130.8853548,5.765,44189.27,43439.55,48939.12882606247,48940.96873563611,43760.20397138345,58302.36145585418,41651.23831089419
13,7,2012-09-07,47072.37,True,A,219622,70.65,3.689,17452.15,18.74,69.23,4472.17,5180.78,130.9325484,5.765,47072.37,42061.9,48939.12882606247,48940.96873575523,45747.23891177247,58958.58871976376,41076.87549680559
13,7,2012-09-14,45904.94,False,A,219622,68.55,3.749,13208.43,0.0,28.06,1300.16,10484.98,130.9776667,5.765,45904.94,44375.4,48939.12882606247,48940.96873585465,39266.47691948113,59369.74699324898,41347.928304598034
13,7,2012-09-21,47138.72,False,A,219622,67.96,3.821,10671.71,141.83,46.0,2465.37,12372.29,131.0103333,5.765,47138.72,42996.66,48939.12882606247,48940.96873593762,40963.535793415824,59627.357633880085,40695.44698199946
13,7,2012-09-28,43144.88,False,A,219622,64.8,3.821,5197.64,63.1,2.6,3022.73,9779.77,131.043,5.765,43144.88,40262.78,48939.12882606247,48940.968736006864,40776.28048258099,59788.76322011294,38593.255309469685
13,7,2012-10-05,42023.13,False,A,219622,61.79,3.815,6607.14,0.0,50.6,3943.91,7700.91,131.0756667,5.621,42023.13,42724.15,48939.12882606247,48940.96873606466,41575.124326888494,59889.89166419952,40526.446079254696
13,7,2012-10-12,37473.65,False,A,219622,55.1,3.797,1927.15,0.0,9.72,518.97,11269.24,131.1083333,5.621,37473.65,38395.98,48939.12882606247,48940.96873611289,42206.417290531404,59953.25354926227,37471.85070276263
13,7,2012-10-19,42991.39,False,A,219622,52.06,3.781,2753.9,0.0,8.84,775.96,6978.9,131.1499677,5.621,42991.39,42285.58,48939.12882606247,48940.96873615315,40719.49745314123,59992.952849641784,40056.21698237301
13,7,2012-10-26,39941.45,False,A,219622,46.97,3.755,10192.49,364.57,150.0,1714.15,5563.92,131.1930968,5.621,39941.45,42913.17,48939.12882606247,48940.96873618675,39270.87599550898,60017.8263907156,40258.50421698684
13,13,2012-08-10,49931.46,False,A,219622,81.69,3.509,6249.06,70.38,51.09,3258.43,7070.04,130.7561613,5.765,49931.46,47330.49,49657.31347201442,49618.19117913084,48954.84655861202,51319.997207158696,47725.34780859423
13,13,2012-08-17,54060.29,False,A,219622,79.4,3.545,5063.08,6.76,40.96,2344.61,5594.85,130.7909677,5.765,54060.29,51720.19,49657.31347201442,49618.19117911499,52256.757946941776,52290.18294704505,51659.352825774506
13,13,2012-08-24,51468.09,False,A,219622,77.37,3.582,9360.8,71.92,179.51,8290.49,6291.99,130.8381613,5.765,51468.09,53482.66,49657.31347201442,49618.19117910182,54009.46891436742,51652.957406663074,53513.235215054796
13,13,2012-08-31,53578.28,False,A,219622,79.18,3.624,21327.53,50.44,88.44,9444.6,3872.19,130.8853548,5.765,53578.28,53292.8,49657.31347201442,49618.19117909088,55147.614899861284,52071.49209813634,53467.479154268025
13,13,2012-09-07,58308.96,True,A,219622,70.65,3.689,17452.15,18.74,69.23,4472.17,5180.78,130.9325484,5.765,58308.96,51472.28,49657.31347201442,49618.19117908178,51198.56538501291,51796.595257275854,51401.55401731411
13,13,2012-09-14,50882.35,False,A,219622,68.55,3.749,13208.43,0.0,28.06,1300.16,10484.98,130.9776667,5.765,50882.35,50208.22,49657.31347201442,49618.19117907424,49879.61617527525,51977.1496405913,50139.75634243725
13,13,2012-09-21,50609.81,False,A,219622,67.96,3.821,10671.71,141.83,46.0,2465.37,12372.29,131.0103333,5.765,50609.81,49472.94,49657.31347201442,49618.19117906796,50574.77395866466,51858.56011721818,49595.44928974087
13,13,2012-09-28,51191.61,False,A,219622,64.8,3.821,5197.64,63.1,2.6,3022.73,9779.77,131.043,5.765,51191.61,47698.32,49657.31347201442,49618.19117906275,49949.711006937905,51936.450638598064,47980.14330239844
13,13,2012-10-05,53401.92,False,A,219622,61.79,3.815,6607.14,0.0,50.6,3943.91,7700.91,131.0756667,5.621,53401.92,54237.09,49657.31347201442,49618.19117905842,52515.44813427834,51885.2915382976,53968.37541737613
13,13,2012-10-12,47831.66,False,A,219622,55.1,3.797,1927.15,0.0,9.72,518.97,11269.24,131.1083333,5.621,47831.66,50613.39,49657.31347201442,49618.19117905482,51252.61839026734,51918.8932333073,50669.2297848205
13,13,2012-10-19,49102.01,False,A,219622,52.06,3.781,2753.9,0.0,8.84,775.96,6978.9,131.1499677,5.621,49102.01,49135.39,49657.31347201442,49618.19117905183,49756.31900046452,51896.823378659865,49192.518294001384
13,13,2012-10-26,48124.32,False,A,219622,46.97,3.755,10192.49,364.57,150.0,1714.15,5563.92,131.1930968,5.621,48124.32,46940.97,49657.31347201442,49618.19117904935,49359.13122471283,51911.31903085891,47235.2379572818
13,38,2012-08-10,96026.61,False,A,219622,81.69,3.509,6249.06,70.38,51.09,3258.43,7070.04,130.7561613,5.765,96026.61,77018.69,87408.17222394231,86796.16043880032,84888.08540037196,88572.62124290032,85149.77452082818
13,38,2012-08-17,84418.08,False,A,219622,79.4,3.545,5063.08,6.76,40.96,2344.61,5594.85,130.7909677,5.765,84418.08,90665.22,87408.17222394231,86600.47878277756,82065.73923756163,87873.36079143407,88399.30123767184
13,38,2012-08-24,94545.34,False,A,219622,77.37,3.582,9360.8,71.92,179.51,8290.49,6291.99,130.8381613,5.765,94545.34,78950.67,87408.17222394231,86422.63040802328,80794.75180111296,87785.66124951527,84115.168020453
13,38,2012-08-31,82082.48,False,A,219622,79.18,3.624,21327.53,50.44,88.44,9444.6,3872.19,130.8853548,5.765,82082.48,82275.33,87408.17222394231,86260.99009361866,97264.31591459789,87774.66218666731,91754.31212477216
13,38,2012-09-07,84991.53,True,A,219622,70.65,3.689,17452.15,18.74,69.23,4472.17,5180.78,130.9325484,5.765,84991.53,79572.73,87408.17222394231,86114.08073177082,80180.23371766655,87773.28271100658,83917.8729719949
13,38,2012-09-14,89044.31,False,A,219622,68.55,3.749,13208.43,0.0,28.06,1300.16,10484.98,130.9776667,5.765,89044.31,104561.17,87408.17222394231,85980.55982964914,93078.92967967017,87773.10970053062,97468.40100342153
13,38,2012-09-21,93644.39,False,A,219622,67.96,3.821,10671.71,141.83,46.0,2465.37,12372.29,131.0103333,5.765,93644.39,91748.75,87408.17222394231,85859.20724136512,85019.40718657305,87773.0880019783,90102.80219570974
13,38,2012-09-28,87331.28,False,A,219622,64.8,3.821,5197.64,63.1,2.6,3022.73,9779.77,131.043,5.765,87331.28,79392.93,87408.17222394231,85748.91401798792,98900.32049942532,87773.08528059875,91556.63250345786
13,38,2012-10-05,91582.34,False,A,219622,61.79,3.815,6607.14,0.0,50.6,3943.91,7700.91,131.0756667,5.621,91582.34,78299.35,87408.17222394231,85648.67227370421,91199.01788222046,87773.08493928995,87973.95103682124
13,38,2012-10-12,88257.7,False,A,219622,55.1,3.797,1927.15,0.0,9.72,518.97,11269.24,131.1083333,5.621,88257.7,85378.37,87408.17222394231,85557.56597551695,89944.33172492005,87773.08489648384,89805.5083731677
13,38,2012-10-19,88325.74,False,A,219622,52.06,3.781,2753.9,0.0,8.84,775.96,6978.9,131.1499677,5.621,88325.74,89399.0,87408.17222394231,85474.762572317,85970.3420508266,87773.0848911152,89570.33666573583
13,38,2012-10-26,92092.84,False,A,219622,46.97,3.755,10192.49,364.57,150.0,1714.15,5563.92,131.1930968,5.621,92092.84,88670.96,87408.17222394231,85399.50538683245,90752.37216236402,87773.08489044188,91308.2425852265
13,40,2012-08-10,78201.98,False,A,219622,81.69,3.509,6249.06,70.38,51.09,3258.43,7070.04,130.7561613,5.765,78201.98,74115.14,77244.36096746122,77360.76935359993,74444.22034610756,77811.82846888203,76380.54602921256
13,40,2012-08-17,79853.32,False,A,219622,79.4,3.545,5063.08,6.76,40.96,2344.61,5594.85,130.7909677,5.765,79853.32,73859.1,77244.36096746122,77360.76922247463,77208.8235717171,77816.21986200153,76406.18117717611
13,40,2012-08-24,76757.55,False,A,219622,77.37,3.582,9360.8,71.92,179.51,8290.49,6291.99,130.8381613,5.765,76757.55,74929.69,77244.36096746122,77360.76910654538,76952.7700167702,77816.19503637875,77343.86680012573
13,40,2012-08-31,80189.75,False,A,219622,79.18,3.624,21327.53,50.44,88.44,9444.6,3872.19,130.8853548,5.765,80189.75,77361.33,77244.36096746122,77360.76900405114,80959.43056488317,77816.19517672408,79903.38314170486
13,40,2012-09-07,80777.86,True,A,219622,70.65,3.689,17452.15,18.74,69.23,4472.17,5180.78,130.9325484,5.765,80777.86,74321.75,77244.36096746122,77360.76891343493,80071.77261761177,77816.19517593068,77082.08324053862
13,40,2012-09-14,83208.33,False,A,219622,68.55,3.749,13208.43,0.0,28.06,1300.16,10484.98,130.9776667,5.765,83208.33,77133.31,77244.36096746122,77360.7688333202,79520.79592696132,77816.19517593517,79547.29672337031
13,40,2012-09-21,81597.4,False,A,219622,67.96,3.821,10671.71,141.83,46.0,2465.37,12372.29,131.0103333,5.765,81597.4,74565.52,77244.36096746122,77360.76876248994,77652.44502669314,77816.19517593514,77066.48126248701
13,40,2012-09-28,82334.76,False,A,219622,64.8,3.821,5197.64,63.1,2.6,3022.73,9779.77,131.043,5.765,82334.76,72574.92,77244.36096746122,77360.76869986817,79656.33717673105,77816.19517593514,75465.43005836215
13,40,2012-10-05,81098.94,False,A,219622,61.79,3.815,6607.14,0.0,50.6,3943.91,7700.91,131.0756667,5.621,81098.94,78465.18,77244.36096746122,77360.76864450362,80176.13467825868,77816.19517593514,80797.77637712672
13,40,2012-10-12,82142.89,False,A,219622,55.1,3.797,1927.15,0.0,9.72,518.97,11269.24,131.1083333,5.621,82142.89,73024.33,77244.36096746122,77360.76859555526,76993.66477596141,77816.19517593514,75615.25855473788
13,40,2012-10-19,77052.02,False,A,219622,52.06,3.781,2753.9,0.0,8.84,775.96,6978.9,131.1499677,5.621,77052.02,74810.3,77244.36096746122,77360.7685522795,77452.9152456452,77816.19517593514,77259.11919803385
13,40,2012-10-26,77927.39,False,A,219622,46.97,3.755,10192.49,364.57,150.0,1714.15,5563.92,131.1930968,5.621,77927.39,73093.56,77244.36096746122,77360.76851401896,75658.03512858512,77816.19517593514,75544.6783017207
13,46,2012-08-10,42873.72,False,A,219622,81.69,3.509,6249.06,70.38,51.09,3258.43,7070.04,130.7561613,5.765,42873.72,40116.15,44241.00302810539,44271.33518408477,44159.60804264615,44545.71289710961,42879.07860905557
13,46,2012-08-17,41346.6,False,A,219622,79.4,3.545,5063.08,6.76,40.96,2344.61,5594.85,130.7909677,5.765,41346.6,40715.46,44241.00302810539,44296.43658352666,45111.849077027815,44462.73966816115,43542.082691596734
13,46,2012-08-24,39742.22,False,A,219622,77.37,3.582,9360.8,71.92,179.51,8290.49,6291.99,130.8381613,5.765,39742.22,40405.7,44241.00302810539,44321.309216481946,44202.69187477069,44407.45405914643,43143.160445114256
13,46,2012-08-31,40163.35,False,A,219622,79.18,3.624,21327.53,50.44,88.44,9444.6,3872.19,130.8853548,5.765,40163.35,37760.77,44241.00302810539,44345.9551678585,41877.59307602578,44370.61689367916,40586.22293465474
13,46,2012-09-07,40721.59,True,A,219622,70.65,3.689,17452.15,18.74,69.23,4472.17,5180.78,130.9325484,5.765,40721.59,35332.51,44241.00302810539,44370.37650356298,39159.92541729576,44346.07204767227,38152.85756705218
13,46,2012-09-14,38160.19,False,A,219622,68.55,3.749,13208.43,0.0,28.06,1300.16,10484.98,130.9776667,5.765,38160.19,34851.28,44241.00302810539,44394.57527067401,39300.185199968386,44329.71765509456,37769.31124215832
13,46,2012-09-21,37278.21,False,A,219622,67.96,3.821,10671.71,141.83,46.0,2465.37,12372.29,131.0103333,5.765,37278.21,35054.45,44241.00302810539,44418.553497613764,40317.246008406284,44318.82061558937,38085.02568690672
13,46,2012-09-28,36790.95,False,A,219622,64.8,3.821,5197.64,63.1,2.6,3022.73,9779.77,131.043,5.765,36790.95,34802.59,44241.00302810539,44442.31319431799,39892.26428042878,44311.55984638541,37805.657716637725
13,46,2012-10-05,39491.36,False,A,219622,61.79,3.815,6607.14,0.0,50.6,3943.91,7700.91,131.0756667,5.621,39491.36,37452.59,44241.00302810539,44465.856352404495,42271.871207041884,44306.72194803623,40364.98619012479
13,46,2012-10-12,37241.15,False,A,219622,55.1,3.797,1927.15,0.0,9.72,518.97,11269.24,131.1083333,5.621,37241.15,36875.3,44241.00302810539,44489.1849453401,39931.9454829769,44303.49842449767,39539.33507900085
13,46,2012-10-19,38083.14,False,A,219622,52.06,3.781,2753.9,0.0,8.84,775.96,6978.9,131.1499677,5.621,38083.14,36661.79,44241.00302810539,44512.30092860605,37728.085750768914,44301.350569529735,39042.69941798073
13,46,2012-10-26,38219.89,False,A,219622,46.97,3.755,10192.49,364.57,150.0,1714.15,5563.92,131.1930968,5.621,38219.89,36330.39,44241.00302810539,44535.20623986192,40108.92063937954,44299.91943961612,39123.32315745982
13,72,2012-08-10,69395.18,False,A,219622,81.69,3.509,6249.06,70.38,51.09,3258.43,7070.04,130.7561613,5.765,69395.18,58913.94,62480.019529153054,62671.37553988785,63376.11710140885,63361.07730368725,56883.39156782715
13,72,2012-08-17,66652.31,False,A,219622,79.4,3.545,5063.08,6.76,40.96,2344.61,5594.85,130.7909677,5.765,66652.31,77559.28,62480.019529153054,62671.375539867026,77810.44500884629,63192.11167865735,75299.37747279671
13,72,2012-08-24,63557.09,False,A,219622,77.37,3.582,9360.8,71.92,179.51,8290.49,6291.99,130.8381613,5.765,63557.09,68914.62,62480.019529153054,62671.375539850065,66377.0872509871,63178.41631958857,66398.41351703787
13,72,2012-08-31,71608.58,False,A,219622,79.18,3.624,21327.53,50.44,88.44,9444.6,3872.19,130.8853548,5.765,71608.58,66192.51,62480.019529153054,62671.37553983624,74859.34663642148,63177.30625439046,64731.71009707906
13,72,2012-09-07,68932.26,True,A,219622,70.65,3.689,17452.15,18.74,69.23,4472.17,5180.78,130.9325484,5.765,68932.26,64086.92,62480.019529153054,62671.375539824985,66708.82771774655,63177.21627903911,62102.1708673646
13,72,2012-09-14,60158.24,False,A,219622,68.55,3.749,13208.43,0.0,28.06,1300.16,10484.98,130.9776667,5.765,60158.24,67643.54,62480.019529153054,62671.37553981581,67061.00167520464,63177.208986166705,65354.55607216553
13,72,2012-09-21,68099.15,False,A,219622,67.96,3.821,10671.71,141.83,46.0,2465.37,12372.29,131.0103333,5.765,68099.15,61985.14,62480.019529153054,62671.37553980834,62488.452800015424,63177.20839504939,59843.085053323746
13,72,2012-09-28,68626.04,False,A,219622,64.8,3.821,5197.64,63.1,2.6,3022.73,9779.77,131.043,5.765,68626.04,53690.73,62480.019529153054,62671.37553980225,50573.89585717647,63177.2083471369,51294.70264948119
13,72,2012-10-05,80309.21,False,A,219622,61.79,3.815,6607.14,0.0,50.6,3943.91,7700.91,131.0756667,5.621,80309.21,64006.1,62480.019529153054,62671.37553979729,62817.81801425914,63177.20834325339,61716.36232279832
13,72,2012-10-12,67030.98,False,A,219622,55.1,3.797,1927.15,0.0,9.72,518.97,11269.24,131.1083333,5.621,67030.98,63324.22,62480.019529153054,62671.37553979325,61259.503169747484,63177.20834293862,60962.383802264674
13,72,2012-10-19,70706.19,False,A,219622,52.06,3.781,2753.9,0.0,8.84,775.96,6978.9,131.1499677,5.621,70706.19,75439.06,62480.019529153054,62671.37553978996,60965.30305729519,63177.2083429131,71893.45420807968
13,72,2012-10-26,63039.92,False,A,219622,46.97,3.755,10192.49,364.57,150.0,1714.15,5563.92,131.1930968,5.621,63039.92,66281.35,62480.019529153054,62671.375539787274,58762.51083631164,63177.208342911035,63427.15849149093
13,79,2012-08-10,51841.89,False,A,219622,81.69,3.509,6249.06,70.38,51.09,3258.43,7070.04,130.7561613,5.765,51841.89,50601.74,53885.07381872794,52985.88835586269,53935.79361677928,53938.72248183383,52565.0006802257
13,79,2012-08-17,53181.58,False,A,219622,79.4,3.545,5063.08,6.76,40.96,2344.61,5594.85,130.7909677,5.765,53181.58,48034.88,53885.07381872794,52985.8883554268,53458.606808461416,53062.93658335461,51452.26015421695
13,79,2012-08-24,52146.72,False,A,219622,77.37,3.582,9360.8,71.92,179.51,8290.49,6291.99,130.8381613,5.765,52146.72,46602.4,53885.07381872794,52985.88835505747,47620.53174656373,52982.66939561288,48794.62879210696
13,79,2012-08-31,51702.09,False,A,219622,79.18,3.624,21327.53,50.44,88.44,9444.6,3872.19,130.8853548,5.765,51702.09,53772.89,53885.07381872794,52985.88835474453,59113.009254023986,52975.31277861419,56496.893979332
13,79,2012-09-07,61801.19,True,A,219622,70.65,3.689,17452.15,18.74,69.23,4472.17,5180.78,130.9325484,5.765,61801.19,53575.58,53885.07381872794,52985.88835447937,52670.30839768769,52974.63853282101,54845.80459745236
13,79,2012-09-14,51836.21,False,A,219622,68.55,3.749,13208.43,0.0,28.06,1300.16,10484.98,130.9776667,5.765,51836.21,50338.54,53885.07381872794,52985.888354254705,48864.39418324373,52974.57673710843,51770.79829246392
13,79,2012-09-21,49643.36,False,A,219622,67.96,3.821,10671.71,141.83,46.0,2465.37,12372.29,131.0103333,5.765,49643.36,50720.79,53885.07381872794,52985.88835406434,47476.610428792424,52974.57107343187,51699.98167487081
13,79,2012-09-28,48935.21,False,A,219622,64.8,3.821,5197.64,63.1,2.6,3022.73,9779.77,131.043,5.765,48935.21,50569.23,53885.07381872794,52985.88835390304,52745.346320684424,52974.57055434679,52772.61048583528
13,79,2012-10-05,59570.85,False,A,219622,61.79,3.815,6607.14,0.0,50.6,3943.91,7700.91,131.0756667,5.621,59570.85,57189.74,53885.07381872794,52985.88835376637,56130.908001099444,52974.57050677181,58090.439801612076
13,79,2012-10-12,50835.66,False,A,219622,55.1,3.797,1927.15,0.0,9.72,518.97,11269.24,131.1083333,5.621,50835.66,48812.82,53885.07381872794,52985.88835365057,52210.98960452146,52974.57050241149,51408.82071734465
13,79,2012-10-19,51108.0,False,A,219622,52.06,3.781,2753.9,0.0,8.84,775.96,6978.9,131.1499677,5.621,51108.0,47925.47,53885.07381872794,52985.888353552444,47634.19068579477,52974.570502011855,49755.406203730476
13,79,2012-10-26,49904.89,False,A,219622,46.97,3.755,10192.49,364.57,150.0,1714.15,5563.92,131.1930968,5.621,49904.89,44259.0,53885.07381872794,52985.88835346931,47182.27376443261,52974.57050197523,47136.35030379551
13,90,2012-08-10,117598.61,False,A,219622,81.69,3.509,6249.06,70.38,51.09,3258.43,7070.04,130.7561613,5.765,117598.61,117293.1,117286.67617914261,116350.56718526423,117368.82641333815,117474.18987039498,118622.26291120642
13,90,2012-08-17,126591.48,False,A,219622,79.4,3.545,5063.08,6.76,40.96,2344.61,5594.85,130.7909677,5.765,126591.48,125182.44,117286.67617914261,116263.23451092996,122352.57283685509,117269.40796731772,126271.77997079925
13,90,2012-08-24,118548.58,False,A,219622,77.37,3.582,9360.8,71.92,179.51,8290.49,6291.99,130.8381613,5.765,118548.58,124570.63,117286.67617914261,116185.77729170129,121505.23782754985,117239.59428745085,125674.26244879112
13,90,2012-08-31,120221.14,False,A,219622,79.18,3.624,21327.53,50.44,88.44,9444.6,3872.19,130.8853548,5.765,120221.14,126932.75,117286.67617914261,116117.07882510361,126470.3340180385,117235.2537891263,128162.33410590905
13,90,2012-09-07,126632.77,True,A,219622,70.65,3.689,17452.15,18.74,69.23,4472.17,5180.78,130.9325484,5.765,126632.77,120231.85,117286.67617914261,116056.14868379633,119360.655495103,117234.62186694195,121454.29829067588
13,90,2012-09-14,121946.64,False,A,219622,68.55,3.749,13208.43,0.0,28.06,1300.16,10484.98,130.9776667,5.765,121946.64,127394.62,117286.67617914261,116002.10843655956,124447.96173447995,117234.52986698774,128504.58738807817
13,90,2012-09-21,124686.64,False,A,219622,67.96,3.821,10671.71,141.83,46.0,2465.37,12372.29,131.0103333,5.765,124686.64,119132.23,117286.67617914261,115954.17898393146,117251.53857388225,117234.51647294685,120313.8127268624
13,90,2012-09-28,120890.02,False,A,219622,64.8,3.821,5197.64,63.1,2.6,3022.73,9779.77,131.043,5.765,120890.02,124090.48,117286.67617914261,115911.6693259137,119803.30958574322,117234.51452294228,125146.31280856066
13,90,2012-10-05,130632.28,False,A,219622,61.79,3.815,6607.14,0.0,50.6,3943.91,7700.91,131.0756667,5.621,130632.28,136150.82,117286.67617914261,115873.96659980899,128891.44855438611,117234.51423904604,137045.90496198036
13,90,2012-10-12,129858.28,False,A,219622,55.1,3.797,1927.15,0.0,9.72,518.97,11269.24,131.1083333,5.621,129858.28,126101.13,117286.67617914261,115840.52724456569,125572.91991795415,117234.5141977143,127354.01660252635
13,90,2012-10-19,130456.3,False,A,219622,52.06,3.781,2753.9,0.0,8.84,775.96,6978.9,131.1499677,5.621,130456.3,129683.06,117286.67617914261,115810.86916424592,124971.53901775806,117234.51419169693,130731.97918626825
13,90,2012-10-26,128116.96,False,A,219622,46.97,3.755,10192.49,364.57,150.0,1714.15,5563.92,131.1930968,5.621,128116.96,125507.96,117286.67617914261,115784.56477763756,125276.84323780508,117234.51419082088,126793.59786739068
13,91,2012-08-10,83126.75,False,A,219622,81.69,3.509,6249.06,70.38,51.09,3258.43,7070.04,130.7561613,5.765,83126.75,81423.08,83488.63965003984,83550.08272969672,84685.8136744853,82567.55321816818,82622.99009341067
13,91,2012-08-17,90456.81,False,A,219622,79.4,3.545,5063.08,6.76,40.96,2344.61,5594.85,130.7909677,5.765,90456.81,85079.48,83488.63965003984,83551.09502537042,87569.24116560175,82894.84983434023,85957.35384651306
13,91,2012-08-24,80110.03,False,A,219622,77.37,3.582,9360.8,71.92,179.51,8290.49,6291.99,130.8381613,5.765,80110.03,80455.84,83488.63965003984,83551.9856784972,81439.94888383728,83032.24290945266,81302.8646778244
13,91,2012-08-31,78322.8,False,A,219622,79.18,3.624,21327.53,50.44,88.44,9444.6,3872.19,130.8853548,5.765,78322.8,77904.56,83488.63965003984,83552.76930625821,80047.77598661755,83089.91798507558,78831.998184139
13,91,2012-09-07,83977.26,True,A,219622,70.65,3.689,17452.15,18.74,69.23,4472.17,5180.78,130.9325484,5.765,83977.26,79528.19,83488.63965003984,83553.45876936046,79649.5942290905,83114.1289167065,80317.1830569537
13,91,2012-09-14,83100.25,False,A,219622,68.55,3.749,13208.43,0.0,28.06,1300.16,10484.98,130.9776667,5.765,83100.25,86643.76,83488.63965003984,83554.06538310363,87147.32389057816,83124.29221868931,87450.75967642022
13,91,2012-09-21,84727.79,False,A,219622,67.96,3.821,10671.71,141.83,46.0,2465.37,12372.29,131.0103333,5.765,84727.79,78614.15,83488.63965003984,83554.59910308401,79638.31595805092,83128.55858517071,79476.06475435317
13,91,2012-09-28,78123.05,False,A,219622,64.8,3.821,5197.64,63.1,2.6,3022.73,9779.77,131.043,5.765,78123.05,77533.43,83488.63965003984,83555.0686885833,77713.6913749882,83130.3495270304,78338.57473749935
13,91,2012-10-05,83424.44,False,A,219622,61.79,3.815,6607.14,0.0,50.6,3943.91,7700.91,131.0756667,5.621,83424.44,85817.13,83488.63965003984,83555.48184632376,86357.67906014837,83131.10133134884,86633.7003963803
13,91,2012-10-12,84162.87,False,A,219622,55.1,3.797,1927.15,0.0,9.72,518.97,11269.24,131.1083333,5.621,84162.87,82763.03,83488.63965003984,83555.84535694912,86320.78921943052,83131.41692491776,83800.5222111202
13,91,2012-10-19,86687.87,False,A,219622,52.06,3.781,2753.9,0.0,8.84,775.96,6978.9,131.1499677,5.621,86687.87,85211.51,83488.63965003984,83556.16518630681,82505.68135859804,83131.54940526976,85798.8298589988
13,91,2012-10-26,80238.08,False,A,219622,46.97,3.755,10192.49,364.57,150.0,1714.15,5563.92,131.1930968,5.621,80238.08,75386.48,83488.63965003984,83556.44658335795,75966.15642563783,83131.60501807494,76225.30734683175
13,92,2012-08-10,171785.37,False,A,219622,81.69,3.509,6249.06,70.38,51.09,3258.43,7070.04,130.7561613,5.765,171785.37,159494.55,170320.20098931386,170200.7753537775,171213.78183701346,170478.17319294385,168849.61883553115
13,92,2012-08-17,182031.93,False,A,219622,79.4,3.545,5063.08,6.76,40.96,2344.61,5594.85,130.7909677,5.765,182031.93,165405.33,170320.20098931386,170172.19372734748,178751.82745505727,170318.26738161343,174422.5109146507
13,92,2012-08-24,168512.87,False,A,219622,77.37,3.582,9360.8,71.92,179.51,8290.49,6291.99,130.8381613,5.765,168512.87,158956.09,170320.20098931386,170148.8715313989,171732.2752873514,170295.43768830952,168073.19687688275
13,92,2012-08-31,167187.38,False,A,219622,79.18,3.624,21327.53,50.44,88.44,9444.6,3872.19,130.8853548,5.765,167187.38,160983.38,170320.20098931386,170129.8409550531,182571.82548929658,170292.17830147414,169601.5064785733
13,92,2012-09-07,182296.84,True,A,219622,70.65,3.689,17452.15,18.74,69.23,4472.17,5180.78,130.9325484,5.765,182296.84,159306.23,170320.20098931386,170114.31227855748,172136.54315901166,170291.712960026,168421.33777051204
13,92,2012-09-14,176190.23,False,A,219622,68.55,3.749,13208.43,0.0,28.06,1300.16,10484.98,130.9776667,5.765,176190.23,172475.45,170320.20098931386,170101.64110195596,182574.464740731,170291.64652340024,181706.62097687044
13,92,2012-09-21,179575.44,False,A,219622,67.96,3.821,10671.71,141.83,46.0,2465.37,12372.29,131.0103333,5.765,179575.44,159841.27,170320.20098931386,170091.30160415577,165561.6785488099,170291.63703826786,169345.3207771899
13,92,2012-09-28,169014.0,False,A,219622,64.8,3.821,5197.64,63.1,2.6,3022.73,9779.77,131.043,5.765,169014.0,171956.21,170320.20098931386,170082.8647227104,172663.68277087455,170291.63568407902,181707.03753481223
13,92,2012-10-05,181471.61,False,A,219622,61.79,3.815,6607.14,0.0,50.6,3943.91,7700.91,131.0756667,5.621,181471.61,194865.26,170320.20098931386,170075.98034883663,187838.56147806713,170291.635490742,204983.038550279
13,92,2012-10-12,184760.29,False,A,219622,55.1,3.797,1927.15,0.0,9.72,518.97,11269.24,131.1083333,5.621,184760.29,174861.48,170320.20098931386,170070.36279880465,184807.5243859774,170291.63546313933,184081.52456882483
13,92,2012-10-19,184451.36,False,A,219622,52.06,3.781,2753.9,0.0,8.84,775.96,6978.9,131.1499677,5.621,184451.36,176631.51,170320.20098931386,170065.77895880106,178310.49741850543,170291.6354591985,186294.087325696
13,92,2012-10-26,183483.92,False,A,219622,46.97,3.755,10192.49,364.57,150.0,1714.15,5563.92,131.1930968,5.621,183483.92,165500.6,170320.20098931386,170062.03861130818,180406.12654576363,170291.63545863586,174453.46539915836
13,93,2012-08-10,52372.35,False,A,219622,81.69,3.509,6249.06,70.38,51.09,3258.43,7070.04,130.7561613,5.765,52372.35,51713.65,54663.84118109253,55133.71823568649,53900.22600272718,54443.18217296739,52236.54397004827
13,93,2012-08-17,57423.49,False,A,219622,79.4,3.545,5063.08,6.76,40.96,2344.61,5594.85,130.7909677,5.765,57423.49,53163.32,54663.84118109253,55198.36189425789,55405.999935330685,54680.89383782495,53445.02165253487
13,93,2012-08-24,51071.39,False,A,219622,77.37,3.582,9360.8,71.92,179.51,8290.49,6291.99,130.8381613,5.765,51071.39,49010.69,54663.84118109253,55262.68233453644,52386.89093616163,54706.7160648955,49331.86793151432
13,93,2012-08-31,51846.73,False,A,219622,79.18,3.624,21327.53,50.44,88.44,9444.6,3872.19,130.8853548,5.765,51846.73,53599.49,54663.84118109253,55326.68117261359,56107.47545550388,54709.52109093948,53919.74812659138
13,93,2012-09-07,57337.96,True,A,219622,70.65,3.689,17452.15,18.74,69.23,4472.17,5180.78,130.9325484,5.765,57337.96,55129.27,54663.84118109253,55390.36001650036,55230.54965265769,54709.82579630381,55500.79793111601
13,93,2012-09-14,53264.05,False,A,219622,68.55,3.749,13208.43,0.0,28.06,1300.16,10484.98,130.9776667,5.765,53264.05,53855.55,54663.84118109253,55453.720466167695,56710.597814691435,54709.858895946236,54168.89142636388
13,93,2012-09-21,53501.57,False,A,219622,67.96,3.821,10671.71,141.83,46.0,2465.37,12372.29,131.0103333,5.765,53501.57,48288.75,54663.84118109253,55516.764113586694,50171.48830692103,54709.86249150593,48621.47187559556
13,93,2012-09-28,48095.85,False,A,219622,64.8,3.821,5197.64,63.1,2.6,3022.73,9779.77,131.043,5.765,48095.85,48684.59,54663.84118109253,55579.492542768596,50237.594299552155,54709.86288208567,49022.65980458477
13,93,2012-10-05,54069.81,False,A,219622,61.79,3.815,6607.14,0.0,50.6,3943.91,7700.91,131.0756667,5.621,54069.81,54245.77,54663.84118109253,55641.90732980459,54611.162405434276,54709.862924513705,54605.83021169088
13,93,2012-10-12,52631.16,False,A,219622,55.1,3.797,1927.15,0.0,9.72,518.97,11269.24,131.1083333,5.621,52631.16,51022.42,54663.84118109253,55704.0100429054,53617.60502177077,54709.862929122595,51336.268812786155
13,93,2012-10-19,55151.64,False,A,219622,52.06,3.781,2753.9,0.0,8.84,775.96,6978.9,131.1499677,5.621,55151.64,50794.69,54663.84118109253,55765.80224244071,51586.294631806195,54709.862929623254,51142.936463043974
13,93,2012-10-26,49032.14,False,A,219622,46.97,3.755,10192.49,364.57,150.0,1714.15,5563.92,131.1930968,5.621,49032.14,46995.82,54663.84118109253,55827.285480978346,49697.137957319916,54709.86292967764,47304.11964069868
13,94,2012-08-10,85761.29,False,A,219622,81.69,3.509,6249.06,70.38,51.09,3258.43,7070.04,130.7561613,5.765,85761.29,81180.43,89347.00734930031,89537.71399008049,83482.0743434486,88448.74843163625,84500.62866058435
13,94,2012-08-17,85625.28,False,A,219622,79.4,3.545,5063.08,6.76,40.96,2344.61,5594.85,130.7909677,5.765,85625.28,83269.03,89347.00734930031,89592.98996745038,82181.41541517546,88803.01101271909,86214.7730098315
13,94,2012-08-24,77292.63,False,A,219622,77.37,3.582,9360.8,71.92,179.51,8290.49,6291.99,130.8381613,5.765,77292.63,84147.38,89347.00734930031,89647.98956493344,79916.72274059517,88865.79595399993,86835.71941867289
13,94,2012-08-31,76190.91,False,A,219622,79.18,3.624,21327.53,50.44,88.44,9444.6,3872.19,130.8853548,5.765,76190.91,79592.77,89347.00734930031,89702.71416442907,79378.17265630522,88876.92314908667,82640.76760271753
13,94,2012-09-07,76510.13,True,A,219622,70.65,3.689,17452.15,18.74,69.23,4472.17,5180.78,130.9325484,5.765,76510.13,73275.06,89347.00734930031,89757.16514092723,73146.64284344586,88878.895189961,76375.83387258784
13,94,2012-09-14,72850.74,False,A,219622,68.55,3.749,13208.43,0.0,28.06,1300.16,10484.98,130.9776667,5.765,72850.74,72717.41,89347.00734930031,89811.34386254288,71043.04784051348,88879.24468910968,75689.44272631055
13,94,2012-09-21,75836.01,False,A,219622,67.96,3.821,10671.71,141.83,46.0,2465.37,12372.29,131.0103333,5.765,75836.01,70186.88,89347.00734930031,89865.25169055047,71293.94266891331,88879.30662984149,73402.71106717375
13,94,2012-09-28,74522.2,False,A,219622,64.8,3.821,5197.64,63.1,2.6,3022.73,9779.77,131.043,5.765,74522.2,69230.34,89347.00734930031,89918.88997941802,68641.99124540498,88879.31760741975,72304.54490243348
13,94,2012-10-05,76432.82,False,A,219622,61.79,3.815,6607.14,0.0,50.6,3943.91,7700.91,131.0756667,5.621,76432.82,71678.31,89347.00734930031,89972.26007684124,72498.7823585591,88879.31955294446,74840.50475610523
13,94,2012-10-12,77522.15,False,A,219622,55.1,3.797,1927.15,0.0,9.72,518.97,11269.24,131.1083333,5.621,77522.15,69051.3,89347.00734930031,90025.36332377733,71928.39444535373,88879.31989774422,72402.65602923304
13,94,2012-10-19,75983.09,False,A,219622,52.06,3.781,2753.9,0.0,8.84,775.96,6978.9,131.1499677,5.621,75983.09,71943.58,89347.00734930031,90078.20105447875,72599.06786012182,88879.3199588521,75090.69566283503
13,94,2012-10-26,75470.79,False,A,219622,46.97,3.755,10192.49,364.57,150.0,1714.15,5563.92,131.1930968,5.621,75470.79,71997.55,89347.00734930031,90130.77459652665,74682.19947138439,88879.31996968207,75317.18477728694
13,95,2012-08-10,157892.86,False,A,219622,81.69,3.509,6249.06,70.38,51.09,3258.43,7070.04,130.7561613,5.765,157892.86,148875.78,156583.5147038924,157048.17489942288,152347.49493174916,155845.10259078193,156987.71016692888
13,95,2012-08-17,159904.77,False,A,219622,79.4,3.545,5063.08,6.76,40.96,2344.61,5594.85,130.7909677,5.765,159904.77,147497.03,156583.5147038924,157206.61778000533,155773.90765916512,155876.37990495423,156164.36616206402
13,95,2012-08-24,148855.22,False,A,219622,77.37,3.582,9360.8,71.92,179.51,8290.49,6291.99,130.8381613,5.765,148855.22,146692.13,156583.5147038924,157364.26844618487,147391.0479513329,155883.3351297133,154667.47410345377
13,95,2012-08-31,152271.8,False,A,219622,79.18,3.624,21327.53,50.44,88.44,9444.6,3872.19,130.8853548,5.765,152271.8,151999.7,156583.5147038924,157521.1308590335,152838.3256780665,155884.88178270217,160021.31840310467
13,95,2012-09-07,153517.31,True,A,219622,70.65,3.689,17452.15,18.74,69.23,4472.17,5180.78,130.9325484,5.765,153517.31,140673.12,156583.5147038924,157677.2089598179,140756.55017145144,155885.225716299,148716.07652908287
13,95,2012-09-14,140257.94,False,A,219622,68.55,3.749,13208.43,0.0,28.06,1300.16,10484.98,130.9776667,5.765,140257.94,144877.75,156583.5147038924,157832.50667009834,144364.29567436286,155885.30219778506,152876.52910506655
13,95,2012-09-21,144488.89,False,A,219622,67.96,3.821,10671.71,141.83,46.0,2465.37,12372.29,131.0103333,5.765,144488.89,136196.93,156583.5147038924,157987.0278918274,135230.76155156794,155885.3192051893,144223.68875299604
13,95,2012-09-28,134396.52,False,A,219622,64.8,3.821,5197.64,63.1,2.6,3022.73,9779.77,131.043,5.765,134396.52,136320.32,156583.5147038924,158140.77650744782,135771.69838464237,155885.32298717386,144418.61569518247
13,95,2012-10-05,140831.65,False,A,219622,61.79,3.815,6607.14,0.0,50.6,3943.91,7700.91,131.0756667,5.621,140831.65,146504.82,156583.5147038924,158293.75637999014,141044.37829005596,155885.32382818445,154075.7880765231
13,95,2012-10-12,135555.41,False,A,219622,55.1,3.797,1927.15,0.0,9.72,518.97,11269.24,131.1083333,5.621,135555.41,134564.08,156583.5147038924,158445.97135316973,134801.6277086126,155885.32401520235,142773.56379340662
13,95,2012-10-19,137768.88,False,A,219622,52.06,3.781,2753.9,0.0,8.84,775.96,6978.9,131.1499677,5.621,137768.88,140546.86,156583.5147038924,158597.42525148345,135026.24921224805,155885.32405679004,148129.64314848723
13,95,2012-10-26,127416.33,False,A,219622,46.97,3.755,10192.49,364.57,150.0,1714.15,5563.92,131.1930968,5.621,127416.33,126575.61,156583.5147038924,158748.12188030558,126058.7977475186,155885.324066038,134702.38089671507
14,2,2012-08-10,67396.75,False,A,200898,78.65,3.722,32432.09,23.68,32.44,4309.81,3570.81,191.1626135,8.684,67396.75,81752.97,69234.3596052607,69620.61120244805,65918.35635612378,66168.66818838523,63912.36082819441
14,2,2012-08-17,70352.09,False,A,200898,75.71,3.807,4625.55,62.5,5.84,2100.73,2663.23,191.2284919,8.684,70352.09,80928.81,69234.3596052607,69620.61121319458,65056.50742019871,67156.57655682084,63623.0109207756
14,2,2012-08-24,67798.21,False,A,200898,72.62,3.834,6647.88,34.56,255.31,6931.8,9414.1,191.3448865,8.684,67798.21,87691.21,69234.3596052607,69620.61122253121,65149.41017198487,66831.95802945457,69069.50151791584
14,2,2012-08-31,65672.02,False,A,200898,75.09,3.867,24718.73,9.94,120.98,14110.32,3332.99,191.461281,8.684,65672.02,69212.39,69234.3596052607,69620.6112306429,61583.7891008259,66938.62499541653,53376.06056507031
14,2,2012-09-07,71752.94,True,A,200898,75.7,3.911,6623.84,6.97,34.35,2720.17,5498.39,191.5776756,8.684,71752.94,89013.67,69234.3596052607,69620.61123769036,65224.53065806603,66903.57511172739,70321.74806990841
14,2,2012-09-14,61123.41,False,A,200898,67.87,3.948,11320.02,0.0,28.2,855.45,1743.58,191.69985,8.684,61123.41,76045.64,69234.3596052607,69620.61124381323,54467.592035510264,66915.09221391121,57955.425755623066
14,2,2012-09-21,62281.51,False,A,200898,65.32,4.038,21474.27,98.28,29.88,1924.92,15282.51,191.8567038,8.684,62281.51,73926.25,69234.3596052607,69620.6112491328,53825.226319816575,66911.3077892926,56109.836957374966
14,2,2012-09-28,57432.11,False,A,200898,64.88,3.997,3816.64,38.19,8.16,2545.14,3536.04,192.0135577,8.684,57432.11,76028.85,69234.3596052607,69620.61125375445,53555.426237027445,66912.55131995381,57844.181793969496
14,2,2012-10-05,65345.41,False,A,200898,64.89,3.985,9219.05,0.0,12.04,3592.0,3300.66,192.1704115,8.667,65345.41,81123.63,69234.3596052607,69620.61125776976,57275.5931016442,66912.1427060531,62662.087720716765
14,2,2012-10-12,59971.3,False,A,200898,54.47,4.0,3214.56,0.0,20.28,822.73,7207.7,192.3272654,8.667,59971.3,75554.32,69234.3596052607,69620.6112612583,52502.553613863565,66912.27697320475,57319.51963363078
14,2,2012-10-19,58922.88,False,A,200898,56.47,3.969,4192.74,0.0,17.46,1076.25,3839.99,192.3308542,8.667,58922.88,75579.03,69234.3596052607,69620.61126428912,51427.28530551437,66912.23285412809,57188.79571121227
14,2,2012-10-26,61378.96,False,A,200898,58.85,3.882,9258.41,99.19,117.84,1489.28,1433.31,192.3088989,8.667,61378.96,76477.54,69234.3596052607,69620.61126692232,53125.810502894274,66912.24735129214,58211.050374370454
14,4,2012-08-10,45085.29,False,A,200898,78.65,3.722,32432.09,23.68,32.44,4309.81,3570.81,191.1626135,8.684,45085.29,52518.15,46410.706170057754,46310.42399360192,42551.18963746636,43742.500776939196,42059.352399066156
14,4,2012-08-17,44430.68,False,A,200898,75.71,3.807,4625.55,62.5,5.84,2100.73,2663.23,191.2284919,8.684,44430.68,52265.27,46410.706170057754,46288.890551473334,42610.644316510734,44770.057736078874,42762.14461553253
14,4,2012-08-24,43915.09,False,A,200898,72.62,3.834,6647.88,34.56,255.31,6931.8,9414.1,191.3448865,8.684,43915.09,68456.07,46410.706170057754,46267.46477655539,45806.90157266834,44422.30536328755,56213.592970638034
14,4,2012-08-31,43876.12,False,A,200898,75.09,3.867,24718.73,9.94,120.98,14110.32,3332.99,191.461281,8.684,43876.12,46769.35,46410.706170057754,46246.14613051203,41747.43942898176,44539.9939368565,38257.51911617545
14,4,2012-09-07,50647.77,True,A,200898,75.7,3.911,6623.84,6.97,34.35,2720.17,5498.39,191.5776756,8.684,50647.77,60285.37,46410.706170057754,46224.93407769889,45156.34986826295,44500.165019982356,49862.295307060456
14,4,2012-09-14,42611.55,False,A,200898,67.87,3.948,11320.02,0.0,28.2,855.45,1743.58,191.69985,8.684,42611.55,52361.54,46410.706170057754,46203.82808514981,36661.717877154675,44513.644175785346,42171.202945346384
14,4,2012-09-21,40506.2,False,A,200898,65.32,4.038,21474.27,98.28,29.88,1924.92,15282.51,191.8567038,8.684,40506.2,51746.02,46410.706170057754,46182.82762256348,34042.71175798083,44509.082474001305,41332.624536532516
14,4,2012-09-28,38441.15,False,A,200898,64.88,3.997,3816.64,38.19,8.16,2545.14,3536.04,192.0135577,8.684,38441.15,50295.05,46410.706170057754,46161.93216229008,32203.340233552008,44510.62627418217,40004.29872451543
14,4,2012-10-05,43745.72,False,A,200898,64.89,3.985,9219.05,0.0,12.04,3592.0,3300.66,192.1704115,8.667,43745.72,56335.13,46410.706170057754,46141.14117931805,34109.4583770295,44510.10381148924,45376.94508245752
14,4,2012-10-12,40119.53,False,A,200898,54.47,4.0,3214.56,0.0,20.28,822.73,7207.7,192.3272654,8.667,40119.53,50181.13,46410.706170057754,46120.454151260885,28547.83753564934,44510.28062664245,39572.56026435493
14,4,2012-10-19,40276.57,False,A,200898,56.47,3.969,4192.74,0.0,17.46,1076.25,3839.99,192.3308542,8.667,40276.57,50119.94,46410.706170057754,46099.870558343995,27566.337866226168,44510.22078773179,39499.108562798814
14,4,2012-10-26,43258.67,False,A,200898,58.85,3.882,9258.41,99.19,117.84,1489.28,1433.31,192.3088989,8.667,43258.67,51005.27,46410.706170057754,46079.3898833917,27816.870541311528,44510.241038797176,40410.53576671233
14,7,2012-08-10,26865.25,False,A,200898,78.65,3.722,32432.09,23.68,32.44,4309.81,3570.81,191.1626135,8.684,26865.25,36226.79,29122.37711797707,29122.557718315133,31711.414818297213,37895.78777786736,25437.850326635526
14,7,2012-08-17,26011.81,False,A,200898,75.71,3.807,4625.55,62.5,5.84,2100.73,2663.23,191.2284919,8.684,26011.81,33434.03,29122.37711797707,29122.56891198956,31168.44016465374,43355.72829806793,23751.89221438749
14,7,2012-08-24,29468.19,False,A,200898,72.62,3.834,6647.88,34.56,255.31,6931.8,9414.1,191.3448865,8.684,29468.19,36191.13,29122.37711797707,29122.57909680267,33631.180444543024,46896.0287509108,26009.84831669434
14,7,2012-08-31,28885.5,False,A,200898,75.09,3.867,24718.73,9.94,120.98,14110.32,3332.99,191.461281,8.684,28885.5,33155.56,29122.37711797707,29122.588363680916,33244.62833983826,49191.60820823775,24337.33489176272
14,7,2012-09-07,31128.7,True,A,200898,75.7,3.911,6623.84,6.97,34.35,2720.17,5498.39,191.5776756,8.684,31128.7,35449.28,29122.37711797707,29122.596795355752,30356.77861530916,50680.09346961434,24457.43090192399
14,7,2012-09-14,28133.61,False,A,200898,67.87,3.948,11320.02,0.0,28.2,855.45,1743.58,191.69985,8.684,28133.61,30059.45,29122.37711797707,29122.604467102236,29095.055595496146,51645.24776486807,21290.06080823947
14,7,2012-09-21,40808.43,False,A,200898,65.32,4.038,21474.27,98.28,29.88,1924.92,15282.51,191.8567038,8.684,40808.43,30997.92,29122.37711797707,29122.611447411036,28951.20446723462,52271.06707112391,21669.113184264756
14,7,2012-09-28,39889.8,False,A,200898,64.88,3.997,3816.64,38.19,8.16,2545.14,3536.04,192.0135577,8.684,39889.8,29692.7,29122.37711797707,29122.617798599917,28535.02516193257,52676.85690805311,20773.646891329012
14,7,2012-10-05,36039.57,False,A,200898,64.89,3.985,9219.05,0.0,12.04,3592.0,3300.66,192.1704115,8.667,36039.57,33253.53,29122.37711797707,29122.62357737008,29391.259077014296,52939.97661386755,22742.587504404913
14,7,2012-10-12,39123.74,False,A,200898,54.47,4.0,3214.56,0.0,20.28,822.73,7207.7,192.3272654,8.667,39123.74,33788.76,29122.37711797707,29122.628835312364,31029.91005837619,53110.587046380555,23535.65024702221
14,7,2012-10-19,36223.7,False,A,200898,56.47,3.969,4192.74,0.0,17.46,1076.25,3839.99,192.3308542,8.667,36223.7,68626.26,29122.37711797707,29122.633619367843,38387.10310739509,53221.213195008146,43617.48558076178
14,7,2012-10-26,47048.93,False,A,200898,58.85,3.882,9258.41,99.19,117.84,1489.28,1433.31,192.3088989,8.667,47048.93,63987.45,29122.37711797707,29122.637972246896,37743.04991059409,53292.94470978079,41143.44016987351
14,8,2012-08-10,45480.01,False,A,200898,78.65,3.722,32432.09,23.68,32.44,4309.81,3570.81,191.1626135,8.684,45480.01,54739.09,47205.18215098704,47195.4203564395,45970.761658278825,44177.79130376472,44858.49225854992
14,8,2012-08-17,44660.96,False,A,200898,75.71,3.807,4625.55,62.5,5.84,2100.73,2663.23,191.2284919,8.684,44660.96,55258.78,47205.18215098704,47147.30164782817,44284.333430441635,44827.37844993971,45836.82146395515
14,8,2012-08-24,42040.5,False,A,200898,72.62,3.834,6647.88,34.56,255.31,6931.8,9414.1,191.3448865,8.684,42040.5,69258.18,47205.18215098704,47099.423532759894,44169.000648594854,44686.58968330512,58372.125484276796
14,8,2012-08-31,43510.64,False,A,200898,75.09,3.867,24718.73,9.94,120.98,14110.32,3332.99,191.461281,8.684,43510.64,43447.35,47205.18215098704,47051.78480826696,45410.430952357405,44717.10364425279,34955.91258420858
14,8,2012-09-07,46178.54,True,A,200898,75.7,3.911,6623.84,6.97,34.35,2720.17,5498.39,191.5776756,8.684,46178.54,55555.93,47205.18215098704,47004.384277396486,43739.884695737754,44710.49017760362,45858.27547860102
14,8,2012-09-14,43626.77,False,A,200898,67.87,3.948,11320.02,0.0,28.2,855.45,1743.58,191.69985,8.684,43626.77,56084.34,47205.18215098704,46957.22074918037,42101.35702998461,44711.9235523528,46239.38891190134
14,8,2012-09-21,43886.25,False,A,200898,65.32,4.038,21474.27,98.28,29.88,1924.92,15282.51,191.8567038,8.684,43886.25,56618.52,47205.18215098704,46910.293038605334,42584.21864570891,44711.61288878094,46758.064466033764
14,8,2012-09-28,42001.27,False,A,200898,64.88,3.997,3816.64,38.19,8.16,2545.14,3536.04,192.0135577,8.684,42001.27,56217.77,47205.18215098704,46863.59996658317,43117.752376943274,44711.68022068764,46434.65389847943
14,8,2012-10-05,46769.95,False,A,200898,64.89,3.985,9219.05,0.0,12.04,3592.0,3300.66,192.1704115,8.667,46769.95,59358.52,47205.18215098704,46817.14035992112,46389.20496524881,44711.665627455375,49560.92099013363
14,8,2012-10-12,45484.78,False,A,200898,54.47,4.0,3214.56,0.0,20.28,822.73,7207.7,192.3272654,8.667,45484.78,55221.29,47205.18215098704,46770.91305129238,43395.88277012424,44711.668790330725,45544.8895088638
14,8,2012-10-19,44711.18,False,A,200898,56.47,3.969,4192.74,0.0,17.46,1076.25,3839.99,192.3308542,8.667,44711.18,55774.91,47205.18215098704,46724.91687920679,45457.96114832331,44711.66810482252,46213.009602015954
14,8,2012-10-26,48336.61,False,A,200898,58.85,3.882,9258.41,99.19,117.84,1489.28,1433.31,192.3088989,8.667,48336.61,58602.16,47205.18215098704,46679.150687981615,45695.0987307168,44711.66825339667,48821.5676613733
14,13,2012-08-10,52486.95,False,A,200898,78.65,3.722,32432.09,23.68,32.44,4309.81,3570.81,191.1626135,8.684,52486.95,59380.58,49953.126441361186,50006.178735440815,50371.48762448277,49258.458541738815,48650.198958603665
14,13,2012-08-17,52115.58,False,A,200898,75.71,3.807,4625.55,62.5,5.84,2100.73,2663.23,191.2284919,8.684,52115.58,61599.96,49953.126441361186,50006.180375954,55298.58941554507,50445.84416679659,50966.183707277116
14,13,2012-08-24,52883.09,False,A,200898,72.62,3.834,6647.88,34.56,255.31,6931.8,9414.1,191.3448865,8.684,52883.09,72334.33,49953.126441361186,50006.18186670518,58876.38934021881,49923.635947422226,60854.5405065306
14,13,2012-08-31,52423.66,False,A,200898,75.09,3.867,24718.73,9.94,120.98,14110.32,3332.99,191.461281,8.684,52423.66,56794.06,49953.126441361186,50006.1832213661,61038.79270911148,50153.30137256064,47481.82873200773
14,13,2012-09-07,59165.48,True,A,200898,75.7,3.911,6623.84,6.97,34.35,2720.17,5498.39,191.5776756,8.684,59165.48,70205.48,49953.126441361186,50006.18445236039,58241.91823965072,50052.29528811562,58920.14011577702
14,13,2012-09-14,50353.14,False,A,200898,67.87,3.948,11320.02,0.0,28.2,855.45,1743.58,191.69985,8.684,50353.14,65386.41,49953.126441361186,50006.185570977555,50248.3969914153,50096.717425617455,53812.880446737545
14,13,2012-09-21,52348.93,False,A,200898,65.32,4.038,21474.27,98.28,29.88,1924.92,15282.51,191.8567038,8.684,52348.93,63780.35,49953.126441361186,50006.18658747647,51244.93412609604,50077.18071838765,52529.30506072804
14,13,2012-09-28,49893.24,False,A,200898,64.88,3.997,3816.64,38.19,8.16,2545.14,3536.04,192.0135577,8.684,49893.24,64167.24,49953.126441361186,50006.18751117947,53606.78591508172,50085.772896766444,53125.381906304705
14,13,2012-10-05,55132.14,False,A,200898,64.89,3.985,9219.05,0.0,12.04,3592.0,3300.66,192.1704115,8.667,55132.14,68375.87,49953.126441361186,50006.18835055789,55292.483766981364,50081.99408550492,56987.60529027072
14,13,2012-10-12,50581.18,False,A,200898,54.47,4.0,3214.56,0.0,20.28,822.73,7207.7,192.3272654,8.667,50581.18,63448.34,49953.126441361186,50006.18911330967,48323.53576674444,50083.65599403623,51904.35705349961
14,13,2012-10-19,49761.38,False,A,200898,56.47,3.969,4192.74,0.0,17.46,1076.25,3839.99,192.3308542,8.667,49761.38,62527.6,49953.126441361186,50006.18980643006,47334.063326501935,50082.925092232654,50981.43822771391
14,13,2012-10-26,50891.22,False,A,200898,58.85,3.882,9258.41,99.19,117.84,1489.28,1433.31,192.3088989,8.667,50891.22,62967.28,49953.126441361186,50006.19043627568,48863.30932037946,50083.24654039686,51524.71046699286
14,38,2012-08-10,76610.6,False,A,200898,78.65,3.722,32432.09,23.68,32.44,4309.81,3570.81,191.1626135,8.684,76610.6,104054.18,87446.35758051668,87456.43684900872,80752.12049618494,87363.74308756944,82710.1793292705
14,38,2012-08-17,89901.3,False,A,200898,75.71,3.807,4625.55,62.5,5.84,2100.73,2663.23,191.2284919,8.684,89901.3,99430.06,87446.35758051668,87325.27912603518,77766.6978672479,87326.68994384723,78819.27731706898
14,38,2012-08-24,81688.48,False,A,200898,72.62,3.834,6647.88,34.56,255.31,6931.8,9414.1,191.3448865,8.684,81688.48,99831.45,87446.35758051668,87194.7771916765,80900.06587671528,87333.56310649219,79166.19484939732
14,38,2012-08-31,95512.39,False,A,200898,75.09,3.867,24718.73,9.94,120.98,14110.32,3332.99,191.461281,8.684,95512.39,95701.09,87446.35758051668,87064.92776698964,67862.2069108931,87332.28817108864,74578.61164857908
14,38,2012-09-07,72916.46,True,A,200898,75.7,3.911,6623.84,6.97,34.35,2720.17,5498.39,191.5776756,8.684,72916.46,98712.88,87446.35758051668,86935.72758942618,74209.57814577482,87332.52466487864,77757.5620807696
14,38,2012-09-14,84533.61,False,A,200898,67.87,3.948,11320.02,0.0,28.2,855.45,1743.58,191.69985,8.684,84533.61,90251.35,87446.35758051668,86807.17341275056,89642.81642945098,87332.48079652849,70835.9534691616
14,38,2012-09-21,79170.64,False,A,200898,65.32,4.038,21474.27,98.28,29.88,1924.92,15282.51,191.8567038,8.684,79170.64,117335.68,87446.35758051668,86679.26200695832,79893.25009696088,87332.48893387597,95492.64326114091
14,38,2012-09-28,81150.05,False,A,200898,64.88,3.997,3816.64,38.19,8.16,2545.14,3536.04,192.0135577,8.684,81150.05,104259.74,87446.35758051668,86551.99015819503,81183.15439004087,87332.48742444094,83376.50447214754
14,38,2012-10-05,78208.01,False,A,200898,64.89,3.985,9219.05,0.0,12.04,3592.0,3300.66,192.1704115,8.667,78208.01,92618.97,87446.35758051668,86425.35466867556,83319.12243730662,87332.48770443318,72647.35755112072
14,38,2012-10-12,88187.52,False,A,200898,54.47,4.0,3214.56,0.0,20.28,822.73,7207.7,192.3272654,8.667,88187.52,109905.36,87446.35758051668,86299.35235660369,74165.93210447552,87332.4876524961,88205.85811139867
14,38,2012-10-19,84021.86,False,A,200898,56.47,3.969,4192.74,0.0,17.46,1076.25,3839.99,192.3308542,8.667,84021.86,98842.75,87446.35758051668,86173.98005609217,85048.35270321733,87332.48766213015,78563.64839627185
14,38,2012-10-26,81545.6,False,A,200898,58.85,3.882,9258.41,99.19,117.84,1489.28,1433.31,192.3088989,8.667,81545.6,112181.52,87446.35758051668,86049.23461708322,93864.36366209626,87332.48766034309,91555.50843844582
14,40,2012-08-10,61303.46,False,A,200898,78.65,3.722,32432.09,23.68,32.44,4309.81,3570.81,191.1626135,8.684,61303.46,66713.15,69363.95474630517,67813.55720121646,66372.5862820928,74015.02775786823,70569.14225467716
14,40,2012-08-17,95341.8,False,A,200898,75.71,3.807,4625.55,62.5,5.84,2100.73,2663.23,191.2284919,8.684,95341.8,66258.25,69363.95474630517,67835.95798035499,65786.6931599273,82843.29109407167,78725.16532769534
14,40,2012-08-24,62633.88,False,A,200898,72.62,3.834,6647.88,34.56,255.31,6931.8,9414.1,191.3448865,8.684,62633.88,78590.95,69363.95474630517,67853.8786036658,71397.61603109566,78221.314251316,85618.6728208087
14,40,2012-08-31,61997.03,False,A,200898,75.09,3.867,24718.73,9.94,120.98,14110.32,3332.99,191.461281,8.684,61997.03,59181.1,69363.95474630517,67868.21510231445,65015.48287985862,80641.11859124369,70227.75149747617
14,40,2012-09-07,93119.44,True,A,200898,75.7,3.911,6623.84,6.97,34.35,2720.17,5498.39,191.5776756,8.684,93119.44,69063.39,69363.95474630517,67879.68430123338,68171.93964838231,79374.24659193661,77983.19468117584
14,40,2012-09-14,62161.8,False,A,200898,67.87,3.948,11320.02,0.0,28.2,855.45,1743.58,191.69985,8.684,62161.8,68827.81,69363.95474630517,67888.85966036851,67664.22377879954,80037.50875580077,78414.0857443016
14,40,2012-09-21,61809.09,False,A,200898,65.32,4.038,21474.27,98.28,29.88,1924.92,15282.51,191.8567038,8.684,61809.09,71486.93,69363.95474630517,67896.19994767664,69158.5613502231,79690.2623897477,80544.69637672396
14,40,2012-09-28,61265.35,False,A,200898,64.88,3.997,3816.64,38.19,8.16,2545.14,3536.04,192.0135577,8.684,61265.35,70980.42,69363.95474630517,67902.07217752312,68404.09434998389,79872.06084789366,80211.05738935561
14,40,2012-10-05,63499.56,False,A,200898,64.89,3.985,9219.05,0.0,12.04,3592.0,3300.66,192.1704115,8.667,63499.56,74682.46,69363.95474630517,67906.7699614003,71285.70912505362,79776.8815094893,83695.68859838083
14,40,2012-10-12,58915.38,False,A,200898,54.47,4.0,3214.56,0.0,20.28,822.73,7207.7,192.3272654,8.667,58915.38,68327.53,69363.95474630517,67910.52818850207,66570.05945341903,79826.71200063582,77606.24569240343
14,40,2012-10-19,60407.63,False,A,200898,56.47,3.969,4192.74,0.0,17.46,1076.25,3839.99,192.3308542,8.667,60407.63,69107.41,69363.95474630517,67913.53477018347,67778.88060009708,79800.62358807138,78398.44028502965
14,40,2012-10-26,60254.06,False,A,200898,58.85,3.882,9258.41,99.19,117.84,1489.28,1433.31,192.3088989,8.667,60254.06,70461.27,69363.95474630517,67915.94003552859,67968.73142542559,79814.28199790184,79632.97455927025
14,72,2012-08-10,59961.61,False,A,200898,78.65,3.722,32432.09,23.68,32.44,4309.81,3570.81,191.1626135,8.684,59961.61,79826.3,59867.482980069224,60100.613194428806,64302.78054033609,60445.221159107634,55223.60568622148
14,72,2012-08-17,75391.22,False,A,200898,75.71,3.807,4625.55,62.5,5.84,2100.73,2663.23,191.2284919,8.684,75391.22,80726.72,59867.482980069224,60100.61319137717,79620.760749335,60464.862540542825,59429.21149795317
14,72,2012-08-24,65670.59,False,A,200898,72.62,3.834,6647.88,34.56,255.31,6931.8,9414.1,191.3448865,8.684,65670.59,78366.36,59867.482980069224,60100.61318879632,68091.69027832482,60465.83962620535,54997.70469824059
14,72,2012-08-31,72635.27,False,A,200898,75.09,3.867,24718.73,9.94,120.98,14110.32,3332.99,191.461281,8.684,72635.27,74904.03,59867.482980069224,60100.61318661364,83694.60984228185,60465.8882325824,56454.36039802377
14,72,2012-09-07,73279.48,True,A,200898,75.7,3.911,6623.84,6.97,34.35,2720.17,5498.39,191.5776756,8.684,73279.48,82451.13,59867.482980069224,60100.613184767695,81110.71500119161,60465.89065056885,60526.82442451174
14,72,2012-09-14,65689.96,False,A,200898,67.87,3.948,11320.02,0.0,28.2,855.45,1743.58,191.69985,8.684,65689.96,77329.22,59867.482980069224,60100.61318320654,77118.81319036445,60465.89077085468,56244.05443385718
14,72,2012-09-21,79630.3,False,A,200898,65.32,4.038,21474.27,98.28,29.88,1924.92,15282.51,191.8567038,8.684,79630.3,72625.9,59867.482980069224,60100.61318188623,59891.75786249382,60465.89077683845,48973.610974266856
14,72,2012-09-28,90215.88,False,A,200898,64.88,3.997,3816.64,38.19,8.16,2545.14,3536.04,192.0135577,8.684,90215.88,61359.5,59867.482980069224,60100.61318076961,52859.77241713866,60465.89077713613,39967.52108277863
14,72,2012-10-05,89332.43,False,A,200898,64.89,3.985,9219.05,0.0,12.04,3592.0,3300.66,192.1704115,8.667,89332.43,79918.38,59867.482980069224,60100.61317982525,53400.19494805257,60465.89077715093,51970.98120635409
14,72,2012-10-12,72917.39,False,A,200898,54.47,4.0,3214.56,0.0,20.28,822.73,7207.7,192.3272654,8.667,72917.39,77696.13,59867.482980069224,60100.61317902659,77637.21704099393,60465.89077715167,56521.73323143754
14,72,2012-10-19,69389.31,False,A,200898,56.47,3.969,4192.74,0.0,17.46,1076.25,3839.99,192.3308542,8.667,69389.31,139004.32,59867.482980069224,60100.61317835115,68564.05810174416,60465.890777151704,93530.52165088277
14,72,2012-10-26,63071.17,False,A,200898,58.85,3.882,9258.41,99.19,117.84,1489.28,1433.31,192.3088989,8.667,63071.17,118609.56,59867.482980069224,60100.61317777991,59287.39657994182,60465.890777151704,78112.62065305044
14,90,2012-08-10,91686.21,False,A,200898,78.65,3.722,32432.09,23.68,32.44,4309.81,3570.81,191.1626135,8.684,91686.21,107445.6,90205.00720300118,88955.14868231169,86984.12649264192,84293.36950345774,82377.30566071188
14,90,2012-08-17,86483.09,False,A,200898,75.71,3.807,4625.55,62.5,5.84,2100.73,2663.23,191.2284919,8.684,86483.09,107057.98,90205.00720300118,88577.19603923426,84623.38673328715,85178.37583193515,81495.67431215833
14,90,2012-08-24,85339.29,False,A,200898,72.62,3.834,6647.88,34.56,255.31,6931.8,9414.1,191.3448865,8.684,85339.29,138231.7,90205.00720300118,88274.83392477232,82454.31586129928,84981.92933708409,109384.90231262924
14,90,2012-08-31,85460.23,False,A,200898,75.09,3.867,24718.73,9.94,120.98,14110.32,3332.99,191.461281,8.684,85460.23,90563.66,90205.00720300118,88032.94423320275,92738.42953889383,85025.53492960642,67846.07317447398
14,90,2012-09-07,102944.9,True,A,200898,75.7,3.911,6623.84,6.97,34.35,2720.17,5498.39,191.5776756,8.684,102944.9,128470.61,90205.00720300118,87839.43247994712,96026.25926388691,85015.85571542311,102123.20492864771
14,90,2012-09-14,89831.47,False,A,200898,67.87,3.948,11320.02,0.0,28.2,855.45,1743.58,191.69985,8.684,89831.47,111020.47,90205.00720300118,87684.62307734259,83832.03424495198,85018.00422853317,85444.96867807032
14,90,2012-09-21,89765.77,False,A,200898,65.32,4.038,21474.27,98.28,29.88,1924.92,15282.51,191.8567038,8.684,89765.77,110587.89,90205.00720300118,87560.77555525898,79207.61434873292,85017.52731909645,84723.34656887899
14,90,2012-09-28,85001.13,False,A,200898,64.88,3.997,3816.64,38.19,8.16,2545.14,3536.04,192.0135577,8.684,85001.13,105622.09,90205.00720300118,87461.69753759209,77914.44492605863,85017.63317956794,80246.69521727154
14,90,2012-10-05,95863.28,False,A,200898,64.89,3.985,9219.05,0.0,12.04,3592.0,3300.66,192.1704115,8.667,95863.28,126129.76,90205.00720300118,87382.43512345858,89408.79838688862,85017.6096815229,99741.0630668497
14,90,2012-10-12,90327.67,False,A,200898,54.47,4.0,3214.56,0.0,20.28,822.73,7207.7,192.3272654,8.667,90327.67,108236.99,90205.00720300118,87319.02519215178,78151.97497191881,85017.6148974275,82791.25249796342
14,90,2012-10-19,88422.49,False,A,200898,56.47,3.969,4192.74,0.0,17.46,1076.25,3839.99,192.3308542,8.667,88422.49,106148.35,90205.00720300118,87268.29724710633,74579.02816671936,85017.6137396435,80685.05904579643
14,90,2012-10-26,96371.83,False,A,200898,58.85,3.882,9258.41,99.19,117.84,1489.28,1433.31,192.3088989,8.667,96371.83,108059.12,90205.00720300118,87227.71489106996,74540.77810051573,85017.61399663896,82479.193638786
14,91,2012-08-10,80567.08,False,A,200898,78.65,3.722,32432.09,23.68,32.44,4309.81,3570.81,191.1626135,8.684,80567.08,89657.48,76401.28120524704,75631.24255219912,79430.35039692494,72347.81334781132,70654.52470224522
14,91,2012-08-17,71425.91,False,A,200898,75.71,3.807,4625.55,62.5,5.84,2100.73,2663.23,191.2284919,8.684,71425.91,83730.39,76401.28120524704,75341.66886621992,81238.92800038055,72880.51692270434,63104.763063822225
14,91,2012-08-24,68851.29,False,A,200898,72.62,3.834,6647.88,34.56,255.31,6931.8,9414.1,191.3448865,8.684,68851.29,97952.46,76401.28120524704,75110.00991743655,75978.70712420222,72798.35284151303,78468.33027634701
14,91,2012-08-31,66775.09,False,A,200898,75.09,3.867,24718.73,9.94,120.98,14110.32,3332.99,191.461281,8.684,66775.09,68981.8,76401.28120524704,74924.68275840985,84717.0013520184,72811.0258111648,48374.26815227098
14,91,2012-09-07,88988.06,True,A,200898,75.7,3.911,6623.84,6.97,34.35,2720.17,5498.39,191.5776756,8.684,88988.06,101500.47,76401.28120524704,74776.4210311885,89598.39388477599,72809.07113513768,81630.1914272162
14,91,2012-09-14,72625.21,False,A,200898,67.87,3.948,11320.02,0.0,28.2,855.45,1743.58,191.69985,8.684,72625.21,84958.86,76401.28120524704,74657.81164941142,79081.94615231529,72809.37262393438,64867.89545236748
14,91,2012-09-21,71744.71,False,A,200898,65.32,4.038,21474.27,98.28,29.88,1924.92,15282.51,191.8567038,8.684,71744.71,87464.02,76401.28120524704,74562.92414398975,73651.52479657483,72809.32612236927,67583.02858516797
14,91,2012-09-28,66414.24,False,A,200898,64.88,3.997,3816.64,38.19,8.16,2545.14,3536.04,192.0135577,8.684,66414.24,82196.43,76401.28120524704,74487.01413965241,72292.00115061499,72809.33329476035,62212.05453452177
14,91,2012-10-05,81781.84,False,A,200898,64.89,3.985,9219.05,0.0,12.04,3592.0,3300.66,192.1704115,8.667,81781.84,111635.07,76401.28120524704,74426.28613618255,94411.04716814304,72809.33218849234,91795.50690894377
14,91,2012-10-12,76052.46,False,A,200898,54.47,4.0,3214.56,0.0,20.28,822.73,7207.7,192.3272654,8.667,76052.46,93614.42,76401.28120524704,74377.70373340666,79634.19695282134,72809.33235912287,73705.54856203799
14,91,2012-10-19,72196.75,False,A,200898,56.47,3.969,4192.74,0.0,17.46,1076.25,3839.99,192.3308542,8.667,72196.75,88199.47,76401.28120524704,74338.83781118593,77721.41575906241,72809.33233280486,68228.24455993116
14,91,2012-10-26,74168.86,False,A,200898,58.85,3.882,9258.41,99.19,117.84,1489.28,1433.31,192.3088989,8.667,74168.86,85294.8,76401.28120524704,74307.74507340937,75502.01187713767,72809.33233686414,65313.33484992537
14,92,2012-08-10,163284.81,False,A,200898,78.65,3.722,32432.09,23.68,32.44,4309.81,3570.81,191.1626135,8.684,163284.81,174877.08,155562.59554117406,152805.71291724927,147297.47374908853,146195.3527269547,140298.62012279537
14,92,2012-08-17,149472.75,False,A,200898,75.71,3.807,4625.55,62.5,5.84,2100.73,2663.23,191.2284919,8.684,149472.75,170690.98,155562.59554117406,152045.18687961088,144169.361691419,148459.24293548497,132937.7130933196
14,92,2012-08-24,145009.72,False,A,200898,72.62,3.834,6647.88,34.56,255.31,6931.8,9414.1,191.3448865,8.684,145009.72,241120.0,155562.59554117406,151436.76604950015,158521.3222469339,147974.79154487018,203452.15125378108
14,92,2012-08-31,138589.09,False,A,200898,75.09,3.867,24718.73,9.94,120.98,14110.32,3332.99,191.461281,8.684,138589.09,149419.91,155562.59554117406,150950.0293854116,150943.18846953026,148078.45962426037,113326.54171831917
14,92,2012-09-07,190579.72,True,A,200898,75.7,3.911,6623.84,6.97,34.35,2720.17,5498.39,191.5776756,8.684,190579.72,214448.96,155562.59554117406,150560.6400541407,172643.3274755305,148056.27562212382,177571.350418101
14,92,2012-09-14,146630.33,False,A,200898,67.87,3.948,11320.02,0.0,28.2,855.45,1743.58,191.69985,8.684,146630.33,177437.5,155562.59554117406,150249.128589124,143775.7357045292,148061.02279168353,140561.95384841584
14,92,2012-09-21,148417.22,False,A,200898,65.32,4.038,21474.27,98.28,29.88,1924.92,15282.51,191.8567038,8.684,148417.22,178288.71,155562.59554117406,149999.91941711068,137011.9520958691,148060.0069416719,141341.0525370692
14,92,2012-09-28,139707.8,False,A,200898,64.88,3.997,3816.64,38.19,8.16,2545.14,3536.04,192.0135577,8.684,139707.8,172057.5,155562.59554117406,149800.5520795,137763.66324066918,148060.22432410013,135242.83777985277
14,92,2012-10-05,169519.23,False,A,200898,64.89,3.985,9219.05,0.0,12.04,3592.0,3300.66,192.1704115,8.667,169519.23,221834.28,155562.59554117406,149641.05820941145,177628.77373419356,148060.1778062879,184750.09473015746
14,92,2012-10-12,156174.21,False,A,200898,54.47,4.0,3214.56,0.0,20.28,822.73,7207.7,192.3272654,8.667,156174.21,187911.15,155562.59554117406,149513.4631133406,147444.2411105478,148060.18776066587,150938.86328776588
14,92,2012-10-19,152511.55,False,A,200898,56.47,3.969,4192.74,0.0,17.46,1076.25,3839.99,192.3308542,8.667,152511.55,181127.71,155562.59554117406,149411.38703648394,144393.7134641392,148060.18563052182,144281.26121257874
14,92,2012-10-26,164464.02,False,A,200898,58.85,3.882,9258.41,99.19,117.84,1489.28,1433.31,192.3088989,8.667,164464.02,183447.07,155562.59554117406,149329.72617499862,141700.96328254385,148060.1860863528,146449.2202543315
14,93,2012-08-10,56594.74,False,A,200898,78.65,3.722,32432.09,23.68,32.44,4309.81,3570.81,191.1626135,8.684,56594.74,64508.84,56731.31486909281,56753.97656333763,52896.71652384881,54273.28783708463,48878.772487722475
14,93,2012-08-17,49660.75,False,A,200898,75.71,3.807,4625.55,62.5,5.84,2100.73,2663.23,191.2284919,8.684,49660.75,57710.16,56731.31486909281,56694.026965185396,51048.33899058024,53936.39107426688,40686.218598489
14,93,2012-08-24,47638.19,False,A,200898,72.62,3.834,6647.88,34.56,255.31,6931.8,9414.1,191.3448865,8.684,47638.19,70497.16,56731.31486909281,56646.067286663616,48776.55220024072,53992.334977244,52913.857259447206
14,93,2012-08-31,48018.67,False,A,200898,75.09,3.867,24718.73,9.94,120.98,14110.32,3332.99,191.461281,8.684,48018.67,53205.74,56731.31486909281,56607.69954384618,58375.52482778609,53983.0451275757,37920.31566828649
14,93,2012-09-07,61903.71,True,A,200898,75.7,3.911,6623.84,6.97,34.35,2720.17,5498.39,191.5776756,8.684,61903.71,83320.13,56731.31486909281,56577.00534959224,64909.08554837425,53984.58776765383,65675.40363877552
14,93,2012-09-14,49688.48,False,A,200898,67.87,3.948,11320.02,0.0,28.2,855.45,1743.58,191.69985,8.684,49688.48,59729.01,56731.31486909281,56552.44999418909,49423.15649759944,53984.33160221568,43013.27574941163
14,93,2012-09-21,46775.81,False,A,200898,65.32,4.038,21474.27,98.28,29.88,1924.92,15282.51,191.8567038,8.684,46775.81,61724.85,56731.31486909281,56532.80570986657,47695.54625575445,53984.374140156084,44714.62093080797
14,93,2012-09-28,42750.73,False,A,200898,64.88,3.997,3816.64,38.19,8.16,2545.14,3536.04,192.0135577,8.684,42750.73,53874.54,56731.31486909281,56517.09028240855,47279.692315836386,53984.36707645387,37640.712239051405
14,93,2012-10-05,53215.31,False,A,200898,64.89,3.985,9219.05,0.0,12.04,3592.0,3300.66,192.1704115,8.667,53215.31,72552.37,56731.31486909281,56504.51794044213,67026.05042218955,53984.36824942766,56228.164774715246
14,93,2012-10-12,48564.4,False,A,200898,54.47,4.0,3214.56,0.0,20.28,822.73,7207.7,192.3272654,8.667,48564.4,61524.51,56731.31486909281,56494.460066869004,48530.84677165654,53984.36805464772,44601.13137762677
14,93,2012-10-19,45081.22,False,A,200898,56.47,3.969,4192.74,0.0,17.46,1076.25,3839.99,192.3308542,8.667,45081.22,55354.42,56731.31486909281,56486.4137680105,47497.780594699594,53984.368086992195,39033.45354148872
14,93,2012-10-26,46358.21,False,A,200898,58.85,3.882,9258.41,99.19,117.84,1489.28,1433.31,192.3088989,8.667,46358.21,54414.12,56731.31486909281,56479.97672892369,42911.36866608323,53984.368081621185,37756.04330529337
14,94,2012-08-10,53409.81,False,A,200898,78.65,3.722,32432.09,23.68,32.44,4309.81,3570.81,191.1626135,8.684,53409.81,67379.77,53888.475952817724,53574.82285239652,52868.85230615388,51390.86775601968,52520.401102896045
14,94,2012-08-17,51503.61,False,A,200898,75.71,3.807,4625.55,62.5,5.84,2100.73,2663.23,191.2284919,8.684,51503.61,62486.68,53888.475952817724,53460.0449665392,49168.29709103787,51689.754606565446,47287.984538310884
14,94,2012-08-24,48682.4,False,A,200898,72.62,3.834,6647.88,34.56,255.31,6931.8,9414.1,191.3448865,8.684,48682.4,75956.14,53888.475952817724,53345.84097011115,52868.007117675115,51556.05251960247,59139.16862846339
14,94,2012-08-31,48956.14,False,A,200898,75.09,3.867,24718.73,9.94,120.98,14110.32,3332.99,191.461281,8.684,48956.14,54028.82,53888.475952817724,53232.20799366525,44248.24877950073,51615.86193586021,39720.83433473891
14,94,2012-09-07,53861.61,True,A,200898,75.7,3.911,6623.84,6.97,34.35,2720.17,5498.39,191.5776756,8.684,53861.61,70819.69,53888.475952817724,53119.14318210158,52357.027184490296,51589.107183153305,54802.840609720486
14,94,2012-09-14,49059.77,False,A,200898,67.87,3.948,11320.02,0.0,28.2,855.45,1743.58,191.69985,8.684,49059.77,58893.44,53888.475952817724,53006.643694595725,42707.56220725119,51601.0754790705,43393.21556081875
14,94,2012-09-21,49514.56,False,A,200898,65.32,4.038,21474.27,98.28,29.88,1924.92,15282.51,191.8567038,8.684,49514.56,59543.27,53888.475952817724,52894.7067045274,43925.23303200815,51595.72165992925,44132.69683194341
14,94,2012-09-28,47503.45,False,A,200898,64.88,3.997,3816.64,38.19,8.16,2545.14,3536.04,192.0135577,8.684,47503.45,55655.34,53888.475952817724,52783.32939940942,40152.13126824557,51598.11660233338,40291.109476216036
14,94,2012-10-05,51539.81,False,A,200898,64.89,3.985,9219.05,0.0,12.04,3592.0,3300.66,192.1704115,8.667,51539.81,62357.04,53888.475952817724,52672.50898081703,46261.22374515597,51597.04526447759,46779.13219656275
14,94,2012-10-12,50891.8,False,A,200898,54.47,4.0,3214.56,0.0,20.28,822.73,7207.7,192.3272654,8.667,50891.8,56073.95,53888.475952817724,52562.2426643176,41276.44585517158,51597.524509740135,40781.330592277554
14,94,2012-10-19,48198.4,False,A,200898,56.47,3.969,4192.74,0.0,17.46,1076.25,3839.99,192.3308542,8.667,48198.4,56881.38,53888.475952817724,52452.527679400664,42219.187930836975,51597.31012730192,41579.404549447754
14,94,2012-10-26,52082.5,False,A,200898,58.85,3.882,9258.41,99.19,117.84,1489.28,1433.31,192.3088989,8.667,52082.5,57859.39,53888.475952817724,52343.36126940831,44323.313516026356,51597.4060277383,42719.09540427569
14,95,2012-08-10,126159.0,False,A,200898,78.65,3.722,32432.09,23.68,32.44,4309.81,3570.81,191.1626135,8.684,126159.0,145969.16,121680.360259746,121008.87640373464,113099.98655691285,116188.38401333505,109558.60525813593
14,95,2012-08-17,117213.66,False,A,200898,75.71,3.807,4625.55,62.5,5.84,2100.73,2663.23,191.2284919,8.684,117213.66,142079.44,121680.360259746,120815.24982800281,106750.98040466337,117267.09454191756,104573.14872713073
14,95,2012-08-24,113004.06,False,A,200898,72.62,3.834,6647.88,34.56,255.31,6931.8,9414.1,191.3448865,8.684,113004.06,206433.98,121680.360259746,120622.59138514962,116235.3023105278,117002.23994858822,165536.81579431356
14,95,2012-08-31,107728.92,False,A,200898,75.09,3.867,24718.73,9.94,120.98,14110.32,3332.99,191.461281,8.684,107728.92,126671.85,121680.360259746,120430.8962345107,111329.38207021402,117067.26940157764,90879.5267898961
14,95,2012-09-07,131721.03,True,A,200898,75.7,3.911,6623.84,6.97,34.35,2720.17,5498.39,191.5776756,8.684,131721.03,161246.98,121680.360259746,120240.15955962498,120359.78330615914,117051.30279249245,123770.18249902486
14,95,2012-09-14,110840.96,False,A,200898,67.87,3.948,11320.02,0.0,28.2,855.45,1743.58,191.69985,8.684,110840.96,143460.54,121680.360259746,120050.37656811369,99368.65970653552,117055.2230562185,105748.28018110926
14,95,2012-09-21,110174.12,False,A,200898,65.32,4.038,21474.27,98.28,29.88,1924.92,15282.51,191.8567038,8.684,110174.12,137095.63,121680.360259746,119861.54249155996,96800.21626964444,117054.2605182369,99704.17719793957
14,95,2012-09-28,105376.06,False,A,200898,64.88,3.997,3816.64,38.19,8.16,2545.14,3536.04,192.0135577,8.684,105376.06,134772.5,121680.360259746,119673.65258538898,93943.50760523138,117054.4968491143,97341.20129007818
14,95,2012-10-05,118491.68,False,A,200898,64.89,3.985,9219.05,0.0,12.04,3592.0,3300.66,192.1704115,8.667,118491.68,152106.66,121680.360259746,119486.70212874888,111565.67572770495,117054.43882305747,114643.922805485
14,95,2012-10-12,109851.09,False,A,200898,54.47,4.0,3214.56,0.0,20.28,822.73,7207.7,192.3272654,8.667,109851.09,136819.1,121680.360259746,119300.68642439196,93380.24332632871,117054.4530701305,99189.88106245625
14,95,2012-10-19,109526.8,False,A,200898,56.47,3.969,4192.74,0.0,17.46,1076.25,3839.99,192.3308542,8.667,109526.8,133454.08,121680.360259746,119115.60079855683,89148.80730772187,117054.44957206254,95764.05655732556
14,95,2012-10-26,121352.61,False,A,200898,58.85,3.882,9258.41,99.19,117.84,1489.28,1433.31,192.3088989,8.667,121352.61,137222.81,121680.360259746,118931.44060085088,91494.69638362322,117054.45043093927,99398.12756417459
15,38,2012-08-10,49603.87,False,B,123737,73.99,3.863,15384.57,19.31,100.34,1649.99,1552.05,138.1437742,8.193,49603.87,53590.25,52954.673484201,52414.790337494,46572.50956995887,52667.47700662728,53084.83407578476
15,38,2012-08-17,37940.87,False,B,123737,70.29,3.963,3690.95,10.66,0.3,788.18,1176.04,138.1857097,8.193,37940.87,51456.84,52954.673484201,52412.32327342182,51538.7986673506,52550.21360904133,53595.1401484453
15,38,2012-08-24,55495.88,False,B,123737,66.98,3.997,3669.07,-6.69,0.0,2813.59,1610.18,138.2814516,8.193,55495.88,50786.34,52954.673484201,52409.86854467,53914.23045375443,52543.20256864101,54354.91052423824
15,38,2012-08-31,58982.18,False,B,123737,71.42,4.026,5501.66,135.77,27.69,1513.49,2862.32,138.3771935,8.193,58982.18,56741.96,52954.673484201,52407.42608956194,49264.28837742351,52542.783386794785,55179.79603211408
15,38,2012-09-07,43293.05,True,B,123737,71.61,4.076,7925.48,13.2,15.69,1684.3,1941.32,138.4729355,8.193,43293.05,48582.2,52954.673484201,52404.99584672941,48085.74713878401,52542.758324406015,51187.7386481655
15,38,2012-09-14,45216.16,False,B,123737,65.44,4.088,5163.64,0.0,1.49,922.73,3154.77,138.5673,8.193,45216.16,54962.11,52954.673484201,52402.57775511105,47733.3983059961,52542.756825955315,53828.27963152633
15,38,2012-09-21,43488.13,False,B,123737,60.34,4.203,3412.14,91.0,28.5,118.17,1880.31,138.6534,8.193,43488.13,52641.17,52954.673484201,52400.17175395078,51260.620270698484,52542.75673636471,54133.64483593034
15,38,2012-09-28,53985.11,False,B,123737,57.13,4.158,5223.97,19.73,0.66,1260.77,5490.76,138.7395,8.193,53985.11,58205.56,52954.673484201,52397.777782796315,59447.29781090593,52542.756731008194,59606.69325964925
15,38,2012-10-05,50881.98,False,B,123737,59.57,4.151,2337.37,0.0,6.22,1443.89,1892.94,138.8256,7.992,50881.98,52797.62,52954.673484201,52395.395781497624,50448.039979148016,52542.756730687935,53870.875021220156
15,38,2012-10-12,44167.95,False,B,123737,49.12,4.186,1351.82,0.0,5.8,500.2,3631.62,138.9117,7.992,44167.95,57115.81,52954.673484201,52393.025690205424,51531.0789433355,52542.756730668785,56142.85553201787
15,38,2012-10-19,48454.95,False,B,123737,52.89,4.153,710.9,0.0,1.68,176.01,1098.68,138.8336129,7.992,48454.95,52616.17,52954.673484201,52390.66744936968,54475.28554110889,52542.75673066764,55248.623421540506
15,38,2012-10-26,49243.96,False,B,123737,55.75,4.071,4657.77,-7.01,100.0,1077.51,1234.65,138.7281613,7.992,49243.96,49091.55,52954.673484201,52388.32099973812,50252.925730650604,52542.75673066758,52098.20611813342
15,72,2012-08-10,29072.45,False,B,123737,73.99,3.863,15384.57,19.31,100.34,1649.99,1552.05,138.1437742,8.193,29072.45,31898.96,30288.118567573503,30361.699033485416,38012.04403254258,30356.292438626482,32238.441015571545
15,72,2012-08-17,25359.63,False,B,123737,70.29,3.963,3690.95,10.66,0.3,788.18,1176.04,138.1857097,8.193,25359.63,28839.52,30288.118567573503,30361.699033481735,42691.871126725084,30349.744527830186,29248.134981456245
15,72,2012-08-24,30285.95,False,B,123737,66.98,3.997,3669.07,-6.69,0.0,2813.59,1610.18,138.2814516,8.193,30285.95,27451.68,30288.118567573503,30361.699033478777,40226.022519670674,30349.61615437933,28155.467381158272
15,72,2012-08-31,26083.14,False,B,123737,71.42,4.026,5501.66,135.77,27.69,1513.49,2862.32,138.3771935,8.193,26083.14,45184.15,30288.118567573503,30361.699033476398,39471.802733177516,30349.613637585288,41923.733487021374
15,72,2012-09-07,28408.78,True,B,123737,71.61,4.076,7925.48,13.2,15.69,1684.3,1941.32,138.4729355,8.193,28408.78,30204.54,30288.118567573503,30361.699033474484,37651.36604404598,30349.6135882429,29780.302021941716
15,72,2012-09-14,32763.86,False,B,123737,65.44,4.088,5163.64,0.0,1.49,922.73,3154.77,138.5673,8.193,32763.86,34721.6,30288.118567573503,30361.69903347294,38763.97141492241,30349.61358727553,33503.607671179256
15,72,2012-09-21,35019.09,False,B,123737,60.34,4.203,3412.14,91.0,28.5,118.17,1880.31,138.6534,8.193,35019.09,29388.08,30288.118567573503,30361.699033471705,24590.5442646577,30349.613587256565,26800.89279382647
15,72,2012-09-28,35303.69,False,B,123737,57.13,4.158,5223.97,19.73,0.66,1260.77,5490.76,138.7395,8.193,35303.69,24558.69,30288.118567573503,30361.699033470708,29260.818127826373,30349.613587256194,23798.94973961329
15,72,2012-10-05,38157.9,False,B,123737,59.57,4.151,2337.37,0.0,6.22,1443.89,1892.94,138.8256,7.992,38157.9,28438.06,30288.118567573503,30361.699033469908,30756.177130790627,30349.613587256186,27163.117752073988
15,72,2012-10-12,34674.5,False,B,123737,49.12,4.186,1351.82,0.0,5.8,500.2,3631.62,138.9117,7.992,34674.5,25338.93,30288.118567573503,30361.699033469264,34278.94526360582,30349.613587256186,25287.77527464295
15,72,2012-10-19,33050.65,False,B,123737,52.89,4.153,710.9,0.0,1.68,176.01,1098.68,138.8336129,7.992,33050.65,51286.73,30288.118567573503,30361.699033468743,39666.492483352224,30349.613587256186,46943.238228733855
15,72,2012-10-26,32262.23,False,B,123737,55.75,4.071,4657.77,-7.01,100.0,1077.51,1234.65,138.7281613,7.992,32262.23,37475.39,30288.118567573503,30361.69903346833,31417.292307484455,30349.613587256186,34566.83468411474
16,38,2012-08-10,49762.5,False,B,57197,70.24,3.509,7036.67,11.2,11.0,3031.99,2296.61,198.0795651,6.061,49762.5,55001.79,50651.1493354797,50756.74758575716,53547.99393278679,48910.01275576777,43260.828726085994
16,38,2012-08-17,44249.87,False,B,57197,62.07,3.545,408.1,0.0,1.1,870.38,604.8,198.1001057,6.061,44249.87,63208.69,50651.1493354797,50758.95954016581,53239.43088206512,50275.995486844724,55184.080407746165
16,38,2012-08-24,41705.11,False,B,57197,61.44,3.558,1556.47,16.0,3.34,869.05,1691.12,198.0984199,6.061,41705.11,51494.92,50651.1493354797,50761.10720024828,48660.85002594883,50028.66384181214,43280.01182891681
16,38,2012-08-31,58913.31,False,B,57197,64.19,3.556,8702.4,0.0,35.78,3576.08,4493.67,198.0967341,6.061,58913.31,61469.73,50651.1493354797,50763.1924348317,56435.220294510786,50073.446942830036,53860.17054957735
16,38,2012-09-07,43583.57,True,B,57197,60.09,3.596,2291.22,-9.98,37.43,411.53,1576.74,198.0950484,6.061,43583.57,51627.76,50651.1493354797,50765.21705842244,48336.552934297404,50065.33829123992,44538.50706077512
16,38,2012-09-14,52013.24,False,B,57197,56.69,3.659,5323.84,0.0,9.3,1307.03,4474.84,198.1267184,6.061,52013.24,62851.21,50651.1493354797,50767.18283278509,53636.63323739458,50066.80648413223,52436.692220498044
16,38,2012-09-21,48796.97,False,B,57197,56.48,3.765,3913.62,1.91,0.0,143.35,5661.0,198.358523,6.061,48796.97,55492.99,50651.1493354797,50769.09146847546,53840.53463290961,50066.54064580571,48774.6159616656
16,38,2012-09-28,41758.3,False,B,57197,51.4,3.789,2130.57,3.82,0.0,583.9,1409.43,198.5903276,6.061,41758.3,54517.01,50651.1493354797,50770.94462632907,51489.0064111016,50066.58877981877,48114.51222088569
16,38,2012-10-05,49951.37,False,B,57197,50.46,3.779,2228.83,0.0,23.32,1534.31,4451.29,198.8221322,5.847,49951.37,52041.41,50651.1493354797,50772.743918906315,45959.234953327985,50066.58006443433,44599.23996817388
16,38,2012-10-12,43846.58,False,B,57197,43.26,3.76,522.32,0.0,11.09,40.2,5247.6,199.0539368,5.847,43846.58,59843.83,50651.1493354797,50774.49091189575,49780.19207382851,50066.5816424853,49334.73021185376
16,38,2012-10-19,42311.34,False,B,57197,40.59,3.75,1278.03,0.0,1.16,16.38,1395.48,199.1481963,5.847,42311.34,43473.56,50651.1493354797,50776.18712547643,46211.60617907457,50066.581356755516,41641.0452521557
16,38,2012-10-26,32782.88,False,B,57197,40.99,3.686,2285.52,20.48,0.0,201.97,1237.41,199.2195317,5.847,32782.88,58326.9,50651.1493354797,50777.83403564072,45709.022628482504,50066.581408491176,47095.572319252555
17,2,2012-08-10,38351.12,False,B,93188,73.29,3.509,3711.96,9.2,4.42,2316.51,1613.36,130.7561613,5.936,38351.12,35925.12,42678.328490114,43025.60908926945,37513.299757274945,42796.03652100409,34178.20418787037
17,2,2012-08-17,38654.58,False,B,93188,70.98,3.545,1833.19,5.6,0.81,1344.67,1707.05,130.7909677,5.936,38654.58,36002.7,42678.328490114,43027.90625998131,39011.680965281725,43002.10831290646,34452.38667210753
17,2,2012-08-24,40536.1,False,B,93188,68.89,3.582,3255.74,6.0,50.17,3022.22,3782.36,130.8381613,5.936,40536.1,38388.4,42678.328490114,43030.12940540197,40974.63688649053,43010.750742212105,36704.532286124566
17,2,2012-08-31,38836.0,False,B,93188,68.07,3.624,11235.99,0.0,2.73,3648.33,1964.35,130.8853548,5.936,38836.0,38871.27,42678.328490114,43032.28091096306,41601.61746742586,43011.11319640156,37216.63943211234
17,2,2012-09-07,69579.35,True,B,93188,61.99,3.689,13396.45,0.0,18.08,1299.65,1333.12,130.9325484,5.936,69579.35,66496.04,42678.328490114,43034.3630852268,69224.89734309375,43011.12839734041,64330.33248707373
17,2,2012-09-14,55367.84,False,B,93188,59.64,3.749,5620.89,0.0,13.95,260.46,4585.25,130.9776667,5.936,55367.84,55491.86,42678.328490114,43036.378162363006,49641.479251042605,43011.12903485144,51484.59335147831
17,2,2012-09-21,44566.91,False,B,93188,58.43,3.821,6035.13,1.91,14.5,859.64,6132.91,131.0103333,5.936,44566.91,44586.85,42678.328490114,43038.328304546376,44543.16572748076,43011.12906158796,42281.120114544174
17,2,2012-09-28,45525.98,False,B,93188,57.77,3.821,4716.69,0.0,9.0,1925.91,1643.33,131.043,5.936,45525.98,40963.08,42678.328490114,43040.21560427651,41867.27736556212,43011.12906270926,38963.68963931388
17,2,2012-10-05,43682.37,False,B,93188,52.81,3.815,3029.6,0.0,0.0,2246.04,3033.47,131.0756667,5.527,43682.37,43588.63,42678.328490114,43042.042086623165,42183.05920392536,43011.129062756285,40982.42524541008
17,2,2012-10-12,43240.39,False,B,93188,44.82,3.797,1171.21,0.0,3.58,371.84,3776.18,131.1083333,5.527,43240.39,39850.44,42678.328490114,43043.8097113991,40062.95291112405,43011.12906275826,37736.94245837736
17,2,2012-10-19,44326.26,False,B,93188,48.16,3.781,708.27,0.0,1.4,14.01,1328.57,131.1499677,5.527,44326.26,41051.37,42678.328490114,43045.52037526303,41144.87269825747,43011.12906275834,38891.47867537355
17,2,2012-10-26,43451.19,False,B,93188,39.94,3.755,5593.69,112.2,0.0,134.13,748.23,131.1930968,5.527,43451.19,43215.06,42678.328490114,43047.175913754676,42428.177621187155,43011.12906275834,40814.66549448855
17,38,2012-08-10,83877.9,False,B,93188,73.29,3.509,3711.96,9.2,4.42,2316.51,1613.36,130.7561613,5.936,83877.9,74444.08,87360.99558960169,88222.17150185157,84552.36994902033,86219.16135849699,84062.46956272985
17,38,2012-08-17,70168.8,False,B,93188,70.98,3.545,1833.19,5.6,0.81,1344.67,1707.05,130.7909677,5.936,70168.8,74142.61,87360.99558960169,88313.89579462224,81437.78442426637,86647.64962244665,84841.6782110133
17,38,2012-08-24,86829.19,False,B,93188,68.89,3.582,3255.74,6.0,50.17,3022.22,3782.36,130.8381613,5.936,86829.19,80903.39,87360.99558960169,88405.16146592906,91623.46506960134,86587.45353707195,90245.00255949025
17,38,2012-08-31,76260.19,False,B,93188,68.07,3.624,11235.99,0.0,2.73,3648.33,1964.35,130.8853548,5.936,76260.19,77886.04,87360.99558960169,88495.97080887936,85821.22677464434,86595.91017170889,87384.07062734826
17,38,2012-09-07,76286.55,True,B,93188,61.99,3.689,13396.45,0.0,18.08,1299.65,1333.12,130.9325484,5.936,76286.55,74054.62,87360.99558960169,88586.32610511489,91675.96570538756,86594.72214313631,88097.70506848342
17,38,2012-09-14,94870.28,False,B,93188,59.64,3.749,5620.89,0.0,13.95,260.46,4585.25,130.9776667,5.936,94870.28,90186.83,87360.99558960169,88676.22962486926,97031.29619195843,86594.88904308528,95945.39935383352
17,38,2012-09-21,81460.5,False,B,93188,58.43,3.821,6035.13,1.91,14.5,859.64,6132.91,131.0103333,5.936,81460.5,67142.67,87360.99558960169,88765.68362702485,94595.96259285946,86594.86559618037,86835.63113240054
17,38,2012-09-28,85999.9,False,B,93188,57.77,3.821,4716.69,0.0,9.0,1925.91,1643.33,131.043,5.936,85999.9,86770.18,87360.99558960169,88854.69035916966,89068.84294506446,86594.86889011397,91541.59478353795
17,38,2012-10-05,86552.41,False,B,93188,52.81,3.815,3029.6,0.0,0.0,2246.04,3033.47,131.0756667,5.527,86552.41,69282.44,87360.99558960169,88943.25205765375,83668.98038140034,86594.86842736638,83275.07756934811
17,38,2012-10-12,83821.57,False,B,93188,44.82,3.797,1171.21,0.0,3.58,371.84,3776.18,131.1083333,5.527,83821.57,84968.04,87360.99558960169,89031.37094764541,92193.36477505678,86594.86849237538,92116.425562672
17,38,2012-10-19,95596.11,False,B,93188,48.16,3.781,708.27,0.0,1.4,14.01,1328.57,131.1499677,5.527,95596.11,74587.49,87360.99558960169,89119.04924318712,90712.09394184929,86594.8684832426,87889.93706259651
17,38,2012-10-26,70879.24,False,B,93188,39.94,3.755,5593.69,112.2,0.0,134.13,748.23,131.1930968,5.527,70879.24,77917.71,87360.99558960169,89206.28914725113,89946.24459065637,86594.8684845256,88708.07814777299
17,40,2012-08-10,45761.01,False,B,93188,73.29,3.509,3711.96,9.2,4.42,2316.51,1613.36,130.7561613,5.936,45761.01,41565.54,48583.929904807745,48639.69937506309,41429.964099598365,46771.414608875166,43022.85876068632
17,40,2012-08-17,44739.0,False,B,93188,70.98,3.545,1833.19,5.6,0.81,1344.67,1707.05,130.7909677,5.936,44739.0,41118.18,48583.929904807745,48639.69937506299,43943.72088773988,47775.83978648567,43260.52114423869
17,40,2012-08-24,46728.81,False,B,93188,68.89,3.582,3255.74,6.0,50.17,3022.22,3782.36,130.8381613,5.936,46728.81,41441.05,48583.929904807745,48639.699375062904,43615.20851437055,48206.871257545376,43421.063410647395
17,40,2012-08-31,45249.48,False,B,93188,68.07,3.624,11235.99,0.0,2.73,3648.33,1964.35,130.8853548,5.936,45249.48,42792.59,48583.929904807745,48639.69937506283,46995.45632538428,48391.84086323157,45224.83072476249
17,40,2012-09-07,62484.44,True,B,93188,61.99,3.689,13396.45,0.0,18.08,1299.65,1333.12,130.9325484,5.936,62484.44,56599.12,48583.929904807745,48639.69937506277,61047.18266435436,48471.217329510444,58412.50734770709
17,40,2012-09-14,57670.34,False,B,93188,59.64,3.749,5620.89,0.0,13.95,260.46,4585.25,130.9776667,5.936,57670.34,53855.87,48583.929904807745,48639.69937506273,50952.32671513559,48505.2803496242,53945.383442692946
17,40,2012-09-21,56163.89,False,B,93188,58.43,3.821,6035.13,1.91,14.5,859.64,6132.91,131.0103333,5.936,56163.89,49362.46,48583.929904807745,48639.6993750627,51606.03695624126,48519.897898044575,50999.96499731189
17,40,2012-09-28,54070.35,False,B,93188,57.77,3.821,4716.69,0.0,9.0,1925.91,1643.33,131.043,5.936,54070.35,50015.04,48583.929904807745,48639.69937506267,51131.80781749665,48526.17076290237,51337.04906510211
17,40,2012-10-05,53060.77,False,B,93188,52.81,3.815,3029.6,0.0,0.0,2246.04,3033.47,131.0756667,5.527,53060.77,47446.79,48583.929904807745,48639.69937506264,49677.96343792741,48528.862652978096,49179.16102409099
17,40,2012-10-12,49252.87,False,B,93188,44.82,3.797,1171.21,0.0,3.58,371.84,3776.18,131.1083333,5.527,49252.87,44616.47,48583.929904807745,48639.69937506263,46848.83483227187,48530.01783045187,46479.81630755322
17,40,2012-10-19,48077.13,False,B,93188,48.16,3.781,708.27,0.0,1.4,14.01,1328.57,131.1499677,5.527,48077.13,44508.44,48583.929904807745,48639.69937506261,47275.68356962716,48530.51355463019,46499.675866839934
17,40,2012-10-26,50016.85,False,B,93188,39.94,3.755,5593.69,112.2,0.0,134.13,748.23,131.1930968,5.527,50016.85,45166.51,48583.929904807745,48639.6993750626,48682.24630922935,48530.72628597802,47297.817553436806
17,72,2012-08-10,38705.23,False,B,93188,73.29,3.509,3711.96,9.2,4.42,2316.51,1613.36,130.7561613,5.936,38705.23,38499.97,45665.3017021099,45859.61570275301,43415.36030795701,45180.66304409945,39259.96140912734
17,72,2012-08-17,44466.77,False,B,93188,70.98,3.545,1833.19,5.6,0.81,1344.67,1707.05,130.7909677,5.936,44466.77,47555.17,45665.3017021099,45859.615702752315,53608.78106169211,45032.539135342086,48114.75137442174
17,72,2012-08-24,54065.25,False,B,93188,68.89,3.582,3255.74,6.0,50.17,3022.22,3782.36,130.8381613,5.936,54065.25,44469.65,45665.3017021099,45859.61570275175,43480.60379918206,45040.52985125093,44975.47418437719
17,72,2012-08-31,39235.44,False,B,93188,68.07,3.624,11235.99,0.0,2.73,3648.33,1964.35,130.8853548,5.936,39235.44,46298.88,45665.3017021099,45859.6157027513,53293.36824368269,45040.09878282132,46934.761314061616
17,72,2012-09-07,78255.25,True,B,93188,61.99,3.689,13396.45,0.0,18.08,1299.65,1333.12,130.9325484,5.936,78255.25,68076.88,45665.3017021099,45859.61570275094,92070.28086793443,45040.12203730729,69058.00046070649
17,72,2012-09-14,75246.77,False,B,93188,59.64,3.749,5620.89,0.0,13.95,260.46,4585.25,130.9776667,5.936,75246.77,79790.79,45665.3017021099,45859.615702750656,66438.98199123424,45040.120782817095,80013.93285269431
17,72,2012-09-21,56488.63,False,B,93188,58.43,3.821,6035.13,1.91,14.5,859.64,6132.91,131.0103333,5.936,56488.63,56938.25,45665.3017021099,45859.61570275042,55160.13952528876,45040.12085049202,57402.47143971053
17,72,2012-09-28,55274.52,False,B,93188,57.77,3.821,4716.69,0.0,9.0,1925.91,1643.33,131.043,5.936,55274.52,50990.18,45665.3017021099,45859.61570275024,51641.86656283105,45040.12084684122,51503.84763051845
17,72,2012-10-05,43379.26,False,B,93188,52.81,3.815,3029.6,0.0,0.0,2246.04,3033.47,131.0756667,5.527,43379.26,48322.42,45665.3017021099,45859.61570275009,42299.0427495693,45040.12084703817,48702.24113197738
17,72,2012-10-12,40763.43,False,B,93188,44.82,3.797,1171.21,0.0,3.58,371.84,3776.18,131.1083333,5.527,40763.43,43575.68,45665.3017021099,45859.61570274997,47066.006270611746,45040.120847027545,44148.841007421426
17,72,2012-10-19,45670.19,False,B,93188,48.16,3.781,708.27,0.0,1.4,14.01,1328.57,131.1499677,5.527,45670.19,51972.11,45665.3017021099,45859.61570274988,45051.51695847884,45040.12084702812,52335.80139549406
17,72,2012-10-26,36690.34,False,B,93188,39.94,3.755,5593.69,112.2,0.0,134.13,748.23,131.1930968,5.527,36690.34,56321.68,45665.3017021099,45859.615702749805,44429.11045115,45040.12084702809,56584.06389776943
17,92,2012-08-10,47877.09,False,B,93188,73.29,3.509,3711.96,9.2,4.42,2316.51,1613.36,130.7561613,5.936,47877.09,40729.47,57184.99508782533,57095.781008977254,48956.88297030074,56497.49708133961,45161.40241183356
17,92,2012-08-17,48071.57,False,B,93188,70.98,3.545,1833.19,5.6,0.81,1344.67,1707.05,130.7909677,5.936,48071.57,39942.4,57184.99508782533,57095.78100897699,48569.16817808236,57063.612506773265,44264.71866392659
17,92,2012-08-24,52965.88,False,B,93188,68.89,3.582,3255.74,6.0,50.17,3022.22,3782.36,130.8381613,5.936,52965.88,43539.33,57184.99508782533,57095.78100897678,51411.61410493163,57123.68986076043,47832.66824355403
17,92,2012-08-31,55074.27,False,B,93188,68.07,3.624,11235.99,0.0,2.73,3648.33,1964.35,130.8853548,5.936,55074.27,45793.45,57184.99508782533,57095.781008976606,55510.04238155101,57130.06539532449,50243.83581058374
17,92,2012-09-07,105950.68,True,B,93188,61.99,3.689,13396.45,0.0,18.08,1299.65,1333.12,130.9325484,5.936,105950.68,92000.61,57184.99508782533,57095.781008976475,99569.73847449358,57130.741980398234,96119.48840787746
17,92,2012-09-14,80644.66,False,B,93188,59.64,3.749,5620.89,0.0,13.95,260.46,4585.25,130.9776667,5.936,80644.66,72142.52,57184.99508782533,57095.781008976366,66536.77431403908,57130.813781022545,75194.66468757042
17,92,2012-09-21,67758.99,False,B,93188,58.43,3.821,6035.13,1.91,14.5,859.64,6132.91,131.0103333,5.936,67758.99,57730.21,57184.99508782533,57095.78100897628,64140.18802736202,57130.8214006551,61911.444967554315
17,92,2012-09-28,70561.74,False,B,93188,57.77,3.821,4716.69,0.0,9.0,1925.91,1643.33,131.043,5.936,70561.74,56446.08,57184.99508782533,57095.781008976206,70115.72454301624,57130.82220926646,61278.130780118154
17,92,2012-10-05,73847.44,False,B,93188,52.81,3.815,3029.6,0.0,0.0,2246.04,3033.47,131.0756667,5.527,73847.44,64034.81,57184.99508782533,57095.781008976155,69032.56206313038,57130.82229507799,68084.18594507712
17,92,2012-10-12,66676.88,False,B,93188,44.82,3.797,1171.21,0.0,3.58,371.84,3776.18,131.1083333,5.527,66676.88,59880.21,57184.99508782533,57095.781008976104,62384.758161675774,57130.82230418449,63741.642057646735
17,92,2012-10-19,66170.6,False,B,93188,48.16,3.781,708.27,0.0,1.4,14.01,1328.57,131.1499677,5.527,66170.6,60095.3,57184.99508782533,57095.78100897607,62695.70272129482,57130.82230515089,63982.49304991683
17,92,2012-10-26,68052.93,False,B,93188,39.94,3.755,5593.69,112.2,0.0,134.13,748.23,131.1930968,5.527,68052.93,62793.59,57184.99508782533,57095.781008976046,64645.96946858316,57130.822305253445,66623.77783717317
17,95,2012-08-10,55624.01,False,B,93188,73.29,3.509,3711.96,9.2,4.42,2316.51,1613.36,130.7561613,5.936,55624.01,47527.17,61059.576177769064,61085.609832180955,53978.3405357147,60505.946631092505,54360.849046189716
17,95,2012-08-17,51634.51,False,B,93188,70.98,3.545,1833.19,5.6,0.81,1344.67,1707.05,130.7909677,5.936,51634.51,46379.05,61059.576177769064,61085.98749935042,53185.47027172876,60499.865231001386,53810.460064734245
17,95,2012-08-24,52610.65,False,B,93188,68.89,3.582,3255.74,6.0,50.17,3022.22,3782.36,130.8381613,5.936,52610.65,48183.09,61059.576177769064,61086.34567909886,54190.88261399892,60500.064983094366,55033.71784646385
17,95,2012-08-31,52380.23,False,B,93188,68.07,3.624,11235.99,0.0,2.73,3648.33,1964.35,130.8853548,5.936,52380.23,49286.59,61059.576177769064,61086.68537696663,56948.1581585525,60500.058421957445,56755.15157381802
17,95,2012-09-07,64839.21,True,B,93188,61.99,3.689,13396.45,0.0,18.08,1299.65,1333.12,130.9325484,5.936,64839.21,55518.77,61059.576177769064,61087.00754660873,65544.17476058842,60500.05863746716,63489.06760269177
17,95,2012-09-14,60561.99,False,B,93188,59.64,3.749,5620.89,0.0,13.95,260.46,4585.25,130.9776667,5.936,60561.99,53435.85,61059.576177769064,61087.313092472104,58820.116247161925,60500.05863038844,59666.45000256065
17,95,2012-09-21,58451.47,False,B,93188,58.43,3.821,6035.13,1.91,14.5,859.64,6132.91,131.0103333,5.936,58451.47,51258.44,61059.576177769064,61087.60287233472,59472.67204874866,60500.05863062095,58882.93615147801
17,95,2012-09-28,60960.16,False,B,93188,57.77,3.821,4716.69,0.0,9.0,1925.91,1643.33,131.043,5.936,60960.16,51190.16,61059.576177769064,61087.87769971366,60475.632621016724,60500.05863061331,59347.33998039144
17,95,2012-10-05,59819.71,False,B,93188,52.81,3.815,3029.6,0.0,0.0,2246.04,3033.47,131.0756667,5.527,59819.71,52599.36,61059.576177769064,61088.13834614896,59075.27324299287,60500.05863061356,59613.62452169018
17,95,2012-10-12,53982.64,False,B,93188,44.82,3.797,1171.21,0.0,3.58,371.84,3776.18,131.1083333,5.527,53982.64,49708.62,61059.576177769064,61088.38554336962,54927.38601527976,60500.05863061355,56602.221760820765
17,95,2012-10-19,54216.34,False,B,93188,48.16,3.781,708.27,0.0,1.4,14.01,1328.57,131.1499677,5.527,54216.34,50605.34,61059.576177769064,61088.61998534783,53549.88660851909,60500.05863061355,56639.023862444345
17,95,2012-10-26,51697.72,False,B,93188,39.94,3.755,5593.69,112.2,0.0,134.13,748.23,131.1930968,5.527,51697.72,50056.99,61059.576177769064,61088.842330247164,52932.49722899061,60500.05863061355,56230.972558546666
18,2,2012-08-10,54202.25,False,B,120653,75.7,3.772,20397.03,134.57,41.72,3800.38,2169.34,138.1437742,8.535,54202.25,65279.48,59284.97477423186,59448.58627595843,58344.97630097506,58710.696170538016,55182.956706389225
18,2,2012-08-17,64266.63,False,B,120653,73.25,3.84,1852.64,70.36,8.9,2345.51,767.44,138.1857097,8.535,64266.63,66338.31,59284.97477423186,59403.56482089985,63320.735258521505,59216.067772474344,56715.098841156156
18,2,2012-08-24,71222.48,False,B,120653,68.52,3.874,842.8,63.4,32.68,460.81,3260.03,138.2814516,8.535,71222.48,73379.81,59284.97477423186,59358.76847311656,68402.216765574,59425.289590131695,63250.293817734826
18,2,2012-08-31,69183.12,False,B,120653,70.09,3.884,20913.04,7.98,98.98,9800.5,4527.8,138.3771935,8.535,69183.12,33808.03,59284.97477423186,59314.19610707219,62136.46533322402,59511.906584074626,30386.086520683675
18,2,2012-09-07,66589.11,True,B,120653,71.85,3.921,5817.03,3.0,99.56,346.88,4664.82,138.4729355,8.535,66589.11,64083.11,59284.97477423186,59269.846602858044,53994.28109586764,59547.76567240353,53433.33084244806
18,2,2012-09-14,56957.87,False,B,120653,64.45,3.988,10608.96,0.0,12.41,1458.55,5520.31,138.5673,8.535,56957.87,56158.73,59284.97477423186,59225.718846164964,49951.221549305206,59562.611191247415,46407.334338704924
18,2,2012-09-21,54189.52,False,B,120653,60.23,4.056,7820.69,41.64,296.78,1323.47,7158.18,138.6534,8.535,54189.52,53201.14,59284.97477423186,59181.81172825535,51682.616485534396,59568.75717654751,44301.840238400226
18,2,2012-09-28,58688.02,False,B,120653,58.24,4.018,2247.94,22.73,45.56,2464.93,1640.3,138.7395,8.535,58688.02,56464.81,59284.97477423186,59138.12414593529,51202.09478438237,59571.30158982846,46842.813723628016
18,2,2012-10-05,61203.16,False,B,120653,59.68,4.027,6366.36,0.0,27.33,3667.31,3573.44,138.8256,8.243,61203.16,59733.21,59284.97477423186,59094.65500152682,55504.30604095034,59572.354966728686,50155.26206462482
18,2,2012-10-12,57496.03,False,B,120653,50.97,4.029,2241.19,0.0,30.08,901.32,3592.56,138.9117,8.243,57496.03,55139.18,59284.97477423186,59051.4032028404,50759.85400348556,59572.791060543415,45683.078095800185
18,2,2012-10-19,57929.7,False,B,120653,51.96,4.0,1894.83,0.0,2.24,501.85,1453.25,138.8336129,8.243,57929.7,58521.6,59284.97477423186,59008.367663147415,52755.029371962555,59572.97160163484,48698.172111119035
18,2,2012-10-26,61082.86,False,B,120653,56.09,3.917,5430.61,128.31,50.0,822.64,969.64,138.7281613,8.243,61082.86,58712.56,59284.97477423186,58965.54730115289,48955.13156596703,59573.046344923074,48223.09117605091
18,13,2012-08-10,41825.86,False,B,120653,75.7,3.772,20397.03,134.57,41.72,3800.38,2169.34,138.1437742,8.535,41825.86,42511.34,39748.28668934828,39544.81314383559,38478.08454061389,40497.79260568897,38480.63653118386
18,13,2012-08-17,47925.23,False,B,120653,73.25,3.84,1852.64,70.36,8.9,2345.51,767.44,138.1857097,8.535,47925.23,45740.16,39748.28668934828,39516.375802194976,43320.70074498018,40472.71761256201,41797.68429334877
18,13,2012-08-24,46563.62,False,B,120653,68.52,3.874,842.8,63.4,32.68,460.81,3260.03,138.2814516,8.535,46563.62,49961.37,39748.28668934828,39488.20096636813,46700.54499471721,40472.269601640495,44602.540539738904
18,13,2012-08-31,46633.6,False,B,120653,70.09,3.884,20913.04,7.98,98.98,9800.5,4527.8,138.3771935,8.535,46633.6,23603.21,39748.28668934828,39460.28621315729,46260.87997617218,40472.261597100485,33193.04370156279
18,13,2012-09-07,47790.07,True,B,120653,71.85,3.921,5817.03,3.0,99.56,346.88,4664.82,138.4729355,8.535,47790.07,46158.64,39748.28668934828,39432.62914173332,42112.109735607744,40472.26145408464,41420.66230454887
18,13,2012-09-14,42245.03,False,B,120653,64.45,3.988,10608.96,0.0,12.41,1458.55,5520.31,138.5673,8.535,42245.03,41327.18,39748.28668934828,39405.227373429174,40230.18544620123,40472.2614515294,38742.4382562795
18,13,2012-09-21,40847.69,False,B,120653,60.23,4.056,7820.69,41.64,296.78,1323.47,7158.18,138.6534,8.535,40847.69,40601.03,39748.28668934828,39378.07855153536,41050.8112351742,40472.26145148374,38680.338931349645
18,13,2012-09-28,39852.32,False,B,120653,58.24,4.018,2247.94,22.73,45.56,2464.93,1640.3,138.7395,8.535,39852.32,41678.52,39748.28668934828,39351.180341097206,39658.52515768552,40472.261451482926,38693.29241224475
18,13,2012-10-05,45931.11,False,B,120653,59.68,4.027,6366.36,0.0,27.33,3667.31,3573.44,138.8256,8.243,45931.11,47802.31,39748.28668934828,39324.53042871409,43905.80304579756,40472.26145148291,42732.12245003801
18,13,2012-10-12,42970.6,False,B,120653,50.97,4.029,2241.19,0.0,30.08,901.32,3592.56,138.9117,8.243,42970.6,41397.7,39748.28668934828,39298.12652234044,40449.336417408704,40472.26145148291,38820.49437528334
18,13,2012-10-19,42086.68,False,B,120653,51.96,4.0,1894.83,0.0,2.24,501.85,1453.25,138.8336129,8.243,42086.68,45810.81,39748.28668934828,39271.966351088624,39397.601937711435,40472.26145148291,40317.89502979359
18,13,2012-10-26,43219.77,False,B,120653,56.09,3.917,5430.61,128.31,50.0,822.64,969.64,138.7281613,8.243,43219.77,42845.45,39748.28668934828,39246.0476650336,37791.16778420461,40472.26145148291,38478.17879107532
18,38,2012-08-10,65670.45,False,B,120653,75.7,3.772,20397.03,134.57,41.72,3800.38,2169.34,138.1437742,8.535,65670.45,56268.58,61463.72266565229,62766.0685930339,65334.62205718031,62050.201231974264,50001.99589261811
18,38,2012-08-17,55835.14,False,B,120653,73.25,3.84,1852.64,70.36,8.9,2345.51,767.44,138.1857097,8.535,55835.14,62631.87,61463.72266565229,62761.366980464765,61745.017550818746,62049.61239160457,54271.55519874698
18,38,2012-08-24,57381.0,False,B,120653,68.52,3.874,842.8,63.4,32.68,460.81,3260.03,138.2814516,8.535,57381.0,64195.41,61463.72266565229,62756.83073925958,68329.52176786981,62049.596514656725,56102.504738010684
18,38,2012-08-31,54903.26,False,B,120653,70.09,3.884,20913.04,7.98,98.98,9800.5,4527.8,138.3771935,8.535,54903.26,44575.43,61463.72266565229,62752.454052757035,52329.948372656974,62049.59608656537,41870.15260049914
18,38,2012-09-07,59158.75,True,B,120653,71.85,3.921,5817.03,3.0,99.56,346.88,4664.82,138.4729355,8.535,59158.75,72875.64,61463.72266565229,62748.23130888712,53843.629512569736,62049.59607502271,55991.66114505996
18,38,2012-09-14,61853.06,False,B,120653,64.45,3.988,10608.96,0.0,12.41,1458.55,5520.31,138.5673,8.535,61853.06,59911.88,61463.72266565229,62744.157092975045,59107.625640515005,62049.59607471148,51221.26873507906
18,38,2012-09-21,58147.26,False,B,120653,60.23,4.056,7820.69,41.64,296.78,1323.47,7158.18,138.6534,8.535,58147.26,68597.48,61463.72266565229,62740.226180798134,57721.75826222225,62049.59607470309,54983.49848072009
18,38,2012-09-28,65370.31,False,B,120653,58.24,4.018,2247.94,22.73,45.56,2464.93,1640.3,138.7395,8.535,65370.31,63134.51,61463.72266565229,62736.433531887014,62204.90908845148,62049.596074702866,53632.29475011967
18,38,2012-10-05,58385.68,False,B,120653,59.68,4.027,6366.36,0.0,27.33,3667.31,3573.44,138.8256,8.243,58385.68,78063.06,61463.72266565229,62732.7742830624,72415.72466020114,62049.59607470286,64038.277111896256
18,38,2012-10-12,57743.0,False,B,120653,50.97,4.029,2241.19,0.0,30.08,901.32,3592.56,138.9117,8.243,57743.0,60055.54,61463.72266565229,62729.243742199214,59847.47804183725,62049.59607470286,51337.54722157601
18,38,2012-10-19,57872.24,False,B,120653,51.96,4.0,1894.83,0.0,2.24,501.85,1453.25,138.8336129,8.243,57872.24,67174.24,61463.72266565229,62725.83738221003,57124.394727996936,62049.59607470286,53942.27834043219
18,38,2012-10-26,61940.58,False,B,120653,56.09,3.917,5430.61,128.31,50.0,822.64,969.64,138.7281613,8.243,61940.58,60579.79,61463.72266565229,62722.55083524017,61012.892518843924,62049.59607470286,51821.60400561277
18,40,2012-08-10,56337.93,False,B,120653,75.7,3.772,20397.03,134.57,41.72,3800.38,2169.34,138.1437742,8.535,56337.93,56857.99,57855.99015169617,57559.84794963598,55973.53814066997,58197.99296776382,56579.62849707453
18,40,2012-08-17,58037.94,False,B,120653,73.25,3.84,1852.64,70.36,8.9,2345.51,767.44,138.1857097,8.535,58037.94,58276.56,57855.99015169617,57497.737209321276,56803.42135114442,58291.19090339109,58305.31312610271
18,40,2012-08-24,59433.32,False,B,120653,68.52,3.874,842.8,63.4,32.68,460.81,3260.03,138.2814516,8.535,59433.32,65578.74,57855.99015169617,57442.91745128256,60403.196238095115,58287.39408546139,64192.32155150236
18,40,2012-08-31,61651.26,False,B,120653,70.09,3.884,20913.04,7.98,98.98,9800.5,4527.8,138.3771935,8.535,61651.26,30648.89,57855.99015169617,57394.53281029782,52935.42659097467,58287.548765136366,37225.11576536614
18,40,2012-09-07,59664.87,True,B,120653,71.85,3.921,5817.03,3.0,99.56,346.88,4664.82,138.4729355,8.535,59664.87,61439.59,57855.99015169617,57351.82788844156,58222.28493941293,58287.54246359589,60590.78269488945
18,40,2012-09-14,58293.99,False,B,120653,64.45,3.988,10608.96,0.0,12.41,1458.55,5520.31,138.5673,8.535,58293.99,55414.12,57855.99015169617,57314.135961548396,56987.35921133555,58287.54272031619,55962.12184861598
18,40,2012-09-21,57438.81,False,B,120653,60.23,4.056,7820.69,41.64,296.78,1323.47,7158.18,138.6534,8.535,57438.81,58353.23,57855.99015169617,57280.868570082326,58608.71254513108,58287.54270985759,58437.72907519484
18,40,2012-09-28,57365.89,False,B,120653,58.24,4.018,2247.94,22.73,45.56,2464.93,1640.3,138.7395,8.535,57365.89,55763.88,57855.99015169617,57251.50633190083,56172.161150474,58287.54271028366,56005.09773148048
18,40,2012-10-05,59784.74,False,B,120653,59.68,4.027,6366.36,0.0,27.33,3667.31,3573.44,138.8256,8.243,59784.74,60518.1,57855.99015169617,57225.59083347933,61562.62452804683,58287.5427102663,60669.39219429155
18,40,2012-10-12,59127.14,False,B,120653,50.97,4.029,2241.19,0.0,30.08,901.32,3592.56,138.9117,8.243,59127.14,56795.66,57855.99015169617,57202.71747299897,58365.05861648419,58287.54271026701,57222.974500908
18,40,2012-10-19,59079.66,False,B,120653,51.96,4.0,1894.83,0.0,2.24,501.85,1453.25,138.8336129,8.243,59079.66,60199.53,57855.99015169617,57182.52914356171,60507.25007185592,58287.54271026698,60146.40164323187
18,40,2012-10-26,60018.08,False,B,120653,56.09,3.917,5430.61,128.31,50.0,822.64,969.64,138.7281613,8.243,60018.08,59981.37,57855.99015169617,57164.71065791255,59655.070420834345,58287.54271026698,59769.31329935985
18,72,2012-08-10,37071.1,False,B,120653,75.7,3.772,20397.03,134.57,41.72,3800.38,2169.34,138.1437742,8.535,37071.1,38863.59,40333.30610181639,40890.719012013746,41915.33296932147,43302.45400975807,42080.182936580335
18,72,2012-08-17,45870.13,False,B,120653,73.25,3.84,1852.64,70.36,8.9,2345.51,767.44,138.1857097,8.535,45870.13,41171.13,40333.30610181639,40890.71901191087,45757.09572938396,42742.01390593336,45149.04082098034
18,72,2012-08-24,44233.44,False,B,120653,68.52,3.874,842.8,63.4,32.68,460.81,3260.03,138.2814516,8.535,44233.44,50015.85,40333.30610181639,40890.71901182603,45971.512587320045,42688.217629501785,51125.273468614716
18,72,2012-08-31,50124.95,False,B,120653,70.09,3.884,20913.04,7.98,98.98,9800.5,4527.8,138.3771935,8.535,50124.95,31163.36,40333.30610181639,40890.719011756075,41719.743237336894,42683.053760360104,37017.27579162179
18,72,2012-09-07,41603.84,True,B,120653,71.85,3.921,5817.03,3.0,99.56,346.88,4664.82,138.4729355,8.535,41603.84,41685.65,40333.30610181639,40890.719011698384,44309.821797293225,42682.55808396238,44945.633722573555
18,72,2012-09-14,46637.57,False,B,120653,64.45,3.988,10608.96,0.0,12.41,1458.55,5520.31,138.5673,8.535,46637.57,42525.86,40333.30610181639,40890.719011650806,40922.03883483434,42682.51050431144,44783.96728585985
18,72,2012-09-21,63333.04,False,B,120653,60.23,4.056,7820.69,41.64,296.78,1323.47,7158.18,138.6534,8.535,63333.04,41481.17,40333.30610181639,40890.719011611574,33316.53811124156,42682.505937172085,42214.63522341434
18,72,2012-09-28,55852.71,False,B,120653,58.24,4.018,2247.94,22.73,45.56,2464.93,1640.3,138.7395,8.535,55852.71,45074.25,40333.30610181639,40890.719011579225,33826.572673765564,42682.50549877539,45069.991588004734
18,72,2012-10-05,49917.9,False,B,120653,59.68,4.027,6366.36,0.0,27.33,3667.31,3573.44,138.8256,8.243,49917.9,42507.32,40333.30610181639,40890.719011552545,33274.52878607498,42682.50545669398,43280.48517388295
18,72,2012-10-12,56907.69,False,B,120653,50.97,4.029,2241.19,0.0,30.08,901.32,3592.56,138.9117,8.243,56907.69,44937.24,40333.30610181639,40890.71901153055,34600.895718561354,42682.505452654616,45381.690921347894
18,72,2012-10-19,51771.05,False,B,120653,51.96,4.0,1894.83,0.0,2.24,501.85,1453.25,138.8336129,8.243,51771.05,62544.32,40333.30610181639,40890.7190115124,38941.050448120586,42682.50545226688,58812.690523130776
18,72,2012-10-26,59084.72,False,B,120653,56.09,3.917,5430.61,128.31,50.0,822.64,969.64,138.7281613,8.243,59084.72,62138.59,40333.30610181639,40890.719011497444,38626.67303600605,42682.50545222966,58505.3061737804
18,92,2012-08-10,64524.43,False,B,120653,75.7,3.772,20397.03,134.57,41.72,3800.38,2169.34,138.1437742,8.535,64524.43,27560.15,63891.822500200935,63087.32779932082,62779.67746067117,63506.46327041837,58827.13318883053
18,92,2012-08-17,63615.27,False,B,120653,73.25,3.84,1852.64,70.36,8.9,2345.51,767.44,138.1857097,8.535,63615.27,27187.39,63891.822500200935,63220.223481298526,64311.281884964315,64059.68615314495,60560.68942672964
18,92,2012-08-24,65241.12,False,B,120653,68.52,3.874,842.8,63.4,32.68,460.81,3260.03,138.2814516,8.535,65241.12,49711.83,63891.822500200935,63326.68359299772,77602.81116671016,64012.91660543902,76181.48880980714
18,92,2012-08-31,65875.69,False,B,120653,70.09,3.884,20913.04,7.98,98.98,9800.5,4527.8,138.3771935,8.535,65875.69,30132.22,63891.822500200935,63411.96669034399,70294.83229003576,64016.87051020492,64241.183521707484
18,92,2012-09-07,78926.53,True,B,120653,71.85,3.921,5817.03,3.0,99.56,346.88,4664.82,138.4729355,8.535,78926.53,48564.1,63891.822500200935,63480.28529885273,78973.5482941319,64016.536246487085,76004.0894172633
18,92,2012-09-14,65608.55,False,B,120653,64.45,3.988,10608.96,0.0,12.41,1458.55,5520.31,138.5673,8.535,65608.55,44739.14,63891.822500200935,63535.01398969307,74779.9507889667,64016.56450519327,73131.36402807223
18,92,2012-09-21,68043.77,False,B,120653,60.23,4.056,7820.69,41.64,296.78,1323.47,7158.18,138.6534,8.535,68043.77,47940.59,63891.822500200935,63578.85606532191,75106.80208843913,64016.5621161979,75161.7829460361
18,92,2012-09-28,68726.61,False,B,120653,58.24,4.018,2247.94,22.73,45.56,2464.93,1640.3,138.7395,8.535,68726.61,51435.3,63891.822500200935,63613.97708806028,75015.03683826141,64016.56231816394,77437.89793289901
18,92,2012-10-05,79346.7,False,B,120653,59.68,4.027,6366.36,0.0,27.33,3667.31,3573.44,138.8256,8.243,79346.7,65902.52,63891.822500200935,63642.11184720426,86309.44008580767,64016.562301089696,90158.29914510851
18,92,2012-10-12,73485.1,False,B,120653,50.97,4.029,2241.19,0.0,30.08,901.32,3592.56,138.9117,8.243,73485.1,58196.8,63891.822500200935,63664.65004826936,76974.51395605576,64016.56230253315,82924.17736495225
18,92,2012-10-19,68630.19,False,B,120653,51.96,4.0,1894.83,0.0,2.24,501.85,1453.25,138.8336129,8.243,68630.19,63680.42,63891.822500200935,63682.7049569555,79498.37950967638,64016.56230241112,87203.49407484934
18,92,2012-10-26,79880.45,False,B,120653,56.09,3.917,5430.61,128.31,50.0,822.64,969.64,138.7281613,8.243,79880.45,63290.45,63891.822500200935,63697.16838847442,76913.29529422776,64016.56230242144,86446.14554365167
18,95,2012-08-10,57021.23,False,B,120653,75.7,3.772,20397.03,134.57,41.72,3800.38,2169.34,138.1437742,8.535,57021.23,48485.62,60462.9667815853,60495.407667768515,55127.83852763375,59553.71559821265,55821.44704137118
18,95,2012-08-17,57727.68,False,B,120653,73.25,3.84,1852.64,70.36,8.9,2345.51,767.44,138.1857097,8.535,57727.68,44659.74,60462.9667815853,60495.413994666,54441.30884994091,58349.10815128942,55086.66909971615
18,95,2012-08-24,61119.95,False,B,120653,68.52,3.874,842.8,63.4,32.68,460.81,3260.03,138.2814516,8.535,61119.95,69246.97,60462.9667815853,60495.419777644616,66320.2140229574,57624.613467578296,66625.15772251802
18,95,2012-08-31,62455.74,False,B,120653,70.09,3.884,20913.04,7.98,98.98,9800.5,4527.8,138.3771935,8.535,62455.74,33483.39,60462.9667815853,60495.42506346467,56925.274684015756,57188.87604285429,53604.23937841475
18,95,2012-09-07,68279.98,True,B,120653,71.85,3.921,5817.03,3.0,99.56,346.88,4664.82,138.4729355,8.535,68279.98,48654.62,60462.9667815853,60495.42989486654,54742.30492084402,56926.80772465416,55938.54210430253
18,95,2012-09-14,57953.93,False,B,120653,64.45,3.988,10608.96,0.0,12.41,1458.55,5520.31,138.5673,8.535,57953.93,47342.93,60462.9667815853,60495.43431091622,49918.666779477615,56769.19031676741,53441.59209950174
18,95,2012-09-21,53386.61,False,B,120653,60.23,4.056,7820.69,41.64,296.78,1323.47,7158.18,138.6534,8.535,53386.61,46933.52,60462.9667815853,60495.43834732126,49366.90464978582,56674.39348119583,53374.90032862084
18,95,2012-09-28,56147.68,False,B,120653,58.24,4.018,2247.94,22.73,45.56,2464.93,1640.3,138.7395,8.535,56147.68,48618.29,60462.9667815853,60495.442036719425,50389.68706403766,56617.37922017689,54568.87237632065
18,95,2012-10-05,60521.74,False,B,120653,59.68,4.027,6366.36,0.0,27.33,3667.31,3573.44,138.8256,8.243,60521.74,53942.74,60462.9667815853,60495.44540894266,57246.27192987985,56583.0887721895,59747.34549379888
18,95,2012-10-12,56525.83,False,B,120653,50.97,4.029,2241.19,0.0,30.08,901.32,3592.56,138.9117,8.243,56525.83,51918.98,60462.9667815853,60495.448491258256,50669.079259643135,56562.46525094829,56104.71905449212
18,95,2012-10-19,54608.87,False,B,120653,51.96,4.0,1894.83,0.0,2.24,501.85,1453.25,138.8336129,8.243,54608.87,55248.94,60462.9667815853,60495.45130858938,51260.10786518825,56550.06151599146,57527.16359381445
18,95,2012-10-26,63251.27,False,B,120653,56.09,3.917,5430.61,128.31,50.0,822.64,969.64,138.7281613,8.243,63251.27,58342.46,60462.9667815853,60495.453883716546,51768.29913886031,56542.60145914278,58794.66846555516
19,2,2012-08-10,54230.56,False,A,203819,74.45,3.863,6196.55,232.43,76.35,3086.53,3417.36,138.1437742,8.193,54230.56,52880.06,49529.29565841917,49457.406229264605,51458.74908343175,50232.85588401476,48805.65869398899
19,2,2012-08-17,53408.13,False,A,203819,69.83,3.963,4512.6,370.35,11.11,2282.3,3764.75,138.1857097,8.193,53408.13,53848.31,49529.29565841917,49443.77681341009,53144.79894327217,50189.58017673739,49806.82829947947
19,2,2012-08-24,61912.39,False,A,203819,66.66,3.997,9087.86,237.03,102.63,5601.12,6738.74,138.2814516,8.193,61912.39,62338.12,49529.29565841917,49430.21554463485,61338.386849329545,50169.91096255652,58035.50550700274
19,2,2012-08-31,58463.14,False,A,203819,71.85,4.026,19970.78,236.96,23.99,7058.25,2595.88,138.3771935,8.193,58463.14,59970.83,49529.29565841917,49416.72208220348,61485.4654475486,50160.97112053352,56296.4900287517
19,2,2012-09-07,52584.33,True,A,203819,72.2,4.076,9053.47,27.41,22.94,1677.12,4844.18,138.4729355,8.193,52584.33,55916.15,49529.29565841917,49403.29608708427,54701.13564730869,50156.90787862354,51689.66988451949
19,2,2012-09-14,49736.21,False,A,203819,65.08,4.088,13667.97,0.0,13.57,1166.93,7136.43,138.5673,8.193,49736.21,48066.87,49529.29565841917,49389.93722194066,47791.63859424817,50155.06109712824,44244.17981126846
19,2,2012-09-21,46832.22,False,A,203819,60.62,4.203,11030.97,147.55,13.5,1516.01,9152.78,138.6534,8.193,46832.22,47691.97,49529.29565841917,49376.645151122764,46848.14591133052,50154.2217176458,43738.418675689965
19,2,2012-09-28,46848.2,False,A,203819,56.81,4.158,2992.04,48.46,0.0,2463.88,3732.36,138.7395,8.193,46848.2,49291.39,49529.29565841917,49363.41954065896,47789.68296401451,50153.840211811286,45143.202900226766
19,2,2012-10-05,47767.58,False,A,203819,59.86,4.151,6971.59,0.0,10.96,3640.93,3827.33,138.8256,7.992,47767.58,49809.34,49529.29565841917,49350.26005824747,49539.831435700326,50153.66681383717,45938.38575609038
19,2,2012-10-12,45713.56,False,A,203819,48.29,4.186,2374.5,0.0,7.25,919.32,6101.0,138.9117,7.992,45713.56,47279.87,49529.29565841917,49337.16637324804,46628.13483738205,50153.58800283427,43383.78750081151
19,2,2012-10-19,46449.21,False,A,203819,53.44,4.153,2948.25,0.0,17.4,811.41,2017.49,138.8336129,7.992,46449.21,47796.98,49529.29565841917,49324.13815667361,47165.6973622736,50153.55218249549,43892.59863349133
19,2,2012-10-26,46788.18,False,A,203819,56.49,4.071,5430.75,90.07,0.0,904.34,1665.77,138.7281613,7.992,46788.18,47655.67,49529.29565841917,49311.175081182046,46804.38466525507,50153.5359018161,43705.40870913256
19,8,2012-08-10,44358.5,False,A,203819,74.45,3.863,6196.55,232.43,76.35,3086.53,3417.36,138.1437742,8.193,44358.5,39387.39,42425.86008321694,42086.80848922696,41771.27479363974,43945.6623388989,42291.64760467237
19,8,2012-08-17,44113.45,False,A,203819,69.83,3.963,4512.6,370.35,11.11,2282.3,3764.75,138.1857097,8.193,44113.45,41515.06,42425.86008321694,42086.777581073766,41319.801967167805,42909.84704849174,43590.91502221065
19,8,2012-08-24,40926.2,False,A,203819,66.66,3.997,9087.86,237.03,102.63,5601.12,6738.74,138.2814516,8.193,40926.2,41202.05,42425.86008321694,42086.748764310025,41647.99849023016,42450.883546354795,43422.07669920607
19,8,2012-08-31,41996.24,False,A,203819,71.85,4.026,19970.78,236.96,23.99,7058.25,2595.88,138.3771935,8.193,41996.24,41445.36,42425.86008321694,42086.72189742258,42502.52679982916,42247.51958924328,43834.85322655743
19,8,2012-09-07,43336.53,True,A,203819,72.2,4.076,9053.47,27.41,22.94,1677.12,4844.18,138.4729355,8.193,43336.53,42516.93,42425.86008321694,42086.69684847376,44939.20275215786,42157.41024752113,45231.96938266896
19,8,2012-09-14,44203.42,False,A,203819,65.08,4.088,13667.97,0.0,13.57,1166.93,7136.43,138.5673,8.193,44203.42,40502.29,42425.86008321694,42086.67349445335,44082.43401846073,42117.483342178966,43689.14628571569
19,8,2012-09-21,42384.91,False,A,203819,60.62,4.203,11030.97,147.55,13.5,1516.01,9152.78,138.6534,8.193,42384.91,40142.68,42425.86008321694,42086.65172067462,42321.556355639295,42099.79197145386,42885.147296384755
19,8,2012-09-28,41285.74,False,A,203819,56.81,4.158,2992.04,48.46,0.0,2463.88,3732.36,138.7395,8.193,41285.74,39715.06,42425.86008321694,42086.63142021107,43331.47360500882,42091.95303188539,42914.53067736339
19,8,2012-10-05,43259.9,False,A,203819,59.86,4.151,6971.59,0.0,10.96,3640.93,3827.33,138.8256,7.992,43259.9,41686.43,42425.86008321694,42086.612493371336,44360.767330728515,42088.47964508495,44433.012789086664
19,8,2012-10-12,42556.7,False,A,203819,48.29,4.186,2374.5,0.0,7.25,919.32,6101.0,138.9117,7.992,42556.7,40581.82,42425.86008321694,42086.594847209635,43373.322906100424,42086.94060836193,43418.227992643144
19,8,2012-10-19,43708.83,False,A,203819,53.44,4.153,2948.25,0.0,17.4,811.41,2017.49,138.8336129,7.992,43708.83,42480.55,42425.86008321694,42086.57839506934,42558.78667483197,42086.25867048087,44315.82353303196
19,8,2012-10-26,42484.11,False,A,203819,56.49,4.071,5430.75,90.07,0.0,904.34,1665.77,138.7281613,7.992,42484.11,41552.23,42425.86008321694,42086.5630561574,43963.8734333442,42085.956507922514,44174.88990824817
19,38,2012-08-10,77825.91,False,A,203819,74.45,3.863,6196.55,232.43,76.35,3086.53,3417.36,138.1437742,8.193,77825.91,74634.07,73144.64221417753,73466.73638803112,75233.34879673773,73512.38403293381,70739.42666720015
19,38,2012-08-17,69415.54,False,A,203819,69.83,3.963,4512.6,370.35,11.11,2282.3,3764.75,138.1857097,8.193,69415.54,77994.85,73144.64221417753,73403.23840215398,62981.205800028445,72999.28734831366,70953.92423312
19,38,2012-08-24,66929.83,False,A,203819,66.66,3.997,9087.86,237.03,102.63,5601.12,6738.74,138.2814516,8.193,66929.83,76553.53,73144.64221417753,73340.05790620622,69201.21838475735,72893.79845413651,71044.97024133721
19,38,2012-08-31,70795.07,False,A,203819,71.85,4.026,19970.78,236.96,23.99,7058.25,2595.88,138.3771935,8.193,70795.07,80337.45,73144.64221417753,73277.1933127382,72204.03352661365,72872.11071549334,74525.78733270717
19,38,2012-09-07,68697.4,True,A,203819,72.2,4.076,9053.47,27.41,22.94,1677.12,4844.18,138.4729355,8.193,68697.4,72642.71,73144.64221417753,73214.64304223753,73807.73885860782,72867.6518763793,68919.05251662845
19,38,2012-09-14,73765.8,False,A,203819,65.08,4.088,13667.97,0.0,13.57,1166.93,7136.43,138.5673,8.193,73765.8,78601.91,73144.64221417753,73152.40552308936,77409.34579228757,72866.7351719422,74185.4419388196
19,38,2012-09-21,70804.76,False,A,203819,60.62,4.203,11030.97,147.55,13.5,1516.01,9152.78,138.6534,8.193,70804.76,63909.63,73144.64221417753,73090.47919153693,67077.79792706255,72866.54670427079,60914.52987455729
19,38,2012-09-28,72629.25,False,A,203819,56.81,4.158,2992.04,48.46,0.0,2463.88,3732.36,138.7395,8.193,72629.25,89984.84,73144.64221417753,73028.86249164226,73129.12264766991,72866.50795670753,82164.10811155528
19,38,2012-10-05,74805.16,False,A,203819,59.86,4.151,6971.59,0.0,10.96,3640.93,3827.33,138.8256,7.992,74805.16,81880.06,73144.64221417753,72967.55387524706,78019.57597781614,72866.4999904943,76870.79921748802
19,38,2012-10-12,60637.92,False,A,203819,48.29,4.186,2374.5,0.0,7.25,919.32,6101.0,138.9117,7.992,60637.92,73798.19,73144.64221417753,72906.55180193385,71137.28236501796,72866.49835269961,69372.45426104155
19,38,2012-10-19,68727.55,False,A,203819,53.44,4.153,2948.25,0.0,17.4,811.41,2017.49,138.8336129,7.992,68727.55,74036.43,73144.64221417753,72845.85473898718,80711.43252875045,72866.4980159811,71359.81144978442
19,38,2012-10-26,69839.22,False,A,203819,56.49,4.071,5430.75,90.07,0.0,904.34,1665.77,138.7281613,7.992,69839.22,64241.04,73144.64221417753,72785.46116135527,71689.87229402085,72866.49794675426,62118.55183227785
19,40,2012-08-10,51004.04,False,A,203819,74.45,3.863,6196.55,232.43,76.35,3086.53,3417.36,138.1437742,8.193,51004.04,49712.15,52561.08254392355,52729.08671768075,51964.49730738992,52689.19648251927,50881.47353197445
19,40,2012-08-17,52824.54,False,A,203819,69.83,3.963,4512.6,370.35,11.11,2282.3,3764.75,138.1857097,8.193,52824.54,51053.76,52561.08254392355,52729.086717521786,51801.96694697564,52533.078369669216,51732.27620335292
19,40,2012-08-24,56600.0,False,A,203819,66.66,3.997,9087.86,237.03,102.63,5601.12,6738.74,138.2814516,8.193,56600.0,57361.06,52561.08254392355,52729.086717387814,57170.750829513214,52477.65066523462,57475.374072747676
19,40,2012-08-31,55012.38,False,A,203819,71.85,4.026,19970.78,236.96,23.99,7058.25,2595.88,138.3771935,8.193,55012.38,57623.22,52561.08254392355,52729.08671727491,60424.35742368884,52457.97178004441,58413.58306201361
19,40,2012-09-07,55053.85,True,A,203819,72.2,4.076,9053.47,27.41,22.94,1677.12,4844.18,138.4729355,8.193,55053.85,53628.44,52561.08254392355,52729.08671717976,55519.34786932911,52450.985047934904,54409.843071084666
19,40,2012-09-14,53862.62,False,A,203819,65.08,4.088,13667.97,0.0,13.57,1166.93,7136.43,138.5673,8.193,53862.62,51515.66,52561.08254392355,52729.08671709957,54329.40797942747,52448.50449961633,52616.29080274177
19,40,2012-09-21,55426.97,False,A,203819,60.62,4.203,11030.97,147.55,13.5,1516.01,9152.78,138.6534,8.193,55426.97,55310.74,52561.08254392355,52729.08671703199,55864.35111117279,52447.62381321468,55652.94169459334
19,40,2012-09-28,58069.95,False,A,203819,56.81,4.158,2992.04,48.46,0.0,2463.88,3732.36,138.7395,8.193,58069.95,52982.56,52561.08254392355,52729.08671697504,58713.9234290915,52447.31113696797,54666.89424942718
19,40,2012-10-05,55071.92,False,A,203819,59.86,4.151,6971.59,0.0,10.96,3640.93,3827.33,138.8256,7.992,55071.92,57841.54,52561.08254392355,52729.08671692704,57421.95198116697,52447.20012533537,57793.562002353785
19,40,2012-10-12,50752.03,False,A,203819,48.29,4.186,2374.5,0.0,7.25,919.32,6101.0,138.9117,7.992,50752.03,50416.52,52561.08254392355,52729.086716886595,54237.04595494678,52447.16071209978,51788.20991063658
19,40,2012-10-19,51474.68,False,A,203819,53.44,4.153,2948.25,0.0,17.4,811.41,2017.49,138.8336129,7.992,51474.68,52653.3,52561.08254392355,52729.0867168525,54624.16400412174,52447.14671894336,53438.35371656329
19,40,2012-10-26,52994.85,False,A,203819,56.49,4.071,5430.75,90.07,0.0,904.34,1665.77,138.7281613,7.992,52994.85,51767.06,52561.08254392355,52729.086716823775,54258.15776485581,52447.14175085526,52708.23308433438
19,72,2012-08-10,52735.0,False,A,203819,74.45,3.863,6196.55,232.43,76.35,3086.53,3417.36,138.1437742,8.193,52735.0,54733.18,49727.16366948796,49703.039545430714,50280.79259791423,50960.47789339522,54392.982916768924
19,72,2012-08-17,55511.93,False,A,203819,69.83,3.963,4512.6,370.35,11.11,2282.3,3764.75,138.1857097,8.193,55511.93,56046.15,49727.16366948796,49703.039541351616,65201.89563184673,50332.21888586664,57890.790760403936
19,72,2012-08-24,83245.43,False,A,203819,66.66,3.997,9087.86,237.03,102.63,5601.12,6738.74,138.2814516,8.193,83245.43,79605.48,49727.16366948796,49703.039537888624,81736.27675467895,50254.40748655131,79415.9419037961
19,72,2012-08-31,71467.86,False,A,203819,71.85,4.026,19970.78,236.96,23.99,7058.25,2595.88,138.3771935,8.193,71467.86,74406.07,49727.16366948796,49703.0395349487,84507.74919191292,50244.77035633773,75895.26770188528
19,72,2012-09-07,62588.22,True,A,203819,72.2,4.076,9053.47,27.41,22.94,1677.12,4844.18,138.4729355,8.193,62588.22,68707.35,49727.16366948796,49703.03953245282,71568.09658752146,50243.57677442594,69010.485037715
19,72,2012-09-14,65049.3,False,A,203819,65.08,4.088,13667.97,0.0,13.57,1166.93,7136.43,138.5673,8.193,65049.3,67059.6,49727.16366948796,49703.039530333925,54646.553393078255,50243.42894641609,64329.907423631266
19,72,2012-09-21,70195.3,False,A,203819,60.62,4.203,11030.97,147.55,13.5,1516.01,9152.78,138.6534,8.193,70195.3,49711.5,49727.16366948796,49703.039528535075,53802.46307286518,50243.41063755913,50940.555932747164
19,72,2012-09-28,64846.88,False,A,203819,56.81,4.158,2992.04,48.46,0.0,2463.88,3732.36,138.7395,8.193,64846.88,56483.6,49727.16366948796,49703.039527007924,50220.136845751156,50243.40836996286,55373.794875671774
19,72,2012-10-05,70487.44,False,A,203819,59.86,4.151,6971.59,0.0,10.96,3640.93,3827.33,138.8256,7.992,70487.44,65319.41,49727.16366948796,49703.03952571144,46026.541388187834,50243.408089115575,61278.436658109655
19,72,2012-10-12,63111.63,False,A,203819,48.29,4.186,2374.5,0.0,7.25,919.32,6101.0,138.9117,7.992,63111.63,56861.69,49727.16366948796,49703.03952461078,46598.85699295747,50243.40805433196,54937.17400113046
19,72,2012-10-19,65738.89,False,A,203819,53.44,4.153,2948.25,0.0,17.4,811.41,2017.49,138.8336129,7.992,65738.89,65591.14,49727.16366948796,49703.039523676365,51889.40618710442,50243.40805002392,62648.13192312899
19,72,2012-10-26,66604.37,False,A,203819,56.49,4.071,5430.75,90.07,0.0,904.34,1665.77,138.7281613,7.992,66604.37,74880.85,49727.16366948796,49703.03952288309,57835.10158152127,50243.40804949036,70938.04979301292
19,90,2012-08-10,64734.48,False,A,203819,74.45,3.863,6196.55,232.43,76.35,3086.53,3417.36,138.1437742,8.193,64734.48,66642.72,59912.68877110377,59148.06120893789,62352.2917962673,59909.00642852565,59851.71706174937
19,90,2012-08-17,62057.33,False,A,203819,69.83,3.963,4512.6,370.35,11.11,2282.3,3764.75,138.1857097,8.193,62057.33,67068.04,59912.68877110377,58980.33016747637,59802.05293528097,59869.11455306634,59032.54710737633
19,90,2012-08-24,63819.86,False,A,203819,66.66,3.997,9087.86,237.03,102.63,5601.12,6738.74,138.2814516,8.193,63819.86,70878.42,59912.68877110377,58833.33622182248,62678.048690418924,59859.531706488175,62491.05328258053
19,90,2012-08-31,65780.94,False,A,203819,71.85,4.026,19970.78,236.96,23.99,7058.25,2595.88,138.3771935,8.193,65780.94,75898.59,59912.68877110377,58704.515582120825,68726.86038242398,59857.22971021742,67565.75399857094
19,90,2012-09-07,72844.44,True,A,203819,72.2,4.076,9053.47,27.41,22.94,1677.12,4844.18,138.4729355,8.193,72844.44,80132.31,59912.68877110377,58591.62142760769,72860.29381419893,59856.67672350441,71571.39282211411
19,90,2012-09-14,67986.52,False,A,203819,65.08,4.088,13667.97,0.0,13.57,1166.93,7136.43,138.5673,8.193,67986.52,72154.9,59912.68877110377,58492.6847187639,64724.961102531175,59856.543884755425,63999.711488899695
19,90,2012-09-21,64428.24,False,A,203819,60.62,4.203,11030.97,147.55,13.5,1516.01,9152.78,138.6534,8.193,64428.24,68931.06,59912.68877110377,58405.97985437959,61680.95927268388,59856.511974163695,61016.48689286701
19,90,2012-09-28,63757.33,False,A,203819,56.81,4.158,2992.04,48.46,0.0,2463.88,3732.36,138.7395,8.193,63757.33,69945.34,59912.68877110377,58329.99457454003,62313.259824780376,59856.50430858515,61852.81614869788
19,90,2012-10-05,68532.35,False,A,203819,59.86,4.151,6971.59,0.0,10.96,3640.93,3827.33,138.8256,7.992,68532.35,77602.72,59912.68877110377,58263.403584596206,70156.77234895411,59856.50246715598,69152.35131182727
19,90,2012-10-12,69018.51,False,A,203819,48.29,4.186,2374.5,0.0,7.25,919.32,6101.0,138.9117,7.992,69018.51,70699.95,59912.68877110377,58205.04544008371,63919.52128752814,59856.50202480693,62837.523590902594
19,90,2012-10-19,64746.44,False,A,203819,53.44,4.153,2948.25,0.0,17.4,811.41,2017.49,138.8336129,7.992,64746.44,72396.23,59912.68877110377,58153.90228942905,64519.57207517509,59856.50191854561,64098.97744643442
19,90,2012-10-26,64921.67,False,A,203819,56.49,4.071,5430.75,90.07,0.0,904.34,1665.77,138.7281613,7.992,64921.67,70374.45,59912.68877110377,58109.082121126296,64875.33217751447,59856.501893019464,62918.05058325864
19,91,2012-08-10,53248.71,False,A,203819,74.45,3.863,6196.55,232.43,76.35,3086.53,3417.36,138.1437742,8.193,53248.71,55726.62,47967.06330394783,48621.57315489973,50443.31937907434,50386.36013278135,49722.167917740226
19,91,2012-08-17,46934.69,False,A,203819,69.83,3.963,4512.6,370.35,11.11,2282.3,3764.75,138.1857097,8.193,46934.69,50609.88,47967.06330394783,48621.572854544065,45562.38772943128,51384.83560515302,44641.60065354442
19,91,2012-08-24,47323.77,False,A,203819,66.66,3.997,9087.86,237.03,102.63,5601.12,6738.74,138.2814516,8.193,47323.77,52478.55,47967.06330394783,48621.57258765476,46367.20222613521,51853.65691644575,46389.911527655575
19,91,2012-08-31,48641.98,False,A,203819,71.85,4.026,19970.78,236.96,23.99,7058.25,2595.88,138.3771935,8.193,48641.98,56308.89,47967.06330394783,48621.5723505029,50209.68434667417,52073.78593113267,50192.40331555003
19,91,2012-09-07,56360.0,True,A,203819,72.2,4.076,9053.47,27.41,22.94,1677.12,4844.18,138.4729355,8.193,56360.0,62890.63,47967.06330394783,48621.57213977507,56556.73830833914,52177.14467771656,56702.982680749374
19,91,2012-09-14,52482.22,False,A,203819,65.08,4.088,13667.97,0.0,13.57,1166.93,7136.43,138.5673,8.193,52482.22,56089.32,47967.06330394783,48621.57195252705,49243.31506583409,52225.67544732268,49903.90828441544
19,91,2012-09-21,47289.24,False,A,203819,60.62,4.203,11030.97,147.55,13.5,1516.01,9152.78,138.6534,8.193,47289.24,51818.83,47967.06330394783,48621.571786142646,46260.389879116556,52248.46244577618,45811.266300924246
19,91,2012-09-28,46471.81,False,A,203819,56.81,4.158,2992.04,48.46,0.0,2463.88,3732.36,138.7395,8.193,46471.81,51842.7,47967.06330394783,48621.571638297195,47160.80938077505,52259.161787713965,45929.675981743785
19,91,2012-10-05,51827.77,False,A,203819,59.86,4.151,6971.59,0.0,10.96,3640.93,3827.33,138.8256,7.992,51827.77,61536.96,47967.06330394783,48621.571506925044,56589.86665755838,52264.18552605911,55519.62727852749
19,91,2012-10-12,54766.62,False,A,203819,48.29,4.186,2374.5,0.0,7.25,919.32,6101.0,138.9117,7.992,54766.62,56307.33,47967.06330394783,48621.57139019069,50984.331298986865,52266.54435776178,50294.3529365841
19,91,2012-10-19,47677.09,False,A,203819,53.44,4.153,2948.25,0.0,17.4,811.41,2017.49,138.8336129,7.992,47677.09,54506.24,47967.06330394783,48621.571286463164,48187.95182379918,52267.65191683815,48399.60283688698
19,91,2012-10-26,47371.14,False,A,203819,56.49,4.071,5430.75,90.07,0.0,904.34,1665.77,138.7281613,7.992,47371.14,51524.35,47967.06330394783,48621.5711942932,48397.51787899524,52268.17195695219,45791.123310575604
19,92,2012-08-10,118870.4,False,A,203819,74.45,3.863,6196.55,232.43,76.35,3086.53,3417.36,138.1437742,8.193,118870.4,112962.42,106119.41396580922,105020.33183492305,113621.01279045902,107109.37026747811,110277.28705194047
19,92,2012-08-17,109323.61,False,A,203819,69.83,3.963,4512.6,370.35,11.11,2282.3,3764.75,138.1857097,8.193,109323.61,106001.69,106119.41396580922,104828.69268043214,105016.8273968201,106734.15526123195,102641.46550693926
19,92,2012-08-24,116413.39,False,A,203819,66.66,3.997,9087.86,237.03,102.63,5601.12,6738.74,138.2814516,8.193,116413.39,119582.87,106119.41396580922,104663.7259010085,115965.38654392936,106644.91217394343,115873.07154100339
19,92,2012-08-31,114468.21,False,A,203819,71.85,4.026,19970.78,236.96,23.99,7058.25,2595.88,138.3771935,8.193,114468.21,128390.79,106119.41396580922,104521.7192302647,124277.51736191068,106623.68613421633,124496.17148605832
19,92,2012-09-07,125067.37,True,A,203819,72.2,4.076,9053.47,27.41,22.94,1677.12,4844.18,138.4729355,8.193,125067.37,133409.6,106119.41396580922,104399.47707577643,130706.95723571762,106618.637622604,129721.81062197602
19,92,2012-09-14,117189.75,False,A,203819,65.08,4.088,13667.97,0.0,13.57,1166.93,7136.43,138.5673,8.193,117189.75,113103.31,106119.41396580922,104294.24860829908,112310.6610770247,106617.43685836217,109912.7319913846
19,92,2012-09-21,111963.98,False,A,203819,60.62,4.203,11030.97,147.55,13.5,1516.01,9152.78,138.6534,8.193,111963.98,107552.16,106119.41396580922,104203.66585954117,106199.9431689379,106617.15126235384,104343.89398462011
19,92,2012-09-28,110587.33,False,A,203819,56.81,4.158,2992.04,48.46,0.0,2463.88,3732.36,138.7395,8.193,110587.33,110047.61,106119.41396580922,104125.69043550202,109511.47467396971,106617.08333471483,106950.87419062419
19,92,2012-10-05,121725.85,False,A,203819,59.86,4.151,6971.59,0.0,10.96,3640.93,3827.33,138.8256,7.992,121725.85,130941.16,106119.41396580922,104058.5676462573,127786.93970857453,106617.06717845211,127257.9077557248
19,92,2012-10-12,122328.76,False,A,203819,48.29,4.186,2374.5,0.0,7.25,919.32,6101.0,138.9117,7.992,122328.76,116911.62,106119.41396580922,104000.7870199701,113926.23723841863,106617.0633357626,113409.31778497197
19,92,2012-10-19,111288.85,False,A,203819,53.44,4.153,2948.25,0.0,17.4,811.41,2017.49,138.8336129,7.992,111288.85,118840.84,106119.41396580922,103951.04831256972,112725.64774535887,106617.06242179737,114851.71776189929
19,92,2012-10-26,109033.04,False,A,203819,56.49,4.071,5430.75,90.07,0.0,904.34,1665.77,138.7281613,7.992,109033.04,111812.21,106119.41396580922,103908.23224820994,108772.47219928812,106617.06220441512,108374.4298085018
19,95,2012-08-10,103645.21,False,A,203819,74.45,3.863,6196.55,232.43,76.35,3086.53,3417.36,138.1437742,8.193,103645.21,98661.83,98018.34424695236,97956.95013043405,96795.67711980898,96958.76905549616,93777.8562553102
19,95,2012-08-17,92635.23,False,A,203819,69.83,3.963,4512.6,370.35,11.11,2282.3,3764.75,138.1857097,8.193,92635.23,96292.04,98018.34424695236,97942.31561504434,90830.26163181134,97285.30100269275,90455.94920087467
19,95,2012-08-24,99766.11,False,A,203819,66.66,3.997,9087.86,237.03,102.63,5601.12,6738.74,138.2814516,8.193,99766.11,106238.38,98018.34424695236,97927.78787687664,95973.02420093563,97396.27091136701,97747.22767529504
19,95,2012-08-31,107075.96,False,A,203819,71.85,4.026,19970.78,236.96,23.99,7058.25,2595.88,138.3771935,8.193,107075.96,111202.69,98018.34424695236,97913.36613685664,107173.3468677033,97433.98336412056,103799.80796768176
19,95,2012-09-07,108665.87,True,A,203819,72.2,4.076,9053.47,27.41,22.94,1677.12,4844.18,138.4729355,8.193,108665.87,112114.69,98018.34424695236,97899.04962159433,102664.28581930454,97446.79971325232,103036.84581573214
19,95,2012-09-14,97591.4,False,A,203819,65.08,4.088,13667.97,0.0,13.57,1166.93,7136.43,138.5673,8.193,97591.4,97668.88,98018.34424695236,97884.83756334257,89539.86163082397,97451.15527204188,90916.6377450431
19,95,2012-09-21,91865.46,False,A,203819,60.62,4.203,11030.97,147.55,13.5,1516.01,9152.78,138.6534,8.193,91865.46,93558.92,98018.34424695236,97870.72919995594,88927.07677149586,97452.63548237123,88347.098222758
19,95,2012-09-28,88565.27,False,A,203819,56.81,4.158,2992.04,48.46,0.0,2463.88,3732.36,138.7395,8.193,88565.27,93808.72,98018.34424695236,97856.72377484974,87818.22499460103,97453.13852290518,88149.06550628765
19,95,2012-10-05,93610.04,False,A,203819,59.86,4.151,6971.59,0.0,10.96,3640.93,3827.33,138.8256,7.992,93610.04,99676.09,98018.34424695236,97842.82053695961,96220.81168500023,97453.30947819023,93936.61717970797
19,95,2012-10-12,88767.53,False,A,203819,48.29,4.186,2374.5,0.0,7.25,919.32,6101.0,138.9117,7.992,88767.53,94009.81,98018.34424695236,97829.01874070108,85691.16745352617,97453.36757631059,87639.20741973672
19,95,2012-10-19,84269.04,False,A,203819,53.44,4.153,2948.25,0.0,17.4,811.41,2017.49,138.8336129,7.992,84269.04,88808.97,98018.34424695236,97815.31764592968,83814.50395371705,97453.38732060565,84034.2124641929
19,95,2012-10-26,85833.32,False,A,203819,56.49,4.071,5430.75,90.07,0.0,904.34,1665.77,138.7281613,7.992,85833.32,87104.54,98018.34424695236,97801.71651790124,85299.09387009687,97453.39403058498,83397.98035364324
20,2,2012-08-10,84627.69,False,A,203742,75.4,3.722,16845.14,156.18,12.47,6921.28,6346.44,214.7484595,7.28,84627.69,82031.01,78253.29313934805,78790.91465639696,86602.17669983147,83114.84522744558,79094.09983783818
20,2,2012-08-17,80715.22,False,A,203742,69.57,3.807,3008.99,99.68,1.12,2535.66,2831.84,214.825578,7.28,80715.22,81657.21,78253.29313934805,78793.9432147584,85144.28308292842,82120.62533440585,78626.50883693087
20,2,2012-08-24,84921.35,False,A,203742,68.27,3.834,6125.02,53.4,84.62,9638.85,8710.31,214.9567044,7.28,84921.35,80565.51,78253.29313934805,78796.95663032806,82405.12699848085,81898.24189847278,77497.82858353686
20,2,2012-08-31,83997.68,False,A,203742,72.66,3.867,19058.96,32.04,125.49,9015.83,4449.08,215.0878309,7.28,83997.68,88137.75,78253.29313934805,78799.95497881986,90969.1215801519,81848.49999235764,85091.19388865624
20,2,2012-09-07,81537.82,True,A,203742,76.36,3.911,11783.56,-0.99,83.85,1938.4,3708.67,215.2189573,7.28,81537.82,79957.53,78253.29313934805,78802.9383355692,81138.19651127627,81837.373906399,76864.1865639128
20,2,2012-09-14,74409.24,False,A,203742,64.84,3.948,10404.97,0.0,40.11,1481.31,8655.59,215.3583757,7.28,74409.24,75273.31,78253.29313934805,78805.90677553481,76422.79251965562,81834.88526455902,72185.59017742788
20,2,2012-09-21,72780.72,False,A,203742,60.94,4.038,8475.15,168.56,49.78,1727.92,9072.77,215.5475459,7.28,72780.72,71373.71,78253.29313934805,78808.86037330057,75361.78905232539,81834.32861433802,68406.69641280506
20,2,2012-09-28,73371.54,False,A,203742,58.65,3.997,6245.6,52.64,21.5,3301.81,7195.56,215.7367162,7.28,73371.54,74942.03,78253.29313934805,78811.7992030775,82777.43045739815,81834.20410487123,72120.96200156053
20,2,2012-10-05,82981.54,False,A,203742,60.77,3.985,5800.66,0.0,33.68,4286.15,3224.25,215.9258865,7.293,82981.54,76840.65,78253.29313934805,78814.72333870556,78676.88936091702,81834.17625505327,73782.31986805721
20,2,2012-10-12,75563.24,False,A,203742,47.2,4.0,2449.31,0.0,35.08,1019.9,9743.56,216.1150568,7.293,75563.24,72411.55,78253.29313934805,78817.63285365548,76886.75270439476,81834.1700257088,69463.80565782786
20,2,2012-10-19,72108.34,False,A,203742,56.26,3.969,4174.31,0.0,15.84,838.05,3838.56,216.1464699,7.293,72108.34,72982.82,78253.29313934805,78820.52782103064,73120.9726608716,81834.16863235201,69863.81382575966
20,2,2012-10-26,71738.18,False,A,203742,60.04,3.882,10813.19,22.33,102.91,867.39,1671.76,216.1515902,7.293,71738.18,70984.6,78253.29313934805,78823.40831356893,76008.76421871883,81834.16832069111,68057.30160015842
20,4,2012-08-10,55673.92,False,A,203742,75.4,3.722,16845.14,156.18,12.47,6921.28,6346.44,214.7484595,7.28,55673.92,52248.83,53345.75755708621,53477.11708485808,55164.91782012506,54353.9991845017,50683.86600816861
20,4,2012-08-17,50625.96,False,A,203742,69.57,3.807,3008.99,99.68,1.12,2535.66,2831.84,214.825578,7.28,50625.96,53753.52,53345.75755708621,53477.11708485802,54278.656339262605,54098.13214170202,51631.83244994673
20,4,2012-08-24,51887.25,False,A,203742,68.27,3.834,6125.02,53.4,84.62,9638.85,8710.31,214.9567044,7.28,51887.25,52362.03,53345.75755708621,53477.11708485797,53268.53804575195,54067.065822584016,50401.67460930366
20,4,2012-08-31,54185.17,False,A,203742,72.66,3.867,19058.96,32.04,125.49,9015.83,4449.08,215.0878309,7.28,54185.17,60344.79,53345.75755708621,53477.11708485793,60913.812727631936,54063.29387847984,58206.529887828096
20,4,2012-09-07,55161.44,True,A,203742,76.36,3.911,11783.56,-0.99,83.85,1938.4,3708.67,215.2189573,7.28,55161.44,52634.56,53345.75755708621,53477.1170848579,55288.31542790233,54062.83590461203,50857.358031397736
20,4,2012-09-14,49503.36,False,A,203742,64.84,3.948,10404.97,0.0,40.11,1481.31,8655.59,215.3583757,7.28,49503.36,48220.0,53345.75755708621,53477.11708485787,51389.659424266705,54062.78029931731,46556.37571783847
20,4,2012-09-21,49703.66,False,A,203742,60.94,4.038,8475.15,168.56,49.78,1727.92,9072.77,215.5475459,7.28,49703.66,48866.97,53345.75755708621,53477.11708485785,49529.05846011979,54062.77354795218,46901.31793730221
20,4,2012-09-28,49077.16,False,A,203742,58.65,3.997,6245.6,52.64,21.5,3301.81,7195.56,215.7367162,7.28,49077.16,49878.45,53345.75755708621,53477.11708485783,53250.67924795106,54062.77272822932,48212.67351565282
20,4,2012-10-05,57279.5,False,A,203742,60.77,3.985,5800.66,0.0,33.68,4286.15,3224.25,215.9258865,7.293,57279.5,56177.96,53345.75755708621,53477.11708485782,54933.64708214559,54062.772628701954,53879.35144064594
20,4,2012-10-12,52929.89,False,A,203742,47.2,4.0,2449.31,0.0,35.08,1019.9,9743.56,216.1150568,7.293,52929.89,50686.31,53345.75755708621,53477.11708485781,51820.59305600648,54062.77261661775,48737.12017078521
20,4,2012-10-19,48732.66,False,A,203742,56.26,3.969,4174.31,0.0,15.84,838.05,3838.56,216.1464699,7.293,48732.66,50631.58,53345.75755708621,53477.117084857804,49972.03297963235,54062.77261515054,48471.02974617043
20,4,2012-10-26,49009.46,False,A,203742,60.04,3.882,10813.19,22.33,102.91,867.39,1671.76,216.1515902,7.293,49009.46,49639.51,53345.75755708621,53477.1170848578,50858.03413191553,54062.7726149724,47714.94796348887
20,5,2012-08-10,24101.24,False,A,203742,75.4,3.722,16845.14,156.18,12.47,6921.28,6346.44,214.7484595,7.28,24101.24,27435.24,24028.98161104087,23716.12557720546,24934.422480403962,24247.880547683428,21484.48274044541
20,5,2012-08-17,23370.31,False,A,203742,69.57,3.807,3008.99,99.68,1.12,2535.66,2831.84,214.825578,7.28,23370.31,27142.51,24028.98161104087,23574.321379581397,25944.258767287778,24447.40150322353,20832.68996542001
20,5,2012-08-24,31903.55,False,A,203742,68.27,3.834,6125.02,53.4,84.62,9638.85,8710.31,214.9567044,7.28,31903.55,26072.37,24028.98161104087,23433.226202945454,24062.647943651344,24489.410967762473,19864.060023874157
20,5,2012-08-31,29606.46,False,A,203742,72.66,3.867,19058.96,32.04,125.49,9015.83,4449.08,215.0878309,7.28,29606.46,26526.74,24028.98161104087,23292.83650219269,27260.658280960324,24498.25612944522,20760.391793681913
20,5,2012-09-07,23955.83,True,A,203742,76.36,3.911,11783.56,-0.99,83.85,1938.4,3708.67,215.2189573,7.28,23955.83,29986.75,24028.98161104087,23153.14874994369,23877.291776507365,24500.1184927496,22845.636130173298
20,5,2012-09-14,33724.43,False,A,203742,64.84,3.948,10404.97,0.0,40.11,1481.31,8655.59,215.3583757,7.28,33724.43,31548.46,24028.98161104087,23014.15943645594,24576.656554835346,24500.51061639888,24170.559493728448
20,5,2012-09-21,31085.83,False,A,203742,60.94,4.038,8475.15,168.56,49.78,1727.92,9072.77,215.5475459,7.28,31085.83,35867.97,24028.98161104087,22875.865069535623,23409.353686735692,24500.593178676583,27260.75885498355
20,5,2012-09-28,39030.96,False,A,203742,58.65,3.997,6245.6,52.64,21.5,3301.81,7195.56,215.7367162,7.28,39030.96,35668.32,24028.98161104087,22738.26217444991,34839.75046141753,24500.61056229961,29159.263817806375
20,5,2012-10-05,38714.33,False,A,203742,60.77,3.985,5800.66,0.0,33.68,4286.15,3224.25,215.9258865,7.293,38714.33,46116.27,24028.98161104087,22601.347293839623,35723.02189494691,24500.61422244996,37383.6587588943
20,5,2012-10-12,33036.7,False,A,203742,47.2,4.0,2449.31,0.0,35.08,1019.9,9743.56,216.1150568,7.293,33036.7,34746.38,24028.98161104087,22465.116987632387,29859.237735624232,24500.614993100622,27493.166927630857
20,5,2012-10-19,36795.8,False,A,203742,56.26,3.969,4174.31,0.0,15.84,838.05,3838.56,216.1464699,7.293,36795.8,50741.98,24028.98161104087,22329.567832956192,28347.792806357447,24500.615155362382,39653.875362387924
20,5,2012-10-26,43753.95,False,A,203742,60.04,3.882,10813.19,22.33,102.91,867.39,1671.76,216.1515902,7.293,43753.95,43770.43,24028.98161104087,22194.696424053374,26271.19040723605,24500.615189526863,33887.1159657869
20,7,2012-08-10,32436.3,False,A,203742,75.4,3.722,16845.14,156.18,12.47,6921.28,6346.44,214.7484595,7.28,32436.3,25753.96,31879.482135106802,31881.96089740606,28263.896575847717,37490.460981753415,27085.565730986895
20,7,2012-08-17,31385.87,False,A,203742,69.57,3.807,3008.99,99.68,1.12,2535.66,2831.84,214.825578,7.28,31385.87,31326.35,31879.482135106802,31881.960897406734,33176.77174439884,41532.41334012696,31938.880151120633
20,7,2012-08-24,33210.64,False,A,203742,68.27,3.834,6125.02,53.4,84.62,9638.85,8710.31,214.9567044,7.28,33210.64,30152.88,31879.482135106802,31881.96089740727,35034.88917047338,44089.719559686346,31805.148194726884
20,7,2012-08-31,30746.27,False,A,203742,72.66,3.867,19058.96,32.04,125.49,9015.83,4449.08,215.0878309,7.28,30746.27,29923.64,31879.482135106802,31881.9608974077,34715.68037536609,45707.70377146184,31581.504100067363
20,7,2012-09-07,33162.47,True,A,203742,76.36,3.911,11783.56,-0.99,83.85,1938.4,3708.67,215.2189573,7.28,33162.47,29893.41,31879.482135106802,31881.96089740804,31549.964124639322,46731.38755619288,30613.081430517916
20,7,2012-09-14,41047.45,False,A,203742,64.84,3.948,10404.97,0.0,40.11,1481.31,8655.59,215.3583757,7.28,41047.45,28062.79,31879.482135106802,31881.960897408317,32026.415738052256,47379.06290648033,29627.549287081514
20,7,2012-09-21,58083.85,False,A,203742,60.94,4.038,8475.15,168.56,49.78,1727.92,9072.77,215.5475459,7.28,58083.85,31719.35,31879.482135106802,31881.960897408535,30538.233804515832,47788.84116576983,31388.383984107277
20,7,2012-09-28,54554.74,False,A,203742,58.65,3.997,6245.6,52.64,21.5,3301.81,7195.56,215.7367162,7.28,54554.74,32771.52,31879.482135106802,31881.960897408713,33961.92459580805,48048.10411550508,32965.35567364072
20,7,2012-10-05,65381.41,False,A,203742,60.77,3.985,5800.66,0.0,33.68,4286.15,3224.25,215.9258865,7.293,65381.41,36548.54,31879.482135106802,31881.96089740885,36011.62751450434,48212.13740810085,35798.67720105011
20,7,2012-10-12,55887.0,False,A,203742,47.2,4.0,2449.31,0.0,35.08,1019.9,9743.56,216.1150568,7.293,55887.0,36824.17,31879.482135106802,31881.960897408964,38831.223021181766,48315.91976924148,36811.291549425405
20,7,2012-10-19,59021.74,False,A,203742,56.26,3.969,4174.31,0.0,15.84,838.05,3838.56,216.1464699,7.293,59021.74,73104.29,31879.482135106802,31881.960897409055,45137.42691701123,48381.58191814724,60974.37667386721
20,7,2012-10-26,64594.17,False,A,203742,60.04,3.882,10813.19,22.33,102.91,867.39,1671.76,216.1515902,7.293,64594.17,65791.98,31879.482135106802,31881.960897409128,44687.73810761863,48423.12575807857,56488.144654037606
20,8,2012-08-10,82509.44,False,A,203742,75.4,3.722,16845.14,156.18,12.47,6921.28,6346.44,214.7484595,7.28,82509.44,76888.96,79703.87885931977,79856.37966318008,79311.66556676516,81537.42990533778,80136.05903905937
20,8,2012-08-17,80151.74,False,A,203742,69.57,3.807,3008.99,99.68,1.12,2535.66,2831.84,214.825578,7.28,80151.74,77540.88,79703.87885931977,79898.54275207288,78564.35673066035,80466.2720989053,80671.42102519462
20,8,2012-08-24,78270.35,False,A,203742,68.27,3.834,6125.02,53.4,84.62,9638.85,8710.31,214.9567044,7.28,78270.35,75030.05,79703.87885931977,79932.27322318712,78632.08592743758,80328.58953378594,78402.14118690787
20,8,2012-08-31,82644.41,False,A,203742,72.66,3.867,19058.96,32.04,125.49,9015.83,4449.08,215.0878309,7.28,82644.41,84247.05,79703.87885931977,79959.25760007852,87510.73128138662,80310.89233863504,87555.69168775158
20,8,2012-09-07,83077.47,True,A,203742,76.36,3.911,11783.56,-0.99,83.85,1938.4,3708.67,215.2189573,7.28,83077.47,78819.2,79703.87885931977,79980.84510159164,82180.51577642016,80308.61760823661,82151.62086917264
20,8,2012-09-14,80471.47,False,A,203742,64.84,3.948,10404.97,0.0,40.11,1481.31,8655.59,215.3583757,7.28,80471.47,75745.85,79703.87885931977,79998.11510280213,80489.6351738704,80308.32522301165,79209.48204423985
20,8,2012-09-21,80009.8,False,A,203742,60.94,4.038,8475.15,168.56,49.78,1727.92,9072.77,215.5475459,7.28,80009.8,73917.24,79703.87885931977,80011.93110377052,76041.47285584698,80308.28764092288,77145.41326548303
20,8,2012-09-28,79428.33,False,A,203742,58.65,3.997,6245.6,52.64,21.5,3301.81,7195.56,215.7367162,7.28,79428.33,82722.51,79703.87885931977,80022.98390454524,85639.75482416867,80308.28281026361,85999.483885095
20,8,2012-10-05,90292.68,False,A,203742,60.77,3.985,5800.66,0.0,33.68,4286.15,3224.25,215.9258865,7.293,90292.68,81307.27,79703.87885931977,80031.826145165,85328.4113450318,80308.28218934897,84691.48036894196
20,8,2012-10-12,85432.67,False,A,203742,47.2,4.0,2449.31,0.0,35.08,1019.9,9743.56,216.1150568,7.293,85432.67,77313.8,79703.87885931977,80038.89993766083,80664.38346309523,80308.28210953897,80645.72116859908
20,8,2012-10-19,80737.08,False,A,203742,56.26,3.969,4174.31,0.0,15.84,838.05,3838.56,216.1464699,7.293,80737.08,78003.9,79703.87885931977,80044.55897165748,80258.05050551619,80308.28209928049,81236.48649506958
20,8,2012-10-26,81543.54,False,A,203742,60.04,3.882,10813.19,22.33,102.91,867.39,1671.76,216.1515902,7.293,81543.54,79865.97,79703.87885931977,80049.0861988548,81592.56705485914,80308.2820979619,83047.0665052259
20,13,2012-08-10,58899.62,False,A,203742,75.4,3.722,16845.14,156.18,12.47,6921.28,6346.44,214.7484595,7.28,58899.62,59599.24,57009.134275949764,56993.2939994307,56526.066215154584,58930.85919937715,58550.15276067842
20,13,2012-08-17,58000.14,False,A,203742,69.57,3.807,3008.99,99.68,1.12,2535.66,2831.84,214.825578,7.28,58000.14,57717.0,57009.134275949764,56993.29399943051,58410.28401942279,58953.82451528646,57020.64263001033
20,13,2012-08-24,59604.71,False,A,203742,68.27,3.834,6125.02,53.4,84.62,9638.85,8710.31,214.9567044,7.28,59604.71,57526.23,57009.134275949764,56993.29399943037,59788.525862498966,58953.69825711502,56826.085988432314
20,13,2012-08-31,61694.95,False,A,203742,72.66,3.867,19058.96,32.04,125.49,9015.83,4449.08,215.0878309,7.28,61694.95,66810.5,57009.134275949764,56993.29399943024,69451.73708729088,58953.69895125421,66132.44155527111
20,13,2012-09-07,61486.14,True,A,203742,76.36,3.911,11783.56,-0.99,83.85,1938.4,3708.67,215.2189573,7.28,61486.14,60828.41,57009.134275949764,56993.29399943015,62107.68787659845,58953.69894743799,60095.71692604487
20,13,2012-09-14,58458.65,False,A,203742,64.84,3.948,10404.97,0.0,40.11,1481.31,8655.59,215.3583757,7.28,58458.65,58032.3,57009.134275949764,56993.29399943007,60315.231884242094,58953.69894745897,57344.48849667856
20,13,2012-09-21,56389.76,False,A,203742,60.94,4.038,8475.15,168.56,49.78,1727.92,9072.77,215.5475459,7.28,56389.76,57448.5,57009.134275949764,56993.29399943,58389.92543735147,58953.698947458855,56706.16161134272
20,13,2012-09-28,56715.79,False,A,203742,58.65,3.997,6245.6,52.64,21.5,3301.81,7195.56,215.7367162,7.28,56715.79,61201.15,57009.134275949764,56993.29399942996,63519.00752917277,58953.698947458855,60506.53787486401
20,13,2012-10-05,66946.25,False,A,203742,60.77,3.985,5800.66,0.0,33.68,4286.15,3224.25,215.9258865,7.293,66946.25,64797.18,57009.134275949764,56993.293999429916,63913.83980639617,58953.698947458855,63967.92343449698
20,13,2012-10-12,59613.1,False,A,203742,47.2,4.0,2449.31,0.0,35.08,1019.9,9743.56,216.1150568,7.293,59613.1,58923.55,57009.134275949764,56993.29399942989,59132.06567378512,58953.698947458855,58145.65866921009
20,13,2012-10-19,53400.87,False,A,203742,56.26,3.969,4174.31,0.0,15.84,838.05,3838.56,216.1464699,7.293,53400.87,58070.35,57009.134275949764,56993.29399942986,55984.76792752879,58953.698947458855,57199.01403543058
20,13,2012-10-26,52274.87,False,A,203742,60.04,3.882,10813.19,22.33,102.91,867.39,1671.76,216.1515902,7.293,52274.87,56044.07,57009.134275949764,56993.29399942984,57753.964355081516,58953.698947458855,55323.04541131943
20,38,2012-08-10,109597.15,False,A,203742,75.4,3.722,16845.14,156.18,12.47,6921.28,6346.44,214.7484595,7.28,109597.15,111502.45,117737.96920463223,118333.77987255059,119574.6433802761,119828.98094841941,120818.8784466886
20,38,2012-08-17,111501.24,False,A,203742,69.57,3.807,3008.99,99.68,1.12,2535.66,2831.84,214.825578,7.28,111501.24,97615.05,117737.96920463223,118381.22254966314,123826.91787495227,118679.35353549322,120071.00103242244
20,38,2012-08-24,110673.02,False,A,203742,68.27,3.834,6125.02,53.4,84.62,9638.85,8710.31,214.9567044,7.28,110673.02,96664.86,117737.96920463223,118423.87218010513,123229.66704842263,118572.97452200687,118490.1496215739
20,38,2012-08-31,109884.25,False,A,203742,72.66,3.867,19058.96,32.04,125.49,9015.83,4449.08,215.0878309,7.28,109884.25,119415.86,117737.96920463223,118462.21299659238,123255.30079172555,118563.1309027759,125682.89480220969
20,38,2012-09-07,128804.6,True,A,203742,76.36,3.911,11783.56,-0.99,83.85,1938.4,3708.67,215.2189573,7.28,128804.6,98443.51,117737.96920463223,118496.68031069747,130963.40838300764,118562.22003853314,122314.64039340221
20,38,2012-09-14,121817.83,False,A,203742,64.84,3.948,10404.97,0.0,40.11,1481.31,8655.59,215.3583757,7.28,121817.83,107274.55,117737.96920463223,118527.66545526302,115605.64219884084,118562.13575310424,118195.88927901795
20,38,2012-09-21,107513.38,False,A,203742,60.94,4.038,8475.15,168.56,49.78,1727.92,9072.77,215.5475459,7.28,107513.38,106211.34,117737.96920463223,118555.52022749219,128390.35893389203,118562.12795388106,123306.18855363531
20,38,2012-09-28,114014.23,False,A,203742,58.65,3.997,6245.6,52.64,21.5,3301.81,7195.56,215.7367162,7.28,114014.23,119614.15,117737.96920463223,118580.56088316177,124752.59648845746,118562.12723219188,125774.648858506
20,38,2012-10-05,124166.0,False,A,203742,60.77,3.985,5800.66,0.0,33.68,4286.15,3224.25,215.9258865,7.293,124166.0,111903.17,117737.96920463223,118603.0717273074,128024.64443139306,118562.12716541148,124804.60364538596
20,38,2012-10-12,119799.68,False,A,203742,47.2,4.0,2449.31,0.0,35.08,1019.9,9743.56,216.1150568,7.293,119799.68,95121.0,117737.96920463223,118623.3083421483,115364.56691761564,118562.12715923206,114023.83357909668
20,38,2012-10-19,107033.57,False,A,203742,56.26,3.969,4174.31,0.0,15.84,838.05,3838.56,216.1464699,7.293,107033.57,107221.17,117737.96920463223,118641.50048890074,128093.48586297395,118562.12715866025,123088.34414264039
20,38,2012-10-26,108597.09,False,A,203742,60.04,3.882,10813.19,22.33,102.91,867.39,1671.76,216.1515902,7.293,108597.09,109283.32,117737.96920463223,118657.85471642668,122729.40331869098,118562.12715860734,121240.49808649663
20,40,2012-08-10,86608.87,False,A,203742,75.4,3.722,16845.14,156.18,12.47,6921.28,6346.44,214.7484595,7.28,86608.87,83995.65,86246.59346917122,86338.64623596509,89985.93990072595,86905.29866880886,83715.35629498377
20,40,2012-08-17,86514.85,False,A,203742,69.57,3.807,3008.99,99.68,1.12,2535.66,2831.84,214.825578,7.28,86514.85,83718.43,86246.59346917122,86338.64623285741,86238.68849730755,87393.25814731549,83286.86269433588
20,40,2012-08-24,85310.99,False,A,203742,68.27,3.834,6125.02,53.4,84.62,9638.85,8710.31,214.9567044,7.28,85310.99,79334.08,86246.59346917122,86338.64623018452,86628.52769551323,87303.18277714426,79042.11231209917
20,40,2012-08-31,88041.55,False,A,203742,72.66,3.867,19058.96,32.04,125.49,9015.83,4449.08,215.0878309,7.28,88041.55,89967.5,86246.59346917122,86338.64622788558,94963.30838275683,87319.81033059668,89606.56780251925
20,40,2012-09-07,91263.05,True,A,203742,76.36,3.911,11783.56,-0.99,83.85,1938.4,3708.67,215.2189573,7.28,91263.05,89091.24,86246.59346917122,86338.64622590825,93491.2156732585,87316.74095066199,88715.42016832983
20,40,2012-09-14,88915.17,False,A,203742,64.84,3.948,10404.97,0.0,40.11,1481.31,8655.59,215.3583757,7.28,88915.17,87811.12,86246.59346917122,86338.64622420756,89521.77743978158,87317.30754593473,87368.19787277703
20,40,2012-09-21,90232.73,False,A,203742,60.94,4.038,8475.15,168.56,49.78,1727.92,9072.77,215.5475459,7.28,90232.73,83746.1,86246.59346917122,86338.6462227448,86319.20369687276,87317.20295471112,83326.11474666891
20,40,2012-09-28,87144.33,False,A,203742,58.65,3.997,6245.6,52.64,21.5,3301.81,7195.56,215.7367162,7.28,87144.33,85877.99,86246.59346917122,86338.6462214867,90785.50346429493,87317.22226183311,85513.61807800151
20,40,2012-10-05,93066.75,False,A,203742,60.77,3.985,5800.66,0.0,33.68,4286.15,3224.25,215.9258865,7.293,93066.75,91419.89,86246.59346917122,86338.64622040461,92704.3859088199,87317.21869781554,90964.84363151493
20,40,2012-10-12,87922.63,False,A,203742,47.2,4.0,2449.31,0.0,35.08,1019.9,9743.56,216.1150568,7.293,87922.63,85577.1,86246.59346917122,86338.6462194739,90056.44972778049,87317.21935571895,85202.79784764173
20,40,2012-10-19,84053.39,False,A,203742,56.26,3.969,4174.31,0.0,15.84,838.05,3838.56,216.1464699,7.293,84053.39,83596.96,86246.59346917122,86338.6462186734,88447.70778730768,87317.2192342726,83231.21678545988
20,40,2012-10-26,87201.43,False,A,203742,60.04,3.882,10813.19,22.33,102.91,867.39,1671.76,216.1515902,7.293,87201.43,84793.32,86246.59346917122,86338.64621798489,88497.41241898609,87317.21925669111,84395.2741897863
20,72,2012-08-10,71553.95,False,A,203742,75.4,3.722,16845.14,156.18,12.47,6921.28,6346.44,214.7484595,7.28,71553.95,79813.19,60768.5074452523,60791.641189373,60322.322753596905,60549.01143317013,62368.28506701291
20,72,2012-08-17,71556.93,False,A,203742,69.57,3.807,3008.99,99.68,1.12,2535.66,2831.84,214.825578,7.28,71556.93,77725.53,60768.5074452523,60791.641189278605,70014.0518182707,60719.74913532194,57335.426563490786
20,72,2012-08-24,70202.92,False,A,203742,68.27,3.834,6125.02,53.4,84.62,9638.85,8710.31,214.9567044,7.28,70202.92,87295.29,60768.5074452523,60791.641189201124,75616.6417260949,60725.370710925126,67950.97630328857
20,72,2012-08-31,74311.19,False,A,203742,72.66,3.867,19058.96,32.04,125.49,9015.83,4449.08,215.0878309,7.28,74311.19,88257.35,60768.5074452523,60791.641189137525,79735.08344338002,60725.555802512186,68401.88829214564
20,72,2012-09-07,64402.18,True,A,203742,76.36,3.911,11783.56,-0.99,83.85,1938.4,3708.67,215.2189573,7.28,64402.18,61910.75,60768.5074452523,60791.64118908532,56946.151936600116,60725.56189669254,44349.12453420073
20,72,2012-09-14,76073.02,False,A,203742,64.84,3.948,10404.97,0.0,40.11,1481.31,8655.59,215.3583757,7.28,76073.02,72283.68,60768.5074452523,60791.64118904247,70518.34801391674,60725.56209734474,55138.29485823042
20,72,2012-09-21,97082.06,False,A,203742,60.94,4.038,8475.15,168.56,49.78,1727.92,9072.77,215.5475459,7.28,97082.06,69794.36,60768.5074452523,60791.64118900729,57664.36893552847,60725.562103951255,50101.065440253784
20,72,2012-09-28,98375.32,False,A,203742,58.65,3.997,6245.6,52.64,21.5,3301.81,7195.56,215.7367162,7.28,98375.32,65049.92,60768.5074452523,60791.64118897842,54356.0963377663,60725.56210416878,46229.489512461456
20,72,2012-10-05,86466.03,False,A,203742,60.77,3.985,5800.66,0.0,33.68,4286.15,3224.25,215.9258865,7.293,86466.03,75958.98,60768.5074452523,60791.64118895472,59360.532525531744,60725.56210417594,55526.649453266255
20,72,2012-10-12,81175.98,False,A,203742,47.2,4.0,2449.31,0.0,35.08,1019.9,9743.56,216.1150568,7.293,81175.98,61531.15,60768.5074452523,60791.641188935275,52034.21318968566,60725.56210417617,44103.784005557165
20,72,2012-10-19,63571.41,False,A,203742,56.26,3.969,4174.31,0.0,15.84,838.05,3838.56,216.1464699,7.293,63571.41,125223.61,60768.5074452523,60791.641188919304,81285.4520067421,60725.56210417618,96413.01502077382
20,72,2012-10-26,86319.25,False,A,203742,60.04,3.882,10813.19,22.33,102.91,867.39,1671.76,216.1515902,7.293,86319.25,107423.52,60768.5074452523,60791.6411889062,69612.60903444426,60725.56210417618,81120.21542265505
20,87,2012-08-10,54616.39,False,A,203742,75.4,3.722,16845.14,156.18,12.47,6921.28,6346.44,214.7484595,7.28,54616.39,41663.38,52538.3901875466,52346.64028138661,49689.94168540764,54790.19780048498,50634.94940148843
20,87,2012-08-17,46848.81,False,A,203742,69.57,3.807,3008.99,99.68,1.12,2535.66,2831.84,214.825578,7.28,46848.81,41092.31,52538.3901875466,52404.13718198908,48681.954265578956,52924.42496936404,50751.370404150206
20,87,2012-08-24,44275.86,False,A,203742,68.27,3.834,6125.02,53.4,84.62,9638.85,8710.31,214.9567044,7.28,44275.86,39480.17,52538.3901875466,52450.134702471056,47911.779187678694,52690.29499039697,49117.016198918056
20,87,2012-08-31,64016.32,False,A,203742,72.66,3.867,19058.96,32.04,125.49,9015.83,4449.08,215.0878309,7.28,64016.32,59960.33,52538.3901875466,52486.93271885663,67209.23600495746,52660.914753887584,69114.95746536658
20,87,2012-09-07,56353.33,True,A,203742,76.36,3.911,11783.56,-0.99,83.85,1938.4,3708.67,215.2189573,7.28,56353.33,44627.71,52538.3901875466,52516.3711319651,51650.94794248646,52657.227920184545,54029.40391110383
20,87,2012-09-14,45037.97,False,A,203742,64.84,3.948,10404.97,0.0,40.11,1481.31,8655.59,215.3583757,7.28,45037.97,38079.25,52538.3901875466,52539.92186245187,46913.500280291104,52656.765270990094,47967.98130603128
20,87,2012-09-21,47595.91,False,A,203742,60.94,4.038,8475.15,168.56,49.78,1727.92,9072.77,215.5475459,7.28,47595.91,39592.4,52538.3901875466,52558.76244684129,48369.18442740093,52656.70721459418,49471.22440281831
20,87,2012-09-28,46178.55,False,A,203742,58.65,3.997,6245.6,52.64,21.5,3301.81,7195.56,215.7367162,7.28,46178.55,53220.6,52538.3901875466,52573.834914352825,60143.6448425063,52656.6999292792,62525.98039198331
20,87,2012-10-05,69975.02,False,A,203742,60.77,3.985,5800.66,0.0,33.68,4286.15,3224.25,215.9258865,7.293,69975.02,53310.4,52538.3901875466,52585.89288836205,56309.53624582707,52656.69901506788,61923.53099952663
20,87,2012-10-12,49367.05,False,A,203742,47.2,4.0,2449.31,0.0,35.08,1019.9,9743.56,216.1150568,7.293,49367.05,45134.97,52538.3901875466,52595.53926756943,43677.92400318659,52656.698900346375,53117.633495334536
20,87,2012-10-19,37434.48,False,A,203742,56.26,3.969,4174.31,0.0,15.84,838.05,3838.56,216.1464699,7.293,37434.48,41304.41,52538.3901875466,52603.256370935334,43439.83579570401,52656.69888595033,50035.80293280894
20,87,2012-10-26,45057.81,False,A,203742,60.04,3.882,10813.19,22.33,102.91,867.39,1671.76,216.1515902,7.293,45057.81,40413.27,52538.3901875466,52609.430053628064,45823.497185849585,52656.69888414382,49786.20590044461
20,90,2012-08-10,100372.02,False,A,203742,75.4,3.722,16845.14,156.18,12.47,6921.28,6346.44,214.7484595,7.28,100372.02,101418.55,93196.79437934882,92382.60287375617,105564.09680569182,93308.49976844716,99262.6672415831
20,90,2012-08-17,96350.87,False,A,203742,69.57,3.807,3008.99,99.68,1.12,2535.66,2831.84,214.825578,7.28,96350.87,94998.98,93196.79437934882,92346.68564801541,96061.30732664594,93425.34899219302,91985.45112975997
20,90,2012-08-24,90545.38,False,A,203742,68.27,3.834,6125.02,53.4,84.62,9638.85,8710.31,214.9567044,7.28,90545.38,93728.36,93196.79437934882,92315.23039363034,93907.96622510461,93445.541464265,90761.5868633571
20,90,2012-08-31,91867.53,False,A,203742,72.66,3.867,19058.96,32.04,125.49,9015.83,4449.08,215.0878309,7.28,91867.53,101540.91,93196.79437934882,92287.68280307947,103829.56885646038,93449.03088349524,98664.79690946196
20,90,2012-09-07,99849.34,True,A,203742,76.36,3.911,11783.56,-0.99,83.85,1938.4,3708.67,215.2189573,7.28,99849.34,107991.82,93196.79437934882,92263.55743006968,106062.09105101816,93449.6338827972,104304.08589138695
20,90,2012-09-14,100422.86,False,A,203742,64.84,3.948,10404.97,0.0,40.11,1481.31,8655.59,215.3583757,7.28,100422.86,102603.8,93196.79437934882,92242.42913495481,101638.77351724675,93449.73808585628,99217.77534524034
20,90,2012-09-21,94987.08,False,A,203742,60.94,4.038,8475.15,168.56,49.78,1727.92,9072.77,215.5475459,7.28,94987.08,95252.02,93196.79437934882,92223.92559288401,91080.81684374044,93449.75609297086,91553.97666760882
20,90,2012-09-28,90889.75,False,A,203742,58.65,3.997,6245.6,52.64,21.5,3301.81,7195.56,215.7367162,7.28,90889.75,93623.38,93196.79437934882,92207.72073265725,96044.25296151545,93449.759204743,91000.95285369274
20,90,2012-10-05,102764.52,False,A,203742,60.77,3.985,5800.66,0.0,33.68,4286.15,3224.25,215.9258865,7.293,102764.52,107425.84,93196.79437934882,92193.52899066731,105501.8479452467,93449.75974248188,103762.59355385006
20,90,2012-10-12,105059.88,False,A,203742,47.2,4.0,2449.31,0.0,35.08,1019.9,9743.56,216.1150568,7.293,105059.88,103722.06,93196.79437934882,92181.10027867039,104492.96577255853,93449.75983540743,100611.6508907562
20,90,2012-10-19,96616.19,False,A,203742,56.26,3.969,4174.31,0.0,15.84,838.05,3838.56,216.1464699,7.293,96616.19,99709.46,93196.79437934882,92170.21557670693,97089.69694471719,93449.7598514657,96207.85495138829
20,90,2012-10-26,93460.57,False,A,203742,60.04,3.882,10813.19,22.33,102.91,867.39,1671.76,216.1515902,7.293,93460.57,95502.73,93196.79437934882,92160.68307351091,95120.0224754188,93449.75985424069,92496.32177196215
20,91,2012-08-10,88325.14,False,A,203742,75.4,3.722,16845.14,156.18,12.47,6921.28,6346.44,214.7484595,7.28,88325.14,86820.15,78614.0740562924,77819.28276780236,90261.27192719748,77642.2315397121,86235.76838656247
20,91,2012-08-17,79869.31,False,A,203742,69.57,3.807,3008.99,99.68,1.12,2535.66,2831.84,214.825578,7.28,79869.31,72312.4,78614.0740562924,77819.28276780152,76833.34270927351,77772.30833701506,70836.34797419627
20,91,2012-08-24,68475.88,False,A,203742,68.27,3.834,6125.02,53.4,84.62,9638.85,8710.31,214.9567044,7.28,68475.88,66772.06,78614.0740562924,77819.28276780085,68982.41849958168,77809.77327548407,65449.97945617385
20,91,2012-08-31,69309.2,False,A,203742,72.66,3.867,19058.96,32.04,125.49,9015.83,4449.08,215.0878309,7.28,69309.2,71858.92,78614.0740562924,77819.28276780031,80083.1784841949,77820.56399022789,70990.73577420934
20,91,2012-09-07,79700.53,True,A,203742,76.36,3.911,11783.56,-0.99,83.85,1938.4,3708.67,215.2189573,7.28,79700.53,80149.04,78614.0740562924,77819.28276779987,87410.83809076877,77823.67195008158,79133.78369591286
20,91,2012-09-14,86224.02,False,A,203742,64.84,3.948,10404.97,0.0,40.11,1481.31,8655.59,215.3583757,7.28,86224.02,85744.84,78614.0740562924,77819.28276779952,89834.43056321466,77824.56710991867,84341.55084658817
20,91,2012-09-21,74028.9,False,A,203742,60.94,4.038,8475.15,168.56,49.78,1727.92,9072.77,215.5475459,7.28,74028.9,70389.0,78614.0740562924,77819.28276779925,71268.69240127598,77824.82493536419,68792.80641544123
20,91,2012-09-28,67432.21,False,A,203742,58.65,3.997,6245.6,52.64,21.5,3301.81,7195.56,215.7367162,7.28,67432.21,66867.96,78614.0740562924,77819.28276779903,74482.9825898279,77824.8991946837,65993.4748570426
20,91,2012-10-05,81938.95,False,A,203742,60.77,3.985,5800.66,0.0,33.68,4286.15,3224.25,215.9258865,7.293,81938.95,82492.4,78614.0740562924,77819.28276779885,92541.07244684423,77824.92058297811,81733.14471592043
20,91,2012-10-12,86235.61,False,A,203742,47.2,4.0,2449.31,0.0,35.08,1019.9,9743.56,216.1150568,7.293,86235.61,88067.03,78614.0740562924,77819.28276779871,92779.54601583739,77824.92674327073,86710.23223792337
20,91,2012-10-19,75944.63,False,A,203742,56.26,3.969,4174.31,0.0,15.84,838.05,3838.56,216.1464699,7.293,75944.63,75449.82,78614.0740562924,77819.2827677986,78521.42768571292,77824.9285175686,74034.88240777251
20,91,2012-10-26,68510.86,False,A,203742,60.04,3.882,10813.19,22.33,102.91,867.39,1671.76,216.1515902,7.293,68510.86,66995.08,78614.0740562924,77819.2827677985,71145.98263904842,77824.92902860486,65761.28971521264
20,92,2012-08-10,194032.48,False,A,203742,75.4,3.722,16845.14,156.18,12.47,6921.28,6346.44,214.7484595,7.28,194032.48,173616.04,167731.87356634627,167152.76531459342,196095.40049419377,168755.13052349942,174590.3495519503
20,92,2012-08-17,178603.53,False,A,203742,69.57,3.807,3008.99,99.68,1.12,2535.66,2831.84,214.825578,7.28,178603.53,154544.41,167731.87356634627,167066.18853449085,166473.86685291008,168621.88721392365,154102.06414423016
20,92,2012-08-24,159088.13,False,A,203742,68.27,3.834,6125.02,53.4,84.62,9638.85,8710.31,214.9567044,7.28,159088.13,144088.38,167731.87356634627,166996.92711040878,159996.76524781337,168597.10283727976,144092.4394093151
20,92,2012-08-31,159049.57,False,A,203742,72.66,3.867,19058.96,32.04,125.49,9015.83,4449.08,215.0878309,7.28,159049.57,164320.09,167731.87356634627,166941.51797114316,186006.3520392587,168592.4927346969,164370.26738279275
20,92,2012-09-07,178042.73,True,A,203742,76.36,3.911,11783.56,-0.99,83.85,1938.4,3708.67,215.2189573,7.28,178042.73,177797.45,167731.87356634627,166897.19065973064,190070.7103559869,168591.63521682867,177595.5678373909
20,92,2012-09-14,186759.11,False,A,203742,64.84,3.948,10404.97,0.0,40.11,1481.31,8655.59,215.3583757,7.28,186759.11,174558.24,167731.87356634627,166861.72881060062,184550.6487556914,168591.47571129032,174287.28975687086
20,92,2012-09-21,171529.39,False,A,203742,60.94,4.038,8475.15,168.56,49.78,1727.92,9072.77,215.5475459,7.28,171529.39,153460.19,167731.87356634627,166833.3593312966,158050.00157700246,168591.44604191816,153053.84645807894
20,92,2012-09-28,158539.12,False,A,203742,58.65,3.997,6245.6,52.64,21.5,3301.81,7195.56,215.7367162,7.28,158539.12,150256.26,167731.87356634627,166810.66374785342,169369.74685153505,168591.4405231653,150258.60383051395
20,92,2012-10-05,187027.05,False,A,203742,60.77,3.985,5800.66,0.0,33.68,4286.15,3224.25,215.9258865,7.293,187027.05,187148.37,167731.87356634627,166792.50728109883,198433.82139503016,168591.43949663083,186901.50023372256
20,92,2012-10-12,191136.1,False,A,203742,47.2,4.0,2449.31,0.0,35.08,1019.9,9743.56,216.1150568,7.293,191136.1,182995.14,167731.87356634627,166777.9821076952,189950.25584054374,168591.4393056868,182635.20195380054
20,92,2012-10-19,171537.94,False,A,203742,56.26,3.969,4174.31,0.0,15.84,838.05,3838.56,216.1464699,7.293,171537.94,168519.99,167731.87356634627,166766.36196897228,174128.80566800988,168591.4392701696,168141.35344163733
20,92,2012-10-26,160785.98,False,A,203742,60.04,3.882,10813.19,22.33,102.91,867.39,1671.76,216.1515902,7.293,160785.98,159043.55,167731.87356634627,166757.06585799393,165265.809306139,168591.43926356308,158692.26649840176
20,93,2012-08-10,61691.49,False,A,203742,75.4,3.722,16845.14,156.18,12.47,6921.28,6346.44,214.7484595,7.28,61691.49,57145.76,55872.2846641261,56492.471848030094,61368.922497514744,55500.76484297187,58094.58431758021
20,93,2012-08-17,59129.6,False,A,203742,69.57,3.807,3008.99,99.68,1.12,2535.66,2831.84,214.825578,7.28,59129.6,50451.76,55872.2846641261,56536.25952440419,54238.21884151664,56004.79815654181,50441.715486914334
20,93,2012-08-24,49965.04,False,A,203742,68.27,3.834,6125.02,53.4,84.62,9638.85,8710.31,214.9567044,7.28,49965.04,45504.79,55872.2846641261,56579.82826239641,49310.6204396513,56102.56237010338,46037.20560871842
20,93,2012-08-31,51031.47,False,A,203742,72.66,3.867,19058.96,32.04,125.49,9015.83,4449.08,215.0878309,7.28,51031.47,54627.26,55872.2846641261,56623.17915669868,59423.53692207676,56121.52508783649,54929.9282770013
20,93,2012-09-07,61288.68,True,A,203742,76.36,3.911,11783.56,-0.99,83.85,1938.4,3708.67,215.2189573,7.28,61288.68,61870.43,55872.2846641261,56666.31329652943,64284.20787518308,56125.203168503496,61630.2856756218
20,93,2012-09-14,60084.69,False,A,203742,64.84,3.948,10404.97,0.0,40.11,1481.31,8655.59,215.3583757,7.28,60084.69,59183.76,55872.2846641261,56709.231765661025,58116.54390960897,56125.91658298255,58386.86424596037
20,93,2012-09-21,53573.81,False,A,203742,60.94,4.038,8475.15,168.56,49.78,1727.92,9072.77,215.5475459,7.28,53573.81,48603.14,55872.2846641261,56751.935642446966,48820.08449515195,56126.05495956126,48321.75004202503
20,93,2012-09-28,46622.09,False,A,203742,58.65,3.997,6245.6,52.64,21.5,3301.81,7195.56,215.7367162,7.28,46622.09,44746.26,55872.2846641261,56794.42599984898,48435.237769515574,56126.081799607404,45150.61603796587
20,93,2012-10-05,55816.56,False,A,203742,60.77,3.985,5800.66,0.0,33.68,4286.15,3224.25,215.9258865,7.293,55816.56,57338.47,55872.2846641261,56836.70390546398,59241.87194326522,56126.087005604575,57080.9245205219
20,93,2012-10-12,57529.65,False,A,203742,47.2,4.0,2449.31,0.0,35.08,1019.9,9743.56,216.1150568,7.293,57529.65,55727.33,55872.2846641261,56878.77042155091,58366.86656881165,56126.08801537954,55648.523403926454
20,93,2012-10-19,50788.74,False,A,203742,56.26,3.969,4174.31,0.0,15.84,838.05,3838.56,216.1464699,7.293,50788.74,51123.33,55872.2846641261,56920.6266050574,52176.38796425541,56126.088211239316,50917.98029116793
20,93,2012-10-26,45077.0,False,A,203742,60.04,3.882,10813.19,22.33,102.91,867.39,1671.76,216.1515902,7.293,45077.0,43824.1,55872.2846641261,56962.27350764636,47411.65088423561,56126.08824922902,44282.148001457565
20,94,2012-08-10,65622.2,False,A,203742,75.4,3.722,16845.14,156.18,12.47,6921.28,6346.44,214.7484595,7.28,65622.2,67764.43,68588.12939782401,68679.47442726365,74245.76036541298,67331.0552215267,68227.48091165988
20,94,2012-08-17,62332.13,False,A,203742,69.57,3.807,3008.99,99.68,1.12,2535.66,2831.84,214.825578,7.28,62332.13,63449.64,68588.12939782401,68679.47523454684,67089.58899124023,67252.58951211453,61980.56029804445
20,94,2012-08-24,58022.5,False,A,203742,68.27,3.834,6125.02,53.4,84.62,9638.85,8710.31,214.9567044,7.28,58022.5,58833.39,68588.12939782401,68679.47596036301,63482.731889776696,67254.51244242986,58324.3106528279
20,94,2012-08-31,60227.83,False,A,203742,72.66,3.867,19058.96,32.04,125.49,9015.83,4449.08,215.0878309,7.28,60227.83,61386.04,68588.12939782401,68679.47661293337,64937.76293025148,67254.46531788303,60266.05875384154
20,94,2012-09-07,62129.21,True,A,203742,76.36,3.911,11783.56,-0.99,83.85,1938.4,3708.67,215.2189573,7.28,62129.21,63744.93,68588.12939782401,68679.47719964957,66135.46003390967,67254.466472747,62255.18210934802
20,94,2012-09-14,59766.12,False,A,203742,64.84,3.948,10404.97,0.0,40.11,1481.31,8655.59,215.3583757,7.28,59766.12,58039.38,68588.12939782401,68679.47772715725,60093.35708124829,67254.46644444516,56716.492242976354
20,94,2012-09-21,58758.77,False,A,203742,60.94,4.038,8475.15,168.56,49.78,1727.92,9072.77,215.5475459,7.28,58758.77,55451.34,68588.12939782401,68679.47820143146,58871.05853724898,67254.46644513875,54658.06733291155
20,94,2012-09-28,55861.84,False,A,203742,58.65,3.997,6245.6,52.64,21.5,3301.81,7195.56,215.7367162,7.28,55861.84,55785.2,68588.12939782401,68679.47862784425,58308.12335212708,67254.46644512175,54704.89140371436
20,94,2012-10-05,62341.08,False,A,203742,60.77,3.985,5800.66,0.0,33.68,4286.15,3224.25,215.9258865,7.293,62341.08,60378.51,68588.12939782401,68679.47901122557,64244.18123446609,67254.46644512218,59454.04731851719
20,94,2012-10-12,63129.55,False,A,203742,47.2,4.0,2449.31,0.0,35.08,1019.9,9743.56,216.1150568,7.293,63129.55,59011.29,68588.12939782401,68679.47935591794,62989.02978646334,67254.46644512216,58184.97243788365
20,94,2012-10-19,60938.34,False,A,203742,56.26,3.969,4174.31,0.0,15.84,838.05,3838.56,216.1464699,7.293,60938.34,56864.19,68588.12939782401,68679.47966582565,58176.34871840786,67254.46644512216,55393.124425877795
20,94,2012-10-26,59836.84,False,A,203742,60.04,3.882,10813.19,22.33,102.91,867.39,1671.76,216.1515902,7.293,59836.84,55356.74,68588.12939782401,68679.479944459,58358.065081516455,67254.46644512216,54447.94892611704
20,95,2012-08-10,174529.94,False,A,203742,75.4,3.722,16845.14,156.18,12.47,6921.28,6346.44,214.7484595,7.28,174529.94,162233.26,159250.2257222625,159420.8599560904,175897.63925858142,158024.3356434765,157752.24263462095
20,95,2012-08-17,158188.87,False,A,203742,69.57,3.807,3008.99,99.68,1.12,2535.66,2831.84,214.825578,7.28,158188.87,150600.59,159250.2257222625,159463.11252319798,156441.97014450727,158230.99618603438,144652.58836209067
20,95,2012-08-24,151040.06,False,A,203742,68.27,3.834,6125.02,53.4,84.62,9638.85,8710.31,214.9567044,7.28,151040.06,141664.52,159250.2257222625,159505.15382747006,144913.1056260248,158290.0981293931,135551.51710240453
20,95,2012-08-31,153289.15,False,A,203742,72.66,3.867,19058.96,32.04,125.49,9015.83,4449.08,215.0878309,7.28,153289.15,154018.64,159250.2257222625,159546.98492522075,163426.3553465239,158307.00043529796,148685.59164596026
20,95,2012-09-07,158419.86,True,A,203742,76.36,3.911,11783.56,-0.99,83.85,1938.4,3708.67,215.2189573,7.28,158419.86,157060.82,159250.2257222625,159588.6068674827,155191.7243851698,158311.83425172878,149810.17829670064
20,95,2012-09-14,158569.31,False,A,203742,64.84,3.948,10404.97,0.0,40.11,1481.31,8655.59,215.3583757,7.28,158569.31,153382.54,159250.2257222625,159630.02070003335,152481.40123187512,158313.21665371693,146373.4156655219
20,95,2012-09-21,147852.54,False,A,203742,60.94,4.038,8475.15,168.56,49.78,1727.92,9072.77,215.5475459,7.28,147852.54,137080.9,159250.2257222625,159671.2274634212,139743.22000446045,158313.61200080637,130976.73285749965
20,95,2012-09-28,136009.73,False,A,203742,58.65,3.997,6245.6,52.64,21.5,3301.81,7195.56,215.7367162,7.28,136009.73,137190.69,159250.2257222625,159712.22819299216,139492.60580325272,158313.7250643888,130997.41694373902
20,95,2012-10-05,154324.26,False,A,203742,60.77,3.985,5800.66,0.0,33.68,4286.15,3224.25,215.9258865,7.293,154324.26,148157.0,159250.2257222625,159753.02391891525,150107.58681007047,158313.7573989475,141686.90293758927
20,95,2012-10-12,154962.77,False,A,203742,47.2,4.0,2449.31,0.0,35.08,1019.9,9743.56,216.1150568,7.293,154962.77,154192.98,159250.2257222625,159793.61566620873,150190.4512917348,158313.7666461663,146588.3704615904
20,95,2012-10-19,146373.83,False,A,203742,56.26,3.969,4174.31,0.0,15.84,838.05,3838.56,216.1464699,7.293,146373.83,142458.53,159250.2257222625,159834.00445476573,139900.8880662735,158313.7692907379,135269.27235440028
20,95,2012-10-26,141644.44,False,A,203742,60.04,3.882,10813.19,22.33,102.91,867.39,1671.76,216.1515902,7.293,141644.44,133484.29,159250.2257222625,159874.19129937998,138930.66484978565,158313.77004704735,127735.1573338202
21,2,2012-08-10,48706.11,False,B,140167,89.57,3.494,8467.09,27.6,7.17,4045.91,4196.28,221.5954138,6.565,48706.11,50652.69,48310.059312086356,48658.33931837126,50511.1434553509,48120.26186697837,49250.09763372539
21,2,2012-08-17,50917.2,False,B,140167,85.55,3.571,3036.2,15.6,50.0,3128.07,1844.7,221.6751459,6.565,50917.2,53596.45,48310.059312086356,48664.56113476576,54699.90960620383,48116.258940903586,52492.84266031429
21,2,2012-08-24,51739.64,False,B,140167,77.72,3.62,6291.49,3.0,0.0,5817.38,6514.73,221.8083518,6.565,51739.64,52998.39,48310.059312086356,48670.751842078294,53892.78603053862,48113.79688041605,51814.243638528664
21,2,2012-08-31,51589.88,False,B,140167,83.58,3.638,20597.87,43.8,29.1,9935.11,3004.08,221.9415576,6.565,51589.88,47473.93,48310.059312086356,48676.91159585425,48364.79002277115,48112.282552714,46567.36809158716
21,2,2012-09-07,44505.48,True,B,140167,88.4,3.73,10259.59,20.0,8.12,2815.73,2279.98,222.0747635,6.565,44505.48,47015.23,48310.059312086356,48683.04055086134,45175.36647752073,48111.35114245792,45243.354139556934
21,2,2012-09-14,42915.33,False,B,140167,76.1,3.717,6761.03,0.0,9.73,1332.23,3359.45,222.2174395,6.565,42915.33,46773.48,48310.059312086356,48689.138861093394,45896.39417427161,48110.77826443161,45374.77004888661
21,2,2012-09-21,46848.69,False,B,140167,71.54,3.721,9104.0,33.73,12.28,1675.24,8387.92,222.4169362,6.565,46848.69,47091.69,48310.059312086356,48695.20667977428,46675.329228310715,48110.4259070994,45870.584943078735
21,2,2012-09-28,44243.45,False,B,140167,80.38,3.666,5955.46,4.91,0.0,1458.77,7206.16,222.6164329,6.565,44243.45,46194.03,48310.059312086356,48701.24415936177,45636.37529057233,48110.20918436984,45014.55613180296
21,2,2012-10-05,43908.6,False,B,140167,70.28,3.617,7818.46,0.0,21.03,4198.54,4532.58,222.8159296,6.17,43908.6,45750.13,48310.059312086356,48707.25145155132,43668.8571444644,48110.07588576297,44141.41349589737
21,2,2012-10-12,41412.61,False,B,140167,61.53,3.601,4007.81,0.0,15.79,610.52,3714.75,223.0154263,6.17,41412.61,47065.42,48310.059312086356,48713.228707279915,45140.36506988522,48109.99389842998,45497.404633148726
21,2,2012-10-19,44227.36,False,B,140167,68.52,3.594,1144.77,0.0,5.62,724.63,7812.29,223.0598077,6.17,44227.36,47695.18,48310.059312086356,48719.17607672987,46377.47331735683,48109.94347087542,46350.1137294125
21,2,2012-10-26,45086.05,False,B,140167,70.5,3.506,7477.8,24.95,206.5,754.69,2667.13,223.0783366,6.17,45086.05,45954.45,48310.059312086356,48725.09370933258,44529.877371423114,48109.912454641984,44708.253337141454
21,72,2012-08-10,27645.68,False,B,140167,89.57,3.494,8467.09,27.6,7.17,4045.91,4196.28,221.5954138,6.565,27645.68,39379.28,43871.099226516104,42945.151570846414,31610.889263559704,41560.81279926354,33984.29589573342
21,72,2012-08-17,35456.34,False,B,140167,85.55,3.571,3036.2,15.6,50.0,3128.07,1844.7,221.6751459,6.565,35456.34,42254.39,43871.099226516104,42945.15157084547,35235.67526904558,42188.23902079468,36588.83354687364
21,72,2012-08-24,32036.47,False,B,140167,77.72,3.62,6291.49,3.0,0.0,5817.38,6514.73,221.8083518,6.565,32036.47,28927.66,43871.099226516104,42945.15157084471,26446.569091359288,42258.393254512586,23937.76631656663
21,72,2012-08-31,28115.13,False,B,140167,83.58,3.638,20597.87,43.8,29.1,9935.11,3004.08,221.9415576,6.565,28115.13,33546.56,43871.099226516104,42945.15157084411,26627.96868998066,42266.23739034825,28033.27478388558
21,72,2012-09-07,33173.89,True,B,140167,88.4,3.73,10259.59,20.0,8.12,2815.73,2279.98,222.0747635,6.565,33173.89,28140.37,43871.099226516104,42945.15157084362,28939.64701562969,42267.114464528204,23464.580578005633
21,72,2012-09-14,28280.71,False,B,140167,76.1,3.717,6761.03,0.0,9.73,1332.23,3359.45,222.2174395,6.565,28280.71,35043.14,43871.099226516104,42945.151570843234,31250.363209926698,42267.21253257971,29837.974771103174
21,72,2012-09-21,40797.55,False,B,140167,71.54,3.721,9104.0,33.73,12.28,1675.24,8387.92,222.4169362,6.565,40797.55,34835.29,43871.099226516104,42945.15157084293,25938.02416888964,42267.2234978355,29114.82351529003
21,72,2012-09-28,42420.85,False,B,140167,80.38,3.666,5955.46,4.91,0.0,1458.77,7206.16,222.6164329,6.565,42420.85,32290.05,43871.099226516104,42945.151570842674,26854.88714183917,42267.22472389059,26934.024174110185
21,72,2012-10-05,35469.55,False,B,140167,70.28,3.617,7818.46,0.0,21.03,4198.54,4532.58,222.8159296,6.17,35469.55,33738.1,43871.099226516104,42945.15157084248,26806.020665952594,42267.22486097915,28224.320860595748
21,72,2012-10-12,32214.42,False,B,140167,61.53,3.601,4007.81,0.0,15.79,610.52,3714.75,223.0154263,6.17,32214.42,31853.65,43871.099226516104,42945.15157084232,23025.420481857705,42267.224876307395,26172.93590110567
21,72,2012-10-19,32467.23,False,B,140167,68.52,3.594,1144.77,0.0,5.62,724.63,7812.29,223.0598077,6.17,32467.23,48566.85,43871.099226516104,42945.151570842194,33720.44367004204,42267.22487802129,42178.800964228445
21,72,2012-10-26,28988.28,False,B,140167,70.5,3.506,7477.8,24.95,206.5,754.69,2667.13,223.0783366,6.17,28988.28,47768.71,43871.099226516104,42945.15157084209,26293.43615640653,42267.224878212925,40754.675690871845
22,2,2012-08-10,57193.33,False,B,119557,76.74,3.772,7212.77,22.87,15.43,2623.17,1906.3,142.1705634,7.753,57193.33,56779.82,55420.5957771713,55193.87879453914,57125.205897154934,56015.60844052211,57961.46934728746
22,2,2012-08-17,57177.63,False,B,119557,74.92,3.84,5160.04,91.43,0.0,2273.84,2354.36,142.2157385,7.753,57177.63,57151.51,55420.5957771713,55193.8794427258,59181.17214637068,55835.06996704577,58892.25207946209
22,2,2012-08-24,61012.41,False,B,119557,70.42,3.874,10456.16,100.54,104.14,6657.04,4648.25,142.3105933,7.753,61012.41,63978.58,55420.5957771713,55193.88002806432,64388.80599793207,55779.193169976345,65153.301479487745
22,2,2012-08-31,54940.4,False,B,119557,71.93,3.884,37707.43,40.66,119.53,6761.03,2307.61,142.4054482,7.753,54940.4,48929.16,55420.5957771713,55193.88055664842,54958.57963802775,55761.899258099176,51717.99481813196
22,2,2012-09-07,54933.45,True,B,119557,73.3,3.921,12941.56,4.0,37.34,2510.1,3346.55,142.500303,7.753,54933.45,59384.78,55420.5957771713,55193.88103398103,55871.792401455474,55756.54677900766,59788.57624029104
22,2,2012-09-14,49864.4,False,B,119557,66.42,3.988,7069.56,3.44,8.43,499.91,6011.9,142.5938833,7.753,49864.4,54171.41,55420.5957771713,55193.88146503149,52126.16324608868,55754.890182592186,55048.49933823788
22,2,2012-09-21,48639.07,False,B,119557,63.38,4.056,7150.28,106.01,19.0,1217.3,7556.34,142.6798167,7.753,48639.07,51481.75,55420.5957771713,55193.881854287305,50626.65905438953,55754.37746472131,52702.01546983306
22,2,2012-09-28,56482.7,False,B,119557,62.17,4.018,4269.8,23.73,1.72,2763.63,2130.39,142.76575,7.753,56482.7,52487.7,55420.5957771713,55193.88220580089,51821.105968443226,55754.218778144015,53742.471752802725
22,2,2012-10-05,58053.96,False,B,119557,62.09,4.027,5294.37,0.0,4.25,1447.19,3652.84,142.8516833,7.543,58053.96,54180.95,55420.5957771713,55193.882523231725,54473.34871523084,55754.1696645257,55627.314605330284
22,2,2012-10-12,53749.86,False,B,119557,54.18,4.029,1558.08,0.0,10.35,485.2,4291.26,142.9376167,7.543,53749.86,50149.88,55420.5957771713,55193.88280988448,49731.755645253405,55754.15446382288,51497.974247732505
22,2,2012-10-19,49749.94,False,B,119557,55.28,4.0,2834.71,0.0,3.66,459.34,3171.35,142.8633629,7.543,49749.94,48007.37,55420.5957771713,55193.883068743395,49111.619081910925,55754.149759193606,49750.88743595205
22,2,2012-10-26,51685.86,False,B,119557,57.58,3.917,7330.98,111.86,152.91,536.08,708.93,142.7624113,7.543,51685.86,50994.13,55420.5957771713,55193.88330250336,51636.25020257349,55754.14830310721,52595.53173342269
22,38,2012-08-10,65057.05,False,B,119557,76.74,3.772,7212.77,22.87,15.43,2623.17,1906.3,142.1705634,7.753,65057.05,73586.93,77177.76273796223,78136.89703582981,83746.30772130014,76986.09269076727,80352.35274264298
22,38,2012-08-17,69242.43,False,B,119557,74.92,3.84,5160.04,91.43,0.0,2273.84,2354.36,142.2157385,7.753,69242.43,64001.7,77177.76273796223,78232.82787322639,74770.55279005785,76919.6495228083,73712.25964125602
22,38,2012-08-24,60066.08,False,B,119557,70.42,3.874,10456.16,100.54,104.14,6657.04,4648.25,142.3105933,7.753,60066.08,67652.79,77177.76273796223,78328.27905643599,78067.11459417506,76922.1011329729,76100.57697493286
22,38,2012-08-31,82280.32,False,B,119557,71.93,3.884,37707.43,40.66,119.53,6761.03,2307.61,142.4054482,7.753,82280.32,68698.75,77177.76273796223,78423.25298372954,80473.00296452636,76922.01067382436,77519.29631980493
22,38,2012-09-07,72258.23,True,B,119557,73.3,3.921,12941.56,4.0,37.34,2510.1,3346.55,142.500303,7.753,72258.23,67276.63,77177.76273796223,78517.75204138663,72737.93487050696,76922.01401157262,73712.53981394999
22,38,2012-09-14,88336.18,False,B,119557,66.42,3.988,7069.56,3.44,8.43,499.91,6011.9,142.5938833,7.753,88336.18,82999.73,77177.76273796223,78611.77860375543,88609.26634692258,76922.01388841688,85677.73412230259
22,38,2012-09-21,73852.48,False,B,119557,63.38,4.056,7150.28,106.01,19.0,1217.3,7556.34,142.6798167,7.753,73852.48,62434.75,77177.76273796223,78705.33503331238,79610.96338113278,76922.01389296107,75172.22035343014
22,38,2012-09-28,77545.83,False,B,119557,62.17,4.018,4269.8,23.73,1.72,2763.63,2130.39,142.76575,7.753,77545.83,94309.4,77177.76273796223,78798.42368072156,84584.06492923992,76922.0138927934,87567.7498528983
22,38,2012-10-05,73484.46,False,B,119557,62.09,4.027,5294.37,0.0,4.25,1447.19,3652.84,142.8516833,7.543,73484.46,64931.41,77177.76273796223,78891.04688489369,73162.63425864282,76922.01389279959,73338.13450534783
22,38,2012-10-12,66934.78,False,B,119557,54.18,4.029,1558.08,0.0,10.35,485.2,4291.26,142.9376167,7.543,66934.78,80620.39,77177.76273796223,78983.20697304494,79999.05361007933,76922.01389279935,81344.68222398823
22,38,2012-10-19,65305.99,False,B,119557,55.28,4.0,2834.71,0.0,3.66,459.34,3171.35,142.8633629,7.543,65305.99,67654.96,77177.76273796223,79074.90626075545,75883.12284069388,76922.01389279937,75521.75591886925
22,38,2012-10-26,75239.03,False,B,119557,57.58,3.917,7330.98,111.86,152.91,536.08,708.93,142.7624113,7.543,75239.03,67520.54,77177.76273796223,79166.14705202742,84961.2704997808,76922.01389279937,79323.07473869261
22,40,2012-08-10,53902.71,False,B,119557,76.74,3.772,7212.77,22.87,15.43,2623.17,1906.3,142.1705634,7.753,53902.71,49493.3,55772.90170091095,55761.72889901422,54844.8794288677,56710.18649288458,55599.77587902635
22,40,2012-08-17,58845.43,False,B,119557,74.92,3.84,5160.04,91.43,0.0,2273.84,2354.36,142.2157385,7.753,58845.43,50863.6,55772.90170091095,55755.41087786858,56355.0437096683,56787.34839421379,57079.702808658076
22,40,2012-08-24,59461.52,False,B,119557,70.42,3.874,10456.16,100.54,104.14,6657.04,4648.25,142.3105933,7.753,59461.52,56167.0,55772.90170091095,55750.35646095206,59147.743092232355,56783.63842380818,60871.69280472865
22,40,2012-08-31,55826.63,False,B,119557,71.93,3.884,37707.43,40.66,119.53,6761.03,2307.61,142.4054482,7.753,55826.63,43584.48,55772.90170091095,55746.31292741885,54929.84635814419,56783.816800444496,52588.84822044823
22,40,2012-09-07,55591.99,True,B,119557,73.3,3.921,12941.56,4.0,37.34,2510.1,3346.55,142.500303,7.753,55591.99,51093.99,55772.90170091095,55743.078100592276,55537.46863319461,56783.80822403528,56722.83885412385
22,40,2012-09-14,55448.18,False,B,119557,66.42,3.988,7069.56,3.44,8.43,499.91,6011.9,142.5938833,7.753,55448.18,52190.76,55772.90170091095,55740.49023913102,56453.52599131249,56783.80863639195,57684.96919711933
22,40,2012-09-21,55141.12,False,B,119557,63.38,4.056,7150.28,106.01,19.0,1217.3,7556.34,142.6798167,7.753,55141.12,52578.4,55772.90170091095,55738.41994996201,57133.388295670564,56783.8086165657,58180.11230344053
22,40,2012-09-28,57465.4,False,B,119557,62.17,4.018,4269.8,23.73,1.72,2763.63,2130.39,142.76575,7.753,57465.4,54808.36,55772.90170091095,55736.763718626804,55690.906682105095,56783.80861751895,58835.522009699125
22,40,2012-10-05,58163.79,False,B,119557,62.09,4.027,5294.37,0.0,4.25,1447.19,3652.84,142.8516833,7.543,58163.79,57330.65,55772.90170091095,55735.43873355864,59411.83555237554,56783.80861747312,61664.93240133645
22,40,2012-10-12,56545.96,False,B,119557,54.18,4.029,1558.08,0.0,10.35,485.2,4291.26,142.9376167,7.543,56545.96,51931.91,55772.90170091095,55734.37874550411,56845.034552348414,56783.808617475326,57840.826093249554
22,40,2012-10-19,55669.18,False,B,119557,55.28,4.0,2834.71,0.0,3.66,459.34,3171.35,142.8633629,7.543,55669.18,51924.93,55772.90170091095,55733.530755060485,56319.781005132696,56783.80861747522,57628.71228691335
22,40,2012-10-26,59152.96,False,B,119557,57.58,3.917,7330.98,111.86,152.91,536.08,708.93,142.7624113,7.543,59152.96,55943.09,55772.90170091095,55732.85236270559,58265.223804006906,56783.808617475224,60515.61788950721
22,72,2012-08-10,53959.93,False,B,119557,76.74,3.772,7212.77,22.87,15.43,2623.17,1906.3,142.1705634,7.753,53959.93,54178.51,46873.011764323775,46875.96140808464,49277.66260988236,47688.459936142885,50276.49750375176
22,72,2012-08-17,50131.7,False,B,119557,74.92,3.84,5160.04,91.43,0.0,2273.84,2354.36,142.2157385,7.753,50131.7,59671.98,46873.011764323775,46875.96140767463,55963.91683190814,47199.73449428474,58907.803363568295
22,72,2012-08-24,53353.59,False,B,119557,70.42,3.874,10456.16,100.54,104.14,6657.04,4648.25,142.3105933,7.753,53353.59,64374.18,46873.011764323775,46875.96140733239,60233.10430823467,47165.14004160407,61915.43520656415
22,72,2012-08-31,54182.71,False,B,119557,71.93,3.884,37707.43,40.66,119.53,6761.03,2307.61,142.4054482,7.753,54182.71,51404.11,46873.011764323775,46875.961407046714,64851.12294209291,47162.691271694064,53160.16757993785
22,72,2012-09-07,60002.18,True,B,119557,73.3,3.921,12941.56,4.0,37.34,2510.1,3346.55,142.500303,7.753,60002.18,55461.66,46873.011764323775,46875.96140680826,54304.25402651232,47162.51793540436,54221.63561089095
22,72,2012-09-14,49474.8,False,B,119557,66.42,3.988,7069.56,3.44,8.43,499.91,6011.9,142.5938833,7.753,49474.8,53105.53,46873.011764323775,46875.96140660921,51946.14790468003,47162.50566578719,52099.70721354569
22,72,2012-09-21,58203.35,False,B,119557,63.38,4.056,7150.28,106.01,19.0,1217.3,7556.34,142.6798167,7.753,58203.35,48366.69,46873.011764323775,46875.961406443064,40146.902796191185,47162.50479728178,46201.84300113782
22,72,2012-09-28,73932.92,False,B,119557,62.17,4.018,4269.8,23.73,1.72,2763.63,2130.39,142.76575,7.753,73932.92,56391.86,46873.011764323775,46875.961406304385,46179.1582071264,47162.504735804585,53653.99751066664
22,72,2012-10-05,55455.79,False,B,119557,62.09,4.027,5294.37,0.0,4.25,1447.19,3652.84,142.8516833,7.543,55455.79,61258.13,46873.011764323775,46875.961406188624,48335.267488968646,47162.50473145292,57870.01034205893
22,72,2012-10-12,62864.31,False,B,119557,54.18,4.029,1558.08,0.0,10.35,485.2,4291.26,142.9376167,7.543,62864.31,53118.85,46873.011764323775,46875.96140609199,43277.24793680762,47162.50473114489,50557.424929345856
22,72,2012-10-19,56591.38,False,B,119557,55.28,4.0,2834.71,0.0,3.66,459.34,3171.35,142.8633629,7.543,56591.38,75976.29,46873.011764323775,46875.96140601134,47212.392531953126,47162.50473112308,69352.13412081094
22,72,2012-10-26,65284.84,False,B,119557,57.58,3.917,7330.98,111.86,152.91,536.08,708.93,142.7624113,7.543,65284.84,75432.34,46873.011764323775,46875.961405944014,57728.33353532248,47162.50473112154,70794.2312779581
22,92,2012-08-10,54422.3,False,B,119557,76.74,3.772,7212.77,22.87,15.43,2623.17,1906.3,142.1705634,7.753,54422.3,48898.16,53438.748930315254,53294.1223743843,52934.03692784034,53699.34127966713,54952.513649849454
22,92,2012-08-17,50448.83,False,B,119557,74.92,3.84,5160.04,91.43,0.0,2273.84,2354.36,142.2157385,7.753,50448.83,45684.04,53438.748930315254,53318.762211214846,53186.340870765125,53615.45091610665,53597.65390824647
22,92,2012-08-24,55592.17,False,B,119557,70.42,3.874,10456.16,100.54,104.14,6657.04,4648.25,142.3105933,7.753,55592.17,71359.92,53438.748930315254,53338.47408067928,64871.582811852,53613.53610648345,71824.9745194063
22,92,2012-08-31,53402.02,False,B,119557,71.93,3.884,37707.43,40.66,119.53,6761.03,2307.61,142.4054482,7.753,53402.02,43494.66,53438.748930315254,53354.243576250825,57152.35898612871,53613.49240067819,53787.56043574841
22,92,2012-09-07,59531.66,True,B,119557,73.3,3.921,12941.56,4.0,37.34,2510.1,3346.55,142.500303,7.753,59531.66,51712.65,53438.748930315254,53366.859172708064,55747.386750543665,53613.49140308689,57691.93950568132
22,92,2012-09-14,51291.18,False,B,119557,66.42,3.988,7069.56,3.44,8.43,499.91,6011.9,142.5938833,7.753,51291.18,48564.96,53438.748930315254,53376.95164987386,54033.610622398905,53613.49138031672,55342.39768165181
22,92,2012-09-21,51168.57,False,B,119557,63.38,4.056,7150.28,106.01,19.0,1217.3,7556.34,142.6798167,7.753,51168.57,50305.83,53438.748930315254,53385.02563160649,54964.65382334099,53613.49137979699,56614.813253462904
22,92,2012-09-28,55331.01,False,B,119557,62.17,4.018,4269.8,23.73,1.72,2763.63,2130.39,142.76575,7.753,55331.01,51580.14,53438.748930315254,53391.4848169926,56005.8350398658,53613.49137978513,57728.47734243996
22,92,2012-10-05,60118.04,False,B,119557,62.09,4.027,5294.37,0.0,4.25,1447.19,3652.84,142.8516833,7.543,60118.04,58614.95,53438.748930315254,53396.65216530148,63097.475375834736,53613.491379784864,64195.33517590214
22,92,2012-10-12,55876.07,False,B,119557,54.18,4.029,1558.08,0.0,10.35,485.2,4291.26,142.9376167,7.543,55876.07,52037.57,53438.748930315254,53400.78604394859,58476.35595988558,53613.49137978486,58894.798307188394
22,92,2012-10-19,54441.35,False,B,119557,55.28,4.0,2834.71,0.0,3.66,459.34,3171.35,142.8633629,7.543,54441.35,50084.97,53438.748930315254,53404.093146866275,58008.24996956959,53613.49137978486,57653.18998381343
22,92,2012-10-26,65678.39,False,B,119557,57.58,3.917,7330.98,111.86,152.91,536.08,708.93,142.7624113,7.543,65678.39,56037.46,53438.748930315254,53406.738829200425,60791.23771274101,53613.49137978486,61970.646629276845
22,95,2012-08-10,60352.39,False,B,119557,76.74,3.772,7212.77,22.87,15.43,2623.17,1906.3,142.1705634,7.753,60352.39,60400.38,60315.916452588106,60326.56675986068,57313.88177379815,60234.90566314019,57552.7570001574
22,95,2012-08-17,57242.64,False,B,119557,74.92,3.84,5160.04,91.43,0.0,2273.84,2354.36,142.2157385,7.753,57242.64,56450.81,60315.916452588106,60326.567451273775,57036.71341709678,60173.632287019725,56210.26042502634
22,95,2012-08-24,60710.77,False,B,119557,70.42,3.874,10456.16,100.54,104.14,6657.04,4648.25,142.3105933,7.753,60710.77,91783.41,60315.916452588106,60326.56807357472,60804.77107362353,60168.36183883554,72386.82816268124
22,95,2012-08-31,59424.45,False,B,119557,71.93,3.884,37707.43,40.66,119.53,6761.03,2307.61,142.4054482,7.753,59424.45,57963.72,60315.916452588106,60326.56863367182,67083.42345153893,60167.90849962329,60153.08558407659
22,95,2012-09-07,60946.13,True,B,119557,73.3,3.921,12941.56,4.0,37.34,2510.1,3346.55,142.500303,7.753,60946.13,59794.37,60315.916452588106,60326.56913778284,54824.16591583705,60167.869505512324,56689.12655868342
22,95,2012-09-14,55126.25,False,B,119557,66.42,3.988,7069.56,3.44,8.43,499.91,6011.9,142.5938833,7.753,55126.25,58735.09,60315.916452588106,60326.56959150401,53370.50885251749,60167.86615142194,55726.865320400975
22,95,2012-09-21,53310.49,False,B,119557,63.38,4.056,7150.28,106.01,19.0,1217.3,7556.34,142.6798167,7.753,53310.49,54860.28,60315.916452588106,60326.569999872205,54437.613228826856,60167.865862918836,54401.531013242115
22,95,2012-09-28,53217.72,False,B,119557,62.17,4.018,4269.8,23.73,1.72,2763.63,2130.39,142.76575,7.753,53217.72,56011.25,60315.916452588106,60326.5703674208,55068.154792870366,60167.86583810315,55101.42796835892
22,95,2012-10-05,56358.28,False,B,119557,62.09,4.027,5294.37,0.0,4.25,1447.19,3652.84,142.8516833,7.543,56358.28,60166.34,60315.916452588106,60326.57069823004,59430.642299263665,60167.86583596862,58342.738328878375
22,95,2012-10-12,53074.04,False,B,119557,54.18,4.029,1558.08,0.0,10.35,485.2,4291.26,142.9376167,7.543,53074.04,55491.49,60315.916452588106,60326.57099597231,55998.47296180174,60167.86583578502,55179.29728066445
22,95,2012-10-19,53684.07,False,B,119557,55.28,4.0,2834.71,0.0,3.66,459.34,3171.35,142.8633629,7.543,53684.07,54542.2,60315.916452588106,60326.57126395291,52670.98092496349,60167.865835769226,53633.268139887936
22,95,2012-10-26,65248.72,False,B,119557,57.58,3.917,7330.98,111.86,152.91,536.08,708.93,142.7624113,7.543,65248.72,58530.24,60315.916452588106,60326.57150514675,56657.51178028314,60167.865835767865,56653.19561737887
23,2,2012-08-10,83963.53,False,B,114533,71.12,3.772,23983.92,144.9,106.86,13110.54,4860.8,138.1437742,4.156,83963.53,74819.05,78862.29753450434,78933.56536375188,79647.84368730686,77096.31401896992,78406.64702396786
23,2,2012-08-17,88215.41,False,B,114533,69.97,3.84,2665.76,33.79,50.4,1135.93,3513.48,138.1857097,4.156,88215.41,84415.83,78862.29753450434,78980.65003332707,89668.46739406203,74250.75772183566,88089.92793777939
23,2,2012-08-24,100466.66,False,B,114533,64.63,3.874,3082.87,134.11,55.0,5325.05,5906.69,138.2814516,4.156,100466.66,93965.46,78862.29753450434,79027.49927955438,102878.40910375417,72350.02033755272,97862.86232380141
23,2,2012-08-31,89041.12,False,B,114533,68.34,3.884,17318.35,23.29,118.36,4812.58,3030.79,138.3771935,4.156,89041.12,79350.47,78862.29753450434,79074.11427955056,89200.15730442919,71080.39070216326,83890.71140179111
23,2,2012-09-07,79022.61,True,B,114533,66.74,3.921,13578.43,91.22,85.23,1288.27,4827.11,138.4729355,4.156,79022.61,77354.16,78862.29753450434,79120.49620454675,80931.06082512939,70232.32014576324,80661.09471956985
23,2,2012-09-14,68403.84,False,B,114533,61.37,3.988,5186.12,0.0,21.5,990.89,7934.73,138.5673,4.156,68403.84,64312.22,78862.29753450434,79166.64621991797,70680.99337003712,69665.8370954428,68600.21442518063
23,2,2012-09-21,68505.67,False,B,114533,56.8,4.056,7503.68,200.82,10.5,1993.04,6412.69,138.6534,4.156,68505.67,63828.04,78862.29753450434,79212.56548521233,68916.17806262124,69287.44517524389,67861.26309459613
23,2,2012-09-28,69902.67,False,B,114533,53.71,4.018,4330.13,60.55,4.72,2646.89,3369.45,138.7395,4.156,69902.67,64498.86,78862.29753450434,79258.25515418022,68293.15305856138,69034.69190188326,68239.96297436973
23,2,2012-10-05,73844.48,False,B,114533,56.65,4.027,5347.45,0.0,6.73,2506.49,3127.25,138.8256,4.145,73844.48,70676.59,78862.29753450434,79303.71637480326,70800.91139215362,68865.86108445741,73494.69115768085
23,2,2012-10-12,72490.07,False,B,114533,48.1,4.029,1557.1,0.0,1.12,998.46,5518.58,138.9117,4.145,72490.07,63084.95,78862.29753450434,79348.9502893232,66965.3998201126,68753.08768875143,66908.66594148053
23,2,2012-10-19,69170.0,False,B,114533,47.89,4.0,1134.33,0.0,2.15,625.26,1894.98,138.8336129,4.145,69170.0,71499.54,78862.29753450434,79393.95803427053,63232.87571672266,68677.75879457817,72686.3314052146
23,2,2012-10-26,66410.81,False,B,114533,50.56,3.917,4782.75,124.72,118.91,1316.96,738.09,138.7281613,4.145,66410.81,66231.67,78862.29753450434,79438.74074049313,63588.52073644583,68627.44158756455,68772.1297042482
23,7,2012-08-10,29783.99,False,B,114533,71.12,3.772,23983.92,144.9,106.86,13110.54,4860.8,138.1437742,4.156,29783.99,32619.03,30853.27222821501,30855.607171210282,28502.59076224395,35231.998334696276,29954.136861356987
23,7,2012-08-17,30806.64,False,B,114533,69.97,3.84,2665.76,33.79,50.4,1135.93,3513.48,138.1857097,4.156,30806.64,32855.29,30853.27222821501,30855.60717121283,28405.293440193072,38160.75073697414,30029.417266930504
23,7,2012-08-24,34798.79,False,B,114533,64.63,3.874,3082.87,134.11,55.0,5325.05,5906.69,138.2814516,4.156,34798.79,30021.78,30853.27222821501,30855.607171214888,27185.002871752287,40061.21087453952,28057.255169089716
23,7,2012-08-31,30738.39,False,B,114533,68.34,3.884,17318.35,23.29,118.36,4812.58,3030.79,138.3771935,4.156,30738.39,26724.37,30853.27222821501,30855.607171216547,22600.58167406416,41294.4147232725,24608.56060742042
23,7,2012-09-07,32338.07,True,B,114533,66.74,3.921,13578.43,91.22,85.23,1288.27,4827.11,138.4729355,4.156,32338.07,26857.93,30853.27222821501,30855.607171217885,24211.888190028134,42094.637628488534,25227.130226946974
23,7,2012-09-14,26237.99,False,B,114533,61.37,3.988,5186.12,0.0,21.5,990.89,7934.73,138.5673,4.156,26237.99,25624.19,30853.27222821501,30855.607171218966,20652.27292804036,42613.9002781229,23255.11678270324
23,7,2012-09-21,30371.62,False,B,114533,56.8,4.056,7503.68,200.82,10.5,1993.04,6412.69,138.6534,4.156,30371.62,24019.17,30853.27222821501,30855.60717121984,17996.91088671132,42950.84851785432,21433.175395265298
23,7,2012-09-28,29156.56,False,B,114533,53.71,4.018,4330.13,60.55,4.72,2646.89,3369.45,138.7395,4.156,29156.56,25123.97,30853.27222821501,30855.607171220545,17600.792331850364,43169.49339119163,21823.325659721497
23,7,2012-10-05,31588.72,False,B,114533,56.65,4.027,5347.45,0.0,6.73,2506.49,3127.25,138.8256,4.145,31588.72,26236.8,30853.27222821501,30855.607171221112,16826.676453244767,43311.371504799805,22094.806779832605
23,7,2012-10-12,29422.31,False,B,114533,48.1,4.029,1557.1,0.0,1.12,998.46,5518.58,138.9117,4.145,29422.31,24808.55,30853.27222821501,30855.60717122157,18982.062872056642,43403.43585926541,22055.17825848438
23,7,2012-10-19,33593.2,False,B,114533,47.89,4.0,1134.33,0.0,2.15,625.26,1894.98,138.8336129,4.145,33593.2,32323.62,30853.27222821501,30855.607171221942,24070.06420694182,43463.176189522244,27883.717824519867
23,7,2012-10-26,33096.71,False,B,114533,50.56,3.917,4782.75,124.72,118.91,1316.96,738.09,138.7281613,4.145,33096.71,33470.37,30853.27222821501,30855.60717122224,21881.902530187155,43501.94154099743,27639.63575531487
23,9,2012-08-10,57439.08,False,B,114533,71.12,3.772,23983.92,144.9,106.86,13110.54,4860.8,138.1437742,4.156,57439.08,59722.84,62344.59988116222,62538.89846582427,60001.02483052615,62244.39227313083,61157.78253555666
23,9,2012-08-17,61786.71,False,B,114533,69.97,3.84,2665.76,33.79,50.4,1135.93,3513.48,138.1857097,4.156,61786.71,52642.86,62344.59988116222,62538.905446302866,56505.04197020866,62502.93591108111,55584.20832971349
23,9,2012-08-24,56922.44,False,B,114533,64.63,3.874,3082.87,134.11,55.0,5325.05,5906.69,138.2814516,4.156,56922.44,56812.39,62344.59988116222,62538.91175617917,56179.14222755401,62524.7335192464,57813.82206397656
23,9,2012-08-31,49582.67,False,B,114533,68.34,3.884,17318.35,23.29,118.36,4812.58,3030.79,138.3771935,4.156,49582.67,45437.33,62344.59988116222,62538.91745987677,47212.14822444635,62526.57125822731,48915.458495507155
23,9,2012-09-07,49536.01,True,B,114533,66.74,3.921,13578.43,91.22,85.23,1288.27,4827.11,138.4729355,4.156,49536.01,47144.67,62344.59988116222,62538.92261563019,50122.05014317922,62526.72619653689,50793.27004635624
23,9,2012-09-14,47687.19,False,B,114533,61.37,3.988,5186.12,0.0,21.5,990.89,7934.73,138.5673,4.156,47687.19,41889.8,62344.59988116222,62538.92727607945,45344.934229445265,62526.73925926235,46367.23732519939
23,9,2012-09-21,50359.3,False,B,114533,56.8,4.056,7503.68,200.82,10.5,1993.04,6412.69,138.6534,4.156,50359.3,46269.25,62344.59988116222,62538.93148880755,44026.19817437146,62526.74036057033,48015.20278263438
23,9,2012-09-28,48531.2,False,B,114533,53.71,4.018,4330.13,60.55,4.72,2646.89,3369.45,138.7395,4.156,48531.2,48983.14,62344.59988116222,62538.93529682628,52849.47645585658,62526.74045342073,52606.95620181872
23,9,2012-10-05,55694.37,False,B,114533,56.65,4.027,5347.45,0.0,6.73,2506.49,3127.25,138.8256,4.145,55694.37,43032.97,62344.59988116222,62538.938739015364,46346.9140585171,62526.740461248875,47168.56921397187
23,9,2012-10-12,49785.67,False,B,114533,48.1,4.029,1557.1,0.0,1.12,998.46,5518.58,138.9117,4.145,49785.67,42008.52,62344.59988116222,62538.9418505194,42988.229051204034,62526.74046190886,45352.09437587732
23,9,2012-10-19,43075.85,False,B,114533,47.89,4.0,1134.33,0.0,2.15,625.26,1894.98,138.8336129,4.145,43075.85,38150.79,62344.59988116222,62538.94466310672,40130.96438215329,62526.7404619645,42419.81377669693
23,9,2012-10-26,41643.31,False,B,114533,50.56,3.917,4782.75,124.72,118.91,1316.96,738.09,138.7281613,4.145,41643.31,38015.7,62344.59988116222,62538.94720549372,42116.11867169153,62526.740461969195,43047.34267713369
23,23,2012-08-10,44885.16,False,B,114533,71.12,3.772,23983.92,144.9,106.86,13110.54,4860.8,138.1437742,4.156,44885.16,48914.49,44652.96124861248,44655.267267678384,49289.70627511355,44904.226899921356,46040.114795462345
23,23,2012-08-17,51795.68,False,B,114533,69.97,3.84,2665.76,33.79,50.4,1135.93,3513.48,138.1857097,4.156,51795.68,51757.93,44652.96124861248,44655.40381341489,54069.375584016096,45354.53139587752,49111.469165420756
23,23,2012-08-24,59474.69,False,B,114533,64.63,3.874,3082.87,134.11,55.0,5325.05,5906.69,138.2814516,4.156,59474.69,52701.54,44652.96124861248,44655.53187748357,57005.484867561434,45629.03760290505,50697.62322133368
23,23,2012-08-31,53924.46,False,B,114533,68.34,3.884,17318.35,23.29,118.36,4812.58,3030.79,138.3771935,4.156,53924.46,45196.75,44652.96124861248,44655.65198673125,44008.650219277995,45796.3769441138,41859.83015127809
23,23,2012-09-07,43084.13,True,B,114533,66.74,3.921,13578.43,91.22,85.23,1288.27,4827.11,138.4729355,4.156,43084.13,47725.83,44652.96124861248,44655.764635279185,43453.63250930827,45898.387224389066,43438.634518801315
23,23,2012-09-14,41917.84,False,B,114533,61.37,3.988,5186.12,0.0,21.5,990.89,7934.73,138.5673,4.156,41917.84,42890.88,44652.96124861248,44655.87028655581,44386.195376886535,45960.57282406139,40508.254768614664
23,23,2012-09-21,48344.16,False,B,114533,56.8,4.056,7503.68,200.82,10.5,1993.04,6412.69,138.6534,4.156,48344.16,48225.68,44652.96124861248,44655.96937520326,44967.43366764166,45998.481246586765,44233.204611882094
23,23,2012-09-28,48916.3,False,B,114533,53.71,4.018,4330.13,60.55,4.72,2646.89,3369.45,138.7395,4.156,48916.3,42319.17,44652.96124861248,44656.06230886547,41975.60312899114,46021.59027031468,39430.5911187828
23,23,2012-10-05,58767.05,False,B,114533,56.65,4.027,5347.45,0.0,6.73,2506.49,3127.25,138.8256,4.145,58767.05,56017.95,44652.96124861248,44656.14946986517,52375.541473725156,46035.677561266966,51594.84141622626
23,23,2012-10-12,56076.24,False,B,114533,48.1,4.029,1557.1,0.0,1.12,998.46,5518.58,138.9117,4.145,56076.24,45713.22,44652.96124861248,44656.23121677678,48588.216835040796,46044.265192173014,43603.75170797424
23,23,2012-10-19,52318.1,False,B,114533,47.89,4.0,1134.33,0.0,2.15,625.26,1894.98,138.8336129,4.145,52318.1,56419.78,44652.96124861248,44656.3078859015,57484.82232230718,46049.50022315436,53297.57793717964
23,23,2012-10-26,51203.34,False,B,114533,50.56,3.917,4782.75,124.72,118.91,1316.96,738.09,138.7281613,4.145,51203.34,61159.52,44652.96124861248,44656.379792650885,56503.58812203724,46052.69150485656,56160.78688881602
23,38,2012-08-10,53413.22,False,B,114533,71.12,3.772,23983.92,144.9,106.86,13110.54,4860.8,138.1437742,4.156,53413.22,48927.62,45720.341389109366,45879.032197889974,48644.450992938735,45633.9719593618,42855.52633861171
23,38,2012-08-17,43302.64,False,B,114533,69.97,3.84,2665.76,33.79,50.4,1135.93,3513.48,138.1857097,4.156,43302.64,49860.28,45720.341389109366,45896.34666166291,42615.883969145594,45611.83682722594,41159.74625392497
23,38,2012-08-24,43133.35,False,B,114533,64.63,3.874,3082.87,134.11,55.0,5325.05,5906.69,138.2814516,4.156,43133.35,48052.34,45720.341389109366,45913.44824057867,46197.85537855133,45613.01346027803,41563.2905019856
23,38,2012-08-31,48370.56,False,B,114533,68.34,3.884,17318.35,23.29,118.36,4812.58,3030.79,138.3771935,4.156,48370.56,45828.73,45720.341389109366,45930.33955209991,48247.88707731608,45612.95091421638,41203.8462653561
23,38,2012-09-07,48444.09,True,B,114533,66.74,3.921,13578.43,91.22,85.23,1288.27,4827.11,138.4729355,4.156,48444.09,48436.23,45720.341389109366,45947.02318150706,50960.8453841268,45612.954238965605,43255.54755336182
23,38,2012-09-14,56029.58,False,B,114533,61.37,3.988,5186.12,0.0,21.5,990.89,7934.73,138.5673,4.156,56029.58,46351.65,45720.341389109366,45963.50168229399,45899.63780294531,45612.95406223254,40681.75092536278
23,38,2012-09-21,42723.36,False,B,114533,56.8,4.056,7503.68,200.82,10.5,1993.04,6412.69,138.6534,4.156,42723.36,45095.06,45720.341389109366,45979.77757655885,48632.71866527544,45612.9540716271,40990.37641435963
23,38,2012-09-28,42933.07,False,B,114533,53.71,4.018,4330.13,60.55,4.72,2646.89,3369.45,138.7395,4.156,42933.07,45640.5,45720.341389109366,45995.85335539008,51978.37023765195,45612.954071127715,42303.64468065988
23,38,2012-10-05,50129.2,False,B,114533,56.65,4.027,5347.45,0.0,6.73,2506.49,3127.25,138.8256,4.145,50129.2,50125.57,45720.341389109366,46011.731479247675,47298.35641618022,45612.95407115426,42857.03338896078
23,38,2012-10-12,44531.23,False,B,114533,48.1,4.029,1557.1,0.0,1.12,998.46,5518.58,138.9117,4.145,44531.23,47066.21,45720.341389109366,46027.41437833978,47922.036188032915,45612.954071152846,41643.22917305259
23,38,2012-10-19,42139.4,False,B,114533,47.89,4.0,1134.33,0.0,2.15,625.26,1894.98,138.8336129,4.145,42139.4,46316.57,45720.341389109366,46042.90445299463,44585.73240378124,45612.95407115292,40212.837854547266
23,38,2012-10-26,46706.24,False,B,114533,50.56,3.917,4782.75,124.72,118.91,1316.96,738.09,138.7281613,4.145,46706.24,45668.05,45720.341389109366,46058.20407402794,43700.263431797895,45612.95407115291,39643.26804676715
23,40,2012-08-10,67482.05,False,B,114533,71.12,3.772,23983.92,144.9,106.86,13110.54,4860.8,138.1437742,4.156,67482.05,60326.29,63233.562655561735,63223.94214477151,63761.67121427619,63169.54097685292,62786.267151861204
23,40,2012-08-17,69016.95,False,B,114533,69.97,3.84,2665.76,33.79,50.4,1135.93,3513.48,138.1857097,4.156,69016.95,63821.97,63233.562655561735,63220.19300120778,67486.56422177242,63150.029488882436,65908.35931492117
23,40,2012-08-24,75347.5,False,B,114533,64.63,3.874,3082.87,134.11,55.0,5325.05,5906.69,138.2814516,4.156,75347.5,71871.95,63233.562655561735,63216.57605757573,73739.96297556756,63146.48774897564,72308.20579655874
23,40,2012-08-31,70414.15,False,B,114533,68.34,3.884,17318.35,23.29,118.36,4812.58,3030.79,138.3771935,4.156,70414.15,60171.78,63233.562655561735,63213.0866523249,67487.0025565403,63145.84484969567,64110.752243209354
23,40,2012-09-07,69417.64,True,B,114533,66.74,3.921,13578.43,91.22,85.23,1288.27,4827.11,138.4729355,4.156,69417.64,65330.78,63233.562655561735,63209.72028827746,67757.33382072322,63145.72815013696,66592.62678946924
23,40,2012-09-14,61862.84,False,B,114533,61.37,3.988,5186.12,0.0,21.5,990.89,7934.73,138.5673,4.156,61862.84,57943.58,63233.562655561735,63206.47262683224,63073.14577544337,63145.706966745674,61145.35411536256
23,40,2012-09-21,65769.5,False,B,114533,56.8,4.056,7503.68,200.82,10.5,1993.04,6412.69,138.6534,4.156,65769.5,59469.89,63233.562655561735,63203.33948237307,63215.79140745051,63145.70312152063,61925.03056048905
23,40,2012-09-28,62008.83,False,B,114533,53.71,4.018,4330.13,60.55,4.72,2646.89,3369.45,138.7395,4.156,62008.83,58453.16,63233.562655561735,63200.31681687434,60210.59425903967,63145.7024235325,60232.39710113599
23,40,2012-10-05,61972.82,False,B,114533,56.65,4.027,5347.45,0.0,6.73,2506.49,3127.25,138.8256,4.145,61972.82,62658.61,63233.562655561735,63197.40073469675,60674.89526495243,63145.70229683317,62486.9786555008
23,40,2012-10-12,65781.55,False,B,114533,48.1,4.029,1557.1,0.0,1.12,998.46,5518.58,138.9117,4.145,65781.55,57943.46,63233.562655561735,63194.58747756656,56515.251018396855,63145.70227383461,58590.47376070578
23,40,2012-10-19,63991.46,False,B,114533,47.89,4.0,1134.33,0.0,2.15,625.26,1894.98,138.8336129,4.145,63991.46,63730.09,63233.562655561735,63191.87341973191,57975.50444937889,63145.7022696599,61967.379913089164
23,40,2012-10-26,62950.8,False,B,114533,50.56,3.917,4782.75,124.72,118.91,1316.96,738.09,138.7281613,4.145,62950.8,58963.13,63233.562655561735,63189.25506328993,54274.082775689916,63145.7022689021,58175.08289346471
23,72,2012-08-10,65374.19,False,B,114533,71.12,3.772,23983.92,144.9,106.86,13110.54,4860.8,138.1437742,4.156,65374.19,64383.87,57675.51347945433,57648.7966923161,63128.53196548537,58244.329286246415,57520.00892755714
23,72,2012-08-17,69557.29,False,B,114533,69.97,3.84,2665.76,33.79,50.4,1135.93,3513.48,138.1857097,4.156,69557.29,74450.97,57675.51347945433,57648.79669223691,80950.61500505742,57804.35736111937,70041.34978713698
23,72,2012-08-24,79128.7,False,B,114533,64.63,3.874,3082.87,134.11,55.0,5325.05,5906.69,138.2814516,4.156,79128.7,88503.68,57675.51347945433,57648.796692171694,91783.29457278541,57775.7226855917,82942.19287699061
23,72,2012-08-31,78522.94,False,B,114533,68.34,3.884,17318.35,23.29,118.36,4812.58,3030.79,138.3771935,4.156,78522.94,81111.56,57675.51347945433,57648.79669211798,79642.06041714532,57773.85905612867,75387.91758842679
23,72,2012-09-07,67527.31,True,B,114533,66.74,3.921,13578.43,91.22,85.23,1288.27,4827.11,138.4729355,4.156,67527.31,78996.78,57675.51347945433,57648.796692073745,70470.01173513738,57773.7377656055,72430.17578929444
23,72,2012-09-14,61599.95,False,B,114533,61.37,3.988,5186.12,0.0,21.5,990.89,7934.73,138.5673,4.156,61599.95,68241.38,57675.51347945433,57648.796692037315,59450.885906950396,57773.72987165915,61782.77338449009
23,72,2012-09-21,77183.97,False,B,114533,56.8,4.056,7503.68,200.82,10.5,1993.04,6412.69,138.6534,4.156,77183.97,68050.06,57675.51347945433,57648.79669200731,60189.54540606527,57773.72935789775,61696.144656975
23,72,2012-09-28,69075.95,False,B,114533,53.71,4.018,4330.13,60.55,4.72,2646.89,3369.45,138.7395,4.156,69075.95,67770.14,57675.51347945433,57648.7966919826,64138.85178835517,57773.72932446063,61896.14004382674
23,72,2012-10-05,78539.46,False,B,114533,56.65,4.027,5347.45,0.0,6.73,2506.49,3127.25,138.8256,4.145,78539.46,81254.76,57675.51347945433,57648.79669196224,72135.31151503148,57773.729322284446,74643.54279902882
23,72,2012-10-12,69878.26,False,B,114533,48.1,4.029,1557.1,0.0,1.12,998.46,5518.58,138.9117,4.145,69878.26,63619.88,57675.51347945433,57648.796691945485,58565.64419932236,57773.72932214281,57668.49575767365
23,72,2012-10-19,58041.44,False,B,114533,47.89,4.0,1134.33,0.0,2.15,625.26,1894.98,138.8336129,4.145,58041.44,93962.81,57675.51347945433,57648.796691931675,62388.60524070322,57773.72932213359,84811.69924949396
23,72,2012-10-26,51421.23,False,B,114533,50.56,3.917,4782.75,124.72,118.91,1316.96,738.09,138.7281613,4.145,51421.23,83214.33,57675.51347945433,57648.79669192031,54421.28420640444,57773.729322133,74492.88178315887
23,92,2012-08-10,69209.6,False,B,114533,71.12,3.772,23983.92,144.9,106.86,13110.54,4860.8,138.1437742,4.156,69209.6,58398.13,72408.94985823173,72654.43346181994,68554.44361530188,73731.09665126329,69844.49167006591
23,92,2012-08-17,69166.46,False,B,114533,69.97,3.84,2665.76,33.79,50.4,1135.93,3513.48,138.1857097,4.156,69166.46,58665.91,72408.94985823173,72771.67991480212,69287.84023973742,72493.16395182312,70573.14806117256
23,92,2012-08-24,79159.68,False,B,114533,64.63,3.874,3082.87,134.11,55.0,5325.05,5906.69,138.2814516,4.156,79159.68,72937.54,72408.94985823173,72888.3401355194,77371.04723981081,72121.01675113729,81343.51609199187
23,92,2012-08-31,76738.09,False,B,114533,68.34,3.884,17318.35,23.29,118.36,4812.58,3030.79,138.3771935,4.156,76738.09,72796.29,72408.94985823173,73004.41705513309,79077.78155324995,72009.14189797206,82272.59440375041
23,92,2012-09-07,79356.92,True,B,114533,66.74,3.921,13578.43,91.22,85.23,1288.27,4827.11,138.4729355,4.156,79356.92,70297.55,72408.94985823173,73119.9135901487,74660.23685959677,71975.51009112876,79421.96774194503
23,92,2012-09-14,67507.46,False,B,114533,61.37,3.988,5186.12,0.0,21.5,990.89,7934.73,138.5673,4.156,67507.46,62436.85,72408.94985823173,73234.83264248926,65341.379701555066,71965.39970081723,71948.7966107561
23,92,2012-09-21,75923.74,False,B,114533,56.8,4.056,7503.68,200.82,10.5,1993.04,6412.69,138.6534,4.156,75923.74,63214.94,72408.94985823173,73349.17709956809,62824.09402898144,71962.36031632243,71684.1884338117
23,92,2012-09-28,72416.88,False,B,114533,53.71,4.018,4330.13,60.55,4.72,2646.89,3369.45,138.7395,4.156,72416.88,67523.84,72408.94985823173,73462.94983436154,65038.99903712356,71961.44661686844,75110.3088060698
23,92,2012-10-05,84597.36,False,B,114533,56.65,4.027,5347.45,0.0,6.73,2506.49,3127.25,138.8256,4.145,84597.36,77023.06,72408.94985823173,73576.15370548102,70216.15555756603,71961.17194063263,82339.2733481555
23,92,2012-10-12,77649.19,False,B,114533,48.1,4.029,1557.1,0.0,1.12,998.46,5518.58,138.9117,4.145,77649.19,65676.19,72408.94985823173,73688.7915572449,64675.63835450058,71961.08936749089,74224.39507282275
23,92,2012-10-19,73797.27,False,B,114533,47.89,4.0,1134.33,0.0,2.15,625.26,1894.98,138.8336129,4.145,73797.27,67472.06,72408.94985823173,73800.86621974997,65288.41260698308,71961.06454436152,75168.9066543688
23,92,2012-10-26,73499.33,False,B,114533,50.56,3.917,4782.75,124.72,118.91,1316.96,738.09,138.7281613,4.145,73499.33,67168.46,72408.94985823173,73912.3805089425,63995.13185867992,71961.05708203492,74262.3906143644
23,95,2012-08-10,57384.91,False,B,114533,71.12,3.772,23983.92,144.9,106.86,13110.54,4860.8,138.1437742,4.156,57384.91,58219.19,59146.55638498174,59202.48193788842,54374.415873467246,59596.0272093086,55268.838425123664
23,95,2012-08-17,59575.67,False,B,114533,69.97,3.84,2665.76,33.79,50.4,1135.93,3513.48,138.1857097,4.156,59575.67,55493.53,59146.55638498174,59235.73873405049,52537.43448328059,59464.80525911966,53776.20764617977
23,95,2012-08-24,67300.51,False,B,114533,64.63,3.874,3082.87,134.11,55.0,5325.05,5906.69,138.2814516,4.156,67300.51,71544.3,59146.55638498174,59268.82924623174,60967.659550966804,59441.773631259326,63586.37141513042
23,95,2012-08-31,67928.33,False,B,114533,68.34,3.884,17318.35,23.29,118.36,4812.58,3030.79,138.3771935,4.156,67928.33,67059.5,59146.55638498174,59301.75430585209,62831.46580505209,59437.731198715584,63432.96374562649
23,95,2012-09-07,66535.36,True,B,114533,66.74,3.921,13578.43,91.22,85.23,1288.27,4827.11,138.4729355,4.156,66535.36,63997.49,59146.55638498174,59334.51474017434,53191.92997763341,59437.021684782405,57840.20504243823
23,95,2012-09-14,54725.93,False,B,114533,61.37,3.988,5186.12,0.0,21.5,990.89,7934.73,138.5673,4.156,54725.93,56637.55,59146.55638498174,59367.111372324965,43082.32916263296,59436.897153323705,50807.87550190423
23,95,2012-09-21,56698.88,False,B,114533,56.8,4.056,7503.68,200.82,10.5,1993.04,6412.69,138.6534,4.156,56698.88,56344.97,59146.55638498174,59399.54502131485,39964.82802696219,59436.87529598803,49502.00268793362
23,95,2012-09-28,53268.31,False,B,114533,53.71,4.018,4330.13,60.55,4.72,2646.89,3369.45,138.7395,4.156,53268.31,54772.25,59146.55638498174,59431.81650205978,39157.08626705606,59436.871459663234,48785.34106234476
23,95,2012-10-05,59682.85,False,B,114533,56.65,4.027,5347.45,0.0,6.73,2506.49,3127.25,138.8256,4.145,59682.85,59363.09,59146.55638498174,59463.92662540099,42561.83681417985,59436.87078632463,52022.510463322375
23,95,2012-10-12,55286.9,False,B,114533,48.1,4.029,1557.1,0.0,1.12,998.46,5518.58,138.9117,4.145,55286.9,51453.57,59146.55638498174,59495.876198125494,36524.671489711836,59436.87066814254,46290.88415338137
23,95,2012-10-19,52480.28,False,B,114533,47.89,4.0,1134.33,0.0,2.15,625.26,1894.98,138.8336129,4.145,52480.28,55657.33,59146.55638498174,59527.66602298637,39249.16377908435,59436.87064739962,48800.25234145098
23,95,2012-10-26,53512.83,False,B,114533,50.56,3.917,4782.75,124.72,118.91,1316.96,738.09,138.7281613,4.145,53512.83,51786.29,59146.55638498174,59559.29689872295,38318.80344611026,59436.87064375889,46713.13417012176
24,8,2012-08-10,51258.37,False,A,203819,75.53,3.863,37938.11,798.52,178.81,12823.7,5682.73,138.1437742,8.953,51258.37,49274.29,48832.62244512076,48729.135851962485,50749.43891520691,51588.62099528136,52299.19925570677
24,8,2012-08-17,52204.61,False,A,203819,72.87,3.963,4703.02,262.05,9.3,4744.01,1858.94,138.1857097,8.953,52204.61,50688.17,48832.62244512076,48729.13585196237,52250.20717568461,51023.86541909231,54138.006603519905
24,8,2012-08-24,50198.55,False,A,203819,68.13,3.997,8778.19,280.89,91.01,8868.81,3798.51,138.2814516,8.953,50198.55,51059.74,48832.62244512076,48729.13585196228,50349.0092622209,50844.875644474865,53651.30057119572
24,8,2012-08-31,51529.17,False,A,203819,71.18,4.026,34000.98,79.5,69.24,8772.12,4937.68,138.3771935,8.953,51529.17,42815.25,48832.62244512076,48729.13585196221,49763.703825775614,50788.14784794067,48076.927209887814
24,8,2012-09-07,54698.34,True,A,203819,72.81,4.076,15092.87,60.92,89.01,2756.36,4563.61,138.4729355,8.953,54698.34,55556.09,48832.62244512076,48729.13585196214,54652.1896667378,50770.1689276001,57918.67519348954
24,8,2012-09-14,53136.13,False,A,203819,64.28,4.088,8179.55,1.0,30.77,1838.92,3353.34,138.5673,8.953,53136.13,48534.49,48832.62244512076,48729.1358519621,50963.11353171772,50764.47081139673,52191.30666220405
24,8,2012-09-21,50461.96,False,A,203819,61.25,4.203,11768.07,1.91,56.98,873.12,6190.47,138.6534,8.953,50461.96,47265.5,48832.62244512076,48729.13585196206,48692.62888422058,50762.6648893696,50676.023208685714
24,8,2012-09-28,52439.85,False,A,203819,58.86,4.158,11941.13,15.28,21.76,984.11,7013.13,138.7395,8.953,52439.85,49510.96,48832.62244512076,48729.13585196203,49941.2289784567,50762.09253277811,52530.37259458097
24,8,2012-10-05,55429.17,False,A,203819,60.35,4.151,10349.0,0.0,16.05,5824.86,2770.76,138.8256,8.693,55429.17,53472.19,48832.62244512076,48729.135851962004,54253.943264629495,50761.91113398962,56412.10269522555
24,8,2012-10-12,55347.99,False,A,203819,51.64,4.186,5138.51,0.0,141.88,407.81,3284.69,138.9117,8.693,55347.99,50645.93,48832.62244512076,48729.13585196199,50991.83012126341,50761.85364269668,53598.17341610977
24,8,2012-10-19,51912.1,False,A,203819,52.59,4.153,3446.7,0.0,101.0,111.46,5963.01,138.8336129,8.693,51912.1,48770.61,48832.62244512076,48729.13585196197,51488.556100892434,50761.835421799005,52491.6868047397
24,8,2012-10-26,55881.32,False,A,203819,55.16,4.071,10844.38,104.16,105.09,1795.68,3059.8,138.7281613,8.693,55881.32,52375.45,48832.62244512076,48729.13585196196,51075.86162297439,50761.829646992155,54767.154664746595
24,38,2012-08-10,61081.04,False,A,203819,75.53,3.863,37938.11,798.52,178.81,12823.7,5682.73,138.1437742,8.953,61081.04,65500.83,59558.91450699706,58993.13621740267,58489.84004547531,58989.30341101644,62616.45110997669
24,38,2012-08-17,53953.75,False,A,203819,72.87,3.963,4703.02,262.05,9.3,4744.01,1858.94,138.1857097,8.953,53953.75,63900.46,59558.91450699706,58933.920443568466,63258.382331958426,59073.17778955845,63801.95960897517
24,38,2012-08-24,55219.63,False,A,203819,68.13,3.997,8778.19,280.89,91.01,8868.81,3798.51,138.2814516,8.953,55219.63,66467.81,59558.91450699706,58882.01252032748,55450.42014674724,59071.186141788545,61649.96943965782
24,38,2012-08-31,62596.05,False,A,203819,71.18,4.026,34000.98,79.5,69.24,8772.12,4937.68,138.3771935,8.953,62596.05,46369.29,59558.91450699706,58836.51058189574,55883.753408252735,59071.23343466759,55187.1396643435
24,38,2012-09-07,54146.58,True,A,203819,72.81,4.076,15092.87,60.92,89.01,2756.36,4563.61,138.4729355,8.953,54146.58,75077.11,59558.91450699706,58796.624062232186,60328.02838401256,59071.23231166962,66803.905219472
24,38,2012-09-14,52256.42,False,A,203819,64.28,4.088,8179.55,1.0,30.77,1838.92,3353.34,138.5673,8.953,52256.42,63748.31,59558.91450699706,58761.65995947736,63114.15403863368,59071.23233833589,64291.69987912844
24,38,2012-09-21,60590.47,False,A,203819,61.25,4.203,11768.07,1.91,56.98,873.12,6190.47,138.6534,8.953,60590.47,52699.61,59558.91450699706,58731.01079550512,54268.82051328655,59071.232337702684,56914.952652823
24,38,2012-09-28,57914.99,False,A,203819,58.86,4.158,11941.13,15.28,21.76,984.11,7013.13,138.7395,8.953,57914.99,61820.27,59558.91450699706,58704.144061392595,61724.92863538541,59071.23233771772,63150.37004749858
24,38,2012-10-05,55972.72,False,A,203819,60.35,4.151,10349.0,0.0,16.05,5824.86,2770.76,138.8256,8.693,55972.72,75243.7,59558.91450699706,58680.59296543033,63623.429438832114,59071.23233771737,68536.78403683942
24,38,2012-10-12,58488.1,False,A,203819,51.64,4.186,5138.51,0.0,141.88,407.81,3284.69,138.9117,8.693,58488.1,72305.14,59558.91450699706,58659.94832292557,58717.13772552445,59071.232337717374,65647.59075941845
24,38,2012-10-19,51052.4,False,A,203819,52.59,4.153,3446.7,0.0,101.0,111.46,5963.01,138.8336129,8.693,51052.4,71300.76,59558.91450699706,58641.85144688922,59532.09562266922,59071.232337717374,65813.22729412459
24,38,2012-10-26,57995.38,False,A,203819,55.16,4.071,10844.38,104.16,105.09,1795.68,3059.8,138.7281613,8.693,57995.38,49931.24,59558.91450699706,58625.98791608698,55297.861229749185,59071.232337717374,56945.50539862532
24,40,2012-08-10,49838.11,False,A,203819,75.53,3.863,37938.11,798.52,178.81,12823.7,5682.73,138.1437742,8.953,49838.11,45200.91,48238.356863078036,48358.889597512054,49115.49755770848,49821.30703625478,49822.19763089926
24,40,2012-08-17,48344.9,False,A,203819,72.87,3.963,4703.02,262.05,9.3,4744.01,1858.94,138.1857097,8.953,48344.9,43796.49,48238.356863078036,48391.43605268235,48073.09301294089,49560.72321318662,49151.139700756416
24,40,2012-08-24,47629.22,False,A,203819,68.13,3.997,8778.19,280.89,91.01,8868.81,3798.51,138.2814516,8.953,47629.22,48314.59,48238.356863078036,48417.47321681859,50093.13889113197,49488.755479727384,51872.27878163255
24,40,2012-08-31,50320.27,False,A,203819,71.18,4.026,34000.98,79.5,69.24,8772.12,4937.68,138.3771935,8.953,50320.27,38323.18,48238.356863078036,48438.30294812757,46132.32622039831,49468.8795158311,45751.39485410899
24,40,2012-09-07,49115.55,True,A,203819,72.81,4.076,15092.87,60.92,89.01,2756.36,4563.61,138.4729355,8.953,49115.55,45271.36,48238.356863078036,48454.96673317477,49787.518961492206,49463.39019552298,50411.96130843027
24,40,2012-09-14,43447.49,False,A,203819,64.28,4.088,8179.55,1.0,30.77,1838.92,3353.34,138.5673,8.953,43447.49,42691.46,48238.356863078036,48468.29776121252,47254.75658462656,49461.87416150308,48153.524162960675
24,40,2012-09-21,47687.94,False,A,203819,61.25,4.203,11768.07,1.91,56.98,873.12,6190.47,138.6534,8.953,47687.94,45474.09,48238.356863078036,48478.96258364272,47652.375109360044,49461.455465012354,49544.90526439695
24,40,2012-09-28,45206.87,False,A,203819,58.86,4.158,11941.13,15.28,21.76,984.11,7013.13,138.7395,8.953,45206.87,44540.78,48238.356863078036,48487.49444158688,47405.794768294196,49461.339829908495,49038.41923816679
24,40,2012-10-05,47930.12,False,A,203819,60.35,4.151,10349.0,0.0,16.05,5824.86,2770.76,138.8256,8.693,47930.12,47516.61,48238.356863078036,48494.31992794221,49372.72150456973,49461.30789394165,51235.93495554465
24,40,2012-10-12,48746.55,False,A,203819,51.64,4.186,5138.51,0.0,141.88,407.81,3284.69,138.9117,8.693,48746.55,44092.81,48238.356863078036,48499.780317026474,47124.24449486767,49461.29907390393,48731.37572200636
24,40,2012-10-19,45445.66,False,A,203819,52.59,4.153,3446.7,0.0,101.0,111.46,5963.01,138.8336129,8.693,45445.66,41799.68,48238.356863078036,48504.148628293886,47053.01077663716,49461.296637996296,47682.737920609805
24,40,2012-10-26,45908.36,False,A,203819,55.16,4.071,10844.38,104.16,105.09,1795.68,3059.8,138.7281613,8.693,45908.36,43270.07,48238.356863078036,48507.64327730782,46868.289380873975,49461.295965250196,48249.92644840549
24,72,2012-08-10,51948.28,False,A,203819,75.53,3.863,37938.11,798.52,178.81,12823.7,5682.73,138.1437742,8.953,51948.28,57474.17,45713.593212104926,45570.542757318406,44178.945643445106,46406.78908421121,56473.96824659975
24,72,2012-08-17,54910.88,False,A,203819,72.87,3.963,4703.02,262.05,9.3,4744.01,1858.94,138.1857097,8.953,54910.88,50931.36,45713.593212104926,45570.542757201074,55900.26923654837,45795.01485935221,54734.3690709435
24,72,2012-08-24,40129.34,False,A,203819,68.13,3.997,8778.19,280.89,91.01,8868.81,3798.51,138.2814516,8.953,40129.34,45069.34,45713.593212104926,45570.54275710403,55338.054708598575,45705.77199415941,49719.88030801964
24,72,2012-08-31,50220.77,False,A,203819,71.18,4.026,34000.98,79.5,69.24,8772.12,4937.68,138.3771935,8.953,50220.77,45877.05,45713.593212104926,45570.542757023766,52474.520432655925,45692.753647416124,49986.766161318024
24,72,2012-09-07,47420.24,True,A,203819,72.81,4.076,15092.87,60.92,89.01,2756.36,4563.61,138.4729355,8.953,47420.24,54242.46,45713.593212104926,45570.54275695739,54427.749637200206,45690.854589698036,56628.35151459799
24,72,2012-09-14,47989.31,False,A,203819,64.28,4.088,8179.55,1.0,30.77,1838.92,3353.34,138.5673,8.953,47989.31,47526.06,45713.593212104926,45570.54275690249,56378.48496127832,45690.577563721716,51992.67449598538
24,72,2012-09-21,46718.6,False,A,203819,61.25,4.203,11768.07,1.91,56.98,873.12,6190.47,138.6534,8.953,46718.6,48526.89,45713.593212104926,45570.54275685709,43707.09848933193,45690.53715242151,50195.26326059622
24,72,2012-09-28,55436.45,False,A,203819,58.86,4.158,11941.13,15.28,21.76,984.11,7013.13,138.7395,8.953,55436.45,45015.8,45713.593212104926,45570.54275681954,41607.82931778956,45690.531257403265,47120.935460889705
24,72,2012-10-05,64742.75,False,A,203819,60.35,4.151,10349.0,0.0,16.05,5824.86,2770.76,138.8256,8.693,64742.75,46693.91,45713.593212104926,45570.542756788476,43959.48163824044,45690.53039746459,48851.15374200861
24,72,2012-10-12,52430.69,False,A,203819,51.64,4.186,5138.51,0.0,141.88,407.81,3284.69,138.9117,8.693,52430.69,50442.52,45713.593212104926,45570.54275676279,51711.662999766406,45690.53027202061,53250.8466134758
24,72,2012-10-19,50482.07,False,A,203819,52.59,4.153,3446.7,0.0,101.0,111.46,5963.01,138.8336129,8.693,50482.07,67489.77,45713.593212104926,45570.542756741546,49847.46917852594,45690.53025372141,65790.31880065618
24,72,2012-10-26,47111.51,False,A,203819,55.16,4.071,10844.38,104.16,105.09,1795.68,3059.8,138.7281613,8.693,47111.51,50843.86,45713.593212104926,45570.54275672398,42059.088273325644,45690.530251052005,51574.94816121244
24,90,2012-08-10,80841.67,False,A,203819,75.53,3.863,37938.11,798.52,178.81,12823.7,5682.73,138.1437742,8.953,80841.67,79112.81,71880.34120642785,71520.51662607504,75643.32129973505,72279.62219761344,75518.15713948305
24,90,2012-08-17,72928.6,False,A,203819,72.87,3.963,4703.02,262.05,9.3,4744.01,1858.94,138.1857097,8.953,72928.6,73663.03,71880.34120642785,71515.60343909025,70882.75533852234,71878.38370282631,70498.08807353338
24,90,2012-08-24,70568.62,False,A,203819,68.13,3.997,8778.19,280.89,91.01,8868.81,3798.51,138.2814516,8.953,70568.62,78140.16,71880.34120642785,71511.67288950241,71681.38628864878,71822.87308404701,74040.22034384028
24,90,2012-08-31,70017.41,False,A,203819,71.18,4.026,34000.98,79.5,69.24,8772.12,4937.68,138.3771935,8.953,70017.41,64730.71,71880.34120642785,71508.52844983214,73975.9558618742,71815.1932905145,64443.383783413585
24,90,2012-09-07,82942.14,True,A,203819,72.81,4.076,15092.87,60.92,89.01,2756.36,4563.61,138.4729355,8.953,82942.14,87388.78,71880.34120642785,71506.01289809593,82282.30241738944,71814.13080499372,83172.70268551618
24,90,2012-09-14,74787.14,False,A,203819,64.28,4.088,8179.55,1.0,30.77,1838.92,3353.34,138.5673,8.953,74787.14,71708.44,71880.34120642785,71504.00045670696,71726.98377799723,71813.98381204696,69260.92537533963
24,90,2012-09-21,74192.53,False,A,203819,61.25,4.203,11768.07,1.91,56.98,873.12,6190.47,138.6534,8.953,74192.53,69533.74,71880.34120642785,71502.39050359577,67368.29758538917,71813.9634758391,66749.32820054438
24,90,2012-09-28,74304.65,False,A,203819,58.86,4.158,11941.13,15.28,21.76,984.11,7013.13,138.7395,8.953,74304.65,72853.84,71880.34120642785,71501.10254110683,69261.5581797089,71813.9606623616,69632.6430750666
24,90,2012-10-05,85116.43,False,A,203819,60.35,4.151,10349.0,0.0,16.05,5824.86,2770.76,138.8256,8.693,85116.43,80857.32,71880.34120642785,71500.07217111568,79573.51071264138,71813.96027312208,77747.74232693987
24,90,2012-10-12,83989.04,False,A,203819,51.64,4.186,5138.51,0.0,141.88,407.81,3284.69,138.9117,8.693,83989.04,75336.25,71880.34120642785,71499.24787512275,72151.89490527121,71813.9602192715,72116.93897074621
24,90,2012-10-19,75301.99,False,A,203819,52.59,4.153,3446.7,0.0,101.0,111.46,5963.01,138.8336129,8.693,75301.99,70878.92,71880.34120642785,71498.58843832841,69027.56870305011,71813.96021182137,68163.89925798288
24,90,2012-10-26,78170.17,False,A,203819,55.16,4.071,10844.38,104.16,105.09,1795.68,3059.8,138.7281613,8.693,78170.17,74241.32,71880.34120642785,71498.06088889294,70436.23092831192,71813.96021079065,71004.98488338749
24,91,2012-08-10,60048.04,False,A,203819,75.53,3.863,37938.11,798.52,178.81,12823.7,5682.73,138.1437742,8.953,60048.04,54143.29,51674.88196683499,52137.59169641118,53575.23309448497,52259.9465740327,54068.69919090651
24,91,2012-08-17,50020.14,False,A,203819,72.87,3.963,4703.02,262.05,9.3,4744.01,1858.94,138.1857097,8.953,50020.14,47899.43,51674.88196683499,52137.59169641088,47458.72401715178,52008.45622022517,47642.994431660736
24,91,2012-08-24,44999.21,False,A,203819,68.13,3.997,8778.19,280.89,91.01,8868.81,3798.51,138.2814516,8.953,44999.21,47133.62,51674.88196683499,52137.59169641063,46509.264227574495,51944.96714630679,46985.16122874414
24,91,2012-08-31,46180.34,False,A,203819,71.18,4.026,34000.98,79.5,69.24,8772.12,4937.68,138.3771935,8.953,46180.34,43507.1,51674.88196683499,52137.59169641044,48390.93998278118,51928.93924525219,43942.66948322355
24,91,2012-09-07,60401.49,True,A,203819,72.81,4.076,15092.87,60.92,89.01,2756.36,4563.61,138.4729355,8.953,60401.49,62911.46,51674.88196683499,52137.59169641028,56670.05083825889,51924.89298033823,62079.98734074274
24,91,2012-09-14,53283.48,False,A,203819,64.28,4.088,8179.55,1.0,30.77,1838.92,3353.34,138.5673,8.953,53283.48,49765.88,51674.88196683499,52137.591696410156,48961.57628574329,51923.87149538532,49613.121220032495
24,91,2012-09-21,48720.42,False,A,203819,61.25,4.203,11768.07,1.91,56.98,873.12,6190.47,138.6534,8.953,48720.42,49160.07,51674.88196683499,52137.59169641006,44992.88602576072,51923.61362015193,48678.3751626071
24,91,2012-09-28,47764.52,False,A,203819,58.86,4.158,11941.13,15.28,21.76,984.11,7013.13,138.7395,8.953,47764.52,48326.66,51674.88196683499,52137.59169640998,46116.42195348521,51923.548519206684,48062.249257766656
24,91,2012-10-05,59592.41,False,A,203819,60.35,4.151,10349.0,0.0,16.05,5824.86,2770.76,138.8256,8.693,59592.41,58123.94,51674.88196683499,52137.591696409916,58281.36119628041,51923.53208438657,58033.33450885418
24,91,2012-10-12,58780.67,False,A,203819,51.64,4.186,5138.51,0.0,141.88,407.81,3284.69,138.9117,8.693,58780.67,53661.34,51674.88196683499,52137.591696409865,50759.61558805966,51923.5279353944,53302.33320059504
24,91,2012-10-19,49822.12,False,A,203819,52.59,4.153,3446.7,0.0,101.0,111.46,5963.01,138.8336129,8.693,49822.12,47890.28,51674.88196683499,52137.59169640982,47704.04838318147,51923.526887975815,47859.503453686804
24,91,2012-10-26,49890.67,False,A,203819,55.16,4.071,10844.38,104.16,105.09,1795.68,3059.8,138.7281613,8.693,49890.67,49241.62,51674.88196683499,52137.59169640979,44715.993015893044,51923.526623553604,48756.00123535105
24,92,2012-08-10,147557.68,False,A,203819,75.53,3.863,37938.11,798.52,178.81,12823.7,5682.73,138.1437742,8.953,147557.68,130071.33,123628.19546831958,123789.15827161027,129199.70529883425,124624.51235192527,133168.30701385383
24,92,2012-08-17,120974.69,False,A,203819,72.87,3.963,4703.02,262.05,9.3,4744.01,1858.94,138.1857097,8.953,120974.69,117698.15,123628.19546831958,123803.92646693003,117228.85576864137,124038.64922325067,120728.08005521107
24,92,2012-08-24,114312.22,False,A,203819,68.13,3.997,8778.19,280.89,91.01,8868.81,3798.51,138.2814516,8.953,114312.22,128637.75,123628.19546831958,123815.74102318585,119453.7549700138,123994.9737789372,131035.0863439762
24,92,2012-08-31,114999.79,False,A,203819,71.18,4.026,34000.98,79.5,69.24,8772.12,4937.68,138.3771935,8.953,114999.79,107542.08,123628.19546831958,123825.1926681905,125182.95125738501,123991.71782316423,111963.01526334892
24,92,2012-09-07,148160.88,True,A,203819,72.81,4.076,15092.87,60.92,89.01,2756.36,4563.61,138.4729355,8.953,148160.88,148125.22,123628.19546831958,123832.75398419423,145118.9425508309,123991.47509528448,150828.64490123416
24,92,2012-09-14,127620.98,False,A,203819,64.28,4.088,8179.55,1.0,30.77,1838.92,3353.34,138.5673,8.953,127620.98,113548.16,123628.19546831958,123838.80303699721,122602.216111276,123991.45700019113,117319.74684904164
24,92,2012-09-21,122230.72,False,A,203819,61.25,4.203,11768.07,1.91,56.98,873.12,6190.47,138.6534,8.953,122230.72,116314.19,123628.19546831958,123843.64227923959,112936.18891864471,123991.45565122206,119182.03999727729
24,92,2012-09-28,123594.9,False,A,203819,58.86,4.158,11941.13,15.28,21.76,984.11,7013.13,138.7395,8.953,123594.9,116140.3,123628.19546831958,123847.51367303349,118443.42035731442,123991.45555065792,119406.64383627618
24,92,2012-10-05,150026.37,False,A,203819,60.35,4.151,10349.0,0.0,16.05,5824.86,2770.76,138.8256,8.693,150026.37,147637.35,123628.19546831958,123850.61078806862,146842.4426858877,123991.45554316098,150496.1238342812
24,92,2012-10-12,146764.4,False,A,203819,51.64,4.186,5138.51,0.0,141.88,407.81,3284.69,138.9117,8.693,146764.4,128260.15,123628.19546831958,123853.08848009672,124547.60224492912,123991.45554260208,131035.95031463222
24,92,2012-10-19,126124.97,False,A,203819,52.59,4.153,3446.7,0.0,101.0,111.46,5963.01,138.8336129,8.693,126124.97,118740.86,123628.19546831958,123855.0706337192,120455.30027843508,123991.45554256042,121970.40944118299
24,92,2012-10-26,134136.75,False,A,203819,55.16,4.071,10844.38,104.16,105.09,1795.68,3059.8,138.7281613,8.693,134136.75,123905.76,123628.19546831958,123856.65635661718,117418.766288186,123991.45554255732,126517.07237408153
24,94,2012-08-10,61468.08,False,A,203819,75.53,3.863,37938.11,798.52,178.81,12823.7,5682.73,138.1437742,8.953,61468.08,58691.05,60870.73710814149,61032.626996512525,57997.54039471741,60243.48074587253,56669.03249960589
24,94,2012-08-17,53829.43,False,A,203819,72.87,3.963,4703.02,262.05,9.3,4744.01,1858.94,138.1857097,8.953,53829.43,55210.75,60870.73710814149,61093.571644318035,53773.881751830704,60434.41821625658,53128.64517884897
24,94,2012-08-24,50444.68,False,A,203819,68.13,3.997,8778.19,280.89,91.01,8868.81,3798.51,138.2814516,8.953,50444.68,53521.65,60870.73710814149,61154.211568884515,50301.35348225295,60465.42521122106,51150.55128439008
24,94,2012-08-31,48704.36,False,A,203819,71.18,4.026,34000.98,79.5,69.24,8772.12,4937.68,138.3771935,8.953,48704.36,44994.21,60870.73710814149,61214.54829382817,50672.96070318921,60470.46054417479,45339.516772331306
24,94,2012-09-07,53623.52,True,A,203819,72.81,4.076,15092.87,60.92,89.01,2756.36,4563.61,138.4729355,8.953,53623.52,55961.9,60870.73710814149,61274.5833351471,54122.54206540528,60471.27824927598,53770.862704591724
24,94,2012-09-14,47050.75,False,A,203819,64.28,4.088,8179.55,1.0,30.77,1838.92,3353.34,138.5673,8.953,47050.75,44872.69,60870.73710814149,61334.31820125943,44614.18368608196,60471.41103923022,43794.86226991905
24,94,2012-09-21,45086.67,False,A,203819,61.25,4.203,11768.07,1.91,56.98,873.12,6190.47,138.6534,8.953,45086.67,42789.17,60870.73710814149,61393.754393041214,42903.01880751805,60471.4326034493,41940.259536305166
24,94,2012-09-28,46626.16,False,A,203819,58.86,4.158,11941.13,15.28,21.76,984.11,7013.13,138.7395,8.953,46626.16,45048.75,60870.73710814149,61452.89340386408,44701.5135718715,60471.43610533728,43938.04439394939
24,94,2012-10-05,50826.45,False,A,203819,60.35,4.151,10349.0,0.0,16.05,5824.86,2770.76,138.8256,8.693,50826.45,48932.59,60870.73710814149,61511.73671963283,49352.265899256075,60471.43667402096,47750.0067844158
24,94,2012-10-12,49200.29,False,A,203819,51.64,4.186,5138.51,0.0,141.88,407.81,3284.69,138.9117,8.693,49200.29,46877.68,60870.73710814149,61570.28581882274,43829.16122384429,60471.436766371466,44996.07395089173
24,94,2012-10-19,46564.79,False,A,203819,52.59,4.153,3446.7,0.0,101.0,111.46,5963.01,138.8336129,8.693,46564.79,43942.7,60870.73710814149,61628.542172516696,42877.50130147795,60471.43678136858,42745.36722378498
24,94,2012-10-26,47756.14,False,A,203819,55.16,4.071,10844.38,104.16,105.09,1795.68,3059.8,138.7281613,8.693,47756.14,43902.59,60870.73710814149,61686.50724444218,44658.766893487205,60471.43678380401,43164.13691295416
24,95,2012-08-10,118515.97,False,A,203819,75.53,3.863,37938.11,798.52,178.81,12823.7,5682.73,138.1437742,8.953,118515.97,110381.64,109749.86239968368,109908.10997378077,107802.48924518569,110832.38514610734,105840.37358221778
24,95,2012-08-17,101827.34,False,A,203819,72.87,3.963,4703.02,262.05,9.3,4744.01,1858.94,138.1857097,8.953,101827.34,95979.25,109749.86239968368,109973.26529642094,98454.5251273848,110499.753961499,95180.17349604965
24,95,2012-08-24,94025.93,False,A,203819,68.13,3.997,8778.19,280.89,91.01,8868.81,3798.51,138.2814516,8.953,94025.93,109276.85,109749.86239968368,110038.09484244791,91045.76310265056,110389.35607569103,100531.8092719944
24,95,2012-08-31,93379.62,False,A,203819,71.18,4.026,34000.98,79.5,69.24,8772.12,4937.68,138.3771935,8.953,93379.62,94955.44,109749.86239968368,110102.60024074475,100317.5236576666,110352.71581538225,95019.51702260668
24,95,2012-09-07,111886.77,True,A,203819,72.81,4.076,15092.87,60.92,89.01,2756.36,4563.61,138.4729355,8.953,111886.77,106204.69,109749.86239968368,110166.7831120501,105517.47928550375,110340.55517783317,103048.02725244751
24,95,2012-09-14,94513.81,False,A,203819,64.28,4.088,8179.55,1.0,30.77,1838.92,3353.34,138.5673,8.953,94513.81,86752.78,109749.86239968368,110230.64506899894,85473.82383949892,110336.51915013157,85782.81135826997
24,95,2012-09-21,90351.01,False,A,203819,61.25,4.203,11768.07,1.91,56.98,873.12,6190.47,138.6534,8.953,90351.01,84505.96,109749.86239968368,110294.18771616303,81858.15357169085,110335.1796217111,83370.23808515757
24,95,2012-09-28,86208.19,False,A,203819,58.86,4.158,11941.13,15.28,21.76,984.11,7013.13,138.7395,8.953,86208.19,88044.7,109749.86239968368,110357.41265009128,83637.23124887014,110334.73504191087,85936.80692902027
24,95,2012-10-05,96309.3,False,A,203819,60.35,4.151,10349.0,0.0,16.05,5824.86,2770.76,138.8256,8.693,96309.3,94804.34,109749.86239968368,110420.32145934991,96100.13005190917,110334.58748908874,93550.32381728226
24,95,2012-10-12,94234.1,False,A,203819,51.64,4.186,5138.51,0.0,141.88,407.81,3284.69,138.9117,8.693,94234.1,91542.0,109749.86239968368,110482.91572456223,88845.37328782569,110334.53851737363,89495.1039026323
24,95,2012-10-19,84716.46,False,A,203819,52.59,4.153,3446.7,0.0,101.0,111.46,5963.01,138.8336129,8.693,84716.46,81165.14,109749.86239968368,110545.1970184485,81153.6459865529,110334.52226401537,81165.46344541541
24,95,2012-10-26,90839.46,False,A,203819,55.16,4.071,10844.38,104.16,105.09,1795.68,3059.8,138.7281613,8.693,90839.46,83318.53,109749.86239968368,110607.16690586534,80180.23752095675,110334.51686964324,82097.17520685337
25,38,2012-08-10,37679.63,False,B,128107,71.93,3.722,21796.09,67.99,5.1,14696.25,3555.23,214.7484595,7.28,37679.63,50600.89,42563.481807331955,42255.31511853472,40960.635098949984,41834.28439663682,41715.71432072686
25,38,2012-08-17,45148.5,False,B,128107,66.99,3.807,7258.16,2.2,0.6,4015.19,780.22,214.825578,7.28,45148.5,47252.25,42563.481807331955,42241.34388079719,40877.28214222381,41790.72999646609,41859.086203207036
25,38,2012-08-24,40631.26,False,B,128107,64.53,3.834,7693.13,69.6,50.0,2360.4,3561.61,214.9567044,7.28,40631.26,52833.19,42563.481807331955,42230.166890607165,39919.79822403209,41789.46921040362,42690.54935952221
25,38,2012-08-31,43704.97,False,B,128107,68.55,3.867,11407.22,15.4,68.64,3827.68,2540.33,215.0878309,7.28,43704.97,48333.02,42563.481807331955,42221.22529845514,41914.45734990752,41789.43271394198,42445.56565576249
25,38,2012-09-07,40868.85,True,B,128107,72.79,3.911,15308.07,0.0,22.06,5643.24,1903.09,215.2189573,7.28,40868.85,42301.16,42563.481807331955,42214.07202473352,39172.03673787483,41789.43165746479,38882.199774118904
25,38,2012-09-14,44246.04,False,B,128107,60.9,3.948,6748.95,0.0,3.15,968.4,6124.49,215.3583757,7.28,44246.04,41345.84,42563.481807331955,42208.34940575623,35788.73997973083,41789.431626882535,37031.71925812014
25,38,2012-09-21,48607.15,False,B,128107,57.6,4.038,7709.27,17.82,61.88,802.77,8294.38,215.5475459,7.28,48607.15,38238.66,42563.481807331955,42203.7713105744,35611.0113861711,41789.43162599726,35820.77482068861
25,38,2012-09-28,39802.52,False,B,128107,54.52,3.997,5110.78,11.0,10.66,149.01,3098.09,215.7367162,7.28,39802.52,42048.87,42563.481807331955,42200.108834428924,35212.85635564716,41789.431625971636,36997.770916625675
25,38,2012-10-05,42086.59,False,B,128107,57.58,3.985,5884.18,0.0,3.27,3357.56,1343.85,215.9258865,7.293,42086.59,50381.85,42563.481807331955,42197.17885351255,45451.74194739115,41789.431625970894,44746.643584212594
25,38,2012-10-12,35930.42,False,B,128107,43.74,4.0,4284.26,0.0,11.59,1227.84,1959.27,216.1150568,7.293,35930.42,55204.31,42563.481807331955,42194.83486877945,40965.33809449578,41789.43162597087,44297.147093343825
25,38,2012-10-19,42609.35,False,B,128107,51.93,3.969,3121.82,0.0,21.48,136.45,3412.8,216.1464699,7.293,42609.35,43643.42,42563.481807331955,42192.95968099297,38620.649151421036,41789.43162597087,39140.52180310875
25,38,2012-10-26,37972.24,False,B,128107,56.69,3.882,4805.66,84.19,0.0,1073.49,730.76,216.1515902,7.293,37972.24,39672.47,42563.481807331955,42191.45953076379,35369.79677996122,41789.43162597087,36210.827608415086
25,40,2012-08-10,43856.13,False,B,128107,71.93,3.722,21796.09,67.99,5.1,14696.25,3555.23,214.7484595,7.28,43856.13,37986.06,43623.18287877435,43648.261393991466,42586.94911332075,43464.20072088773,41380.39325087807
25,40,2012-08-17,45046.43,False,B,128107,66.99,3.807,7258.16,2.2,0.6,4015.19,780.22,214.825578,7.28,45046.43,42896.16,43623.18287877435,43648.964897198646,45907.59800791579,43734.896917143604,45341.80585959653
25,40,2012-08-24,46349.5,False,B,128107,64.53,3.834,7693.13,69.6,50.0,2360.4,3561.61,214.9567044,7.28,46349.5,42199.68,43623.18287877435,43649.52769976439,45460.813745081556,43600.10821904391,44831.34330248138
25,40,2012-08-31,45105.42,False,B,128107,68.55,3.867,11407.22,15.4,68.64,3827.68,2540.33,215.0878309,7.28,45105.42,42636.54,43623.18287877435,43649.97794181698,45636.95955975073,43667.224024092895,45120.7788447212
25,40,2012-09-07,45528.6,True,B,128107,72.79,3.911,15308.07,0.0,22.06,5643.24,1903.09,215.2189573,7.28,45528.6,40837.04,43623.18287877435,43650.33813545905,44566.20933451933,43633.80481795113,43654.61037046535
25,40,2012-09-14,44391.97,False,B,128107,60.9,3.948,6748.95,0.0,3.15,968.4,6124.49,215.3583757,7.28,44391.97,39988.72,43623.18287877435,43650.62629037272,44328.880495676116,43650.44535944997,43030.63764159561
25,40,2012-09-21,43176.97,False,B,128107,57.6,4.038,7709.27,17.82,61.88,802.77,8294.38,215.5475459,7.28,43176.97,41570.19,43623.18287877435,43650.85681430365,44326.41569242826,43642.15947676922,44023.68311935129
25,40,2012-09-28,44633.43,False,B,128107,54.52,3.997,5110.78,11.0,10.66,149.01,3098.09,215.7367162,7.28,44633.43,39177.88,43623.18287877435,43651.041233448384,43387.50949599919,43646.285295139016,42217.147154288825
25,40,2012-10-05,43550.74,False,B,128107,57.58,3.985,5884.18,0.0,3.27,3357.56,1343.85,215.9258865,7.293,43550.74,42653.02,43623.18287877435,43651.18876876418,44184.168519732455,43644.230912054394,44652.41594378344
25,40,2012-10-12,44089.7,False,B,128107,43.74,4.0,4284.26,0.0,11.59,1227.84,1959.27,216.1150568,7.293,44089.7,37500.99,43623.18287877435,43651.30679701681,41168.241424129614,43645.253858165954,40462.89869796527
25,40,2012-10-19,41693.07,False,B,128107,51.93,3.969,3121.82,0.0,21.48,136.45,3412.8,216.1464699,7.293,41693.07,41935.62,43623.18287877435,43651.40121961892,44444.07297882652,43644.74449905226,44289.60573641299
25,40,2012-10-26,42616.74,False,B,128107,56.69,3.882,4805.66,84.19,0.0,1073.49,730.76,216.1515902,7.293,42616.74,41620.05,43623.18287877435,43651.476757700606,43904.19837550533,43644.99812600657,43934.631823643474
25,95,2012-08-10,47668.75,False,B,128107,71.93,3.722,21796.09,67.99,5.1,14696.25,3555.23,214.7484595,7.28,47668.75,43912.58,48863.24212086093,48958.260549739236,48934.81407230009,48668.31811598643,47850.92777804641
25,95,2012-08-17,48220.58,False,B,128107,66.99,3.807,7258.16,2.2,0.6,4015.19,780.22,214.825578,7.28,48220.58,44294.62,48863.24212086093,48998.237815619716,48411.56893597699,48656.44149141818,48116.504744230944
25,95,2012-08-24,49471.69,False,B,128107,64.53,3.834,7693.13,69.6,50.0,2360.4,3561.61,214.9567044,7.28,49471.69,46946.93,48863.24212086093,49038.015195170796,50166.08992824099,48656.021089000766,50139.11769587381
25,95,2012-08-31,49446.23,False,B,128107,68.55,3.867,11407.22,15.4,68.64,3827.68,2540.33,215.0878309,7.28,49446.23,50094.57,48863.24212086093,49077.59368782412,52510.13835628165,48656.00620782038,52712.52953912094
25,95,2012-09-07,46179.01,True,B,128107,72.79,3.911,15308.07,0.0,22.06,5643.24,1903.09,215.2189573,7.28,46179.01,46614.53,48863.24212086093,49116.97428801418,45830.21551537275,48656.0056810643,48527.872312684725
25,95,2012-09-14,44394.45,False,B,128107,60.9,3.948,6748.95,0.0,3.15,968.4,6124.49,215.3583757,7.28,44394.45,42963.91,48863.24212086093,49156.15798520329,43826.46228000254,48656.00566241847,45837.47428790715
25,95,2012-09-21,44101.39,False,B,128107,57.6,4.038,7709.27,17.82,61.88,802.77,8294.38,215.5475459,7.28,44101.39,41625.38,48863.24212086093,49195.14576390645,43521.110034462596,48656.005661758456,44983.08573749889
25,95,2012-09-28,43189.51,False,B,128107,54.52,3.997,5110.78,11.0,10.66,149.01,3098.09,215.7367162,7.28,43189.51,41784.76,48863.24212086093,49233.938603716095,42990.04025309621,48656.00566173509,44870.39412451656
25,95,2012-10-05,45485.83,False,B,128107,57.58,3.985,5884.18,0.0,3.27,3357.56,1343.85,215.9258865,7.293,45485.83,40720.36,48863.24212086093,49272.5374793267,42513.92020937291,48656.00566173426,44109.24180069326
25,95,2012-10-12,45259.79,False,B,128107,43.74,4.0,4284.26,0.0,11.59,1227.84,1959.27,216.1150568,7.293,45259.79,41979.58,48863.24212086093,49310.943360559235,41133.6571223169,48656.005661734234,44305.53587530798
25,95,2012-10-19,46216.71,False,B,128107,51.93,3.969,3121.82,0.0,21.48,136.45,3412.8,216.1464699,7.293,46216.71,42896.05,48863.24212086093,49349.15721238562,44301.82159426246,48656.005661734234,45852.13574692511
25,95,2012-10-26,45344.8,False,B,128107,56.69,3.882,4805.66,84.19,0.0,1073.49,730.76,216.1515902,7.293,45344.8,44165.53,48863.24212086093,49387.17999495287,45717.55204156831,48656.005661734234,46962.88839977412
26,38,2012-08-10,99630.5,False,A,152513,67.01,3.772,5732.23,17.6,6.45,1524.63,2439.95,138.1437742,7.405,99630.5,114178.37,103889.80245904205,103919.18429077209,107909.80939797449,103726.53398097855,118965.73430998357
26,38,2012-08-17,89179.0,False,A,152513,65.54,3.84,2430.95,16.0,5.54,829.7,3038.77,138.1857097,7.405,89179.0,97079.04,103889.80245904205,103919.18429077217,102544.03010205382,103106.81571614802,105077.37242889422
26,38,2012-08-24,100466.97,False,A,152513,62.08,3.874,4507.08,33.6,149.46,1866.46,4685.63,138.2814516,7.405,100466.97,105054.4,103889.80245904205,103919.18429077226,100464.06117418861,103052.69865234155,110728.60505855824
26,38,2012-08-31,101800.54,False,A,152513,63.69,3.884,13118.17,3.4,86.31,2176.09,2555.38,138.3771935,7.405,101800.54,120479.52,103889.80245904205,103919.18429077232,115726.01703739516,103047.97286521982,125644.22877999068
26,38,2012-09-07,92455.36,True,A,152513,61.58,3.921,4133.77,6.0,72.78,526.42,3514.48,138.4729355,7.405,92455.36,93375.52,103889.80245904205,103919.18429077236,102096.76695604326,103047.56018459104,102139.42491003663
26,38,2012-09-14,96869.79,False,A,152513,57.69,3.988,7606.73,0.0,22.66,368.91,9072.93,138.5673,7.405,96869.79,103304.77,103889.80245904205,103919.1842907724,106835.93309650835,103047.52414714437,110679.5536344872
26,38,2012-09-21,97836.24,False,A,152513,52.68,4.056,6916.18,3.82,0.0,228.31,7025.39,138.6534,7.405,97836.24,98813.48,103889.80245904205,103919.18429077243,96139.45822643541,103047.52100016468,105079.66265387638
26,38,2012-09-28,100603.81,False,A,152513,50.66,4.018,2409.15,7.64,0.22,1016.11,2465.17,138.7395,7.405,100603.81,118632.48,103889.80245904205,103919.18429077246,117067.64998588481,103047.52072535382,124501.47813633771
26,38,2012-10-05,116015.32,False,A,152513,54.07,4.027,3140.4,0.0,3.24,1333.43,3283.83,138.8256,7.138,116015.32,116288.16,103889.80245904205,103919.18429077248,112505.0011234597,103047.5207013559,121775.6682451187
26,38,2012-10-12,98631.39,False,A,152513,45.19,4.029,1269.8,0.0,15.38,317.73,7746.76,138.9117,7.138,98631.39,99322.83,103889.80245904205,103919.1842907725,98323.47063259018,103047.52069926028,105906.13831508583
26,38,2012-10-19,110440.94,False,A,152513,43.51,4.0,1697.09,0.0,2.64,106.35,2481.19,138.8336129,7.138,110440.94,104260.7,103889.80245904205,103919.18429077251,104417.8993941521,103047.52069907727,110916.35459500508
26,38,2012-10-26,86813.55,False,A,152513,46.95,3.917,1827.16,35.87,50.0,478.93,2088.65,138.7281613,7.138,86813.55,96023.87,103889.80245904205,103919.18429077252,104382.60307557334,103047.5206990613,104615.45202612453
26,72,2012-08-10,39054.34,False,A,152513,67.01,3.772,5732.23,17.6,6.45,1524.63,2439.95,138.1437742,7.405,39054.34,42877.92,36996.94280857827,36854.65785324887,38247.36078285544,36826.63816556065,41328.24027841212
26,72,2012-08-17,43759.44,False,A,152513,65.54,3.84,2430.95,16.0,5.54,829.7,3038.77,138.1857097,7.405,43759.44,40414.84,36996.94280857827,36854.65785296622,43182.7549489051,36851.98859657924,38759.19627124729
26,72,2012-08-24,36611.98,False,A,152513,62.08,3.874,4507.08,33.6,149.46,1866.46,4685.63,138.2814516,7.405,36611.98,49101.04,36996.94280857827,36854.65785273033,45375.73630800082,36854.409757692534,46409.387714708435
26,72,2012-08-31,30459.23,False,A,152513,63.69,3.884,13118.17,3.4,86.31,2176.09,2555.38,138.3771935,7.405,30459.23,38160.81,36996.94280857827,36854.65785253346,50760.1376463282,36854.64099719818,39186.19163953974
26,72,2012-09-07,36374.11,True,A,152513,61.58,3.921,4133.77,6.0,72.78,526.42,3514.48,138.4729355,7.405,36374.11,41141.15,36996.94280857827,36854.65785236917,37977.682431397785,36854.66308234925,38803.92412761741
26,72,2012-09-14,44645.36,False,A,152513,57.69,3.988,7606.73,0.0,22.66,368.91,9072.93,138.5673,7.405,44645.36,40226.81,36996.94280857827,36854.657852232056,37186.353395606675,36854.66519165102,37854.37109523913
26,72,2012-09-21,36254.0,False,A,152513,52.68,4.056,6916.18,3.82,0.0,228.31,7025.39,138.6534,7.405,36254.0,30718.01,36996.94280857827,36854.65785211762,27504.22280488182,36854.66539310556,28891.189662783807
26,72,2012-09-28,43240.74,False,A,152513,50.66,4.018,2409.15,7.64,0.22,1016.11,2465.17,138.7395,7.405,43240.74,39518.88,36996.94280857827,36854.65785202212,37439.441869938826,36854.66541234602,37374.43908963504
26,72,2012-10-05,49149.35,False,A,152513,54.07,4.027,3140.4,0.0,3.24,1333.43,3283.83,138.8256,7.138,49149.35,44760.72,36996.94280857827,36854.65785194242,34991.4180690519,36854.665414183626,40658.7117376493
26,72,2012-10-12,37245.73,False,A,152513,45.19,4.029,1269.8,0.0,15.38,317.73,7746.76,138.9117,7.138,37245.73,37984.33,36996.94280857827,36854.657851875905,35345.72923658499,36854.66541435913,35792.1212876065
26,72,2012-10-19,33020.92,False,A,152513,43.51,4.0,1697.09,0.0,2.64,106.35,2481.19,138.8336129,7.138,33020.92,47323.44,36996.94280857827,36854.6578518204,39258.69521428853,36854.66541437589,43419.468389555295
26,72,2012-10-26,44430.12,False,A,152513,46.95,3.917,1827.16,35.87,50.0,478.93,2088.65,138.7281613,7.138,44430.12,43277.94,36996.94280857827,36854.65785177407,32862.43407569296,36854.665414377494,39087.42176638629
26,90,2012-08-10,67409.77,False,A,152513,67.01,3.772,5732.23,17.6,6.45,1524.63,2439.95,138.1437742,7.405,67409.77,64817.86,58522.40863205479,58414.86204118079,59004.67263335189,58546.11461603784,61496.647804562584
26,90,2012-08-17,60502.99,False,A,152513,65.54,3.84,2430.95,16.0,5.54,829.7,3038.77,138.1857097,7.405,60502.99,60640.11,58522.40863205479,58421.54785126949,57285.39571829885,58504.050778828845,56386.32212823686
26,90,2012-08-24,56528.17,False,A,152513,62.08,3.874,4507.08,33.6,149.46,1866.46,4685.63,138.2814516,7.405,56528.17,61677.18,58522.40863205479,58426.905930469504,57152.44531178357,58503.1203097499,57820.97645501119
26,90,2012-08-31,58691.28,False,A,152513,63.69,3.884,13118.17,3.4,86.31,2176.09,2555.38,138.3771935,7.405,58691.28,58413.05,58522.40863205479,58431.19995203649,58174.69728144111,58503.09972739783,54674.90068385918
26,90,2012-09-07,65441.65,True,A,152513,61.58,3.921,4133.77,6.0,72.78,526.42,3514.48,138.4729355,7.405,65441.65,68846.9,58522.40863205479,58434.641226517415,65194.68070382984,58503.09927210788,64899.97677393991
26,90,2012-09-14,56935.44,False,A,152513,57.69,3.988,7606.73,0.0,22.66,368.91,9072.93,138.5673,7.405,56935.44,58492.43,58522.40863205479,58437.39910042845,55541.987197464376,58503.09926203668,54616.735325098714
26,90,2012-09-21,57215.13,False,A,152513,52.68,4.056,6916.18,3.82,0.0,228.31,7025.39,138.6534,7.405,57215.13,56332.76,58522.40863205479,58439.609289865926,54704.821242621954,58503.0992618139,52580.573503453445
26,90,2012-09-28,56671.42,False,A,152513,50.66,4.018,2409.15,7.64,0.22,1016.11,2465.17,138.7395,7.405,56671.42,57500.97,58522.40863205479,58441.38055915056,56371.85277663226,58503.09926180897,53770.617842560576
26,90,2012-10-05,67366.28,False,A,152513,54.07,4.027,3140.4,0.0,3.24,1333.43,3283.83,138.8256,7.138,67366.28,70888.98,58522.40863205479,58442.80007316393,65368.71800587504,58503.099261808864,66779.85179155302
26,90,2012-10-12,65379.85,False,A,152513,45.19,4.029,1269.8,0.0,15.38,317.73,7746.76,138.9117,7.138,65379.85,61342.76,58522.40863205479,58443.937686767706,58709.35682772777,58503.099261808864,57494.40261069033
26,90,2012-10-19,58555.78,False,A,152513,43.51,4.0,1697.09,0.0,2.64,106.35,2481.19,138.8336129,7.138,58555.78,56110.02,58522.40863205479,58444.84938238981,56686.63253765158,58503.099261808864,52521.15680356394
26,90,2012-10-26,56582.33,False,A,152513,46.95,3.917,1827.16,35.87,50.0,478.93,2088.65,138.7281613,7.138,56582.33,56583.51,58522.40863205479,58445.58002494242,55171.68915461484,58503.099261808864,52851.107706853814
26,92,2012-08-10,111812.56,False,A,152513,67.01,3.772,5732.23,17.6,6.45,1524.63,2439.95,138.1437742,7.405,111812.56,93798.16,90004.31147871698,90238.93026312107,94359.53411229159,90142.67670700222,95764.60682013715
26,92,2012-08-17,93212.89,False,A,152513,65.54,3.84,2430.95,16.0,5.54,829.7,3038.77,138.1857097,7.405,93212.89,84216.4,90004.31147871698,90265.50794574976,91548.89319528882,90419.77209022493,83875.55638135238
26,92,2012-08-24,88145.09,False,A,152513,62.08,3.874,4507.08,33.6,149.46,1866.46,4685.63,138.2814516,7.405,88145.09,87235.57,90004.31147871698,90286.77009185271,92140.24636586371,90399.28268721863,88017.37757114618
26,92,2012-08-31,89760.87,False,A,152513,63.69,3.884,13118.17,3.4,86.31,2176.09,2555.38,138.3771935,7.405,89760.87,83393.48,90004.31147871698,90303.77980873508,89620.41187177035,90400.79774542953,83646.24903824592
26,92,2012-09-07,108022.43,True,A,152513,61.58,3.921,4133.77,6.0,72.78,526.42,3514.48,138.4729355,7.405,108022.43,103147.18,90004.31147871698,90317.38758224098,109750.17921964181,90400.68571671977,103661.23456739995
26,92,2012-09-14,88267.1,False,A,152513,57.69,3.988,7606.73,0.0,22.66,368.91,9072.93,138.5673,7.405,88267.1,82957.62,90004.31147871698,90328.27380104568,91328.50833165064,90400.6940005149,83428.8589642972
26,92,2012-09-21,88434.78,False,A,152513,52.68,4.056,6916.18,3.82,0.0,228.31,7025.39,138.6534,7.405,88434.78,80254.53,90004.31147871698,90336.98277608946,86015.85979839053,90400.69338798207,80702.17025158675
26,92,2012-09-28,87719.06,False,A,152513,50.66,4.018,2409.15,7.64,0.22,1016.11,2465.17,138.7395,7.405,87719.06,79311.99,90004.31147871698,90343.94995612447,86840.91951831899,90400.6934332749,79789.05682412274
26,92,2012-10-05,101551.43,False,A,152513,54.07,4.027,3140.4,0.0,3.24,1333.43,3283.83,138.8256,7.138,101551.43,110575.24,90004.31147871698,90349.52370015248,107391.79341198612,90400.69342992578,110667.33335444974
26,92,2012-10-12,100700.06,False,A,152513,45.19,4.029,1269.8,0.0,15.38,317.73,7746.76,138.9117,7.138,100700.06,88398.33,90004.31147871698,90353.98269537489,92961.65573508306,90400.69343017343,88775.60788297314
26,92,2012-10-19,89664.58,False,A,152513,43.51,4.0,1697.09,0.0,2.64,106.35,2481.19,138.8336129,7.138,89664.58,81041.07,90004.31147871698,90357.54989155282,88463.04619981955,90400.69343015512,81526.86667221643
26,92,2012-10-26,85968.84,False,A,152513,46.95,3.917,1827.16,35.87,50.0,478.93,2088.65,138.7281613,7.138,85968.84,81395.79,90004.31147871698,90360.40364849516,86933.02121333334,90400.69343015648,81814.61254435469
26,94,2012-08-10,50414.18,False,A,152513,67.01,3.772,5732.23,17.6,6.45,1524.63,2439.95,138.1437742,7.405,50414.18,48946.07,49889.379488002916,50373.83593162145,48008.53675401559,49323.20522455456,46736.135203712074
26,94,2012-08-17,44852.8,False,A,152513,65.54,3.84,2430.95,16.0,5.54,829.7,3038.77,138.1857097,7.405,44852.8,44005.07,49889.379488002916,49934.017133449626,44915.61471404894,49390.01486268961,42529.01940592731
26,94,2012-08-24,41938.38,False,A,152513,62.08,3.874,4507.08,33.6,149.46,1866.46,4685.63,138.2814516,7.405,41938.38,42874.99,49889.379488002916,49581.69778390947,40172.57970601958,49395.80935506154,40478.66124073114
26,94,2012-08-31,43873.28,False,A,152513,63.69,3.884,13118.17,3.4,86.31,2176.09,2555.38,138.3771935,7.405,43873.28,40663.22,49889.379488002916,49299.47036530809,41499.31981416068,49396.31191940383,39473.01373141423
26,94,2012-09-07,43402.06,True,A,152513,61.58,3.921,4133.77,6.0,72.78,526.42,3514.48,138.4729355,7.405,43402.06,41953.46,49889.379488002916,49073.39048660043,42810.40446954933,49396.355507504726,40646.84360380239
26,94,2012-09-14,39341.07,False,A,152513,57.69,3.988,7606.73,0.0,22.66,368.91,9072.93,138.5673,7.405,39341.07,35676.16,49889.379488002916,48892.287914037624,36428.96245329544,49396.35928796104,34757.198818730474
26,94,2012-09-21,36347.07,False,A,152513,52.68,4.056,6916.18,3.82,0.0,228.31,7025.39,138.6534,7.405,36347.07,33703.8,49889.379488002916,48747.21466834964,34972.906617377856,49396.35961584524,33045.35451110918
26,94,2012-09-28,38021.65,False,A,152513,50.66,4.018,2409.15,7.64,0.22,1016.11,2465.17,138.7395,7.405,38021.65,36714.65,49889.379488002916,48631.00291985474,35742.05954757742,49396.35964428309,35174.672592015464
26,94,2012-10-05,40494.15,False,A,152513,54.07,4.027,3140.4,0.0,3.24,1333.43,3283.83,138.8256,7.138,40494.15,40941.98,49889.379488002916,48537.9108378227,39513.51745303597,49396.359646749544,38984.62279247481
26,94,2012-10-12,42488.21,False,A,152513,45.19,4.029,1269.8,0.0,15.38,317.73,7746.76,138.9117,7.138,42488.21,37557.17,49889.379488002916,48463.33889609307,36430.095981413804,49396.359646963465,35940.35408384131
26,94,2012-10-19,37924.29,False,A,152513,43.51,4.0,1697.09,0.0,2.64,106.35,2481.19,138.8336129,7.138,37924.29,33697.9,49889.379488002916,48403.602618077355,34449.16958458712,49396.35964698202,32891.82632347364
26,94,2012-10-26,38364.02,False,A,152513,46.95,3.917,1827.16,35.87,50.0,478.93,2088.65,138.7281613,7.138,38364.02,33232.26,49889.379488002916,48355.7505328506,34966.923135496974,49396.35964698363,32713.830517499257
26,95,2012-08-10,92178.72,False,A,152513,67.01,3.772,5732.23,17.6,6.45,1524.63,2439.95,138.1437742,7.405,92178.72,82163.21,81989.56349059503,82210.21904313412,80866.46259631957,82102.73624611586,80175.75742667673
26,95,2012-08-17,82226.99,False,A,152513,65.54,3.84,2430.95,16.0,5.54,829.7,3038.77,138.1857097,7.405,82226.99,75138.96,81989.56349059503,82277.13902796357,78226.6412079613,82099.5160476229,74165.1626509836
26,95,2012-08-24,76238.31,False,A,152513,62.08,3.874,4507.08,33.6,149.46,1866.46,4685.63,138.2814516,7.405,76238.31,81138.15,81989.56349059503,82343.72441286889,74965.94520452207,82099.40165987954,77499.67671832847
26,95,2012-08-31,80671.45,False,A,152513,63.69,3.884,13118.17,3.4,86.31,2176.09,2555.38,138.3771935,7.405,80671.45,73806.8,81989.56349059503,82409.97687084968,78553.34911799929,82099.39759660336,73518.16954684084
26,95,2012-09-07,84199.4,True,A,152513,61.58,3.921,4133.77,6.0,72.78,526.42,3514.48,138.4729355,7.405,84199.4,79712.1,81989.56349059503,82475.89806654057,82402.82754705758,82099.39745226785,78607.36742527108
26,95,2012-09-14,70629.95,False,A,152513,57.69,3.988,7606.73,0.0,22.66,368.91,9072.93,138.5673,7.405,70629.95,68698.92,81989.56349059503,82541.48965625299,68775.69616392512,82099.39744714077,67329.9666782105
26,95,2012-09-21,68680.5,False,A,152513,52.68,4.056,6916.18,3.82,0.0,228.31,7025.39,138.6534,7.405,68680.5,65588.48,81989.56349059503,82606.75328801687,65682.80188275248,82099.39744695865,64367.927595428555
26,95,2012-09-28,67402.83,False,A,152513,50.66,4.018,2409.15,7.64,0.22,1016.11,2465.17,138.7395,7.405,67402.83,68011.96,81989.56349059503,82671.69060162191,65982.91415684667,82099.39744695218,66076.92543241385
26,95,2012-10-05,74239.01,False,A,152513,54.07,4.027,3140.4,0.0,3.24,1333.43,3283.83,138.8256,7.138,74239.01,78760.74,81989.56349059503,82736.30322865894,77735.43761853378,82099.39744695195,76627.59721844541
26,95,2012-10-12,72807.79,False,A,152513,45.19,4.029,1269.8,0.0,15.38,317.73,7746.76,138.9117,7.138,72807.79,70397.52,81989.56349059503,82800.59279256078,68806.16885118639,82099.39744695193,68484.86038294717
26,95,2012-10-19,66621.34,False,A,152513,43.51,4.0,1697.09,0.0,2.64,106.35,2481.19,138.8336129,7.138,66621.34,63006.98,81989.56349059503,82864.5609086431,63348.3349424375,82099.39744695193,61967.440622908645
26,95,2012-10-26,66967.51,False,A,152513,46.95,3.917,1827.16,35.87,50.0,478.93,2088.65,138.7281613,7.138,66967.51,63960.18,81989.56349059503,82928.20918414503,63876.36354812601,82099.39744695193,62746.62258803587
27,2,2012-08-10,85039.12,False,A,204184,78.44,3.863,5892.89,148.66,14.01,4147.47,5611.07,142.1705634,8.239,85039.12,85567.38,83518.49303428762,83565.79304778842,85588.03554092372,82961.46889636226,83470.3363065125
27,2,2012-08-17,90257.1,False,A,204184,76.51,3.963,4017.25,33.65,6.2,1753.64,6783.58,142.2157385,8.239,90257.1,89647.59,83518.49303428762,83565.80265394664,92189.28789516583,83084.69186199042,88043.40712376004
27,2,2012-08-24,91233.29,False,A,204184,72.93,3.997,4757.01,85.3,371.06,3090.86,8212.53,142.3105933,8.239,91233.29,93903.03,83518.49303428762,83565.81143877833,92680.97677654313,83097.60554927586,91150.9154204932
27,2,2012-08-31,82353.14,False,A,204184,75.0,4.026,25371.97,59.81,276.58,6582.38,5400.13,142.4054482,8.239,82353.14,67892.05,83518.49303428762,83565.81947250689,90695.57950659121,83098.95889537052,72037.61522576593
27,2,2012-09-07,86747.98,True,A,204184,76.0,4.076,18992.1,56.16,118.16,4511.15,7235.18,142.500303,8.239,86747.98,92638.15,83518.49303428762,83565.82681935167,85695.39936775203,83099.10072516797,88910.84903852924
27,2,2012-09-14,71725.18,False,A,204184,68.72,4.088,17121.4,17.82,18.5,2384.18,4270.34,142.5938833,8.239,71725.18,73017.65,83518.49303428762,83565.8335380412,73334.93204043443,83099.11558883922,72159.70418235858
27,2,2012-09-21,71622.76,False,A,204184,66.1,4.203,18287.65,63.82,677.64,6039.37,3359.1,142.6798167,8.239,71622.76,77269.33,83518.49303428762,83565.83968228278,74374.94853663967,83099.11714654238,75424.57274300422
27,2,2012-09-28,70231.41,False,A,204184,64.92,4.158,26306.03,39.82,55.24,11296.93,12954.12,142.76575,8.239,70231.41,72649.56,83518.49303428762,83565.8453011917,70618.3797001675,83099.11730978866,71275.44805575497
27,2,2012-10-05,71379.88,False,A,204184,64.5,4.151,16670.04,0.0,40.02,5385.32,6733.38,142.8516833,8.0,71379.88,75543.62,83518.49303428762,83565.8504396839,74892.67632764936,83099.11732689677,74231.26037877743
27,2,2012-10-12,76392.81,False,A,204184,55.4,4.186,2177.62,0.0,7.22,863.01,7931.82,142.9376167,8.0,76392.81,76909.5,83518.49303428762,83565.85513883502,77280.23408963117,83099.11732868968,75693.5744313097
27,2,2012-10-19,76631.7,False,A,204184,56.53,4.153,2639.32,0.0,4.77,575.48,3147.23,142.8633629,8.0,76631.7,75867.28,83518.49303428762,83565.85943620872,74863.15173031685,83099.11732887758,74424.73168406867
27,2,2012-10-26,76929.73,False,A,204184,58.99,4.071,7756.75,206.45,100.0,731.23,2174.84,142.7624113,8.0,76929.73,74604.93,83518.49303428762,83565.86336615695,74953.21983284387,83099.11732889726,73499.85139579012
27,4,2012-08-10,44012.63,False,A,204184,78.44,3.863,5892.89,148.66,14.01,4147.47,5611.07,142.1705634,8.239,44012.63,44991.28,43866.92022307991,43905.86386631741,44036.89938355651,43552.71406834985,42461.39428508646
27,4,2012-08-17,44049.35,False,A,204184,76.51,3.963,4017.25,33.65,6.2,1753.64,6783.58,142.2157385,8.239,44049.35,44879.78,43866.92022307991,43905.87016961247,44204.39295198212,43583.26796683405,42196.78602122711
27,4,2012-08-24,43864.95,False,A,204184,72.93,3.997,4757.01,85.3,371.06,3090.86,8212.53,142.3105933,8.239,43864.95,56085.26,43866.92022307991,43905.87594086433,45194.8187439085,43585.49150834138,49007.78615008732
27,4,2012-08-31,44999.97,False,A,204184,75.0,4.026,25371.97,59.81,276.58,6582.38,5400.13,142.4054482,8.239,44999.97,42349.13,43866.92022307991,43905.88122498125,49974.24492831204,43585.653325231535,42552.47449252552
27,4,2012-09-07,47948.69,True,A,204184,76.0,4.076,18992.1,56.16,118.16,4511.15,7235.18,142.500303,8.239,47948.69,50975.43,43866.92022307991,43905.88606308089,47279.62476845377,43585.665101357976,46707.94875027667
27,4,2012-09-14,38824.47,False,A,204184,68.72,4.088,17121.4,17.82,18.5,2384.18,4270.34,142.5938833,8.239,38824.47,43114.26,43866.92022307991,43905.890492810315,39843.023951750896,43585.66595835846,40054.83173138599
27,4,2012-09-21,37815.75,False,A,204184,66.1,4.203,18287.65,63.82,677.64,6039.37,3359.1,142.6798167,8.239,37815.75,42857.23,43866.92022307991,43905.894548638884,38120.716839937915,43585.66602072615,39380.82745378728
27,4,2012-09-28,38925.54,False,A,204184,64.92,4.158,26306.03,39.82,55.24,11296.93,12954.12,142.76575,8.239,38925.54,42035.92,43866.92022307991,43905.8982621265,36719.01643766119,43585.66602526492,38507.63457892078
27,4,2012-10-05,41205.53,False,A,204184,64.5,4.151,16670.04,0.0,40.02,5385.32,6733.38,142.8516833,8.0,41205.53,44395.02,43866.92022307991,43905.9016621692,41801.920028249704,43585.66602559523,41301.92389105314
27,4,2012-10-12,40099.02,False,A,204184,55.4,4.186,2177.62,0.0,7.22,863.01,7931.82,142.9376167,8.0,40099.02,40972.94,43866.92022307991,43905.904775223964,39470.572451960645,43585.66602561927,38676.74092633765
27,4,2012-10-19,38917.3,False,A,204184,56.53,4.153,2639.32,0.0,4.77,575.48,3147.23,142.8633629,8.0,38917.3,40065.34,43866.92022307991,43905.907625514636,38800.37943401685,43585.666025621016,37940.43572658321
27,4,2012-10-26,43600.31,False,A,204184,58.99,4.071,7756.75,206.45,100.0,731.23,2174.84,142.7624113,8.0,43600.31,42186.08,43866.92022307991,43905.910235220384,38489.592038850256,43585.66602562114,39046.30296418924
27,7,2012-08-10,35021.6,False,A,204184,78.44,3.863,5892.89,148.66,14.01,4147.47,5611.07,142.1705634,8.239,35021.6,32608.79,30960.62992062081,30966.545318432647,34610.95061219069,34934.49928814776,27350.235578667132
27,7,2012-08-17,30120.03,False,A,204184,76.51,3.963,4017.25,33.65,6.2,1753.64,6783.58,142.2157385,8.239,30120.03,27919.46,30960.62992062081,30966.545338218202,33867.772052490334,38052.74314982847,23808.14673827801
27,7,2012-08-24,30422.28,False,A,204184,72.93,3.997,4757.01,85.3,371.06,3090.86,8212.53,142.3105933,8.239,30422.28,32988.48,30960.62992062081,30966.545355324313,31306.564499592714,40026.19745695258,26705.737196995255
27,7,2012-08-31,28702.93,False,A,204184,75.0,4.026,25371.97,59.81,276.58,6582.38,5400.13,142.4054482,8.239,28702.93,26345.52,30960.62992062081,30966.545370113843,29384.133737162585,41275.14464487635,21657.96364741483
27,7,2012-09-07,28965.13,True,A,204184,76.0,4.076,18992.1,56.16,118.16,4511.15,7235.18,142.500303,8.239,28965.13,31475.49,30960.62992062081,30966.545382900513,30899.658338550675,42065.57038343621,25581.955564553697
27,7,2012-09-14,25849.91,False,A,204184,68.72,4.088,17121.4,17.82,18.5,2384.18,4270.34,142.5938833,8.239,25849.91,25960.2,30960.62992062081,30966.545393955555,25068.91305644021,42565.80998861639,20305.750654042266
27,7,2012-09-21,32355.93,False,A,204184,66.1,4.203,18287.65,63.82,677.64,6039.37,3359.1,142.6798167,8.239,32355.93,24329.34,30960.62992062081,30966.54540351348,25757.6709036459,42882.39844263961,19318.506494053825
27,7,2012-09-28,28920.08,False,A,204184,64.92,4.158,26306.03,39.82,55.24,11296.93,12954.12,142.76575,8.239,28920.08,27175.32,30960.62992062081,30966.545411777028,25282.020732130783,43082.75892626168,21105.5918946308
27,7,2012-10-05,31176.47,False,A,204184,64.5,4.151,16670.04,0.0,40.02,5385.32,6733.38,142.8516833,8.0,31176.47,30185.25,30960.62992062081,30966.545418921494,26829.219113480427,43209.561792528955,23510.980049057518
27,7,2012-10-12,29445.27,False,A,204184,55.4,4.186,2177.62,0.0,7.22,863.01,7931.82,142.9376167,8.0,29445.27,30016.98,30960.62992062081,30966.545425098426,29352.655145771958,43289.811982600986,24000.035045614186
27,7,2012-10-19,28530.84,False,A,204184,56.53,4.153,2639.32,0.0,4.77,575.48,3147.23,142.8633629,8.0,28530.84,36947.78,30960.62992062081,30966.54543043885,30250.22720057355,43340.60021157542,29040.345999383662
27,7,2012-10-26,33897.78,False,A,204184,58.99,4.071,7756.75,206.45,100.0,731.23,2174.84,142.7624113,8.0,33897.78,33886.39,30960.62992062081,30966.545435056054,30301.351184502746,43372.74274232887,26971.250159468727
27,8,2012-08-10,41781.36,False,A,204184,78.44,3.863,5892.89,148.66,14.01,4147.47,5611.07,142.1705634,8.239,41781.36,41271.68,40337.37948235685,40594.18655699328,41207.80925646525,40329.6497715781,40082.72921702945
27,8,2012-08-17,41891.28,False,A,204184,76.51,3.963,4017.25,33.65,6.2,1753.64,6783.58,142.2157385,8.239,41891.28,42470.66,40337.37948235685,40578.695220629685,42162.411571010634,40178.92710783196,41151.62609034592
27,8,2012-08-24,41191.89,False,A,204184,72.93,3.997,4757.01,85.3,371.06,3090.86,8212.53,142.3105933,8.239,41191.89,47219.3,40337.37948235685,40563.281340947906,40968.74810905429,40148.63614359657,43118.67686925072
27,8,2012-08-31,42111.42,False,A,204184,75.0,4.026,25371.97,59.81,276.58,6582.38,5400.13,142.4054482,8.239,42111.42,33918.68,40337.37948235685,40547.944530664536,41817.983125601786,40142.548522189776,36746.13530654138
27,8,2012-09-07,44085.59,True,A,204184,76.0,4.076,18992.1,56.16,118.16,4511.15,7235.18,142.500303,8.239,44085.59,41450.7,40337.37948235685,40532.68440443258,42251.65550090009,40141.32508360577,40662.98131291801
27,8,2012-09-14,39967.33,False,A,204184,68.72,4.088,17121.4,17.82,18.5,2384.18,4270.34,142.5938833,8.239,39967.33,41714.26,40337.37948235685,40517.50057883179,38652.84657277516,40141.07920728252,39634.32797890932
27,8,2012-09-21,41001.82,False,A,204184,66.1,4.203,18287.65,63.82,677.64,6039.37,3359.1,142.6798167,8.239,41001.82,42650.78,40337.37948235685,40502.392672359,38438.64741094442,40141.02979314182,40029.36346445543
27,8,2012-09-28,41166.62,False,A,204184,64.92,4.158,26306.03,39.82,55.24,11296.93,12954.12,142.76575,8.239,41166.62,42530.84,40337.37948235685,40487.36030541857,39064.36517621675,40141.01986230639,40153.34514117096
27,8,2012-10-05,41674.62,False,A,204184,64.5,4.151,16670.04,0.0,40.02,5385.32,6733.38,142.8516833,8.0,41674.62,41512.1,40337.37948235685,40472.40310031285,41589.058792021664,40141.01786649121,40430.03076236063
27,8,2012-10-12,44233.59,False,A,204184,55.4,4.186,2177.62,0.0,7.22,863.01,7931.82,142.9376167,8.0,44233.59,40807.71,40337.37948235685,40457.52068123265,40816.070601672654,40141.01746538918,39830.352962848534
27,8,2012-10-19,43084.81,False,A,204184,56.53,4.153,2639.32,0.0,4.77,575.48,3147.23,142.8633629,8.0,43084.81,42771.57,40337.37948235685,40442.71267424786,41680.457735268326,40141.017384779094,41088.640221039124
27,8,2012-10-26,47216.92,False,A,204184,58.99,4.071,7756.75,206.45,100.0,731.23,2174.84,142.7624113,8.0,47216.92,42091.83,40337.37948235685,40427.97870729799,39822.49418458857,40141.01736857876,40139.344137549015
27,13,2012-08-10,55154.23,False,A,204184,78.44,3.863,5892.89,148.66,14.01,4147.47,5611.07,142.1705634,8.239,55154.23,55904.66,52591.19750245899,52559.74652660489,53267.16132985369,53117.413210360835,52731.75158066779
27,13,2012-08-17,57631.36,False,A,204184,76.51,3.963,4017.25,33.65,6.2,1753.64,6783.58,142.2157385,8.239,57631.36,60966.2,52591.19750245899,52559.74762043112,58438.53164138444,53075.36059704319,57506.52470532849
27,13,2012-08-24,60865.27,False,A,204184,72.93,3.997,4757.01,85.3,371.06,3090.86,8212.53,142.3105933,8.239,60865.27,66187.45,52591.19750245899,52559.748611480616,58083.0359659576,53074.27216757336,59700.517858186664
27,13,2012-08-31,56054.38,False,A,204184,75.0,4.026,25371.97,59.81,276.58,6582.38,5400.13,142.4054482,8.239,56054.38,50003.52,52591.19750245899,52559.74950941036,56793.42034357151,53074.24399622758,51723.82476693282
27,13,2012-09-07,60020.14,True,A,204184,76.0,4.076,18992.1,56.16,118.16,4511.15,7235.18,142.500303,8.239,60020.14,65462.0,52591.19750245899,52559.75032296995,56921.27667117351,53074.243267080914,59148.37202576158
27,13,2012-09-14,51581.47,False,A,204184,68.72,4.088,17121.4,17.82,18.5,2384.18,4270.34,142.5938833,8.239,51581.47,56648.21,52591.19750245899,52559.75106008687,51662.63005078707,53074.24324820873,53211.827810588955
27,13,2012-09-21,50026.41,False,A,204184,66.1,4.203,18287.65,63.82,677.64,6039.37,3359.1,142.6798167,8.239,50026.41,54993.66,52591.19750245899,52559.75172794374,51848.83860477864,53074.24324772027,52473.04816365728
27,13,2012-09-28,48649.6,False,A,204184,64.92,4.158,26306.03,39.82,55.24,11296.93,12954.12,142.76575,8.239,48649.6,55329.88,52591.19750245899,52559.75233304827,48112.116875001695,53074.24324770762,51424.13850396163
27,13,2012-10-05,50860.54,False,A,204184,64.5,4.151,16670.04,0.0,40.02,5385.32,6733.38,142.8516833,8.0,50860.54,56359.38,52591.19750245899,52559.75288129673,54978.68018417629,53074.243247707294,54208.49304761826
27,13,2012-10-12,52031.08,False,A,204184,55.4,4.186,2177.62,0.0,7.22,863.01,7931.82,142.9376167,8.0,52031.08,54950.79,52591.19750245899,52559.753378031346,52506.544051688514,53074.24324770729,52717.52431419218
27,13,2012-10-19,51962.34,False,A,204184,56.53,4.153,2639.32,0.0,4.77,575.48,3147.23,142.8633629,8.0,51962.34,52133.22,52591.19750245899,52559.75382809241,50389.75982480926,53074.24324770729,50643.70083816406
27,13,2012-10-26,53524.43,False,A,204184,58.99,4.071,7756.75,206.45,100.0,731.23,2174.84,142.7624113,8.0,53524.43,53452.6,52591.19750245899,52559.7542358654,48791.16526725277,53074.24324770729,50719.12351368782
27,40,2012-08-10,66947.45,False,A,204184,78.44,3.863,5892.89,148.66,14.01,4147.47,5611.07,142.1705634,8.239,66947.45,65887.07,70576.33891918676,70578.68470602622,70938.23741873396,70308.17848033972,69038.23114688766
27,40,2012-08-17,77058.46,False,A,204184,76.51,3.963,4017.25,33.65,6.2,1753.64,6783.58,142.2157385,8.239,77058.46,70387.84,70576.33891918676,70578.68474205084,76398.31265663337,70259.66211663789,73488.35826020366
27,40,2012-08-24,75085.35,False,A,204184,72.93,3.997,4757.01,85.3,371.06,3090.86,8212.53,142.3105933,8.239,75085.35,76736.92,70576.33891918676,70578.68477373925,73954.05866230249,70256.16833251766,76584.02393274209
27,40,2012-08-31,71020.33,False,A,204184,75.0,4.026,25371.97,59.81,276.58,6582.38,5400.13,142.4054482,8.239,71020.33,54346.93,70576.33891918676,70578.68480161336,71854.85325181264,70255.91673642621,62590.760289732214
27,40,2012-09-07,76599.69,True,A,204184,76.0,4.076,18992.1,56.16,118.16,4511.15,7235.18,142.500303,8.239,76599.69,70669.85,70576.33891918676,70578.6848261323,72598.85305821331,70255.89861836538,72623.26789782388
27,40,2012-09-14,68285.59,False,A,204184,68.72,4.088,17121.4,17.82,18.5,2384.18,4270.34,142.5938833,8.239,68285.59,64031.48,70576.33891918676,70578.68484769994,66906.131272484,70255.89731363872,67062.78219389037
27,40,2012-09-21,69299.4,False,A,204184,66.1,4.203,18287.65,63.82,677.64,6039.37,3359.1,142.6798167,8.239,69299.4,70484.39,70576.33891918676,70578.68486667152,66153.10242865465,70255.89721968211,70741.02874812514
27,40,2012-09-28,69337.2,False,A,204184,64.92,4.158,26306.03,39.82,55.24,11296.93,12954.12,142.76575,8.239,69337.2,63985.43,70576.33891918676,70578.68488335951,65799.20877339465,70255.89721291607,66713.60932912662
27,40,2012-10-05,68645.45,False,A,204184,64.5,4.151,16670.04,0.0,40.02,5385.32,6733.38,142.8516833,8.0,68645.45,68164.1,70576.33891918676,70578.68489803879,70160.4890323563,70255.89721242883,70410.79915437195
27,40,2012-10-12,70279.89,False,A,204184,55.4,4.186,2177.62,0.0,7.22,863.01,7931.82,142.9376167,8.0,70279.89,68100.82,70576.33891918676,70578.68491095115,69814.59316112721,70255.89721239374,70262.2029656143
27,40,2012-10-19,69874.26,False,A,204184,56.53,4.153,2639.32,0.0,4.77,575.48,3147.23,142.8633629,8.0,69874.26,69852.17,70576.33891918676,70578.68492230926,72131.30287840743,70255.89721239121,71905.70029363385
27,40,2012-10-26,69795.8,False,A,204184,58.99,4.071,7756.75,206.45,100.0,731.23,2174.84,142.7624113,8.0,69795.8,68217.06,70576.33891918676,70578.68493230022,66774.79360366859,70255.89721239102,69432.0234414751
27,72,2012-08-10,50166.93,False,A,204184,78.44,3.863,5892.89,148.66,14.01,4147.47,5611.07,142.1705634,8.239,50166.93,55693.76,50697.97379556278,50738.01268282496,43578.287687534845,50737.47864319496,46901.48369718043
27,72,2012-08-17,49258.99,False,A,204184,76.51,3.963,4017.25,33.65,6.2,1753.64,6783.58,142.2157385,8.239,49258.99,64005.78,50697.97379556278,50738.01268275231,65222.985047053146,50711.21151964592,57023.020622661024
27,72,2012-08-24,58903.01,False,A,204184,72.93,3.997,4757.01,85.3,371.06,3090.86,8212.53,142.3105933,8.239,58903.01,70256.34,50697.97379556278,50738.01268269228,60990.98778953965,50710.91908506263,61146.192610903854
27,72,2012-08-31,54107.82,False,A,204184,75.0,4.026,25371.97,59.81,276.58,6582.38,5400.13,142.4054482,8.239,54107.82,46182.7,50697.97379556278,50738.01268264267,49570.158842057775,50710.91582935839,40378.26967504651
27,72,2012-09-07,58091.04,True,A,204184,76.0,4.076,18992.1,56.16,118.16,4511.15,7235.18,142.500303,8.239,58091.04,73153.76,50697.97379556278,50738.01268260167,64765.6488125744,50710.9157931123,64047.20917182062
27,72,2012-09-14,38844.83,False,A,204184,68.72,4.088,17121.4,17.82,18.5,2384.18,4270.34,142.5938833,8.239,38844.83,54630.28,50697.97379556278,50738.012682567794,47253.856157029746,50710.915792708765,46382.93697128453
27,72,2012-09-21,54047.14,False,A,204184,66.1,4.203,18287.65,63.82,677.64,6039.37,3359.1,142.6798167,8.239,54047.14,55144.24,50697.97379556278,50738.012682539804,39377.09129495654,50710.915792704276,45253.72804515805
27,72,2012-09-28,59209.47,False,A,204184,64.92,4.158,26306.03,39.82,55.24,11296.93,12954.12,142.76575,8.239,59209.47,60140.64,50697.97379556278,50738.01268251667,39518.58976713748,50710.915792704225,49111.85360535988
27,72,2012-10-05,60449.15,False,A,204184,64.5,4.151,16670.04,0.0,40.02,5385.32,6733.38,142.8516833,8.0,60449.15,49674.3,50697.97379556278,50738.01268249755,38137.79656156504,50710.915792704225,40781.83784578462
27,72,2012-10-12,59542.42,False,A,204184,55.4,4.186,2177.62,0.0,7.22,863.01,7931.82,142.9376167,8.0,59542.42,67713.28,50697.97379556278,50738.012682481756,41021.78981233915,50710.915792704225,55244.061614097955
27,72,2012-10-19,57389.68,False,A,204184,56.53,4.153,2639.32,0.0,4.77,575.48,3147.23,142.8633629,8.0,57389.68,68381.7,50697.97379556278,50738.01268246871,38506.2852431538,50710.915792704225,55325.946473671254
27,72,2012-10-26,46623.71,False,A,204184,58.99,4.071,7756.75,206.45,100.0,731.23,2174.84,142.7624113,8.0,46623.71,65005.3,50697.97379556278,50738.01268245792,36147.102865947476,50710.915792704225,52306.687236247766
27,90,2012-08-10,89599.84,False,A,204184,78.44,3.863,5892.89,148.66,14.01,4147.47,5611.07,142.1705634,8.239,89599.84,96813.28,89051.48742996439,88821.93817596238,89794.90905620894,88378.31728914507,89597.07493738654
27,90,2012-08-17,91170.54,False,A,204184,76.51,3.963,4017.25,33.65,6.2,1753.64,6783.58,142.2157385,8.239,91170.54,95210.8,89051.48742996439,88756.42715908341,90672.4508991432,88406.80707825327,89105.55340941821
27,90,2012-08-24,86603.66,False,A,204184,72.93,3.997,4757.01,85.3,371.06,3090.86,8212.53,142.3105933,8.239,86603.66,117142.72,89051.48742996439,88704.01834558025,87739.08581311758,88410.68885064138,100351.4268682801
27,90,2012-08-31,87902.47,False,A,204184,75.0,4.026,25371.97,59.81,276.58,6582.38,5400.13,142.4054482,8.239,87902.47,82235.8,89051.48742996439,88662.0912947777,94070.9424938011,88411.21774739158,83026.90510317398
27,90,2012-09-07,100441.76,True,A,204184,76.0,4.076,18992.1,56.16,118.16,4511.15,7235.18,142.500303,8.239,100441.76,110702.33,89051.48742996439,88628.54965413567,99632.12812923829,88411.2898102908,100393.69883291639
27,90,2012-09-14,88444.38,False,A,204184,68.72,4.088,17121.4,17.82,18.5,2384.18,4270.34,142.5938833,8.239,88444.38,98229.41,89051.48742996439,88601.71634162204,86019.29364570137,88411.2996289585,89551.1052794688
27,90,2012-09-21,91607.15,False,A,204184,66.1,4.203,18287.65,63.82,677.64,6039.37,3359.1,142.6798167,8.239,91607.15,95697.94,89051.48742996439,88580.24969161114,82040.87287555441,88411.30096676528,87012.95302291632
27,90,2012-09-28,88602.1,False,A,204184,64.92,4.158,26306.03,39.82,55.24,11296.93,12954.12,142.76575,8.239,88602.1,95849.49,89051.48742996439,88563.07637160242,79641.33462235946,88411.30114904327,86391.14491998467
27,90,2012-10-05,90132.9,False,A,204184,64.5,4.151,16670.04,0.0,40.02,5385.32,6733.38,142.8516833,8.0,90132.9,98900.7,89051.48742996439,88549.33771559545,91766.33761864976,88411.30117387889,91581.62782001802
27,90,2012-10-12,95178.85,False,A,204184,55.4,4.186,2177.62,0.0,7.22,863.01,7931.82,142.9376167,8.0,95178.85,96036.19,89051.48742996439,88538.34679078986,87967.56667092985,88411.30117726278,88900.34666329059
27,90,2012-10-19,90573.3,False,A,204184,56.53,4.153,2639.32,0.0,4.77,575.48,3147.23,142.8633629,8.0,90573.3,97250.94,89051.48742996439,88529.5540509454,87771.71344044102,88411.30117772384,89528.09780654461
27,90,2012-10-26,97305.99,False,A,204184,58.99,4.071,7756.75,206.45,100.0,731.23,2174.84,142.7624113,8.0,97305.99,98609.22,89051.48742996439,88522.51985906983,86983.04311211723,88411.30117778666,90055.43887239594
27,91,2012-08-10,63434.5,False,A,204184,78.44,3.863,5892.89,148.66,14.01,4147.47,5611.07,142.1705634,8.239,63434.5,63012.26,59736.79704284061,59620.914362063006,59271.89774235105,58773.209110779404,55826.316749472964
27,91,2012-08-17,61750.19,False,A,204184,76.51,3.963,4017.25,33.65,6.2,1753.64,6783.58,142.2157385,8.239,61750.19,60267.49,59736.79704284061,59443.31718984715,61338.08997630708,58854.79236029934,55110.02732870906
27,91,2012-08-24,59263.74,False,A,204184,72.93,3.997,4757.01,85.3,371.06,3090.86,8212.53,142.3105933,8.239,59263.74,70479.39,59736.79704284061,59301.23945207447,58526.53723071413,58864.997566795675,61228.05103756417
27,91,2012-08-31,58578.58,False,A,204184,75.0,4.026,25371.97,59.81,276.58,6582.38,5400.13,142.4054482,8.239,58578.58,49207.03,59736.79704284061,59187.57726185633,61827.530039786,58866.27413079926,47496.86804583485
27,91,2012-09-07,69557.03,True,A,204184,76.0,4.076,18992.1,56.16,118.16,4511.15,7235.18,142.500303,8.239,69557.03,72299.75,59736.79704284061,59096.64750968181,65132.803865591166,58866.43381553037,64150.42944243609
27,91,2012-09-14,61720.18,False,A,204184,68.72,4.088,17121.4,17.82,18.5,2384.18,4270.34,142.5938833,8.239,61720.18,64818.69,59736.79704284061,59023.9037079422,57943.66125332843,58866.453790410815,57347.27388592598
27,91,2012-09-21,62039.28,False,A,204184,66.1,4.203,18287.65,63.82,677.64,6039.37,3359.1,142.6798167,8.239,62039.28,64237.74,59736.79704284061,58965.708666550505,56558.98052173396,58866.45628905828,56623.54045091576
27,91,2012-09-28,59110.93,False,A,204184,64.92,4.158,26306.03,39.82,55.24,11296.93,12954.12,142.76575,8.239,59110.93,62792.45,59736.79704284061,58919.15263343716,54995.89599351584,58866.4566016128,55269.80154428019
27,91,2012-10-05,61133.99,False,A,204184,64.5,4.151,16670.04,0.0,40.02,5385.32,6733.38,142.8516833,8.0,61133.99,67981.51,59736.79704284061,58881.907806946474,62461.90226021151,58866.45664071009,60576.06541777051
27,91,2012-10-12,63138.36,False,A,204184,55.4,4.186,2177.62,0.0,7.22,863.01,7931.82,142.9376167,8.0,63138.36,64987.71,59736.79704284061,58852.11194575393,63223.075557710305,58866.456645600745,58688.65729381988
27,91,2012-10-19,58720.37,False,A,204184,56.53,4.153,2639.32,0.0,4.77,575.48,3147.23,142.8633629,8.0,58720.37,63789.34,59736.79704284061,58828.27525679989,61303.23425946378,58866.456646212515,57405.35555147491
27,91,2012-10-26,61129.74,False,A,204184,58.99,4.071,7756.75,206.45,100.0,731.23,2174.84,142.7624113,8.0,61129.74,63201.03,59736.79704284061,58809.20590563666,52249.65656377343,58866.45664628904,54886.90111549512
27,92,2012-08-10,143905.06,False,A,204184,78.44,3.863,5892.89,148.66,14.01,4147.47,5611.07,142.1705634,8.239,143905.06,147814.84,138788.62248662394,139472.25319907197,147344.53921829254,137553.13209671748,141156.01910768822
27,92,2012-08-17,144627.75,False,A,204184,76.51,3.963,4017.25,33.65,6.2,1753.64,6783.58,142.2157385,8.239,144627.75,138755.26,138788.62248662394,139472.25319907145,146478.9738086037,137948.5871973869,133675.2867336647
27,92,2012-08-24,137088.36,False,A,204184,72.93,3.997,4757.01,85.3,371.06,3090.86,8212.53,142.3105933,8.239,137088.36,182446.24,138788.62248662394,139472.253199071,145758.8044398986,137998.10734710688,164173.6485226112
27,92,2012-08-31,137220.53,False,A,204184,75.0,4.026,25371.97,59.81,276.58,6582.38,5400.13,142.4054482,8.239,137220.53,123234.87,138788.62248662394,139472.2531990707,148929.820737681,138004.30841828824,123767.91198612782
27,92,2012-09-07,159620.82,True,A,204184,76.0,4.076,18992.1,56.16,118.16,4511.15,7235.18,142.500303,8.239,159620.82,163926.04,138788.62248662394,139472.25319907043,162766.57529226638,138005.08493621103,155188.3935728658
27,92,2012-09-14,138774.34,False,A,204184,68.72,4.088,17121.4,17.82,18.5,2384.18,4270.34,142.5938833,8.239,138774.34,139963.06,138788.62248662394,139472.2531990702,137109.16081950528,138005.18217426343,132717.9728208636
27,92,2012-09-21,138999.64,False,A,204184,66.1,4.203,18287.65,63.82,677.64,6039.37,3359.1,142.6798167,8.239,138999.64,138232.2,138788.62248662394,139472.25319907005,131819.5601608552,138005.19435072268,130332.19800959901
27,92,2012-09-28,133645.67,False,A,204184,64.92,4.158,26306.03,39.82,55.24,11296.93,12954.12,142.76575,8.239,133645.67,139742.15,138788.62248662394,139472.2531990699,123734.74563107334,138005.19587549777,129512.34374750606
27,92,2012-10-05,141883.37,False,A,204184,64.5,4.151,16670.04,0.0,40.02,5385.32,6733.38,142.8516833,8.0,141883.37,151824.14,138788.62248662394,139472.2531990698,148851.23725614167,138005.19606643496,143526.5679320628
27,92,2012-10-12,153916.28,False,A,204184,55.4,4.186,2177.62,0.0,7.22,863.01,7931.82,142.9376167,8.0,153916.28,150560.39,138788.62248662394,139472.2531990697,150558.78472686608,138005.19609034472,143008.34167547943
27,92,2012-10-19,141544.19,False,A,204184,56.53,4.153,2639.32,0.0,4.77,575.48,3147.23,142.8633629,8.0,141544.19,143556.43,138788.62248662394,139472.25319906964,145661.6105549624,138005.19609333877,137015.17513014234
27,92,2012-10-26,156059.63,False,A,204184,58.99,4.071,7756.75,206.45,100.0,731.23,2174.84,142.7624113,8.0,156059.63,145362.99,138788.62248662394,139472.2531990696,137274.06483399429,138005.1960937137,136333.37764856167
27,93,2012-08-10,57802.87,False,A,204184,78.44,3.863,5892.89,148.66,14.01,4147.47,5611.07,142.1705634,8.239,57802.87,53504.29,57300.03962267052,57276.81390071422,57084.80193707626,56773.83205329635,52948.69385810996
27,93,2012-08-17,54373.12,False,A,204184,76.51,3.963,4017.25,33.65,6.2,1753.64,6783.58,142.2157385,8.239,54373.12,52510.14,57300.03962267052,57276.814386511884,52684.73287566752,56997.22953333217,51155.922967050545
27,93,2012-08-24,53166.33,False,A,204184,72.93,3.997,4757.01,85.3,371.06,3090.86,8212.53,142.3105933,8.239,53166.33,58892.05,57300.03962267052,57276.81482494853,49125.361571222275,57018.831880167905,55191.51701340064
27,93,2012-08-31,56923.3,False,A,204184,75.0,4.026,25371.97,59.81,276.58,6582.38,5400.13,142.4054482,8.239,56923.3,43511.93,57300.03962267052,57276.81522064146,55507.13094133253,57020.92080878401,45237.81916937951
27,93,2012-09-07,62609.34,True,A,204184,76.0,4.076,18992.1,56.16,118.16,4511.15,7235.18,142.500303,8.239,62609.34,61026.11,57300.03962267052,57276.81557775779,62912.15818403922,57021.122806409374,59620.07026873679
27,93,2012-09-14,52560.65,False,A,204184,68.72,4.088,17121.4,17.82,18.5,2384.18,4270.34,142.5938833,8.239,52560.65,50871.96,57300.03962267052,57276.81590005842,48762.801372100446,57021.14233940841,49291.87225722899
27,93,2012-09-21,52493.29,False,A,204184,66.1,4.203,18287.65,63.82,677.64,6039.37,3359.1,142.6798167,8.239,52493.29,48454.81,57300.03962267052,57276.81619093757,44788.33017911502,57021.14422823285,46702.87699434756
27,93,2012-09-28,48371.41,False,A,204184,64.92,4.158,26306.03,39.82,55.24,11296.93,12954.12,142.76575,8.239,48371.41,49030.79,57300.03962267052,57276.81645345855,44277.93282968721,57021.14441088057,47000.3488188333
27,93,2012-10-05,51630.76,False,A,204184,64.5,4.151,16670.04,0.0,40.02,5385.32,6733.38,142.8516833,8.0,51630.76,51159.63,57300.03962267052,57276.81669038604,52517.826471717286,57021.14442854245,50205.07153090153
27,93,2012-10-12,55242.03,False,A,204184,55.4,4.186,2177.62,0.0,7.22,863.01,7931.82,142.9376167,8.0,55242.03,51425.06,57300.03962267052,57276.81690421518,50805.073693924336,57021.14443025034,50038.25996440099
27,93,2012-10-19,49980.13,False,A,204184,56.53,4.153,2639.32,0.0,4.77,575.48,3147.23,142.8633629,8.0,49980.13,47888.27,57300.03962267052,57276.81709719785,50197.426027482834,57021.14443041549,47303.45197964347
27,93,2012-10-26,51656.24,False,A,204184,58.99,4.071,7756.75,206.45,100.0,731.23,2174.84,142.7624113,8.0,51656.24,44012.31,57300.03962267052,57276.8172713664,43749.43647756953,57021.14443043146,43140.07523458834
27,94,2012-08-10,68637.14,False,A,204184,78.44,3.863,5892.89,148.66,14.01,4147.47,5611.07,142.1705634,8.239,68637.14,72232.46,71834.50909037824,72400.62991728839,68022.49601001633,70868.00118871796,64483.41473018752
27,94,2012-08-17,62916.49,False,A,204184,76.51,3.963,4017.25,33.65,6.2,1753.64,6783.58,142.2157385,8.239,62916.49,69285.24,71834.50909037824,71726.96314183967,68224.52792785135,71054.53151302558,63714.26077918165
27,94,2012-08-24,57351.01,False,A,204184,72.93,3.997,4757.01,85.3,371.06,3090.86,8212.53,142.3105933,8.239,57351.01,77790.35,71834.50909037824,71175.58985955686,68754.59493032214,71069.03015233898,65743.4110347672
27,94,2012-08-31,61958.55,False,A,204184,75.0,4.026,25371.97,59.81,276.58,6582.38,5400.13,142.4054482,8.239,61958.55,57279.17,71834.50909037824,70724.30963097078,60841.75273111649,71070.15710337345,57237.73109732114
27,94,2012-09-07,67676.85,True,A,204184,76.0,4.076,18992.1,56.16,118.16,4511.15,7235.18,142.500303,8.239,67676.85,71517.56,71834.50909037824,70354.95215345662,66368.27195627353,71070.24469908548,63132.63628098472
27,94,2012-09-14,59331.59,False,A,204184,68.72,4.088,17121.4,17.82,18.5,2384.18,4270.34,142.5938833,8.239,59331.59,62724.76,71834.50909037824,70052.64565396056,56612.1077600376,71070.2515077298,55786.92583473992
27,94,2012-09-21,60053.07,False,A,204184,66.1,4.203,18287.65,63.82,677.64,6039.37,3359.1,142.6798167,8.239,60053.07,58970.15,71834.50909037824,69805.21809339615,55587.99745122518,71070.25203695249,54448.24059724757
27,94,2012-09-28,59247.88,False,A,204184,64.92,4.158,26306.03,39.82,55.24,11296.93,12954.12,142.76575,8.239,59247.88,61673.62,71834.50909037824,69602.70707286264,53725.96480022801,71070.25207808794,53858.66419771357
27,94,2012-10-05,58087.39,False,A,204184,64.5,4.151,16670.04,0.0,40.02,5385.32,6733.38,142.8516833,8.0,58087.39,61014.59,71834.50909037824,69436.95870859809,56128.36309447226,71070.25208128532,55089.27067263191
27,94,2012-10-12,64012.66,False,A,204184,55.4,4.186,2177.62,0.0,7.22,863.01,7931.82,142.9376167,8.0,64012.66,63756.83,71834.50909037824,69301.29932480752,56176.834084632545,71070.25208153385,55644.95407101094
27,94,2012-10-19,60461.14,False,A,204184,56.53,4.153,2639.32,0.0,4.77,575.48,3147.23,142.8633629,8.0,60461.14,63312.62,71834.50909037824,69190.2667454388,56812.7835568256,71070.25208155316,55914.94326560191
27,94,2012-10-26,63096.92,False,A,204184,58.99,4.071,7756.75,206.45,100.0,731.23,2174.84,142.7624113,8.0,63096.92,60694.65,71834.50909037824,69099.39036566473,56529.634754981365,71070.25208155466,55207.02087741707
27,95,2012-08-10,124757.74,False,A,204184,78.44,3.863,5892.89,148.66,14.01,4147.47,5611.07,142.1705634,8.239,124757.74,129059.15,122088.00071611702,122246.55201748268,126980.7934276156,120580.11607477145,119463.2116032201
27,95,2012-08-17,121102.05,False,A,204184,76.51,3.963,4017.25,33.65,6.2,1753.64,6783.58,142.2157385,8.239,121102.05,116561.94,122088.00071611702,122246.57776672157,122917.47703213486,120954.41388177905,112077.11536326542
27,95,2012-08-24,117147.29,False,A,204184,72.93,3.997,4757.01,85.3,371.06,3090.86,8212.53,142.3105933,8.239,117147.29,161572.75,122088.00071611702,122246.6015306092,115558.36495550167,121010.27720417637,131973.8492886321
27,95,2012-08-31,116213.69,False,A,204184,75.0,4.026,25371.97,59.81,276.58,6582.38,5400.13,142.4054482,8.239,116213.69,110474.05,122088.00071611702,122246.62346222268,129156.65856834414,121018.6147117194,111188.91303727496
27,95,2012-09-07,128227.78,True,A,204184,76.0,4.076,18992.1,56.16,118.16,4511.15,7235.18,142.500303,8.239,128227.78,123163.71,122088.00071611702,122246.6437028364,125713.35994810992,121019.85907079163,116395.86614558782
27,95,2012-09-14,107557.38,False,A,204184,68.72,4.088,17121.4,17.82,18.5,2384.18,4270.34,142.5938833,8.239,107557.38,111234.65,122088.00071611702,122246.66238283203,103699.53244071701,121020.04478930435,103717.87825201033
27,95,2012-09-21,107084.92,False,A,204184,66.1,4.203,18287.65,63.82,677.64,6039.37,3359.1,142.6798167,8.239,107084.92,103895.73,122088.00071611702,122246.67962253834,105354.80387173069,121020.07250748211,100603.46731386863
27,95,2012-09-28,99336.62,False,A,204184,64.92,4.158,26306.03,39.82,55.24,11296.93,12954.12,142.76575,8.239,99336.62,107585.34,122088.00071611702,122246.69553300644,101189.19946811665,121020.07664437384,101087.21363537258
27,95,2012-10-05,104679.37,False,A,204184,64.5,4.151,16670.04,0.0,40.02,5385.32,6733.38,142.8516833,8.0,104679.37,112209.96,122088.00071611702,122246.71021672494,106685.22160294325,121020.07726179803,105016.56108167481
27,95,2012-10-12,105135.68,False,A,204184,55.4,4.186,2177.62,0.0,7.22,863.01,7931.82,142.9376167,8.0,105135.68,111124.81,122088.00071611702,122246.72376828031,106777.83419222564,121020.07735394755,104469.40907482071
27,95,2012-10-19,101088.31,False,A,204184,56.53,4.153,2639.32,0.0,4.77,575.48,3147.23,142.8633629,8.0,101088.31,110706.48,122088.00071611702,122246.73627496604,104390.74982019127,121020.07736770071,103458.61086265462
27,95,2012-10-26,113812.81,False,A,204184,58.99,4.071,7756.75,206.45,100.0,731.23,2174.84,142.7624113,8.0,113812.81,109738.87,122088.00071611702,122246.74781734504,102588.72743395176,121020.07736975334,102334.65869703026
28,2,2012-08-10,56426.59,False,A,206302,95.91,3.811,8364.4,69.48,30.01,4158.02,3050.7,130.7561613,10.926,56426.59,55743.61,55967.11750841452,55772.52416895709,54564.07095794131,58203.69737741382,54679.392749883846
28,2,2012-08-17,54336.82,False,A,206302,94.87,4.002,5349.52,1.98,11.24,2542.17,6620.24,130.7909677,10.926,54336.82,54237.73,55967.11750841452,55772.52416895653,54041.601104013964,57427.203664256966,52941.70446043207
28,2,2012-08-24,55538.62,False,A,206302,85.32,4.055,6730.91,10.92,309.93,2779.28,5826.35,130.8381613,10.926,55538.62,56288.44,55967.11750841452,55772.52416895608,56135.905109928346,57022.34391861649,55059.523914389785
28,2,2012-08-31,57429.63,False,A,206302,89.78,4.093,25745.2,3.2,115.39,11858.54,4508.04,130.8853548,10.926,57429.63,65171.23,55967.11750841452,55772.524168955715,65448.918525733905,56811.25217265285,63812.92511801684
28,2,2012-09-07,57019.95,True,A,206302,88.52,4.124,7046.94,43.42,66.08,701.38,11100.55,130.9325484,10.926,57019.95,58741.45,55967.11750841452,55772.524168955424,55068.4250558815,56701.19004448674,56903.129574431136
28,2,2012-09-14,53088.31,False,A,206302,83.64,4.133,15676.1,6.98,24.11,2180.72,10483.58,130.9776667,10.926,53088.31,55161.61,55967.11750841452,55772.52416895519,52340.34673890389,56643.80422865982,53536.84213897379
28,2,2012-09-21,51648.64,False,A,206302,82.97,4.125,8790.27,104.0,3.0,1761.3,9638.33,131.0103333,10.926,51648.64,54095.07,55967.11750841452,55772.52416895501,53162.676250328455,56613.883565548975,52785.173022602125
28,2,2012-09-28,50018.6,False,A,206302,81.22,3.966,5977.78,7.91,2.16,2458.5,6671.45,131.043,10.926,50018.6,54637.14,55967.11750841452,55772.52416895486,54145.17767304815,56598.28308887904,53379.14806735936
28,2,2012-10-05,57536.86,False,A,206302,81.61,3.966,4436.17,0.0,28.91,6563.84,8417.76,131.0756667,10.199,57536.86,58952.72,55967.11750841452,55772.52416895474,55291.621359915014,56590.14908224197,57152.49242671407
28,2,2012-10-12,49875.08,False,A,206302,71.74,4.468,1546.44,0.0,13.36,1057.73,6560.97,131.1083333,10.199,49875.08,53063.6,55967.11750841452,55772.52416895464,50117.00248943493,56585.90805388292,51489.97988941197
28,2,2012-10-19,48620.52,False,A,206302,68.66,4.449,2307.28,0.0,4.7,1406.03,4122.2,131.1499677,10.199,48620.52,55236.49,55967.11750841452,55772.524168954566,49653.8068482746,56583.69680396086,53249.9136940234
28,2,2012-10-26,50532.41,False,A,206302,65.95,4.301,6490.13,90.02,0.0,1750.84,1684.36,131.1930968,10.199,50532.41,57316.55,55967.11750841452,55772.5241689545,49742.16137101989,56582.54386986001,55044.35394035079
28,38,2012-08-10,42793.91,False,A,206302,95.91,3.811,8364.4,69.48,30.01,4158.02,3050.7,130.7561613,10.926,42793.91,49460.69,51143.84633912678,51185.50497132823,49952.08306449455,51052.30900673633,51782.88436521159
28,38,2012-08-17,42781.82,False,A,206302,94.87,4.002,5349.52,1.98,11.24,2542.17,6620.24,130.7909677,10.926,42781.82,39129.41,51143.84633912678,51185.49518041242,46928.98904874658,50888.6649444187,45486.14566518842
28,38,2012-08-24,41492.55,False,A,206302,85.32,4.055,6730.91,10.92,309.93,2779.28,5826.35,130.8381613,10.926,41492.55,44745.61,51143.84633912678,51185.48613292549,49721.86982902241,50901.495669805285,49171.31068261155
28,38,2012-08-31,44423.39,False,A,206302,89.78,4.093,25745.2,3.2,115.39,11858.54,4508.04,130.8853548,10.926,44423.39,48458.12,51143.84633912678,51185.47777241853,60391.86696991869,50900.48966010585,54484.6875000238
28,38,2012-09-07,55260.87,True,A,206302,88.52,4.124,7046.94,43.42,66.08,701.38,11100.55,130.9325484,10.926,55260.87,41829.9,51143.84633912678,51185.470046728835,45334.987024448914,50900.568537603795,46112.68791937549
28,38,2012-09-14,43906.24,False,A,206302,83.64,4.133,15676.1,6.98,24.11,2180.72,10483.58,130.9776667,10.926,43906.24,46876.27,51143.84633912678,51185.46290765442,57122.164048265164,50900.562353111054,52650.842352332074
28,38,2012-09-21,55261.15,False,A,206302,82.97,4.125,8790.27,104.0,3.0,1761.3,9638.33,131.0103333,10.926,55261.15,43307.33,51143.84633912678,51185.45631065331,47306.46958043977,50900.562838014244,47294.105094203034
28,38,2012-09-28,48095.88,False,A,206302,81.22,3.966,5977.78,7.91,2.16,2458.5,6671.45,131.043,10.926,48095.88,45959.71,51143.84633912678,51185.45021456562,52049.879250746424,50900.56279999478,50094.85071289968
28,38,2012-10-05,50036.0,False,A,206302,81.61,3.966,4436.17,0.0,28.91,6563.84,8417.76,131.0756667,10.199,50036.0,60793.0,51143.84633912678,51185.444581356765,55557.75865644471,50900.56280297575,56030.17472716675
28,38,2012-10-12,45116.77,False,A,206302,71.74,4.468,1546.44,0.0,13.36,1057.73,6560.97,131.1083333,10.199,45116.77,42665.46,51143.84633912678,51185.43937588012,48111.60739079295,50900.562802742024,47411.952375784575
28,38,2012-10-19,46263.19,False,A,206302,68.66,4.449,2307.28,0.0,4.7,1406.03,4122.2,131.1499677,10.199,46263.19,50918.21,51143.84633912678,51185.43456565779,54471.546494816845,50900.56280276035,52633.38383291862
28,38,2012-10-26,56649.43,False,A,206302,65.95,4.301,6490.13,90.02,0.0,1750.84,1684.36,131.1930968,10.199,56649.43,42995.25,51143.84633912678,51185.43012067793,56000.98425824125,50900.56280275892,50922.37511881208
28,40,2012-08-10,42570.06,False,A,206302,95.91,3.811,8364.4,69.48,30.01,4158.02,3050.7,130.7561613,10.926,42570.06,40500.23,41745.41939756407,41673.92808838059,40416.27398501983,42712.09170741595,38226.813301003815
28,40,2012-08-17,40613.42,False,A,206302,94.87,4.002,5349.52,1.98,11.24,2542.17,6620.24,130.7909677,10.926,40613.42,40580.26,41745.41939756407,41673.89773206786,39480.1103894865,42558.318007261194,38125.46523787698
28,40,2012-08-24,40917.53,False,A,206302,85.32,4.055,6730.91,10.92,309.93,2779.28,5826.35,130.8381613,10.926,40917.53,37434.24,41745.41939756407,41673.86970419878,38651.15762443401,42519.13587344266,35175.85769313185
28,40,2012-08-31,43452.85,False,A,206302,89.78,4.093,25745.2,3.2,115.39,11858.54,4508.04,130.8853548,10.926,43452.85,44152.74,41745.41939756407,41673.84382617294,45910.32942093974,42509.15211413253,41899.69539032977
28,40,2012-09-07,46287.86,True,A,206302,88.52,4.124,7046.94,43.42,66.08,701.38,11100.55,130.9325484,10.926,46287.86,44685.72,41745.41939756407,41673.81993308925,44110.956676036294,42506.608213628686,42263.67165236693
28,40,2012-09-14,45566.57,False,A,206302,83.64,4.133,15676.1,6.98,24.11,2180.72,10483.58,130.9776667,10.926,45566.57,42138.12,41745.41939756407,41673.79787269518,42792.29276796154,42505.96001793682,39813.588697961
28,40,2012-09-21,44931.27,False,A,206302,82.97,4.125,8790.27,104.0,3.0,1761.3,9638.33,131.0103333,10.926,44931.27,39701.42,41745.41939756407,41673.77750441651,42739.57384050627,42505.79485516637,37557.43298699956
28,40,2012-09-28,43397.68,False,A,206302,81.22,3.966,5977.78,7.91,2.16,2458.5,6671.45,131.043,10.926,43397.68,44737.4,41745.41939756407,41673.758698461614,44367.50544991934,42505.752771053376,42331.33245817877
28,40,2012-10-05,47509.03,False,A,206302,81.61,3.966,4436.17,0.0,28.91,6563.84,8417.76,131.0756667,10.199,47509.03,46775.54,41745.41939756407,41673.74133499437,45091.26192478823,42505.74204785854,44270.257727692035
28,40,2012-10-12,42587.75,False,A,206302,71.74,4.468,1546.44,0.0,13.36,1057.73,6560.97,131.1083333,10.199,42587.75,46776.72,41745.41939756407,41673.72530337053,43405.21389095326,42505.739315547005,44152.70146462535
28,40,2012-10-19,42350.48,False,A,206302,68.66,4.449,2307.28,0.0,4.7,1406.03,4122.2,131.1499677,10.199,42350.48,43998.02,41745.41939756407,41673.71050143269,42088.19865085888,42505.73861934345,41488.307296053434
28,40,2012-10-26,44681.51,False,A,206302,65.95,4.301,6490.13,90.02,0.0,1750.84,1684.36,131.1930968,10.199,44681.51,45672.59,41745.41939756407,41673.696834859285,44751.13812201309,42505.738441948095,43226.504608481126
28,72,2012-08-10,34063.33,False,A,206302,95.91,3.811,8364.4,69.48,30.01,4158.02,3050.7,130.7561613,10.926,34063.33,34698.24,56434.281339246125,54617.7010818128,38917.793070354375,54360.14177643038,35872.051660343444
28,72,2012-08-17,36881.96,False,A,206302,94.87,4.002,5349.52,1.98,11.24,2542.17,6620.24,130.7909677,10.926,36881.96,41491.01,56434.281339246125,54617.70108181092,43731.49502363436,55527.09356168753,43211.619118304945
28,72,2012-08-24,31666.42,False,A,206302,85.32,4.055,6730.91,10.92,309.93,2779.28,5826.35,130.8381613,10.926,31666.42,35343.23,56434.281339246125,54617.70108180941,37821.66570788911,55636.99984947898,36912.676484739524
28,72,2012-08-31,45922.14,False,A,206302,89.78,4.093,25745.2,3.2,115.39,11858.54,4508.04,130.8853548,10.926,45922.14,39237.16,56434.281339246125,54617.70108180821,44523.64031549263,55647.35108442177,41034.33677736311
28,72,2012-09-07,42116.05,True,A,206302,88.52,4.124,7046.94,43.42,66.08,701.38,11100.55,130.9325484,10.926,42116.05,36248.14,56434.281339246125,54617.70108180725,35917.90074303666,55648.32598828754,37661.97352946574
28,72,2012-09-14,30360.24,False,A,206302,83.64,4.133,15676.1,6.98,24.11,2180.72,10483.58,130.9776667,10.926,30360.24,42232.49,56434.281339246125,54617.70108180648,45845.16635941804,55648.41780704663,43891.79521759037
28,72,2012-09-21,51274.97,False,A,206302,82.97,4.125,8790.27,104.0,3.0,1761.3,9638.33,131.0103333,10.926,51274.97,38946.13,56434.281339246125,54617.70108180587,36147.225342550955,55648.42645475521,40192.718933699805
28,72,2012-09-28,52003.36,False,A,206302,81.22,3.966,5977.78,7.91,2.16,2458.5,6671.45,131.043,10.926,52003.36,44471.41,56434.281339246125,54617.701081805375,37812.48369167795,55648.42726921692,45446.07700212165
28,72,2012-10-05,49853.78,False,A,206302,81.61,3.966,4436.17,0.0,28.91,6563.84,8417.76,131.0756667,10.199,49853.78,40741.72,56434.281339246125,54617.70108180498,39658.50883509345,55648.42734592485,42103.5421661461
28,72,2012-10-12,38437.18,False,A,206302,71.74,4.468,1546.44,0.0,13.36,1057.73,6560.97,131.1083333,10.199,38437.18,36248.87,56434.281339246125,54617.70108180467,33074.602932944035,55648.42735314939,37487.05433324677
28,72,2012-10-19,45519.71,False,A,206302,68.66,4.449,2307.28,0.0,4.7,1406.03,4122.2,131.1499677,10.199,45519.71,62698.0,56434.281339246125,54617.701081804415,39898.80220444372,55648.427353829815,62538.18006332063
28,72,2012-10-26,42532.22,False,A,206302,65.95,4.301,6490.13,90.02,0.0,1750.84,1684.36,131.1930968,10.199,42532.22,53119.73,56434.281339246125,54617.70108180421,39559.378829240566,55648.4273538939,53601.755063053475
28,79,2012-08-10,40290.61,False,A,206302,95.91,3.811,8364.4,69.48,30.01,4158.02,3050.7,130.7561613,10.926,40290.61,40343.79,42602.6111424494,42474.51698488484,39310.33856149177,44124.49083027485,40141.72474128948
28,79,2012-08-17,42025.23,False,A,206302,94.87,4.002,5349.52,1.98,11.24,2542.17,6620.24,130.7909677,10.926,42025.23,42404.01,42602.6111424494,42474.51697779181,39150.846899991484,43919.305374651114,40714.48424771106
28,79,2012-08-24,38801.63,False,A,206302,85.32,4.055,6730.91,10.92,309.93,2779.28,5826.35,130.8381613,10.926,38801.63,40018.39,42602.6111424494,42474.516971668556,36679.24614195463,43812.73904544651,38728.40011137278
28,79,2012-08-31,38525.21,False,A,206302,89.78,4.093,25745.2,3.2,115.39,11858.54,4508.04,130.8853548,10.926,38525.21,47120.23,42602.6111424494,42474.51696638247,45447.81212975481,43757.39212777332,45620.836360849404
28,79,2012-09-07,44471.19,True,A,206302,88.52,4.124,7046.94,43.42,66.08,701.38,11100.55,130.9325484,10.926,44471.19,41751.97,42602.6111424494,42474.51696181909,39322.625230766054,43728.64682596188,40769.644430323584
28,79,2012-09-14,41088.14,False,A,206302,83.64,4.133,15676.1,6.98,24.11,2180.72,10483.58,130.9776667,10.926,41088.14,41681.29,42602.6111424494,42474.51695787963,38706.11120074643,43713.7174963629,40477.69828443852
28,79,2012-09-21,39775.54,False,A,206302,82.97,4.125,8790.27,104.0,3.0,1761.3,9638.33,131.0103333,10.926,39775.54,41998.54,42602.6111424494,42474.51695447877,37000.09654256459,43705.96371163185,39776.34660234714
28,79,2012-09-28,39352.8,False,A,206302,81.22,3.966,5977.78,7.91,2.16,2458.5,6671.45,131.043,10.926,39352.8,43000.97,42602.6111424494,42474.51695154287,36316.57594421165,43701.93666023233,39835.531150425704
28,79,2012-10-05,46964.44,False,A,206302,81.61,3.966,4436.17,0.0,28.91,6563.84,8417.76,131.0756667,10.199,46964.44,48913.37,42602.6111424494,42474.51694900838,44091.81619872333,43699.84514705046,45814.637119485415
28,79,2012-10-12,41460.28,False,A,206302,71.74,4.468,1546.44,0.0,13.36,1057.73,6560.97,131.1083333,10.199,41460.28,44553.9,42602.6111424494,42474.5169468204,40151.065881382136,43698.758886420546,42343.831953973335
28,79,2012-10-19,36604.2,False,A,206302,68.66,4.449,2307.28,0.0,4.7,1406.03,4122.2,131.1499677,10.199,36604.2,42646.48,42602.6111424494,42474.51694493156,38771.64117451256,43698.19471968886,40959.900259968555
28,79,2012-10-26,39065.13,False,A,206302,65.95,4.301,6490.13,90.02,0.0,1750.84,1684.36,131.1930968,10.199,39065.13,42208.58,42602.6111424494,42474.51694330096,38136.64634600407,43697.90171072546,40488.76352999147
28,90,2012-08-10,66871.32,False,A,206302,95.91,3.811,8364.4,69.48,30.01,4158.02,3050.7,130.7561613,10.926,66871.32,65284.7,67120.0699982741,66748.68525464603,61189.834021086725,65240.823210976436,61214.31747870231
28,90,2012-08-17,60356.17,False,A,206302,94.87,4.002,5349.52,1.98,11.24,2542.17,6620.24,130.7909677,10.926,60356.17,64497.71,67120.0699982741,66745.71577077679,59581.89237443283,66749.15002985964,59096.93449211693
28,90,2012-08-24,60658.56,False,A,206302,85.32,4.055,6730.91,10.92,309.93,2779.28,5826.35,130.8381613,10.926,60658.56,60670.28,67120.0699982741,66743.3401836814,59540.005620289514,66594.82939950722,55526.576814579435
28,90,2012-08-31,57626.94,False,A,206302,89.78,4.093,25745.2,3.2,115.39,11858.54,4508.04,130.8853548,10.926,57626.94,84110.58,67120.0699982741,66741.43971400509,80068.21840732351,66610.61832313717,78888.60431279356
28,90,2012-09-07,86701.84,True,A,206302,88.52,4.124,7046.94,43.42,66.08,701.38,11100.55,130.9325484,10.926,86701.84,74924.86,67120.0699982741,66739.91933826402,68896.79198197108,66609.00291948814,69977.6697954766
28,90,2012-09-14,60331.36,False,A,206302,83.64,4.133,15676.1,6.98,24.11,2180.72,10483.58,130.9776667,10.926,60331.36,64437.12,67120.0699982741,66738.70303767119,60025.919339422835,66609.16819541261,59348.47609295067
28,90,2012-09-21,58281.74,False,A,206302,82.97,4.125,8790.27,104.0,3.0,1761.3,9638.33,131.0103333,10.926,58281.74,60815.62,67120.0699982741,66737.72999719692,58525.58445717979,66609.15128562586,55573.39534481278
28,90,2012-09-28,57719.89,False,A,206302,81.22,3.966,5977.78,7.91,2.16,2458.5,6671.45,131.043,10.926,57719.89,59711.43,67120.0699982741,66736.9515648175,64152.8225271732,66609.15301570778,53914.417532568485
28,90,2012-10-05,82495.37,False,A,206302,81.61,3.966,4436.17,0.0,28.91,6563.84,8417.76,131.0756667,10.199,82495.37,94256.46,67120.0699982741,66736.32881891396,76755.69570907112,66609.15283869884,90124.30031573774
28,90,2012-10-12,66118.91,False,A,206302,71.74,4.468,1546.44,0.0,13.36,1057.73,6560.97,131.1083333,10.199,66118.91,67037.42,67120.0699982741,66735.83062219113,60606.44401568037,66609.15285680906,62090.88783644471
28,90,2012-10-19,59617.62,False,A,206302,68.66,4.449,2307.28,0.0,4.7,1406.03,4122.2,131.1499677,10.199,59617.62,63072.36,67120.0699982741,66735.43206481286,57127.84896197502,66609.15285495616,58092.34290160408
28,90,2012-10-26,60974.68,False,A,206302,65.95,4.301,6490.13,90.02,0.0,1750.84,1684.36,131.1930968,10.199,60974.68,63799.58,67120.0699982741,66735.11321891026,58264.43523284522,66609.15285514573,58775.30614292779
28,91,2012-08-10,61783.1,False,A,206302,95.91,3.811,8364.4,69.48,30.01,4158.02,3050.7,130.7561613,10.926,61783.1,59261.81,57899.576417386466,57533.37771831084,55962.89792070145,55090.98200438981,54481.84924354434
28,91,2012-08-17,50773.02,False,A,206302,94.87,4.002,5349.52,1.98,11.24,2542.17,6620.24,130.7909677,10.926,50773.02,50754.74,57899.576417386466,57533.37771831048,49214.00804777563,57803.08888222013,42698.27114632241
28,91,2012-08-24,46638.61,False,A,206302,85.32,4.055,6730.91,10.92,309.93,2779.28,5826.35,130.8381613,10.926,46638.61,45448.74,57899.576417386466,57533.3777183102,47677.39787988808,57457.2674793086,38649.900426238455
28,91,2012-08-31,43765.93,False,A,206302,89.78,4.093,25745.2,3.2,115.39,11858.54,4508.04,130.8853548,10.926,43765.93,68989.56,57899.576417386466,57533.377718309974,79004.29125837001,57501.36324990277,60431.48543434095
28,91,2012-09-07,81181.82,True,A,206302,88.52,4.124,7046.94,43.42,66.08,701.38,11100.55,130.9325484,10.926,81181.82,66880.69,57899.576417386466,57533.37771830979,63980.8512987999,57495.74058754607,60025.63086398105
28,91,2012-09-14,50080.72,False,A,206302,83.64,4.133,15676.1,6.98,24.11,2180.72,10483.58,130.9776667,10.926,50080.72,50511.51,57899.576417386466,57533.377718309646,50802.08427016008,57496.457534580935,43273.79896725378
28,91,2012-09-21,44811.75,False,A,206302,82.97,4.125,8790.27,104.0,3.0,1761.3,9638.33,131.0103333,10.926,44811.75,46171.79,57899.576417386466,57533.37771830953,47694.80338251592,57496.366116491394,38943.269100526464
28,91,2012-09-28,43696.15,False,A,206302,81.22,3.966,5977.78,7.91,2.16,2458.5,6671.45,131.043,10.926,43696.15,43969.9,57899.576417386466,57533.37771830944,58743.35501264572,57496.37777323407,35386.45174548347
28,91,2012-10-05,76524.48,False,A,206302,81.61,3.966,4436.17,0.0,28.91,6563.84,8417.76,131.0756667,10.199,76524.48,91715.98,57899.576417386466,57533.37771830937,72438.7220314704,57496.37628688,86183.59243383756
28,91,2012-10-12,56762.53,False,A,206302,71.74,4.468,1546.44,0.0,13.36,1057.73,6560.97,131.1083333,10.199,56762.53,54995.16,57899.576417386466,57533.377718309304,51162.860667942776,57496.37647640536,48186.596680328235
28,91,2012-10-19,46107.75,False,A,206302,68.66,4.449,2307.28,0.0,4.7,1406.03,4122.2,131.1499677,10.199,46107.75,47261.27,57899.576417386466,57533.37771830926,46056.39943003167,57496.37645223894,40256.443639178215
28,91,2012-10-26,46311.17,False,A,206302,65.95,4.301,6490.13,90.02,0.0,1750.84,1684.36,131.1930968,10.199,46311.17,45378.76,57899.576417386466,57533.377718309224,44979.39006953123,57496.37645532041,38310.151815444544
28,92,2012-08-10,104383.23,False,A,206302,95.91,3.811,8364.4,69.48,30.01,4158.02,3050.7,130.7561613,10.926,104383.23,91489.98,98621.20666824142,98195.33660509188,93965.3653167479,98242.32414563352,89557.03727593941
28,92,2012-08-17,82794.34,False,A,206302,94.87,4.002,5349.52,1.98,11.24,2542.17,6620.24,130.7909677,10.926,82794.34,83654.31,98621.20666824142,98195.33660509139,86383.0820748522,101652.40807471807,78086.66995555331
28,92,2012-08-24,82585.58,False,A,206302,85.32,4.055,6730.91,10.92,309.93,2779.28,5826.35,130.8381613,10.926,82585.58,74858.22,98621.20666824142,98195.336605091,83917.04891043888,101316.3220535694,70304.83344652352
28,92,2012-08-31,79561.1,False,A,206302,89.78,4.093,25745.2,3.2,115.39,11858.54,4508.04,130.8853548,10.926,79561.1,125699.86,98621.20666824142,98195.33660509069,133577.46455342206,101349.4455238301,119783.39457554999
28,92,2012-09-07,153061.49,True,A,206302,88.52,4.124,7046.94,43.42,66.08,701.38,11100.55,130.9325484,10.926,153061.49,112169.24,98621.20666824142,98195.33660509044,107231.8460000339,101346.18098971363,108528.44596011174
28,92,2012-09-14,87565.69,False,A,206302,83.64,4.133,15676.1,6.98,24.11,2180.72,10483.58,130.9776667,10.926,87565.69,86381.63,98621.20666824142,98195.33660509024,86743.3843514854,101346.50273085106,82213.35818927006
28,92,2012-09-21,79739.46,False,A,206302,82.97,4.125,8790.27,104.0,3.0,1761.3,9638.33,131.0103333,10.926,79739.46,80411.55,98621.20666824142,98195.33660509008,82765.39134184222,101346.47102116268,76141.99590779642
28,92,2012-09-28,80209.05,False,A,206302,81.22,3.966,5977.78,7.91,2.16,2458.5,6671.45,131.043,10.926,80209.05,76359.26,98621.20666824142,98195.33660508995,103190.8031398873,101346.47414635937,68816.75672439045
28,92,2012-10-05,142220.3,False,A,206302,81.61,3.966,4436.17,0.0,28.91,6563.84,8417.76,131.0756667,10.199,142220.3,158418.77,98621.20666824142,98195.33660508985,124426.43126028235,101346.47383835084,157922.18057422334
28,92,2012-10-12,98955.58,False,A,206302,71.74,4.468,1546.44,0.0,13.36,1057.73,6560.97,131.1083333,10.199,98955.58,97516.04,98621.20666824142,98195.33660508977,89611.18960099267,101346.4738687071,94335.97996366203
28,92,2012-10-19,85902.34,False,A,206302,68.66,4.449,2307.28,0.0,4.7,1406.03,4122.2,131.1499677,10.199,85902.34,84089.07,98621.20666824142,98195.3366050897,85428.64311975175,101346.47386571529,79853.17802911406
28,92,2012-10-26,87256.69,False,A,206302,65.95,4.301,6490.13,90.02,0.0,1750.84,1684.36,131.1930968,10.199,87256.69,86429.58,98621.20666824142,98195.33660508964,89441.46959921066,101346.47386601016,81930.25989974652
28,93,2012-08-10,55129.15,False,A,206302,95.91,3.811,8364.4,69.48,30.01,4158.02,3050.7,130.7561613,10.926,55129.15,43907.88,50357.62861208756,50746.11402905351,45465.516589703955,48864.74937449277,43238.61141136666
28,93,2012-08-17,39199.77,False,A,206302,94.87,4.002,5349.52,1.98,11.24,2542.17,6620.24,130.7909677,10.926,39199.77,39182.59,50357.62861208756,50751.386226598355,41189.51310841285,51266.82222939432,34899.774440051275
28,93,2012-08-24,39577.28,False,A,206302,85.32,4.055,6730.91,10.92,309.93,2779.28,5826.35,130.8381613,10.926,39577.28,33984.3,50357.62861208756,50755.603984634225,39606.03895538386,50962.83694460683,30811.51006051639
28,93,2012-08-31,36508.03,False,A,206302,89.78,4.093,25745.2,3.2,115.39,11858.54,4508.04,130.8853548,10.926,36508.03,62787.07,50357.62861208756,50758.978191062924,70996.81134375492,51001.30665762106,55761.075228757545
28,93,2012-09-07,84960.92,True,A,206302,88.52,4.124,7046.94,43.42,66.08,701.38,11100.55,130.9325484,10.926,84960.92,60199.38,50357.62861208756,50761.67755620589,56777.855225672836,50996.43826795401,57792.8656273549
28,93,2012-09-14,44035.68,False,A,206302,83.64,4.133,15676.1,6.98,24.11,2180.72,10483.58,130.9776667,10.926,44035.68,39708.91,50357.62861208756,50763.83704832025,42751.927579184936,50997.05436867567,36215.28930235602
28,93,2012-09-21,38829.06,False,A,206302,82.97,4.125,8790.27,104.0,3.0,1761.3,9638.33,131.0103333,10.926,38829.06,34389.75,50357.62861208756,50765.56464201175,40768.673281035095,50996.97640036886,30263.37494722261
28,93,2012-09-28,37110.28,False,A,206302,81.22,3.966,5977.78,7.91,2.16,2458.5,6671.45,131.043,10.926,37110.28,32840.44,50357.62861208756,50766.94671696494,52512.552720456595,50996.98626735433,24248.853738805225
28,93,2012-10-05,76454.55,False,A,206302,81.61,3.966,4436.17,0.0,28.91,6563.84,8417.76,131.0756667,10.199,76454.55,85483.92,50357.62861208756,50768.0523769275,66874.8953232737,50996.98501867514,86352.3695586588
28,93,2012-10-12,50522.58,False,A,206302,71.74,4.468,1546.44,0.0,13.36,1057.73,6560.97,131.1083333,10.199,50522.58,43429.3,50357.62861208756,50768.93690489754,44770.322810616955,50996.98517669704,40328.01592148091
28,93,2012-10-19,39056.01,False,A,206302,68.66,4.449,2307.28,0.0,4.7,1406.03,4122.2,131.1499677,10.199,39056.01,37333.16,50357.62861208756,50769.64452727358,39462.843682434715,50996.98515669917,34370.24154947651
28,93,2012-10-26,38865.25,False,A,206302,65.95,4.301,6490.13,90.02,0.0,1750.84,1684.36,131.1930968,10.199,38865.25,37808.11,50357.62861208756,50770.21062517441,40342.58866172876,50996.985159229924,34657.32488351681
28,95,2012-08-10,99779.19,False,A,206302,95.91,3.811,8364.4,69.48,30.01,4158.02,3050.7,130.7561613,10.926,99779.19,97792.99,97674.2065285736,97515.348887618,92054.31626359721,99271.79861316583,87704.05896808459
28,95,2012-08-17,89156.94,False,A,206302,94.87,4.002,5349.52,1.98,11.24,2542.17,6620.24,130.7909677,10.926,89156.94,91074.61,97674.2065285736,97500.6367922027,88495.91148416622,96697.87246718496,77445.07911151162
28,95,2012-08-24,82220.55,False,A,206302,85.32,4.055,6730.91,10.92,309.93,2779.28,5826.35,130.8381613,10.926,82220.55,85249.21,97674.2065285736,97486.14853139294,85171.32123934643,96164.90111482306,73247.92464093809
28,95,2012-08-31,80564.57,False,A,206302,89.78,4.093,25745.2,3.2,115.39,11858.54,4508.04,130.8853548,10.926,80564.57,114129.77,97674.2065285736,97471.88069969628,114720.0928389462,96054.5411253253,101461.84280083985
28,95,2012-09-07,119446.82,True,A,206302,88.52,4.124,7046.94,43.42,66.08,701.38,11100.55,130.9325484,10.926,119446.82,106431.49,97674.2065285736,97457.82994343244,92419.23320980305,96031.68937686269,93593.23270662114
28,95,2012-09-14,82436.29,False,A,206302,83.64,4.133,15676.1,6.98,24.11,2180.72,10483.58,130.9776667,10.926,82436.29,84663.92,97674.2065285736,97443.9929599452,77362.84909896506,96026.95756771542,71947.09543465046
28,95,2012-09-21,81457.73,False,A,206302,82.97,4.125,8790.27,104.0,3.0,1761.3,9638.33,131.0103333,10.926,81457.73,87057.83,97674.2065285736,97430.36649682597,76399.37553376835,96025.97777320023,74281.67161875645
28,95,2012-09-28,79008.61,False,A,206302,81.22,3.966,5977.78,7.91,2.16,2458.5,6671.45,131.043,10.926,79008.61,84485.85,97674.2065285736,97416.9473511494,89050.18358105056,96025.77489154077,72172.5659421426
28,95,2012-10-05,112944.1,False,A,206302,81.61,3.966,4436.17,0.0,28.91,6563.84,8417.76,131.0756667,10.199,112944.1,127312.42,97674.2065285736,97403.73236872049,97256.77455918561,96025.73288174474,113864.8386232545
28,95,2012-10-12,87401.67,False,A,206302,71.74,4.468,1546.44,0.0,13.36,1057.73,6560.97,131.1083333,10.199,87401.67,91967.48,97674.2065285736,97390.71844333314,76943.5442704311,96025.72418296454,79030.23129702109
28,95,2012-10-19,80720.84,False,A,206302,68.66,4.449,2307.28,0.0,4.7,1406.03,4122.2,131.1499677,10.199,80720.84,87010.77,97674.2065285736,97377.90251604015,69645.12407247895,96025.7223817471,73997.37046457182
28,95,2012-10-26,82940.07,False,A,206302,65.95,4.301,6490.13,90.02,0.0,1750.84,1684.36,131.1930968,10.199,82940.07,87756.81,97674.2065285736,97365.28157443408,74655.14542672576,96025.72200877707,74872.96858121533
29,38,2012-08-10,44355.73,False,B,93638,76.74,3.772,27921.89,341.19,9.08,1673.62,1983.79,138.1437742,9.419,44355.73,44533.72,44049.1817091119,44932.236592460045,42894.83239364488,43911.22475266397,43238.90417576877
29,38,2012-08-17,32974.97,False,B,93638,74.92,3.84,1727.05,167.24,0.3,504.22,1175.37,138.1857097,9.419,32974.97,49560.98,44049.1817091119,44950.82379014672,47510.20000209488,43925.42453058362,46437.007890835135
29,38,2012-08-24,46152.03,False,B,93638,70.42,3.874,2436.31,71.53,1.98,1546.95,1061.4,138.2814516,9.419,46152.03,43351.2,44049.1817091119,44969.177053233434,42763.866065376176,43925.52104968764,42894.40032620637
29,38,2012-08-31,43760.13,False,B,93638,71.93,3.884,5937.04,64.33,26.74,1875.2,1385.34,138.3771935,9.419,43760.13,36744.89,44049.1817091119,44987.29932597235,45751.213001788376,43925.52170574983,42508.056831431204
29,38,2012-09-07,44774.66,True,B,93638,73.3,3.921,6434.83,49.02,42.16,1096.81,3319.92,138.4729355,9.419,44774.66,39826.65,44049.1817091119,45005.193515559906,43100.57290215946,43925.521710209236,42177.96326510753
29,38,2012-09-14,38189.74,False,B,93638,66.42,3.988,5649.87,89.66,4.86,1763.17,4109.45,138.5673,9.419,38189.74,45454.0,44049.1817091119,45022.86249260313,43884.66943830793,43925.52171023955,43978.07247191089
29,38,2012-09-21,41571.95,False,B,93638,63.38,4.056,2956.4,24.91,4.5,345.81,2110.49,138.6534,9.419,41571.95,47088.79,44049.1817091119,45040.30909158024,47208.17826550653,43925.52171023975,45806.97782921435
29,38,2012-09-28,45675.07,False,B,93638,62.17,4.018,4039.87,7.91,1.98,687.56,3822.63,138.7395,9.419,45675.07,37580.91,44049.1817091119,45057.53611129526,42768.84030298683,43925.52171023975,41568.89708702889
29,38,2012-10-05,39569.68,False,B,93638,62.09,4.027,4727.88,0.0,9.12,676.3,1904.05,138.8256,9.151,39569.68,48037.17,44049.1817091119,45074.546315327054,50343.217450233395,43925.52171023975,47379.49456761211
29,38,2012-10-12,39503.61,False,B,93638,54.18,4.029,2264.29,0.0,6.8,829.39,675.12,138.9117,9.151,39503.61,47924.41,44049.1817091119,45091.34243247268,41958.94888695931,43925.52171023975,43819.02740529694
29,38,2012-10-19,44263.4,False,B,93638,55.28,4.0,1021.83,0.0,2.28,194.24,3821.21,138.8336129,9.151,44263.4,40294.87,44049.1817091119,45107.92715718511,45585.16725488888,43925.52171023975,43469.469982762435
29,38,2012-10-26,40069.89,False,B,93638,57.58,3.917,5581.8,2.98,0.0,398.23,396.11,138.7281613,9.151,40069.89,40995.49,44049.1817091119,45124.30315000549,43635.185451849655,43925.52171023975,42785.394717329524
30,38,2012-08-10,59074.61,False,C,42988,89.57,3.494,971.97,0.0,1.03,52.96,2168.04,221.5954138,6.565,59074.61,60223.39,61639.644576019855,61582.057881229404,62045.74389573957,60971.575033692905,61978.30882977265
30,38,2012-08-17,55202.51,False,C,42988,85.55,3.571,168.82,0.0,2.13,0.0,1321.3,221.6751459,6.565,55202.51,69883.91,61639.644576019855,61582.05788122933,62411.87431020387,60573.240484397895,64891.51445728519
30,38,2012-08-24,54289.45,False,C,42988,77.72,3.62,338.75,0.0,6.52,10.05,1731.98,221.8083518,6.565,54289.45,55971.09,61639.644576019855,61582.05788122928,55594.94733149568,60598.353416696016,56317.29613005767
30,38,2012-08-31,66077.79,False,C,42988,83.58,3.638,394.74,0.0,4.9,134.07,1892.82,221.9415576,6.565,66077.79,57380.23,61639.644576019855,61582.05788122924,65407.667355840684,60596.770176252205,59154.26521901535
30,38,2012-09-07,50735.62,True,C,42988,88.4,3.73,223.74,0.0,124.14,33.14,1987.38,222.0747635,6.565,50735.62,53494.68,61639.644576019855,61582.05788122921,52931.81974973646,60596.869991370295,53738.834162276864
30,38,2012-09-14,57248.0,False,C,42988,76.1,3.717,1085.92,0.0,29.23,0.0,2115.61,222.2174395,6.565,57248.0,66335.32,61639.644576019855,61582.05788122918,66172.20490046235,60596.86369854356,64806.24515941549
30,38,2012-09-21,59299.09,False,C,42988,71.54,3.721,1046.34,0.0,0.0,69.2,1258.49,222.4169362,6.565,59299.09,71904.38,61639.644576019855,61582.05788122916,63571.937969152976,60596.864095273726,67428.93483847003
30,38,2012-09-28,55633.35,False,C,42988,80.38,3.666,212.08,0.0,0.0,0.0,1525.32,222.6164329,6.565,55633.35,59154.73,61639.644576019855,61582.057881229135,61442.41162219272,60596.864070261945,59350.95493438673
30,38,2012-10-05,57831.43,False,C,42988,70.28,3.617,0.0,0.0,3.02,0.0,755.8,222.8159296,6.17,57831.43,64846.59,61639.644576019855,61582.05788122912,67064.75415681743,60596.864071838805,64334.75820047355
30,38,2012-10-12,54643.47,False,C,42988,61.53,3.601,15.88,0.0,5.2,0.0,3374.4,223.0154263,6.17,54643.47,60299.3,61639.644576019855,61582.05788122911,63705.11215525588,60596.864071739394,60703.93429095565
30,38,2012-10-19,57854.78,False,C,42988,68.52,3.594,37.11,0.0,0.15,0.0,1030.33,223.0598077,6.17,57854.78,66800.45,61639.644576019855,61582.057881229106,67185.3076705236,60596.86407174566,65467.07840309635
30,38,2012-10-26,58445.43,False,C,42988,70.5,3.506,150.46,1.75,0.0,0.0,367.83,223.0783366,6.17,58445.43,63820.38,61639.644576019855,61582.0578812291,55193.21540336413,60596.864071745265,60240.908122983325
30,92,2012-08-10,52924.2,False,C,42988,89.57,3.494,971.97,0.0,1.03,52.96,2168.04,221.5954138,6.565,52924.2,48854.61,50783.75733595901,50445.994674332374,52491.951142480255,52110.27420667296,51482.55249343902
30,92,2012-08-17,51598.4,False,C,42988,85.55,3.571,168.82,0.0,2.13,0.0,1321.3,221.6751459,6.565,51598.4,48004.26,50783.75733595901,50371.92935217791,51326.075988521225,52192.50392759613,50680.765324715176
30,92,2012-08-24,53886.69,False,C,42988,77.72,3.62,338.75,0.0,6.52,10.05,1731.98,221.8083518,6.565,53886.69,45774.11,50783.75733595901,50311.65207990632,52113.013362301666,52235.55190565901,48185.008208604355
30,92,2012-08-31,52316.97,False,C,42988,83.58,3.638,394.74,0.0,4.9,134.07,1892.82,221.9415576,6.565,52316.97,42569.85,50783.75733595901,50262.59606493449,51509.78630627316,52258.08789866127,44767.90830464916
30,92,2012-09-07,53458.23,True,C,42988,88.4,3.73,223.74,0.0,124.14,33.14,1987.38,222.0747635,6.565,53458.23,44023.11,50783.75733595901,50222.67235050239,53948.7074587194,52269.88568809185,46140.74711586406
30,92,2012-09-14,56228.43,False,C,42988,76.1,3.717,1085.92,0.0,29.23,0.0,2115.61,222.2174395,6.565,56228.43,43417.45,50783.75733595901,50190.18086143686,53069.43034120202,52276.06193403913,45576.68569145626
30,92,2012-09-21,57424.51,False,C,42988,71.54,3.721,1046.34,0.0,0.0,69.2,1258.49,222.4169362,6.565,57424.51,45831.47,50783.75733595901,50163.73800969542,52892.05704534004,52279.29525280836,48228.93176981172
30,92,2012-09-28,52513.32,False,C,42988,80.38,3.666,212.08,0.0,0.0,0.0,1525.32,222.6164329,6.565,52513.32,47806.63,50783.75733595901,50142.217776910475,53840.411192052175,52280.98792346181,50282.01954480981
30,92,2012-10-05,58208.95,False,C,42988,70.28,3.617,0.0,0.0,3.02,0.0,755.8,222.8159296,6.17,58208.95,51487.8,50783.75733595901,50124.70376504645,55309.00900493893,52281.87405135255,54142.021328411276
30,92,2012-10-12,58554.45,False,C,42988,61.53,3.601,15.88,0.0,5.2,0.0,3374.4,223.0154263,6.17,58554.45,52539.58,50783.75733595901,50110.450173338664,54908.2591882166,52282.337947053195,55310.101815863265
30,92,2012-10-19,56712.16,False,C,42988,68.52,3.594,37.11,0.0,0.15,0.0,1030.33,223.0598077,6.17,56712.16,53108.41,50783.75733595901,50098.85003979132,54731.600942647,52282.58080050959,55931.419928947056
30,92,2012-10-26,56424.87,False,C,42988,70.5,3.506,150.46,1.75,0.0,0.0,367.83,223.0783366,6.17,56424.87,52826.75,50783.75733595901,50089.409394859525,53299.29729915835,52282.707936417944,55746.2844275022
30,95,2012-08-10,46228.89,False,C,42988,89.57,3.494,971.97,0.0,1.03,52.96,2168.04,221.5954138,6.565,46228.89,46866.18,45362.06369884104,45331.400060369655,46886.28264100508,45645.222747284686,47083.670829899835
30,95,2012-08-17,44060.59,False,C,42988,85.55,3.571,168.82,0.0,2.13,0.0,1321.3,221.6751459,6.565,44060.59,42678.93,45362.06369884104,45319.61333473619,45747.39212406607,45613.8087973365,42552.19892086816
30,95,2012-08-24,43976.24,False,C,42988,77.72,3.62,338.75,0.0,6.52,10.05,1731.98,221.8083518,6.565,43976.24,40912.7,45362.06369884104,45307.99519005705,45178.875826504496,45597.20301116506,40694.54290034123
30,95,2012-08-31,45511.47,False,C,42988,83.58,3.638,394.74,0.0,4.9,134.07,1892.82,221.9415576,6.565,45511.47,39999.25,45362.06369884104,45296.54321518439,44782.1770693616,45588.42499583026,39763.442667391435
30,95,2012-09-07,47396.81,True,C,42988,88.4,3.73,223.74,0.0,124.14,33.14,1987.38,222.0747635,6.565,47396.81,40598.54,45362.06369884104,45285.25503345607,45047.65465059828,45583.7848329122,40444.99533817001
30,95,2012-09-14,46804.5,False,C,42988,76.1,3.717,1085.92,0.0,29.23,0.0,2115.61,222.2174395,6.565,46804.5,39114.21,45362.06369884104,45274.12830220243,45604.45930121732,45581.33198781169,38693.89466909225
30,95,2012-09-21,46487.81,False,C,42988,71.54,3.721,1046.34,0.0,0.0,69.2,1258.49,222.4169362,6.565,46487.81,39569.48,45362.06369884104,45263.16071226008,44488.6324288603,45580.03538482741,39352.33509040451
30,95,2012-09-28,44936.49,False,C,42988,80.38,3.666,212.08,0.0,0.0,0.0,1525.32,222.6164329,6.565,44936.49,40843.11,45362.06369884104,45252.349987492744,44018.12993042624,45579.34998512627,40826.39072242859
30,95,2012-10-05,46294.59,False,C,42988,70.28,3.617,0.0,0.0,3.02,0.0,755.8,222.8159296,6.17,46294.59,43741.96,45362.06369884104,45241.69388431878,46104.13618342211,45578.98767472283,43789.3721655391
30,95,2012-10-12,44964.88,False,C,42988,61.53,3.601,15.88,0.0,5.2,0.0,3374.4,223.0154263,6.17,44964.88,41689.71,45362.06369884104,45231.190191245674,44609.82049384525,45578.796153150506,41633.16405060233
30,95,2012-10-19,44553.35,False,C,42988,68.52,3.594,37.11,0.0,0.15,0.0,1030.33,223.0598077,6.17,44553.35,43475.5,45362.06369884104,45220.836728411,45659.294104964756,45578.69491257801,43483.66830797582
30,95,2012-10-26,44954.61,False,C,42988,70.5,3.506,150.46,1.75,0.0,0.0,367.83,223.0783366,6.17,44954.61,42959.96,45362.06369884104,45210.63134713006,44262.670240478496,45578.64139561177,43061.14370749465
31,2,2012-08-10,60305.2,False,A,203750,89.57,3.494,15098.61,18.96,57.04,4709.17,6169.55,221.5954138,6.565,60305.2,59477.38,60128.298189165675,60143.07145287941,59404.858481836294,60506.555757435,59198.8733941804
31,2,2012-08-17,59111.45,False,A,203750,85.55,3.571,2920.56,40.96,0.01,3529.36,4049.09,221.6751459,6.565,59111.45,64694.22,60128.298189165675,60143.07145287936,64372.69838674324,60389.986493764794,64279.28944659956
31,2,2012-08-24,61036.14,False,A,203750,77.72,3.62,6690.73,25.88,0.01,4768.97,7329.68,221.8083518,6.565,61036.14,61707.64,60128.298189165675,60143.07145287932,60997.01381950852,60340.614414089054,61255.34896343036
31,2,2012-08-31,62149.16,False,A,203750,83.58,3.638,20970.7,27.94,79.4,8977.02,17926.84,221.9415576,6.565,62149.16,61736.86,60128.298189165675,60143.07145287928,61409.626082722636,60319.70322210963,61439.06607088177
31,2,2012-09-07,56140.4,True,A,203750,88.4,3.73,13401.91,61.94,511.63,2215.91,3508.73,222.0747635,6.565,56140.4,56711.76,60128.298189165675,60143.07145287925,55983.59817413905,60310.84643598938,56472.75725043274
31,2,2012-09-14,57295.47,False,A,203750,76.1,3.717,11871.81,11.76,112.13,1166.35,6254.74,222.2174395,6.565,57295.47,58887.81,60128.298189165675,60143.07145287923,57884.023047167066,60307.09520743879,58584.85393043545
31,2,2012-09-21,58247.96,False,A,203750,71.54,3.721,9618.53,65.82,21.48,1203.78,13987.79,222.4169362,6.565,58247.96,59729.69,60128.298189165675,60143.07145287921,57054.93437020839,60305.50640135861,58978.13051475925
31,2,2012-09-28,56770.64,False,A,203750,80.38,3.666,6570.37,16.73,0.15,354.35,7577.57,222.6164329,6.565,56770.64,57310.51,60128.298189165675,60143.071452879194,55160.178732247325,60304.833473882616,56848.024491143464
31,2,2012-10-05,56891.36,False,A,203750,70.28,3.617,3155.26,0.0,25.01,4822.44,7109.64,222.8159296,6.17,56891.36,58996.4,60128.298189165675,60143.07145287918,55643.895237806755,60304.54846025282,58198.041253788164
31,2,2012-10-12,53162.36,False,A,203750,61.53,3.601,7504.95,0.0,9.89,273.21,9095.96,223.0154263,6.17,53162.36,57718.9,60128.298189165675,60143.07145287917,54845.056288182685,60304.42774476406,57158.79474574329
31,2,2012-10-19,59715.89,False,A,203750,68.52,3.594,2432.45,0.0,14.89,1202.44,9394.54,223.0598077,6.17,59715.89,58352.83,60128.298189165675,60143.071452879165,55804.96148463721,60304.37661658034,57939.64675732393
31,2,2012-10-26,58208.08,False,A,203750,70.5,3.506,10768.84,50.54,104.5,345.37,6629.51,223.0783366,6.17,58208.08,55985.15,60128.298189165675,60143.07145287916,53011.26673511286,60304.35496160302,55564.67187250343
31,13,2012-08-10,44322.3,False,A,203750,89.57,3.494,15098.61,18.96,57.04,4709.17,6169.55,221.5954138,6.565,44322.3,41751.79,43309.13373920716,43387.76113823918,44374.91192440813,43353.66810044053,43708.55890064631
31,13,2012-08-17,45925.71,False,A,203750,85.55,3.571,2920.56,40.96,0.01,3529.36,4049.09,221.6751459,6.565,45925.71,45419.41,43309.13373920716,43387.76113823882,46779.03165902783,43322.26255151324,46765.65397530299
31,13,2012-08-24,46350.41,False,A,203750,77.72,3.62,6690.73,25.88,0.01,4768.97,7329.68,221.8083518,6.565,46350.41,42480.95,43309.13373920716,43387.76113823853,45094.768657988425,43312.162302487115,44379.06022197563
31,13,2012-08-31,45207.54,False,A,203750,83.58,3.638,20970.7,27.94,79.4,8977.02,17926.84,221.9415576,6.565,45207.54,44226.92,43309.13373920716,43387.7611382383,46179.58526277362,43308.91399020237,45849.45111927313
31,13,2012-09-07,43602.33,True,A,203750,88.4,3.73,13401.91,61.94,511.63,2215.91,3508.73,222.0747635,6.565,43602.33,42107.19,43309.13373920716,43387.76113823811,45916.56629746797,43307.86930975222,44419.67205107723
31,13,2012-09-14,44162.08,False,A,203750,76.1,3.717,11871.81,11.76,112.13,1166.35,6254.74,222.2174395,6.565,44162.08,42199.07,43309.13373920716,43387.761138237955,43471.99202154078,43307.533333051935,43699.19719411162
31,13,2012-09-21,45627.52,False,A,203750,71.54,3.721,9618.53,65.82,21.48,1203.78,13987.79,222.4169362,6.565,45627.52,44043.59,43309.13373920716,43387.76113823783,44161.48957457673,43307.42528054352,45113.70704717628
31,13,2012-09-28,43084.7,False,A,203750,80.38,3.666,6570.37,16.73,0.15,354.35,7577.57,222.6164329,6.565,43084.7,41569.73,43309.13373920716,43387.761138237736,44218.69362110931,43307.390530084434,43578.99452418131
31,13,2012-10-05,45895.15,False,A,203750,70.28,3.617,3155.26,0.0,25.01,4822.44,7109.64,222.8159296,6.17,45895.15,45559.09,43309.13373920716,43387.761138237656,45637.35888501999,43307.37935408839,46585.996583016684
31,13,2012-10-12,44885.93,False,A,203750,61.53,3.601,7504.95,0.0,9.89,273.21,9095.96,223.0154263,6.17,44885.93,43719.19,43309.13373920716,43387.76113823759,43506.19839515848,43307.37575980818,44748.17698683902
31,13,2012-10-19,44206.55,False,A,203750,68.52,3.594,2432.45,0.0,14.89,1202.44,9394.54,223.0598077,6.17,44206.55,44647.83,43309.13373920716,43387.76113823754,45572.433911946624,43307.37460386197,46011.916163178874
31,13,2012-10-26,43482.72,False,A,203750,70.5,3.506,10768.84,50.54,104.5,345.37,6629.51,223.0783366,6.17,43482.72,41332.47,43309.13373920716,43387.761138237496,42855.60058119028,43307.37423210141,43042.45043331437
31,38,2012-08-10,67684.29,False,A,203750,89.57,3.494,15098.61,18.96,57.04,4709.17,6169.55,221.5954138,6.565,67684.29,76775.28,79782.39040133028,80044.00956691321,74731.44616553676,77982.01986446592,74913.02480847752
31,38,2012-08-17,72487.0,False,A,203750,85.55,3.571,2920.56,40.96,0.01,3529.36,4049.09,221.6751459,6.565,72487.0,85002.89,79782.39040133028,80044.00941638889,82089.3318823717,78035.99680088385,80080.23569525863
31,38,2012-08-24,72357.41,False,A,203750,77.72,3.62,6690.73,25.88,0.01,4768.97,7329.68,221.8083518,6.565,72357.41,83118.29,79782.39040133028,80044.00928193159,83195.75075667935,78038.2951560896,80229.99067677795
31,38,2012-08-31,79883.79,False,A,203750,83.58,3.638,20970.7,27.94,79.4,8977.02,17926.84,221.9415576,6.565,79883.79,85184.32,79782.39040133028,80044.00916182635,89204.01449815505,78038.3930207889,83212.50381704266
31,38,2012-09-07,63936.5,True,A,203750,88.4,3.73,13401.91,61.94,511.63,2215.91,3508.73,222.0747635,6.565,63936.5,75018.34,79782.39040133028,80044.0090545412,75738.40530581638,78038.39718789909,74093.29107658562
31,38,2012-09-14,78451.73,False,A,203750,76.1,3.717,11871.81,11.76,112.13,1166.35,6254.74,222.2174395,6.565,78451.73,77892.24,79782.39040133028,80044.00895870771,86026.64023549274,78038.39736533597,79233.88620100832
31,38,2012-09-21,65769.2,False,A,203750,71.54,3.721,9618.53,65.82,21.48,1203.78,13987.79,222.4169362,6.565,65769.2,83044.09,79782.39040133028,80044.00887310355,90011.83674509183,78038.3973728913,82841.07193410897
31,38,2012-09-28,69878.34,False,A,203750,80.38,3.666,6570.37,16.73,0.15,354.35,7577.57,222.6164329,6.565,69878.34,80786.47,79782.39040133028,80044.00879663682,78584.24598025007,78038.39737321301,77517.73079521982
31,38,2012-10-05,75247.87,False,A,203750,70.28,3.617,3155.26,0.0,25.01,4822.44,7109.64,222.8159296,6.17,75247.87,80544.53,79782.39040133028,80044.00872833218,86475.83360948342,78038.3973732267,80497.93172239917
31,38,2012-10-12,83693.32,False,A,203750,61.53,3.601,7504.95,0.0,9.89,273.21,9095.96,223.0154263,6.17,83693.32,85683.25,79782.39040133028,80044.00866731841,79804.43944296417,78038.39737322729,79834.29656109246
31,38,2012-10-19,72369.66,False,A,203750,68.52,3.594,2432.45,0.0,14.89,1202.44,9394.54,223.0598077,6.17,72369.66,81907.92,79782.39040133028,80044.0086128173,80529.15818875187,78038.39737322732,78672.9445912292
31,38,2012-10-26,83599.59,False,A,203750,70.5,3.506,10768.84,50.54,104.5,345.37,6629.51,223.0783366,6.17,83599.59,78634.03,79782.39040133028,80044.00856413365,79680.33834339443,78038.39737322732,77138.89485145068
31,40,2012-08-10,54933.37,False,A,203750,89.57,3.494,15098.61,18.96,57.04,4709.17,6169.55,221.5954138,6.565,54933.37,54832.06,56302.56182090034,55927.137123624394,55001.499769106085,56476.223504769994,57579.9320947082
31,40,2012-08-17,53000.08,False,A,203750,85.55,3.571,2920.56,40.96,0.01,3529.36,4049.09,221.6751459,6.565,53000.08,54846.26,56302.56182090034,55916.157233292106,57419.229449196944,56523.05225127914,57963.77575873745
31,40,2012-08-24,55214.63,False,A,203750,77.72,3.62,6690.73,25.88,0.01,4768.97,7329.68,221.8083518,6.565,55214.63,54341.59,56302.56182090034,55907.34409352149,55394.868022839495,56505.270739727,57227.25554543162
31,40,2012-08-31,57947.55,False,A,203750,83.58,3.638,20970.7,27.94,79.4,8977.02,17926.84,221.9415576,6.565,57947.55,55195.21,56302.56182090034,55900.27012190011,58037.265672346184,56512.022621352044,58349.307491469845
31,40,2012-09-07,54893.15,True,A,203750,88.4,3.73,13401.91,61.94,511.63,2215.91,3508.73,222.0747635,6.565,54893.15,55254.09,56302.56182090034,55894.59211431116,55173.74331953878,56509.45884012653,57930.69656428728
31,40,2012-09-14,58888.84,False,A,203750,76.1,3.717,11871.81,11.76,112.13,1166.35,6254.74,222.2174395,6.565,58888.84,58415.5,56302.56182090034,55890.034593881945,59768.51753083653,56510.43234270511,61259.455552351596
31,40,2012-09-21,59017.53,False,A,203750,71.54,3.721,9618.53,65.82,21.48,1203.78,13987.79,222.4169362,6.565,59017.53,57471.08,56302.56182090034,55886.37644581902,58304.9985611411,56510.062690544044,60251.49787053299
31,40,2012-09-28,57627.55,False,A,203750,80.38,3.666,6570.37,16.73,0.15,354.35,7577.57,222.6164329,6.565,57627.55,57942.81,56302.56182090034,55883.440189699475,59077.38686255904,56510.20305249396,60766.370049750076
31,40,2012-10-05,57908.44,False,A,203750,70.28,3.617,3155.26,0.0,25.01,4822.44,7109.64,222.8159296,6.17,57908.44,59831.37,56302.56182090034,55881.08336874765,61312.05239176229,56510.14975515376,62677.97490637168
31,40,2012-10-12,55999.68,False,A,203750,61.53,3.601,7504.95,0.0,9.89,273.21,9095.96,223.0154263,6.17,55999.68,56690.93,56302.56182090034,55879.19163833558,58597.195076656404,56510.16999287826,59673.07631482176
31,40,2012-10-19,58988.14,False,A,203750,68.52,3.594,2432.45,0.0,14.89,1202.44,9394.54,223.0598077,6.17,58988.14,57589.2,56302.56182090034,55877.673218385535,60020.593860713634,56510.1623083392,60633.365675274355
31,40,2012-10-26,58784.04,False,A,203750,70.5,3.506,10768.84,50.54,104.5,345.37,6629.51,223.0783366,6.17,58784.04,55135.32,56302.56182090034,55876.4544405248,57371.016693044454,56510.16522626313,58195.85600802298
31,72,2012-08-10,30736.64,False,A,203750,89.57,3.494,15098.61,18.96,57.04,4709.17,6169.55,221.5954138,6.565,30736.64,33734.18,46550.68605837095,38259.793780977634,33567.23989298055,44927.21036712447,34147.5450621849
31,72,2012-08-17,37300.81,False,A,203750,85.55,3.571,2920.56,40.96,0.01,3529.36,4049.09,221.6751459,6.565,37300.81,35204.97,46550.68605837095,38259.793780961256,37986.7665387015,45955.46076838704,36077.363941415744
31,72,2012-08-24,31923.99,False,A,203750,77.72,3.62,6690.73,25.88,0.01,4768.97,7329.68,221.8083518,6.565,31923.99,29057.1,46550.68605837095,38259.793780947904,34878.15052928431,46087.963987800416,29865.741299407968
31,72,2012-08-31,31017.47,False,A,203750,83.58,3.638,20970.7,27.94,79.4,8977.02,17926.84,221.9415576,6.565,31017.47,36619.79,46550.68605837095,38259.793780937034,40675.00420906061,46105.03872283903,37428.77105816503
31,72,2012-09-07,29907.2,True,A,203750,88.4,3.73,13401.91,61.94,511.63,2215.91,3508.73,222.0747635,6.565,29907.2,29022.33,46550.68605837095,38259.79378092818,40410.633408093025,46107.239020899186,29961.851878381633
31,72,2012-09-14,30026.37,False,A,203750,76.1,3.717,11871.81,11.76,112.13,1166.35,6254.74,222.2174395,6.565,30026.37,33440.81,46550.68605837095,38259.79378092096,39854.202780796324,46107.522557454366,34285.17447104086
31,72,2012-09-21,63802.42,False,A,203750,71.54,3.721,9618.53,65.82,21.48,1203.78,13987.79,222.4169362,6.565,63802.42,35949.89,46550.68605837095,38259.793780915075,37940.38542549788,46107.559094767006,36706.37828700318
31,72,2012-09-28,49859.17,False,A,203750,80.38,3.666,6570.37,16.73,0.15,354.35,7577.57,222.6164329,6.565,49859.17,32513.71,46550.68605837095,38259.79378091029,35079.213234364564,46107.56380306719,33282.76245969232
31,72,2012-10-05,40298.47,False,A,203750,70.28,3.617,3155.26,0.0,25.01,4822.44,7109.64,222.8159296,6.17,40298.47,35794.99,46550.68605837095,38259.79378090638,33565.304512181065,46107.56440979191,36471.44952111832
31,72,2012-10-12,46725.09,False,A,203750,61.53,3.601,7504.95,0.0,9.89,273.21,9095.96,223.0154263,6.17,46725.09,33264.54,46550.68605837095,38259.7937809032,30393.380425400785,46107.564487976146,33927.593852727776
31,72,2012-10-19,45062.29,False,A,203750,68.52,3.594,2432.45,0.0,14.89,1202.44,9394.54,223.0598077,6.17,45062.29,60795.86,46550.68605837095,38259.79378090061,39529.37035287682,46107.564498051186,61099.753918484086
31,72,2012-10-26,43471.72,False,A,203750,70.5,3.506,10768.84,50.54,104.5,345.37,6629.51,223.0783366,6.17,43471.72,53023.8,46550.68605837095,38259.7937808985,34978.390886699155,46107.564499349486,53392.004263696654
31,90,2012-08-10,91393.34,False,A,203750,89.57,3.494,15098.61,18.96,57.04,4709.17,6169.55,221.5954138,6.565,91393.34,97271.85,87906.31126353453,87855.7212961257,90179.47680548781,88213.67038206852,91557.95767733121
31,90,2012-08-17,89660.44,False,A,203750,85.55,3.571,2920.56,40.96,0.01,3529.36,4049.09,221.6751459,6.565,89660.44,96112.9,87906.31126353453,87821.01748805947,88795.09885288362,88210.40052520586,90394.46462972958
31,90,2012-08-24,85570.68,False,A,203750,77.72,3.62,6690.73,25.88,0.01,4768.97,7329.68,221.8083518,6.565,85570.68,89688.4,87906.31126353453,87791.25611214947,84341.95806900268,88208.752976149,83542.63517136357
31,90,2012-08-31,85840.76,False,A,203750,83.58,3.638,20970.7,27.94,79.4,8977.02,17926.84,221.9415576,6.565,85840.76,91089.72,87906.31126353453,87765.73327919791,85264.36350746309,88207.92284259615,85011.67421149348
31,90,2012-09-07,92341.4,True,A,203750,88.4,3.73,13401.91,61.94,511.63,2215.91,3508.73,222.0747635,6.565,92341.4,96568.88,87906.31126353453,87743.84534619906,89666.96378132512,88207.50457176367,90604.35054795712
31,90,2012-09-14,90389.48,False,A,203750,76.1,3.717,11871.81,11.76,112.13,1166.35,6254.74,222.2174395,6.565,90389.48,96580.24,87906.31126353453,87725.07463951957,88771.87315334918,88207.29382195274,90760.07534698151
31,90,2012-09-21,88688.72,False,A,203750,71.54,3.721,9618.53,65.82,21.48,1203.78,13987.79,222.4169362,6.565,88688.72,93114.27,87906.31126353453,87708.9772113492,83333.42436856849,88207.18763361887,87797.0229701566
31,90,2012-09-28,84507.16,False,A,203750,80.38,3.666,6570.37,16.73,0.15,354.35,7577.57,222.6164329,6.565,84507.16,89515.57,87906.31126353453,87695.17233984782,81250.46091181377,88207.13412959815,83786.3293736098
31,90,2012-10-05,91894.23,False,A,203750,70.28,3.617,3155.26,0.0,25.01,4822.44,7109.64,222.8159296,6.17,91894.23,99597.44,87906.31126353453,87683.3335246562,88482.08925359459,88207.107171079,94396.41929726941
31,90,2012-10-12,93557.17,False,A,203750,61.53,3.601,7504.95,0.0,9.89,273.21,9095.96,223.0154263,6.17,93557.17,95197.79,87906.31126353453,87673.18076480417,85710.75396913142,88207.09358776796,89645.307466451
31,90,2012-10-19,91133.11,False,A,203750,68.52,3.594,2432.45,0.0,14.89,1202.44,9394.54,223.0598077,6.17,91133.11,91026.01,87906.31126353453,87664.47393638053,83254.39115286988,88207.08674368511,85129.0826124166
31,90,2012-10-26,84924.7,False,A,203750,70.5,3.506,10768.84,50.54,104.5,345.37,6629.51,223.0783366,6.17,84924.7,87765.65,87906.31126353453,87657.00711333893,80789.1715098825,88207.08329522767,81733.13491407227
31,91,2012-08-10,75472.64,False,A,203750,89.57,3.494,15098.61,18.96,57.04,4709.17,6169.55,221.5954138,6.565,75472.64,80532.17,70437.23630964494,70296.38457707054,75607.7659991916,70052.69591823654,76783.27786931611
31,91,2012-08-17,74539.51,False,A,203750,85.55,3.571,2920.56,40.96,0.01,3529.36,4049.09,221.6751459,6.565,74539.51,76685.51,70437.23630964494,70292.3203116262,71568.19711989215,70123.50974493552,73072.26626930696
31,91,2012-08-24,67385.74,False,A,203750,77.72,3.62,6690.73,25.88,0.01,4768.97,7329.68,221.8083518,6.565,67385.74,69388.09,70437.23630964494,70289.06889927071,65942.04916603757,70158.96215045046,65349.897079012124
31,91,2012-08-31,64172.32,False,A,203750,83.58,3.638,20970.7,27.94,79.4,8977.02,17926.84,221.9415576,6.565,64172.32,68598.85,70437.23630964494,70286.46776938633,65840.54577974294,70176.71112851569,64305.6863291409
31,91,2012-09-07,71037.41,True,A,203750,88.4,3.73,13401.91,61.94,511.63,2215.91,3508.73,222.0747635,6.565,71037.41,75703.08,70437.23630964494,70284.38686547884,71876.90833724281,70185.59701983348,71574.08501591496
31,91,2012-09-14,72003.56,False,A,203750,76.1,3.717,11871.81,11.76,112.13,1166.35,6254.74,222.2174395,6.565,72003.56,75450.5,70437.23630964494,70282.72214235282,72476.3512350647,70190.04567396002,70975.69003687856
31,91,2012-09-21,68997.22,False,A,203750,71.54,3.721,9618.53,65.82,21.48,1203.78,13987.79,222.4169362,6.565,68997.22,72299.17,70437.23630964494,70281.39036385203,67231.24350546002,70192.27285892433,68750.44014391617
31,91,2012-09-28,63761.64,False,A,203750,80.38,3.666,6570.37,16.73,0.15,354.35,7577.57,222.6164329,6.565,63761.64,66874.01,70437.23630964494,70280.32494105138,64542.25800853276,70193.38788219298,62424.98890274814
31,91,2012-10-05,69472.49,False,A,203750,70.28,3.617,3155.26,0.0,25.01,4822.44,7109.64,222.8159296,6.17,69472.49,76322.47,70437.23630964494,70279.47260281087,72153.59975193247,70193.94611013972,72265.58152461737
31,91,2012-10-12,71970.33,False,A,203750,61.53,3.601,7504.95,0.0,9.89,273.21,9095.96,223.0154263,6.17,71970.33,76238.52,70437.23630964494,70278.79073221846,71751.99241868961,70194.22558272947,72293.94159331794
31,91,2012-10-19,70287.16,False,A,203750,68.52,3.594,2432.45,0.0,14.89,1202.44,9394.54,223.0598077,6.17,70287.16,70560.09,70437.23630964494,70278.24523574453,67229.94041031436,70194.36549856291,66361.08646720291
31,91,2012-10-26,62784.8,False,A,203750,70.5,3.506,10768.84,50.54,104.5,345.37,6629.51,223.0783366,6.17,62784.8,66382.9,70437.23630964494,70277.80883856538,62548.69698322534,70194.43554636426,62545.78878449679
31,92,2012-08-10,137390.58,False,A,203750,89.57,3.494,15098.61,18.96,57.04,4709.17,6169.55,221.5954138,6.565,137390.58,136060.96,125385.1307848117,125352.19473882932,133178.9496295726,125941.68679840486,135095.67878018165
31,92,2012-08-17,134117.33,False,A,203750,85.55,3.571,2920.56,40.96,0.01,3529.36,4049.09,221.6751459,6.565,134117.33,133307.07,125385.1307848117,125223.093394353,130333.1748765763,126268.00573663696,132337.8294252978
31,92,2012-08-24,122904.34,False,A,203750,77.72,3.62,6690.73,25.88,0.01,4768.97,7329.68,221.8083518,6.565,122904.34,120416.08,125385.1307848117,125117.08061128789,122428.56403483491,126377.88768781378,118576.3310829361
31,92,2012-08-31,120239.2,False,A,203750,83.58,3.638,20970.7,27.94,79.4,8977.02,17926.84,221.9415576,6.565,120239.2,119240.08,125385.1307848117,125030.02721754675,124177.12467151493,126414.88843088999,116798.81204435055
31,92,2012-09-07,134890.51,True,A,203750,88.4,3.73,13401.91,61.94,511.63,2215.91,3508.73,222.0747635,6.565,134890.51,134253.15,125385.1307848117,124958.54250464003,136901.2522106792,126427.34775631632,132037.25331126247
31,92,2012-09-14,132705.22,False,A,203750,76.1,3.717,11871.81,11.76,112.13,1166.35,6254.74,222.2174395,6.565,132705.22,134330.44,125385.1307848117,124899.8421604059,133700.1890384242,126431.54320692549,132829.9281756596
31,92,2012-09-21,135088.96,False,A,203750,71.54,3.721,9618.53,65.82,21.48,1203.78,13987.79,222.4169362,6.565,135088.96,127814.62,125385.1307848117,124851.6398207294,123400.23985809702,126432.95594840319,127243.40759609062
31,92,2012-09-28,121930.35,False,A,203750,80.38,3.666,6570.37,16.73,0.15,354.35,7577.57,222.6164329,6.565,121930.35,118423.82,125385.1307848117,124812.05801621695,120592.03679461926,126433.4316633308,116525.08003549937
31,92,2012-10-05,137441.18,False,A,203750,70.28,3.617,3155.26,0.0,25.01,4822.44,7109.64,222.8159296,6.17,137441.18,140423.44,125385.1307848117,124779.55504522061,136641.3009822069,126433.59185165678,139377.27023442645
31,92,2012-10-12,149580.76,False,A,203750,61.53,3.601,7504.95,0.0,9.89,273.21,9095.96,223.0154263,6.17,149580.76,138531.47,125385.1307848117,124752.86492493423,132510.3730441103,126433.6457921541,137959.1737353548
31,92,2012-10-19,141980.02,False,A,203750,68.52,3.594,2432.45,0.0,14.89,1202.44,9394.54,223.0598077,6.17,141980.02,130704.17,125385.1307848117,124730.94808167145,129263.11492655464,126433.66395563283,129201.1289764459
31,92,2012-10-26,124776.52,False,A,203750,70.5,3.506,10768.84,50.54,104.5,345.37,6629.51,223.0783366,6.17,124776.52,123784.72,125385.1307848117,124712.95085972373,125431.71940323059,126433.67007185303,121721.73582351049
31,93,2012-08-10,66412.51,False,A,203750,89.57,3.494,15098.61,18.96,57.04,4709.17,6169.55,221.5954138,6.565,66412.51,63919.34,62248.93268800962,62493.65301528714,65615.23359349025,61936.82308285007,66533.50176522452
31,93,2012-08-17,64632.64,False,A,203750,85.55,3.571,2920.56,40.96,0.01,3529.36,4049.09,221.6751459,6.565,64632.64,62066.57,62248.93268800962,62506.424838548905,63150.602251734956,62184.49252177197,64653.39937158366
31,93,2012-08-24,57964.91,False,A,203750,77.72,3.62,6690.73,25.88,0.01,4768.97,7329.68,221.8083518,6.565,57964.91,51945.98,62248.93268800962,62516.64229715832,56905.95401097837,62230.45317670453,54474.68609870493
31,93,2012-08-31,57237.72,False,A,203750,83.58,3.638,20970.7,27.94,79.4,8977.02,17926.84,221.9415576,6.565,57237.72,54006.75,62248.93268800962,62524.816264045854,59287.02108603712,62238.98221367826,56530.43110176461
31,93,2012-09-07,68619.15,True,A,203750,88.4,3.73,13401.91,61.94,511.63,2215.91,3508.73,222.0747635,6.565,68619.15,68253.35,62248.93268800962,62531.35543755588,69929.04516069319,62240.56496901119,70832.12820429158
31,93,2012-09-14,63746.55,False,A,203750,76.1,3.717,11871.81,11.76,112.13,1166.35,6254.74,222.2174395,6.565,63746.55,63963.54,62248.93268800962,62536.5867763639,64904.807463028024,62240.858684990104,66551.77171967084
31,93,2012-09-21,63128.33,False,A,203750,71.54,3.721,9618.53,65.82,21.48,1203.78,13987.79,222.4169362,6.565,63128.33,57220.21,62248.93268800962,62540.77184741032,59405.979934476294,62240.91319061992,59787.01789734622
31,93,2012-09-28,56053.91,False,A,203750,80.38,3.666,6570.37,16.73,0.15,354.35,7577.57,222.6164329,6.565,56053.91,51939.29,62248.93268800962,62544.119904247455,56358.703112400784,62240.92330536986,54471.03594018798
31,93,2012-10-05,62500.5,False,A,203750,70.28,3.617,3155.26,0.0,25.01,4822.44,7109.64,222.8159296,6.17,62500.5,63930.31,62248.93268800962,62546.79834971716,64977.39650114069,62240.925182390034,66514.11566090725
31,93,2012-10-12,68874.91,False,A,203750,61.53,3.601,7504.95,0.0,9.89,273.21,9095.96,223.0154263,6.17,68874.91,63891.25,62248.93268800962,62548.94110609292,65386.51579064598,62240.925530713495,66465.81297460957
31,93,2012-10-19,65099.28,False,A,203750,68.52,3.594,2432.45,0.0,14.89,1202.44,9394.54,223.0598077,6.17,65099.28,58670.83,62248.93268800962,62550.655311193535,61619.653606942775,62240.925595352775,61221.367718535315
31,93,2012-10-26,58160.69,False,A,203750,70.5,3.506,10768.84,50.54,104.5,345.37,6629.51,223.0783366,6.17,58160.69,54151.15,62248.93268800962,62552.02667527403,57324.953148678265,62240.92560734805,56697.896871474
31,94,2012-08-10,76831.1,False,A,203750,89.57,3.494,15098.61,18.96,57.04,4709.17,6169.55,221.5954138,6.565,76831.1,85783.51,75215.92564749808,75357.94483901658,77474.33191515284,75442.87719601789,76189.81047472282
31,94,2012-08-17,75325.84,False,A,203750,85.55,3.571,2920.56,40.96,0.01,3529.36,4049.09,221.6751459,6.565,75325.84,83033.13,75215.92564749808,75408.74322104211,74138.05455265721,75394.92658937567,73360.6027965178
31,94,2012-08-24,68453.16,False,A,203750,77.72,3.62,6690.73,25.88,0.01,4768.97,7329.68,221.8083518,6.565,68453.16,78165.56,75215.92564749808,75459.28761115752,71134.10031188572,75381.4144667287,68500.55287379964
31,94,2012-08-31,68075.32,False,A,203750,83.58,3.638,20970.7,27.94,79.4,8977.02,17926.84,221.9415576,6.565,68075.32,77902.29,75215.92564749808,75509.57927932235,69101.5237156495,75377.60685153441,68236.2580159253
31,94,2012-09-07,71270.89,True,A,203750,88.4,3.73,13401.91,61.94,511.63,2215.91,3508.73,222.0747635,6.565,71270.89,76340.17,75215.92564749808,75559.61948914635,69668.732130324,75376.53389402457,66674.63904102264
31,94,2012-09-14,69635.55,False,A,203750,76.1,3.717,11871.81,11.76,112.13,1166.35,6254.74,222.2174395,6.565,69635.55,74546.26,75215.92564749808,75609.40949792125,67401.97210241384,75376.23154261585,64880.59547409892
31,94,2012-09-21,68888.23,False,A,203750,71.54,3.721,9618.53,65.82,21.48,1203.78,13987.79,222.4169362,6.565,68888.23,71349.05,75215.92564749808,75658.95055665226,63539.00340168297,75376.14634224815,61683.20698031226
31,94,2012-09-28,66903.46,False,A,203750,80.38,3.666,6570.37,16.73,0.15,354.35,7577.57,222.6164329,6.565,66903.46,67215.13,75215.92564749808,75708.24391008962,62663.38251533428,75376.12233342118,57549.911502728995
31,94,2012-10-05,68362.09,False,A,203750,70.28,3.617,3155.26,0.0,25.01,4822.44,7109.64,222.8159296,6.17,68362.09,71725.79,75215.92564749808,75757.29079675979,66963.80830911528,75376.11556791315,62060.430284267786
31,94,2012-10-12,69693.84,False,A,203750,61.53,3.601,7504.95,0.0,9.89,273.21,9095.96,223.0154263,6.17,69693.84,67834.49,75215.92564749808,75806.09244899661,65586.09822945955,75376.11366144354,58169.585538440355
31,94,2012-10-19,68069.34,False,A,203750,68.52,3.594,2432.45,0.0,14.89,1202.44,9394.54,223.0598077,6.17,68069.34,66317.26,75215.92564749808,75854.65009297225,64995.55312934485,75376.11312421465,56652.481503294366
31,94,2012-10-26,66154.79,False,A,203750,70.5,3.506,10768.84,50.54,104.5,345.37,6629.51,223.0783366,6.17,66154.79,64396.47,75215.92564749808,75902.96494872801,63910.32006320643,75376.11297282757,54731.83164471323
31,95,2012-08-10,116725.4,False,A,203750,89.57,3.494,15098.61,18.96,57.04,4709.17,6169.55,221.5954138,6.565,116725.4,122613.5,111654.62585537671,111794.63866211679,114272.31496727654,111698.52734119455,116390.05399564187
31,95,2012-08-17,115947.73,False,A,203750,85.55,3.571,2920.56,40.96,0.01,3529.36,4049.09,221.6751459,6.565,115947.73,121144.88,111654.62585537671,111753.03578818495,111962.48035205093,111655.87484997307,114790.51817794239
31,95,2012-08-24,103831.88,False,A,203750,77.72,3.62,6690.73,25.88,0.01,4768.97,7329.68,221.8083518,6.565,103831.88,115111.02,111654.62585537671,111719.75348903947,105704.02113289923,111638.49129729353,108791.4742159046
31,95,2012-08-31,107851.02,False,A,203750,83.58,3.638,20970.7,27.94,79.4,8977.02,17926.84,221.9415576,6.565,107851.02,115595.95,111654.62585537671,111693.1276497231,107121.44811864836,111631.4064144389,109094.03678080853
31,95,2012-09-07,113292.77,True,A,203750,88.4,3.73,13401.91,61.94,511.63,2215.91,3508.73,222.0747635,6.565,113292.77,120876.79,111654.62585537671,111671.82697827,111069.87566075406,111628.51888241428,114530.11882172494
31,95,2012-09-14,110253.72,False,A,203750,76.1,3.717,11871.81,11.76,112.13,1166.35,6254.74,222.2174395,6.565,110253.72,117320.06,111654.62585537671,111654.78644110751,108907.56398633186,111627.34203286514,110764.25758841682
31,95,2012-09-21,106472.28,False,A,203750,71.54,3.721,9618.53,65.82,21.48,1203.78,13987.79,222.4169362,6.565,106472.28,111325.54,111654.62585537671,111641.15401137753,102509.96960214894,111626.86239321111,104859.98801941675
31,95,2012-09-28,99388.96,False,A,203750,80.38,3.666,6570.37,16.73,0.15,354.35,7577.57,222.6164329,6.565,99388.96,106170.6,111654.62585537671,111630.24806759354,97208.70709962396,111626.66691011142,99741.05615179575
31,95,2012-10-05,103804.95,False,A,203750,70.28,3.617,3155.26,0.0,25.01,4822.44,7109.64,222.8159296,6.17,103804.95,120606.74,111654.62585537671,111621.52331256635,108125.79867626519,111626.58723854562,114623.18768207033
31,95,2012-10-12,103874.17,False,A,203750,61.53,3.601,7504.95,0.0,9.89,273.21,9095.96,223.0154263,6.17,103874.17,115584.14,111654.62585537671,111614.5435085446,107062.3891537751,111626.5547674092,109049.96233527236
31,95,2012-10-19,104460.17,False,A,203750,68.52,3.594,2432.45,0.0,14.89,1202.44,9394.54,223.0598077,6.17,104460.17,110235.18,111654.62585537671,111608.9596653272,102913.96239064517,111626.54153339415,103625.8159262936
31,95,2012-10-26,97478.08,False,A,203750,70.5,3.506,10768.84,50.54,104.5,345.37,6629.51,223.0783366,6.17,97478.08,102863.97,111654.62585537671,111604.49259075327,97381.87967999718,111626.5361397069,96085.52663407954
32,2,2012-08-10,56494.45,False,A,203007,75.93,3.509,9862.83,573.37,61.32,7871.42,4298.69,198.0795651,7.872,56494.45,53254.42,53131.86735611435,52738.88442986098,55552.38354397457,54073.56342269628,52896.691468122124
32,2,2012-08-17,57105.94,False,A,203007,70.75,3.545,7157.73,186.89,3.84,6006.91,1590.2,198.1001057,7.872,57105.94,54976.63,53131.86735611435,52738.9163020332,56119.717438242,53946.71187200952,54279.090388880875
32,2,2012-08-24,56461.4,False,A,203007,70.12,3.558,5446.99,147.41,127.58,3394.31,5920.55,198.0984199,7.872,56461.4,53960.57,53131.86735611435,52738.94600234547,53254.3594248857,53930.713293097295,52933.56742060541
32,2,2012-08-31,53539.47,False,A,203007,76.12,3.556,26651.19,227.72,31.33,6843.52,2907.74,198.0967341,7.872,53539.47,52257.9,53131.86735611435,52738.97367879445,53188.43095573364,53928.69554458871,51657.39788792436
32,2,2012-09-07,52655.38,True,A,203007,72.56,3.596,7271.43,172.04,233.55,916.85,3089.99,198.0950484,7.872,52655.38,51598.14,53131.86735611435,52738.99946929193,49873.40031037215,53928.441065171115,50464.85468313077
32,2,2012-09-14,48923.06,False,A,203007,64.05,3.659,6238.21,77.77,23.41,1404.74,8346.74,198.1267184,7.872,48923.06,48942.62,53131.86735611435,52739.02350235196,51305.358934436306,53928.40897010391,48808.300750423994
32,2,2012-09-21,52206.75,False,A,203007,63.49,3.765,7161.18,88.82,3.0,1011.45,5347.22,198.358523,7.872,52206.75,50375.29,53131.86735611435,52739.04589773132,52670.03365813492,53928.404922258516,50171.89492880052
32,2,2012-09-28,50914.04,False,A,203007,60.62,3.789,5399.48,16.73,0.22,1432.28,5673.51,198.5903276,7.872,50914.04,50180.82,53131.86735611435,52739.06676702618,52522.29762776813,53928.404411742296,49998.63379038818
32,2,2012-10-05,53178.79,False,A,203007,55.34,3.779,4879.58,0.0,27.93,2641.24,5393.9,198.8221322,7.557,53178.79,49623.69,53131.86735611435,52739.08621422827,50852.20222107623,53928.40434735575,49226.69938818885
32,2,2012-10-12,52081.97,False,A,203007,43.49,3.76,2776.24,0.0,17.72,456.08,5687.22,199.0539368,7.557,52081.97,51171.6,53131.86735611435,52739.10433624301,50939.925133668265,53928.40433923528,50391.26334414195
32,2,2012-10-19,54256.83,False,A,203007,53.57,3.75,3331.15,0.0,3.96,120.51,3218.33,199.1481963,7.557,54256.83,47241.79,53131.86735611435,52739.12122337241,51892.65776647991,53928.40433821113,47685.83705336996
32,2,2012-10-26,53135.12,False,A,203007,47.22,3.686,8968.72,104.91,200.0,534.86,1821.85,199.2195317,7.557,53135.12,49167.13,53131.86735611435,52739.13695976505,49045.249049360864,53928.40433808196,48504.85201032951
32,38,2012-08-10,70716.89,False,A,203007,75.93,3.509,9862.83,573.37,61.32,7871.42,4298.69,198.0795651,7.872,70716.89,65408.65,67337.36089877343,67768.99915784886,67024.23107675159,66891.43517159348,71536.01793500133
32,38,2012-08-17,67336.13,False,A,203007,70.75,3.545,7157.73,186.89,3.84,6006.91,1590.2,198.1001057,7.872,67336.13,61701.65,67337.36089877343,67710.56009216345,72993.67625960878,67238.85420263857,74660.59775585399
32,38,2012-08-24,66897.17,False,A,203007,70.12,3.558,5446.99,147.41,127.58,3394.31,5920.55,198.0984199,7.872,66897.17,65069.44,67337.36089877343,67656.45113216809,72276.96561037048,67223.05293135693,74753.94775810555
32,38,2012-08-31,71571.38,False,A,203007,76.12,3.556,26651.19,227.72,31.33,6843.52,2907.74,198.0967341,7.872,71571.38,59528.56,67337.36089877343,67606.35143400484,66080.95417934426,67223.77160290859,70421.31513247105
32,38,2012-09-07,58071.35,True,A,203007,72.56,3.596,7271.43,172.04,233.55,916.85,3089.99,198.0950484,7.872,58071.35,52024.04,67337.36089877343,67559.96392708801,61398.70176708507,67223.73891637407,65138.5190609135
32,38,2012-09-14,75687.84,False,A,203007,64.05,3.659,6238.21,77.77,23.41,1404.74,8346.74,198.1267184,7.872,75687.84,69563.36,67337.36089877343,67517.01355259777,66790.7582433511,67223.74040301917,74943.63714388185
32,38,2012-09-21,60571.3,False,A,203007,63.49,3.765,7161.18,88.82,3.0,1011.45,5347.22,198.358523,7.872,60571.3,69971.96,67337.36089877343,67477.24563249464,77583.1049347177,67223.74033540375,79381.73992126559
32,38,2012-09-28,73085.33,False,A,203007,60.62,3.789,5399.48,16.73,0.22,1432.28,5673.51,198.5903276,7.872,73085.33,61151.1,67337.36089877343,67440.42435938356,67168.6038122839,67223.74033847902,71545.71681146574
32,38,2012-10-05,75752.76,False,A,203007,55.34,3.779,4879.58,0.0,27.93,2641.24,5393.9,198.8221322,7.557,75752.76,60572.81,67337.36089877343,67406.33139827305,68555.03729174986,67223.74033833915,71837.67609193201
32,38,2012-10-12,62176.01,False,A,203007,43.49,3.76,2776.24,0.0,17.72,456.08,5687.22,199.0539368,7.557,62176.01,64914.47,67337.36089877343,67374.76459193869,70250.76927105745,67223.74033834551,74394.49005603892
32,38,2012-10-19,70063.24,False,A,203007,53.57,3.75,3331.15,0.0,3.96,120.51,3218.33,199.1481963,7.557,70063.24,59721.21,67337.36089877343,67345.53676221392,68079.70906987297,67223.74033834522,71327.9388157746
32,38,2012-10-26,66073.32,False,A,203007,47.22,3.686,8968.72,104.91,200.0,534.86,1821.85,199.2195317,7.557,66073.32,59241.91,67337.36089877343,67318.47460010061,66481.81822043167,67223.74033834523,70511.52362088654
32,40,2012-08-10,59473.51,False,A,203007,75.93,3.509,9862.83,573.37,61.32,7871.42,4298.69,198.0795651,7.872,59473.51,58443.56,58227.760137458696,57902.618669322226,60427.875559510765,59353.55159099747,61853.930478446906
32,40,2012-08-17,61441.2,False,A,203007,70.75,3.545,7157.73,186.89,3.84,6006.91,1590.2,198.1001057,7.872,61441.2,59631.21,58227.760137458696,57841.06409380844,61330.24594651234,59300.839874897625,62962.97676845253
32,40,2012-08-24,64477.0,False,A,203007,70.12,3.558,5446.99,147.41,127.58,3394.31,5920.55,198.0984199,7.872,64477.0,59910.96,58227.760137458696,57788.32625066722,61912.564824154586,59294.70651484211,63325.34731493392
32,40,2012-08-31,62653.65,False,A,203007,76.12,3.556,26651.19,227.72,31.33,6843.52,2907.74,198.0967341,7.872,62653.65,56876.44,58227.760137458696,57743.14228057283,61798.905361475045,59293.99285745521,61144.62748789573
32,40,2012-09-07,59246.28,True,A,203007,72.56,3.596,7271.43,172.04,233.55,916.85,3089.99,198.0950484,7.872,59246.28,56945.88,58227.760137458696,57704.43020909081,57216.51991385754,59293.90981865409,59996.07122231692
32,40,2012-09-14,59135.12,False,A,203007,64.05,3.659,6238.21,77.77,23.41,1404.74,8346.74,198.1267184,7.872,59135.12,58053.42,58227.760137458696,57671.26303774002,61361.39322591412,59293.90015653524,61887.05095987302
32,40,2012-09-21,61835.19,False,A,203007,63.49,3.765,7161.18,88.82,3.0,1011.45,5347.22,198.358523,7.872,61835.19,62076.8,58227.760137458696,57642.8465461058,61897.927110000295,59293.89903228321,64896.22245075771
32,40,2012-09-28,58580.21,False,A,203007,60.62,3.789,5399.48,16.73,0.22,1432.28,5673.51,198.5903276,7.872,58580.21,57792.86,58227.760137458696,57618.500273453916,58758.734283859616,59293.89890146898,61055.341697852215
32,40,2012-10-05,59473.31,False,A,203007,55.34,3.779,4879.58,0.0,27.93,2641.24,5393.9,198.8221322,7.557,59473.31,59146.29,58227.760137458696,57597.64122443163,60163.60074946934,59293.89888624787,62396.97510690026
32,40,2012-10-12,58607.14,False,A,203007,43.49,3.76,2776.24,0.0,17.72,456.08,5687.22,199.0539368,7.557,58607.14,56279.62,58227.760137458696,57579.76990867272,58244.533585815494,59293.898884476796,59870.41725896419
32,40,2012-10-19,61643.83,False,A,203007,53.57,3.75,3331.15,0.0,3.96,120.51,3218.33,199.1481963,7.557,61643.83,57395.08,58227.760137458696,57564.45838001131,59930.68980760294,59293.89888427072,61109.050065923446
32,40,2012-10-26,61745.56,False,A,203007,47.22,3.686,8968.72,104.91,200.0,534.86,1821.85,199.2195317,7.557,61745.56,54771.13,58227.760137458696,57551.339988891596,58966.32668746029,59293.89888424674,58995.65350786134
32,72,2012-08-10,44554.74,False,A,203007,75.93,3.509,9862.83,573.37,61.32,7871.42,4298.69,198.0795651,7.872,44554.74,36124.25,39509.071531709655,39517.721206851114,35476.62621306776,39396.16017301402,36611.31586707658
32,72,2012-08-17,45812.25,False,A,203007,70.75,3.545,7157.73,186.89,3.84,6006.91,1590.2,198.1001057,7.872,45812.25,43038.26,39509.071531709655,39517.721206788796,46958.241979814375,39624.47057511395,43687.10587145853
32,72,2012-08-24,52251.57,False,A,203007,70.12,3.558,5446.99,147.41,127.58,3394.31,5920.55,198.0984199,7.872,52251.57,39145.15,39509.071531709655,39517.72120673705,42399.46886058669,39639.538444622754,39848.26915356354
32,72,2012-08-31,45692.96,False,A,203007,76.12,3.556,26651.19,227.72,31.33,6843.52,2907.74,198.0967341,7.872,45692.96,38996.71,39509.071531709655,39517.72120669408,46343.746898263766,39640.53288328804,40036.98045591873
32,72,2012-09-07,43434.84,True,A,203007,72.56,3.596,7271.43,172.04,233.55,916.85,3089.99,198.0950484,7.872,43434.84,36067.98,39509.071531709655,39517.721206658396,40847.10083857001,39640.59851355239,36901.511795358034
32,72,2012-09-14,38964.7,False,A,203007,64.05,3.659,6238.21,77.77,23.41,1404.74,8346.74,198.1267184,7.872,38964.7,42604.49,39509.071531709655,39517.72120662877,36335.32829551182,39640.60284497246,42373.0341748806
32,72,2012-09-21,60293.67,False,A,203007,63.49,3.765,7161.18,88.82,3.0,1011.45,5347.22,198.358523,7.872,60293.67,33147.86,39509.071531709655,39517.72120660417,37740.726723627995,39640.60313083448,33976.960288992545
32,72,2012-09-28,49998.52,False,A,203007,60.62,3.789,5399.48,16.73,0.22,1432.28,5673.51,198.5903276,7.872,49998.52,33759.58,39509.071531709655,39517.72120658374,43125.241999241814,39640.603149700604,35021.78143016524
32,72,2012-10-05,45903.2,False,A,203007,55.34,3.779,4879.58,0.0,27.93,2641.24,5393.9,198.8221322,7.557,45903.2,37857.88,39509.071531709655,39517.72120656677,32698.889633056337,39640.60315094572,37750.024655567184
32,72,2012-10-12,46569.6,False,A,203007,43.49,3.76,2776.24,0.0,17.72,456.08,5687.22,199.0539368,7.557,46569.6,49137.2,39509.071531709655,39517.72120655269,37978.903824842906,39640.60315102789,48407.83249467307
32,72,2012-10-19,40194.4,False,A,203007,53.57,3.75,3331.15,0.0,3.96,120.51,3218.33,199.1481963,7.557,40194.4,52344.76,39509.071531709655,39517.72120654099,41639.51208420602,39640.60315103331,51641.57777886968
32,72,2012-10-26,44371.44,False,A,203007,47.22,3.686,8968.72,104.91,200.0,534.86,1821.85,199.2195317,7.557,44371.44,42217.42,39509.071531709655,39517.72120653128,36631.55469345828,39640.60315103367,42047.90249096106
32,90,2012-08-10,60881.88,False,A,203007,75.93,3.509,9862.83,573.37,61.32,7871.42,4298.69,198.0795651,7.872,60881.88,63096.26,59392.29244009316,58864.94487904317,60538.94384209482,59529.990189096556,61420.41992081662
32,90,2012-08-17,61891.24,False,A,203007,70.75,3.545,7157.73,186.89,3.84,6006.91,1590.2,198.1001057,7.872,61891.24,63442.63,59392.29244009316,58855.98699033978,60686.57806547101,59497.649994504165,61730.76838141524
32,90,2012-08-24,63742.57,False,A,203007,70.12,3.558,5446.99,147.41,127.58,3394.31,5920.55,198.0984199,7.872,63742.57,63662.46,59392.29244009316,58848.33244222808,62003.90874883476,59496.98566004535,62141.90226782931
32,90,2012-08-31,61192.8,False,A,203007,76.12,3.556,26651.19,227.72,31.33,6843.52,2907.74,198.0967341,7.872,61192.8,64138.01,59392.29244009316,58841.79160333909,60935.9988461718,59496.972013242084,62360.53865955419
32,90,2012-09-07,62228.86,True,A,203007,72.56,3.596,7271.43,172.04,233.55,916.85,3089.99,198.0950484,7.872,62228.86,66057.47,59392.29244009316,58836.202432986065,61061.35705452533,59496.97173290853,63968.66992337557
32,90,2012-09-14,62076.84,False,A,203007,64.05,3.659,6238.21,77.77,23.41,1404.74,8346.74,198.1267184,7.872,62076.84,64339.19,59392.29244009316,58831.42646681945,60716.99312907528,59496.9717271499,62508.61578867581
32,90,2012-09-21,61933.84,False,A,203007,63.49,3.765,7161.18,88.82,3.0,1011.45,5347.22,198.358523,7.872,61933.84,62628.96,59392.29244009316,58827.34538655459,60095.627585907416,59496.97172703161,61000.76122943528
32,90,2012-09-28,61721.33,False,A,203007,60.62,3.789,5399.48,16.73,0.22,1432.28,5673.51,198.5903276,7.872,61721.33,61911.45,59392.29244009316,58823.85808879175,59761.09964515445,59496.97172702918,60351.366188439206
32,90,2012-10-05,64809.99,False,A,203007,55.34,3.779,4879.58,0.0,27.93,2641.24,5393.9,198.8221322,7.557,64809.99,66480.31,59392.29244009316,58820.87818031226,64232.73286878094,59496.97172702913,64851.766767844514
32,90,2012-10-12,64066.9,False,A,203007,43.49,3.76,2776.24,0.0,17.72,456.08,5687.22,199.0539368,7.557,64066.9,66358.47,59392.29244009316,58818.3318378001,63097.885592444734,59496.97172702913,64564.90022341266
32,90,2012-10-19,64380.91,False,A,203007,53.57,3.75,3331.15,0.0,3.96,120.51,3218.33,199.1481963,7.557,64380.91,62077.49,59392.29244009316,58816.15597896621,60912.7666355065,59496.97172702913,60689.1960617103
32,90,2012-10-26,65223.73,False,A,203007,47.22,3.686,8968.72,104.91,200.0,534.86,1821.85,199.2195317,7.557,65223.73,63927.55,59392.29244009316,58814.296699767765,61597.63231871824,59496.97172702913,62326.92177064036
32,91,2012-08-10,47893.14,False,A,203007,75.93,3.509,9862.83,573.37,61.32,7871.42,4298.69,198.0795651,7.872,47893.14,49590.24,47337.75568165752,48349.55486539572,48302.91794357531,46198.86178163171,47162.79397500773
32,91,2012-08-17,47400.0,False,A,203007,70.75,3.545,7157.73,186.89,3.84,6006.91,1590.2,198.1001057,7.872,47400.0,48016.09,47337.75568165752,48349.554865395556,46802.72960927211,46192.73727946793,45567.55511160019
32,91,2012-08-24,46999.61,False,A,203007,70.12,3.558,5446.99,147.41,127.58,3394.31,5920.55,198.0984199,7.872,46999.61,47871.34,47337.75568165752,48349.554865395425,47026.86260911251,46192.25637711479,45524.46182209301
32,91,2012-08-31,45405.24,False,A,203007,76.12,3.556,26651.19,227.72,31.33,6843.52,2907.74,198.0967341,7.872,45405.24,48143.15,47337.75568165752,48349.55486539532,45585.076874938284,46192.21861615609,45409.65933106607
32,91,2012-09-07,46995.07,True,A,203007,72.56,3.596,7271.43,172.04,233.55,916.85,3089.99,198.0950484,7.872,46995.07,49845.13,47337.75568165752,48349.554865395236,44335.185641146876,46192.21565112589,46443.049628951565
32,91,2012-09-14,46644.46,False,A,203007,64.05,3.659,6238.21,77.77,23.41,1404.74,8346.74,198.1267184,7.872,46644.46,50520.14,47337.75568165752,48349.55486539517,47370.063365355425,46192.215418308595,47631.57531560439
32,91,2012-09-21,45579.1,False,A,203007,63.49,3.765,7161.18,88.82,3.0,1011.45,5347.22,198.358523,7.872,45579.1,48022.01,47337.75568165752,48349.55486539512,45423.29423231449,46192.21540002753,45338.422045930114
32,91,2012-09-28,45168.16,False,A,203007,60.62,3.789,5399.48,16.73,0.22,1432.28,5673.51,198.5903276,7.872,45168.16,48600.95,47337.75568165752,48349.554865395075,46037.82130537933,46192.21539859209,45911.61259024836
32,91,2012-10-05,48402.36,False,A,203007,55.34,3.779,4879.58,0.0,27.93,2641.24,5393.9,198.8221322,7.557,48402.36,50944.57,47337.75568165752,48349.55486539504,49850.9312982032,46192.21539847938,48502.630538971476
32,91,2012-10-12,47076.54,False,A,203007,43.49,3.76,2776.24,0.0,17.72,456.08,5687.22,199.0539368,7.557,47076.54,50557.43,47337.75568165752,48349.55486539501,47846.05507979099,46192.21539847053,47775.06605228522
32,91,2012-10-19,48086.28,False,A,203007,53.57,3.75,3331.15,0.0,3.96,120.51,3218.33,199.1481963,7.557,48086.28,47210.52,47337.75568165752,48349.55486539499,44220.175651742065,46192.21539846983,44476.53412684893
32,91,2012-10-26,46239.79,False,A,203007,47.22,3.686,8968.72,104.91,200.0,534.86,1821.85,199.2195317,7.557,46239.79,48487.1,47337.75568165752,48349.55486539497,45682.46578574987,46192.21539846978,45753.01697725425
32,92,2012-08-10,102384.53,False,A,203007,75.93,3.509,9862.83,573.37,61.32,7871.42,4298.69,198.0795651,7.872,102384.53,100054.87,95484.32328717565,94902.75578172326,102319.14674822244,95316.67521374623,97122.88557436253
32,92,2012-08-17,100684.21,False,A,203007,70.75,3.545,7157.73,186.89,3.84,6006.91,1590.2,198.1001057,7.872,100684.21,96749.35,95484.32328717565,94802.33676622009,101271.82602278312,95294.59232072571,93914.95832429297
32,92,2012-08-24,103159.26,False,A,203007,70.12,3.558,5446.99,147.41,127.58,3394.31,5920.55,198.0984199,7.872,103159.26,99469.87,95484.32328717565,94722.00155381755,101285.111799131,95294.23244290447,96405.62717725459
32,92,2012-08-31,97784.62,False,A,203007,76.12,3.556,26651.19,227.72,31.33,6843.52,2907.74,198.0967341,7.872,97784.62,98188.62,95484.32328717565,94657.73338389552,100172.04427096984,95294.2265780911,95140.30165752849
32,92,2012-09-07,97339.26,True,A,203007,72.56,3.596,7271.43,172.04,233.55,916.85,3089.99,198.0950484,7.872,97339.26,102431.0,95484.32328717565,94606.31884795791,100567.80378265839,95294.22648251412,99041.03375161617
32,92,2012-09-14,103412.25,False,A,203007,64.05,3.659,6238.21,77.77,23.41,1404.74,8346.74,198.1267184,7.872,103412.25,102062.47,95484.32328717565,94565.18721920782,100174.65267154877,95294.22648095652,98680.72228911052
32,92,2012-09-21,99077.82,False,A,203007,63.49,3.765,7161.18,88.82,3.0,1011.45,5347.22,198.358523,7.872,99077.82,100090.1,95484.32328717565,94532.28191620774,98673.80450199859,95294.22648093115,96762.15624280968
32,92,2012-09-28,99671.21,False,A,203007,60.62,3.789,5399.48,16.73,0.22,1432.28,5673.51,198.5903276,7.872,99671.21,98649.04,95484.32328717565,94505.95767380767,99725.80608224384,95294.22648093074,95533.97555952975
32,92,2012-10-05,107568.78,False,A,203007,55.34,3.779,4879.58,0.0,27.93,2641.24,5393.9,198.8221322,7.557,107568.78,106090.2,95484.32328717565,94484.89827988762,106352.21915379603,95294.22648093074,102863.24034986267
32,92,2012-10-12,110252.22,False,A,203007,43.49,3.76,2776.24,0.0,17.72,456.08,5687.22,199.0539368,7.557,110252.22,111341.51,95484.32328717565,94468.05076475158,107540.69462999479,95294.22648093074,107756.23173918876
32,92,2012-10-19,107917.37,False,A,203007,53.57,3.75,3331.15,0.0,3.96,120.51,3218.33,199.1481963,7.557,107917.37,106470.01,95484.32328717565,94454.57275264275,105514.76381517442,95294.22648093074,103167.70980110939
32,92,2012-10-26,110741.63,False,A,203007,47.22,3.686,8968.72,104.91,200.0,534.86,1821.85,199.2195317,7.557,110741.63,105649.42,95484.32328717565,94443.79034295569,105142.89658452877,95294.22648093074,102395.77682566691
32,94,2012-08-10,52158.6,False,A,203007,75.93,3.509,9862.83,573.37,61.32,7871.42,4298.69,198.0795651,7.872,52158.6,56904.91,51206.77225243651,51221.66593212732,51154.92461272154,50645.15602011427,54362.45539912537
32,94,2012-08-17,50730.34,False,A,203007,70.75,3.545,7157.73,186.89,3.84,6006.91,1590.2,198.1001057,7.872,50730.34,55656.46,51206.77225243651,51221.66594321232,50128.56636556819,50646.0295818973,53318.00729683543
32,94,2012-08-24,50831.46,False,A,203007,70.12,3.558,5446.99,147.41,127.58,3394.31,5920.55,198.0984199,7.872,50831.46,51827.69,51206.77225243651,51221.66595291217,49018.60751414347,50646.0456996235,50379.38955420262
32,94,2012-08-31,48753.24,False,A,203007,76.12,3.556,26651.19,227.72,31.33,6843.52,2907.74,198.0967341,7.872,48753.24,50763.03,51206.77225243651,51221.66596139995,47756.25426660021,50646.045997004985,49250.77428773903
32,94,2012-09-07,48266.3,True,A,203007,72.56,3.596,7271.43,172.04,233.55,916.85,3089.99,198.0950484,7.872,48266.3,50434.26,51206.77225243651,51221.66596882712,46148.88005754628,50646.04600249185,48532.751111142345
32,94,2012-09-14,48031.82,False,A,203007,64.05,3.659,6238.21,77.77,23.41,1404.74,8346.74,198.1267184,7.872,48031.82,45108.18,51206.77225243651,51221.665975326214,44608.20603284116,50646.04600259309,44383.65521383735
32,94,2012-09-21,47605.55,False,A,203007,63.49,3.765,7161.18,88.82,3.0,1011.45,5347.22,198.358523,7.872,47605.55,45451.03,51206.77225243651,51221.6659810132,43897.82828864705,50646.04600259496,44337.163618088714
32,94,2012-09-28,47424.44,False,A,203007,60.62,3.789,5399.48,16.73,0.22,1432.28,5673.51,198.5903276,7.872,47424.44,46046.41,51206.77225243651,51221.66598598956,45463.825073632164,50646.046002594994,45134.448311503555
32,94,2012-10-05,49853.34,False,A,203007,55.34,3.779,4879.58,0.0,27.93,2641.24,5393.9,198.8221322,7.557,49853.34,45696.07,51206.77225243651,51221.66599034408,46787.75275725917,50646.046002594994,45214.3334422397
32,94,2012-10-12,48572.11,False,A,203007,43.49,3.76,2776.24,0.0,17.72,456.08,5687.22,199.0539368,7.557,48572.11,48062.82,51206.77225243651,51221.66599415448,48213.26357043462,50646.046002594994,47208.492473696555
32,94,2012-10-19,51906.2,False,A,203007,53.57,3.75,3331.15,0.0,3.96,120.51,3218.33,199.1481963,7.557,51906.2,47191.05,51206.77225243651,51221.66599748874,46750.465535285875,50646.046002594994,46202.501143791014
32,94,2012-10-26,52074.67,False,A,203007,47.22,3.686,8968.72,104.91,200.0,534.86,1821.85,199.2195317,7.557,52074.67,48316.87,51206.77225243651,51221.66600040635,49236.656800910576,50646.046002594994,47678.445557455256
32,95,2012-08-10,89355.08,False,A,203007,75.93,3.509,9862.83,573.37,61.32,7871.42,4298.69,198.0795651,7.872,89355.08,93741.43,88492.20676090533,88506.42714822602,90959.83873017957,88437.09502233267,88589.25041365637
32,95,2012-08-17,88907.12,False,A,203007,70.75,3.545,7157.73,186.89,3.84,6006.91,1590.2,198.1001057,7.872,88907.12,93715.31,88492.20676090533,88506.45143144972,89836.72103412608,88328.74759616853,88405.14206732431
32,95,2012-08-24,92326.72,False,A,203007,70.12,3.558,5446.99,147.41,127.58,3394.31,5920.55,198.0984199,7.872,92326.72,91455.23,88492.20676090533,88506.47402091908,88518.43786487408,88309.1948671812,86366.77054868358
32,95,2012-08-31,91375.71,False,A,203007,76.12,3.556,26651.19,227.72,31.33,6843.52,2907.74,198.0967341,7.872,91375.71,92053.31,88492.20676090533,88506.49503477341,87736.16847104506,88305.66631810175,86737.79690961834
32,95,2012-09-07,85288.12,True,A,203007,72.56,3.596,7271.43,172.04,233.55,916.85,3089.99,198.0950484,7.872,85288.12,86420.86,88492.20676090533,88506.51458291184,79718.35255330002,88305.02954465625,80873.01412433173
32,95,2012-09-14,86288.4,False,A,203007,64.05,3.659,6238.21,77.77,23.41,1404.74,8346.74,198.1267184,7.872,86288.4,86166.76,88492.20676090533,88506.53276756802,82113.02678855792,88304.91463044881,81075.05377944764
32,95,2012-09-21,85963.62,False,A,203007,63.49,3.765,7161.18,88.82,3.0,1011.45,5347.22,198.358523,7.872,85963.62,83124.86,88492.20676090533,88506.5496838448,80166.13968825286,88304.89389265711,78285.53402962169
32,95,2012-09-28,83311.62,False,A,203007,60.62,3.789,5399.48,16.73,0.22,1432.28,5673.51,198.5903276,7.872,83311.62,83901.21,88492.20676090533,88506.56542021164,80594.03240542726,88304.89015024777,78981.92480600452
32,95,2012-10-05,82593.01,False,A,203007,55.34,3.779,4879.58,0.0,27.93,2641.24,5393.9,198.8221322,7.557,82593.01,88020.38,88492.20676090533,88506.58005896721,82294.06768542911,88304.8894748804,82615.15619162525
32,95,2012-10-12,82427.21,False,A,203007,43.49,3.76,2776.24,0.0,17.72,456.08,5687.22,199.0539368,7.557,82427.21,83625.55,88492.20676090533,88506.59367666989,81279.87847075236,88304.8893530014,78881.7332675826
32,95,2012-10-19,81412.91,False,A,203007,53.57,3.75,3331.15,0.0,3.96,120.51,3218.33,199.1481963,7.557,81412.91,81474.01,88492.20676090533,88506.60634453809,78725.41007371368,88304.88933100672,76707.95118476104
32,95,2012-10-26,82670.31,False,A,203007,47.22,3.686,8968.72,104.91,200.0,534.86,1821.85,199.2195317,7.557,82670.31,80017.67,88492.20676090533,88506.61812882274,77893.47734050581,88304.88932703748,75379.86927172163
34,38,2012-08-10,51118.94,False,A,158114,78.26,3.476,9297.06,12.0,8.3,4250.64,2103.48,130.7561613,9.285,51118.94,45283.97,47343.842933509346,47392.28548327838,50837.86304234111,46935.86956618132,45684.89792738506
34,38,2012-08-17,44878.65,False,A,158114,77.78,3.552,5553.04,32.6,6.13,1315.08,5733.84,130.7909677,9.285,44878.65,49553.77,47343.842933509346,47392.28547745774,44986.93467434503,47139.05937905486,43607.14107586055
34,38,2012-08-24,46845.31,False,A,158114,72.44,3.61,1899.97,83.8,9.16,609.67,3844.82,130.8381613,9.285,46845.31,42415.53,47343.842933509346,47392.28547240807,46056.449553986975,47149.37164992406,41391.95576123599
34,38,2012-08-31,43959.95,False,A,158114,75.89,3.646,12815.65,64.2,18.56,2171.06,4926.61,130.8853548,9.285,43959.95,47052.78,47343.842933509346,47392.285468027236,54775.76106797718,47149.89501735561,45939.768615025656
34,38,2012-09-07,43039.39,True,A,158114,78.26,3.709,8791.04,-5.98,25.77,3473.34,1789.37,130.9325484,9.285,43039.39,48644.18,47343.842933509346,47392.28546422666,41665.78689725077,47149.92157925181,43043.08289069144
34,38,2012-09-14,49770.94,False,A,158114,64.28,3.706,4855.31,0.0,11.31,832.14,5118.55,130.9776667,9.285,49770.94,56892.03,47343.842933509346,47392.28546092948,49670.29587918566,47149.922927318745,49627.24440251405
34,38,2012-09-21,45007.31,False,A,158114,66.08,3.721,4857.37,5.73,0.85,221.84,7308.76,131.0103333,9.285,45007.31,49413.88,47343.842933509346,47392.285458069025,41228.956797575906,47149.92299573572,43279.000201567454
34,38,2012-09-28,50434.66,False,A,158114,67.06,3.666,2282.47,3.82,0.22,198.21,2618.07,131.043,9.285,50434.66,45170.55,47343.842933509346,47392.285455587444,51552.48429189878,47149.92299920801,44171.55497439757
34,38,2012-10-05,50614.27,False,A,158114,65.41,3.62,2716.1,0.0,6.03,1648.8,3539.71,131.0756667,8.839,50614.27,51481.64,47343.842933509346,47392.28545343455,51440.04441059086,47149.92299938423,47402.801787303055
34,38,2012-10-12,45011.41,False,A,158114,59.94,3.603,2254.65,0.0,29.82,524.12,7604.92,131.1083333,8.839,45011.41,46130.51,47343.842933509346,47392.28545156682,53226.746303396,47149.92299939317,45186.0877137792
34,38,2012-10-19,47421.16,False,A,158114,58.47,3.61,725.01,0.0,9.18,370.91,2907.57,131.1499677,8.839,47421.16,43009.53,47343.842933509346,47392.285449946474,46783.50266655613,47149.922999393624,41659.72550223407
34,38,2012-10-26,40344.49,False,A,158114,57.95,3.514,1151.88,68.01,3.0,392.12,1468.81,131.1930968,8.839,40344.49,39989.32,47343.842933509346,47392.28544854075,46521.492048871994,47149.922999393646,40033.479296044025
34,65,2012-08-10,53344.17,False,A,158114,78.26,3.476,9297.06,12.0,8.3,4250.64,2103.48,130.7561613,9.285,53344.17,33979.54,48296.908923494455,48272.74669316067,42615.37196715656,48133.36245722592,41969.728954534556
34,65,2012-08-17,54915.08,False,A,158114,77.78,3.552,5553.04,32.6,6.13,1315.08,5733.84,130.7909677,9.285,54915.08,35848.27,48296.908923494455,48272.746695283895,45403.502508883896,48375.14335748818,43487.381208067294
34,65,2012-08-24,55079.91,False,A,158114,72.44,3.61,1899.97,83.8,9.16,609.67,3844.82,130.8381613,9.285,55079.91,37753.06,48296.908923494455,48272.746697100716,44320.5425411204,48199.24386914368,42887.702041925426
34,65,2012-08-31,57095.38,False,A,158114,75.89,3.646,12815.65,64.2,18.56,2171.06,4926.61,130.8853548,9.285,57095.38,39706.74,48296.908923494455,48272.746698655355,47228.315320808106,48327.213572152876,45848.1241490428
34,65,2012-09-07,54501.68,True,A,158114,78.26,3.709,8791.04,-5.98,25.77,3473.34,1789.37,130.9325484,9.285,54501.68,35450.32,48296.908923494455,48272.74669998564,41344.6412840055,48234.11355780724,41108.829638646705
34,65,2012-09-14,52034.55,False,A,158114,64.28,3.706,4855.31,0.0,11.31,832.14,5118.55,130.9776667,9.285,52034.55,33914.67,48296.908923494455,48272.74670112396,41418.93451781631,48301.84531358489,40910.65822568453
34,65,2012-09-21,48174.15,False,A,158114,66.08,3.721,4857.37,5.73,0.85,221.84,7308.76,131.0103333,9.285,48174.15,31118.19,48296.908923494455,48272.746702098,38955.84914968846,48252.56937337191,38632.598950497806
34,65,2012-09-28,48106.24,False,A,158114,67.06,3.666,2282.47,3.82,0.22,198.21,2618.07,131.043,9.285,48106.24,33771.93,48296.908923494455,48272.74670293148,42270.40170480051,48288.41841133047,41428.443373859656
34,65,2012-10-05,48631.79,False,A,158114,65.41,3.62,2716.1,0.0,6.03,1648.8,3539.71,131.0756667,8.839,48631.79,34054.61,48296.908923494455,48272.746703644676,40196.93983689619,48262.337660420395,40321.37479183647
34,65,2012-10-12,45354.87,False,A,158114,59.94,3.603,2254.65,0.0,29.82,524.12,7604.92,131.1083333,8.839,45354.87,34237.02,48296.908923494455,48272.746704254954,38845.30050739554,48281.31182560775,39924.53282681529
34,65,2012-10-19,46625.22,False,A,158114,58.47,3.61,725.01,0.0,9.18,370.91,2907.57,131.1499677,8.839,46625.22,36678.37,48296.908923494455,48272.74670477716,40648.886750237856,48267.50781567727,41724.45680078252
34,65,2012-10-26,41457.76,False,A,158114,57.95,3.514,1151.88,68.01,3.0,392.12,1468.81,131.1930968,8.839,41457.76,33845.99,48296.908923494455,48272.74670522401,38547.617298788355,48277.55045461707,39884.68431010202
34,90,2012-08-10,45853.64,False,A,158114,78.26,3.476,9297.06,12.0,8.3,4250.64,2103.48,130.7561613,9.285,45853.64,48327.95,44960.51988900018,44920.553966036314,45264.007821092215,44997.357518547804,47040.32351868844
34,90,2012-08-17,48008.12,False,A,158114,77.78,3.552,5553.04,32.6,6.13,1315.08,5733.84,130.7909677,9.285,48008.12,47645.92,44960.51988900018,44905.837541011984,46700.43204365973,44934.17593743123,45931.23214353301
34,90,2012-08-24,44391.02,False,A,158114,72.44,3.61,1899.97,83.8,9.16,609.67,3844.82,130.8381613,9.285,44391.02,43953.86,44960.51988900018,44894.064400992516,41870.44592768666,44926.60406071814,42391.141215990036
34,90,2012-08-31,43521.38,False,A,158114,75.89,3.646,12815.65,64.2,18.56,2171.06,4926.61,130.8853548,9.285,43521.38,46942.08,44960.51988900018,44884.64588897694,45526.72799120911,44925.696623519754,45288.68547089702
34,90,2012-09-07,46614.59,True,A,158114,78.26,3.709,8791.04,-5.98,25.77,3473.34,1789.37,130.9325484,9.285,46614.59,49139.9,44960.51988900018,44877.111079364484,47478.41906320487,44925.58787343041,47495.49559347144
34,90,2012-09-14,45073.74,False,A,158114,64.28,3.706,4855.31,0.0,11.31,832.14,5118.55,130.9776667,9.285,45073.74,50007.21,44960.51988900018,44871.083231674515,45510.783991462406,44925.57484048229,48589.306875186856
34,90,2012-09-21,43771.51,False,A,158114,66.08,3.721,4857.37,5.73,0.85,221.84,7308.76,131.0103333,9.285,43771.51,45556.6,44960.51988900018,44866.26095352254,43438.72626260235,44925.57327857335,43942.1345925558
34,90,2012-09-28,43490.43,False,A,158114,67.06,3.666,2282.47,3.82,0.22,198.21,2618.07,131.043,9.285,43490.43,44688.76,44960.51988900018,44862.40313100097,41861.6951585109,44925.573091389335,43132.5035088865
34,90,2012-10-05,48404.43,False,A,158114,65.41,3.62,2716.1,0.0,6.03,1648.8,3539.71,131.0756667,8.839,48404.43,48385.77,44960.51988900018,44859.316872983705,46425.388344130806,44925.57306895662,46739.61176827387
34,90,2012-10-12,48688.83,False,A,158114,59.94,3.603,2254.65,0.0,29.82,524.12,7604.92,131.1083333,8.839,48688.83,46630.54,44960.51988900018,44856.84786656989,44075.77616510251,44925.57306626821,45033.14494476774
34,90,2012-10-19,48403.14,False,A,158114,58.47,3.61,725.01,0.0,9.18,370.91,2907.57,131.1499677,8.839,48403.14,47441.09,44960.51988900018,44854.87266143884,44773.09887673682,44925.573065946024,45842.9673528357
34,90,2012-10-26,46830.95,False,A,158114,57.95,3.514,1151.88,68.01,3.0,392.12,1468.81,131.1930968,8.839,46830.95,46937.7,44960.51988900018,44853.292497334005,43304.471733763574,44925.57306590741,45415.19570738085
34,92,2012-08-10,71449.75,False,A,158114,78.26,3.476,9297.06,12.0,8.3,4250.64,2103.48,130.7561613,9.285,71449.75,67568.98,70479.54391119999,70495.42852225751,73492.2919698773,69390.74587362962,75882.94554841319
34,92,2012-08-17,77293.87,False,A,158114,77.78,3.552,5553.04,32.6,6.13,1315.08,5733.84,130.7909677,9.285,77293.87,72306.87,70479.54391119999,70570.50640334543,78347.47680606335,67852.14325642907,80484.75655680535
34,92,2012-08-24,68736.87,False,A,158114,72.44,3.61,1899.97,83.8,9.16,609.67,3844.82,130.8381613,9.285,68736.87,62551.76,70479.54391119999,70630.56870821575,68828.30237769443,67093.31463595049,70812.35783335715
34,92,2012-08-31,68632.14,False,A,158114,75.89,3.646,12815.65,64.2,18.56,2171.06,4926.61,130.8853548,9.285,68632.14,63843.04,70479.54391119999,70678.61855211202,72881.51301315535,66719.06538613111,71629.71273672445
34,92,2012-09-07,76301.31,True,A,158114,78.26,3.709,8791.04,-5.98,25.77,3473.34,1789.37,130.9325484,9.285,76301.31,70389.68,70479.54391119999,70717.05842722903,76539.52726210117,66534.48813481179,78582.23994715838
34,92,2012-09-14,72401.68,False,A,158114,64.28,3.706,4855.31,0.0,11.31,832.14,5118.55,130.9776667,9.285,72401.68,72605.79,70479.54391119999,70747.81032732264,73571.68739472619,66443.45585693538,81626.3689813267
34,92,2012-09-21,74319.34,False,A,158114,66.08,3.721,4857.37,5.73,0.85,221.84,7308.76,131.0103333,9.285,74319.34,67181.79,70479.54391119999,70772.41184739754,74145.57115815386,66398.55934040296,75250.67330382382
34,92,2012-09-28,68354.52,False,A,158114,67.06,3.666,2282.47,3.82,0.22,198.21,2618.07,131.043,9.285,68354.52,62789.63,70479.54391119999,70792.09306345745,69197.3921164153,66376.41667580346,70997.11928194384
34,92,2012-10-05,75184.41,False,A,158114,65.41,3.62,2716.1,0.0,6.03,1648.8,3539.71,131.0756667,8.839,75184.41,71164.83,70479.54391119999,70807.83803630537,78699.17160805484,66365.49606027614,79089.76549881116
34,92,2012-10-12,80943.67,False,A,158114,59.94,3.603,2254.65,0.0,29.82,524.12,7604.92,131.1083333,8.839,80943.67,68929.87,70479.54391119999,70820.43401458372,73686.21863593748,66360.11008502645,77331.94011686226
34,92,2012-10-19,75334.29,False,A,158114,58.47,3.61,725.01,0.0,9.18,370.91,2907.57,131.1499677,8.839,75334.29,72514.64,70479.54391119999,70830.51079720639,78733.16483062664,66357.45375770517,80620.08840589799
34,92,2012-10-26,72991.31,False,A,158114,57.95,3.514,1151.88,68.01,3.0,392.12,1468.81,131.1930968,8.839,72991.31,68385.07,70479.54391119999,70838.57222330452,72490.01266891985,66356.14367466344,76871.97863239165
34,95,2012-08-10,75807.9,False,A,158114,78.26,3.476,9297.06,12.0,8.3,4250.64,2103.48,130.7561613,9.285,75807.9,78297.33,74236.88257885877,75114.16379888626,77073.51309651333,73912.49462746855,77627.91760245287
34,95,2012-08-17,77379.55,False,A,158114,77.78,3.552,5553.04,32.6,6.13,1315.08,5733.84,130.7909677,9.285,77379.55,77028.97,74236.88257885877,75046.87278408445,78955.95374387126,73905.77354763175,76978.09154465795
34,95,2012-08-24,71680.37,False,A,158114,72.44,3.61,1899.97,83.8,9.16,609.67,3844.82,130.8381613,9.285,71680.37,73276.29,74236.88257885877,74986.58260393109,69393.72243423249,73904.37133152735,72007.03751396199
34,95,2012-08-31,73225.19,False,A,158114,75.89,3.646,12815.65,64.2,18.56,2171.06,4926.61,130.8853548,9.285,73225.19,75050.8,74236.88257885877,74932.56490433731,75580.95191604491,73904.07878776189,74802.08166218604
34,95,2012-09-07,77551.07,True,A,158114,78.26,3.709,8791.04,-5.98,25.77,3473.34,1789.37,130.9325484,9.285,77551.07,74632.46,74236.88257885877,74884.16710784739,75434.62585095572,73904.01775447719,74482.66595202243
34,95,2012-09-14,68745.03,False,A,158114,64.28,3.706,4855.31,0.0,11.31,832.14,5118.55,130.9776667,9.285,68745.03,71682.58,74236.88257885877,74840.80452997578,70884.65914853521,73904.00502112827,71262.53693264352
34,95,2012-09-21,70237.39,False,A,158114,66.08,3.721,4857.37,5.73,0.85,221.84,7308.76,131.0103333,9.285,70237.39,71736.01,74236.88257885877,74801.95331574616,71058.59665510003,73904.00236457495,71365.8559543486
34,95,2012-09-28,68477.82,False,A,158114,67.06,3.666,2282.47,3.82,0.22,198.21,2618.07,131.043,9.285,68477.82,70127.71,74236.88257885877,74767.14411110005,68619.02556107835,73904.00181033932,69628.27289209414
34,95,2012-10-05,70217.83,False,A,158114,65.41,3.62,2716.1,0.0,6.03,1648.8,3539.71,131.0756667,8.839,70217.83,75217.27,74236.88257885877,74735.95639272056,73177.2362637237,73904.00169470937,74448.38525731274
34,95,2012-10-12,66846.41,False,A,158114,59.94,3.603,2254.65,0.0,29.82,524.12,7604.92,131.1083333,8.839,66846.41,72612.24,74236.88257885877,74708.01338777094,69838.83914346682,73904.00167058554,71768.26161155135
34,95,2012-10-19,70023.85,False,A,158114,58.47,3.61,725.01,0.0,9.18,370.91,2907.57,131.1499677,8.839,70023.85,73643.41,74236.88257885877,74682.97752217432,72437.292123932,73904.0016655526,73162.367832516
34,95,2012-10-26,68644.81,False,A,158114,57.95,3.514,1151.88,68.01,3.0,392.12,1468.81,131.1930968,8.839,68644.81,70030.34,74236.88257885877,74660.54634244606,67530.28734833834,73904.00166450258,69372.43047505176
35,2,2012-08-10,50938.09,False,B,103681,78.44,3.722,9664.78,0.0,63.72,2523.61,2076.6,142.1705634,8.839,50938.09,45907.06,48991.31265503823,48944.56176889458,50207.80051082117,49593.504941187624,50783.90493202304
35,2,2012-08-17,53133.54,False,B,103681,76.51,3.807,3038.67,0.0,0.0,1401.93,2672.55,142.2157385,8.839,53133.54,44788.93,48991.31265503823,48925.30764456058,48870.2760244392,50141.31834679479,50164.36081271109
35,2,2012-08-24,53396.39,False,B,103681,72.93,3.834,5726.77,0.0,57.08,5332.71,4133.91,142.3105933,8.839,53396.39,47710.92,48991.31265503823,48906.40786691323,44023.28883602111,49762.95183737937,49675.43449425856
35,2,2012-08-31,53264.16,False,B,103681,75.0,3.867,17617.15,0.0,94.08,6324.67,3173.73,142.4054482,8.839,53264.16,42995.33,48991.31265503823,48887.85591467054,43224.98262369921,50024.283915020904,47072.90628713895
35,2,2012-09-07,55624.21,True,B,103681,76.0,3.911,11678.32,0.0,53.35,1976.76,8415.89,142.500303,8.839,55624.21,47495.03,48991.31265503823,48869.64538656608,45302.147360690105,49843.78576546227,50184.40668013744
35,2,2012-09-14,46614.1,False,B,103681,68.72,3.948,8915.4,0.0,16.27,1564.94,7400.92,142.5938833,8.839,46614.1,38416.36,48991.31265503823,48851.76999914026,37765.22304113892,49968.453132316405,42386.45428510664
35,2,2012-09-21,44688.81,False,B,103681,66.1,4.038,6982.1,87.37,6.0,2085.94,9129.21,142.6798167,8.839,44688.81,35800.9,48991.31265503823,48834.22358457227,36284.66919859455,49882.347250365,40295.91877400089
35,2,2012-09-28,45028.96,False,B,103681,64.92,3.997,20867.96,42.64,3.22,5895.05,3810.27,142.76575,8.839,45028.96,39162.6,48991.31265503823,48817.00008855185,37605.19428532499,49941.81929259803,42496.784708724794
35,2,2012-10-05,49505.75,False,B,103681,64.5,3.985,6855.08,0.0,3.66,2468.47,2737.33,142.8516833,8.665,49505.75,38446.66,48991.31265503823,48800.09356819034,39702.479303392196,49900.742844308894,42868.46587372481
35,2,2012-10-12,46110.32,False,B,103681,55.4,4.0,1524.37,0.0,5.33,558.26,6097.45,142.9376167,8.665,46110.32,38190.53,48991.31265503823,48783.498189970065,38204.40952183878,49929.11373154762,42024.730163011416
35,2,2012-10-19,45374.49,False,B,103681,56.53,3.969,2694.71,0.0,4.98,526.09,2051.88,142.8633629,8.665,45374.49,39234.48,48991.31265503823,48767.208227731535,39100.18775399382,49909.51838491378,42869.537434985126
35,2,2012-10-26,46016.07,False,B,103681,58.99,3.882,6221.06,42.48,103.0,273.9,996.79,142.7624113,8.665,46016.07,36530.07,48991.31265503823,48751.218060697654,38918.268298005925,49923.05259716697,41302.1364329296
35,72,2012-08-10,66518.43,False,B,103681,78.44,3.722,9664.78,0.0,63.72,2523.61,2076.6,142.1705634,8.839,66518.43,70933.04,89155.58763169144,85635.37604820455,73077.8410215691,86230.57705440177,81695.45730421784
35,72,2012-08-17,69623.26,False,B,103681,76.51,3.807,3038.67,0.0,0.0,1401.93,2672.55,142.2157385,8.839,69623.26,74008.17,89155.58763169144,85635.37604817476,81292.11292444472,86701.93374168099,84609.05280989945
35,72,2012-08-24,63287.7,False,B,103681,72.93,3.834,5726.77,0.0,57.08,5332.71,4133.91,142.3105933,8.839,63287.7,59676.99,89155.58763169144,85635.37604815052,69427.52492391906,86738.74932098704,70617.52606009017
35,72,2012-08-31,76706.52,False,B,103681,75.0,3.867,17617.15,0.0,94.08,6324.67,3173.73,142.4054482,8.839,76706.52,60990.73,89155.58763169144,85635.37604813078,69809.58176264219,86741.62482252595,71762.78155753414
35,72,2012-09-07,88971.56,True,B,103681,76.0,3.911,11678.32,0.0,53.35,1976.76,8415.89,142.500303,8.839,88971.56,77293.22,89155.58763169144,85635.37604811472,80320.75998183951,86741.84941519177,87469.78955789762
35,72,2012-09-14,84173.15,False,B,103681,68.72,3.948,8915.4,0.0,16.27,1564.94,7400.92,142.5938833,8.839,84173.15,68542.72,89155.58763169144,85635.37604810165,71633.74545315761,86741.86695712832,78815.55660636819
35,72,2012-09-21,74993.81,False,B,103681,66.1,4.038,6982.1,87.37,6.0,2085.94,9129.21,142.6798167,8.839,74993.81,65075.6,89155.58763169144,85635.37604809101,56178.44973215925,86741.86832725116,74288.48723249267
35,72,2012-09-28,90018.51,False,B,103681,64.92,3.997,20867.96,42.64,3.22,5895.05,3810.27,142.76575,8.839,90018.51,74257.53,89155.58763169144,85635.37604808235,69920.64183800883,86741.86843426537,83961.04770566041
35,72,2012-10-05,88776.97,False,B,103681,64.5,3.985,6855.08,0.0,3.66,2468.47,2737.33,142.8516833,8.665,88776.97,67803.58,89155.58763169144,85635.3760480753,64869.594905698556,86741.86844262377,77728.84520154491
35,72,2012-10-12,87449.92,False,B,103681,55.4,4.0,1524.37,0.0,5.33,558.26,6097.45,142.9376167,8.665,87449.92,82828.84,89155.58763169144,85635.37604806956,65149.701526367455,86741.86844327662,91355.95519114049
35,72,2012-10-19,78760.85,False,B,103681,56.53,3.969,2694.71,0.0,4.98,526.09,2051.88,142.8633629,8.665,78760.85,100761.89,89155.58763169144,85635.37604806489,71865.16051319889,86741.8684433276,108257.16985795683
35,72,2012-10-26,78390.69,False,B,103681,58.99,3.882,6221.06,42.48,103.0,273.9,996.79,142.7624113,8.665,78390.69,91000.51,89155.58763169144,85635.3760480611,70613.73922610891,86741.8684433316,99390.77663004545
35,95,2012-08-10,48025.48,False,B,103681,78.44,3.722,9664.78,0.0,63.72,2523.61,2076.6,142.1705634,8.839,48025.48,39190.05,43861.710824989874,43887.87135833869,40692.89515458788,44105.98489040356,40173.46933942179
35,95,2012-08-17,47901.03,False,B,103681,76.51,3.807,3038.67,0.0,0.0,1401.93,2672.55,142.2157385,8.839,47901.03,38239.83,43861.710824989874,43870.235734400754,38241.26746359316,44249.32622465843,38464.08590172358
35,95,2012-08-24,47548.54,False,B,103681,72.93,3.834,5726.77,0.0,57.08,5332.71,4133.91,142.3105933,8.839,47548.54,53481.95,43861.710824989874,43853.046098724364,38004.02907188797,44283.78125728625,42786.419341934816
35,95,2012-08-31,49062.79,False,B,103681,75.0,3.867,17617.15,0.0,94.08,6324.67,3173.73,142.4054482,8.839,49062.79,39135.63,43861.710824989874,43836.291172687896,36171.401916458155,44292.06323177432,38055.46197534199
35,95,2012-09-07,56801.89,True,B,103681,76.0,3.911,11678.32,0.0,53.35,1976.76,8415.89,142.500303,8.839,56801.89,45621.09,43861.710824989874,43819.9599628954,38453.91864650601,44294.053974379676,40856.94260911823
35,95,2012-09-14,44221.87,False,B,103681,68.72,3.948,8915.4,0.0,16.27,1564.94,7400.92,142.5938833,8.839,44221.87,38526.25,43861.710824989874,43804.04175396355,32056.968710276684,44294.532490236794,35744.27894874802
35,95,2012-09-21,38146.37,False,B,103681,66.1,4.038,6982.1,87.37,6.0,2085.94,9129.21,142.6798167,8.839,38146.37,35046.98,43861.710824989874,43788.526101490905,28585.797489039225,44294.64751134746,33016.352561817934
35,95,2012-09-28,36293.03,False,B,103681,64.92,3.997,20867.96,42.64,3.22,5895.05,3810.27,142.76575,8.839,36293.03,35818.7,43861.710824989874,43773.402825205085,28744.73093160131,44294.67515903291,33213.81556905729
35,95,2012-10-05,42264.93,False,B,103681,64.5,3.985,6855.08,0.0,3.66,2468.47,2737.33,142.8516833,8.665,42264.93,39039.89,43861.710824989874,43758.66200228316,33280.953464671125,44294.68180472174,36162.312012611306
35,95,2012-10-12,39671.1,False,B,103681,55.4,4.0,1524.37,0.0,5.33,558.26,6097.45,142.9376167,8.665,39671.1,38757.3,43861.710824989874,43744.29396084103,30538.29584600579,44294.683402149494,34642.22899665316
35,95,2012-10-19,37343.0,False,B,103681,56.53,3.969,2694.71,0.0,4.98,526.09,2051.88,142.8633629,8.665,37343.0,37601.94,43861.710824989874,43730.28927358739,30899.16538364153,44294.68378612405,34353.81607659101
35,95,2012-10-26,41216.59,False,B,103681,58.99,3.882,6221.06,42.48,103.0,273.9,996.79,142.7624113,8.665,41216.59,35642.67,43861.710824989874,43716.63875163823,31020.423620627524,44294.68387842022,33654.59592952946
36,92,2012-08-10,34547.46,False,A,39910,84.41,3.49,25.14,0.0,0.0,1.98,1638.93,220.6404663,6.623,34547.46,47082.58,33125.690235253176,33262.572394409326,36415.61836392576,32558.0164366093,35456.78207711699
36,92,2012-08-17,36241.86,False,A,39910,85.89,3.571,442.05,0.0,0.0,0.0,1381.39,220.7199609,6.623,36241.86,43837.71,33125.690235253176,33157.063368235344,32593.933540248403,32888.59751005173,32135.872831490702
36,92,2012-08-24,29136.56,False,A,39910,81.26,3.574,196.4,0.0,0.0,0.0,1012.91,220.8526787,6.623,29136.56,37909.95,33125.690235253176,33062.334244209145,26814.202485992446,33074.095875671956,26210.03798328915
36,92,2012-08-31,28935.1,False,A,39910,84.79,3.608,156.18,0.0,0.0,0.0,329.61,220.9853964,6.623,28935.1,37415.2,33125.690235253176,32977.2836351364,27863.620963952726,33178.18424131691,25852.309126345448
36,92,2012-09-07,32639.26,True,A,39910,84.19,3.697,463.27,0.0,1.75,0.0,2480.2,221.1181142,6.623,32639.26,42460.76,33125.690235253176,32900.922683021556,33118.16995674625,33236.591159493306,30842.04363486944
36,92,2012-09-14,35716.11,False,A,39910,78.16,3.692,788.5,0.0,1.05,3.44,1591.72,221.2601207,6.623,35716.11,41827.01,33125.690235253176,32832.363561911705,34749.69803600582,33269.364928874034,30427.507474337257
36,92,2012-09-21,32047.18,False,A,39910,75.98,3.709,53.1,0.0,0.0,0.0,1532.27,221.4578604,6.623,32047.18,37108.42,33125.690235253176,32770.80915540972,29247.909601824544,33287.755215383884,25594.189760987436
36,92,2012-09-28,28112.53,False,A,39910,79.49,3.66,205.0,0.0,0.0,0.0,1939.92,221.6556,6.623,28112.53,34435.75,33125.690235253176,32715.54378884032,27088.605412251636,33298.07452391338,22982.368750446007
36,92,2012-10-05,30973.5,False,A,39910,73.57,3.611,211.09,0.0,0.0,0.0,1007.44,221.8533396,6.228,30973.5,39778.35,33125.690235253176,32665.924908314664,32259.129527523393,33303.8649790251,28295.386118869297
36,92,2012-10-12,36511.65,False,A,39910,71.28,3.576,32.28,0.0,0.0,0.0,1312.73,222.0510793,6.228,36511.65,43092.66,33125.690235253176,32621.375609948427,35124.23845316509,33307.11416673036,31560.214588178707
36,92,2012-10-19,33343.33,False,A,39910,74.06,3.57,29.01,0.0,0.0,0.0,632.1,222.0951719,6.228,33343.33,38010.06,33125.690235253176,32581.377932372903,29790.659094143557,33308.93737760763,26467.089738553666
36,92,2012-10-26,29277.0,False,A,39910,74.39,3.494,463.05,1.74,0.0,0.0,795.76,222.1136566,6.228,29277.0,34007.08,33125.690235253176,32545.466834553044,25515.384452891227,33309.960432661544,22415.074284238857
36,94,2012-08-10,33172.98,False,A,39910,84.41,3.49,25.14,0.0,0.0,1.98,1638.93,220.6404663,6.623,33172.98,50666.85,33042.94688735582,32605.968619668092,35378.10862078533,34162.86298277165,34843.63705154355
36,94,2012-08-17,34971.48,False,A,39910,85.89,3.571,442.05,0.0,0.0,0.0,1381.39,220.7199609,6.623,34971.48,49246.71,33042.94688735582,32410.581452317565,31175.75599986096,34466.52223136521,32639.540036198905
36,94,2012-08-24,30519.63,False,A,39910,81.26,3.574,196.4,0.0,0.0,0.0,1012.91,220.8526787,6.623,30519.63,48085.57,33042.94688735582,32216.17122080379,28008.274548578585,34756.98710100147,30860.35604849459
36,94,2012-08-31,30184.09,False,A,39910,84.79,3.608,156.18,0.0,0.0,0.0,329.61,220.9853964,6.623,30184.09,44816.05,33042.94688735582,32022.733040447583,29434.94215167729,35034.83090415773,29047.865950539355
36,94,2012-09-07,32023.98,True,A,39910,84.19,3.697,463.27,0.0,1.75,0.0,2480.2,221.1181142,6.623,32023.98,42336.1,33042.94688735582,31830.262050993155,29278.84904563747,35300.602042158025,27101.752136686977
36,94,2012-09-14,31639.13,False,A,39910,78.16,3.692,788.5,0.0,1.05,3.44,1591.72,221.2601207,6.623,31639.13,41602.69,33042.94688735582,31638.753416486,30914.188031838647,35554.82508759426,26887.847838048132
36,94,2012-09-21,30093.03,False,A,39910,75.98,3.709,53.1,0.0,0.0,0.0,1532.27,221.4578604,6.623,30093.03,38981.29,33042.94688735582,31448.202325151382,27900.35740146095,35798.00181971483,24049.58705987142
36,94,2012-09-28,27990.72,False,A,39910,79.49,3.66,205.0,0.0,0.0,0.0,1939.92,221.6556,6.623,27990.72,35861.3,33042.94688735582,31258.603989273437,27506.445974446833,36030.61221482423,21779.416048890605
36,94,2012-10-05,30053.76,False,A,39910,73.57,3.611,211.09,0.0,0.0,0.0,1007.44,221.8533396,6.228,30053.76,38648.33,33042.94688735582,31069.953645074882,29869.495605115255,36253.11539364861,24134.16562305104
36,94,2012-10-12,31555.31,False,A,39910,71.28,3.576,32.28,0.0,0.0,0.0,1312.73,222.0510793,6.228,31555.31,37847.55,33042.94688735582,30882.24655259732,31113.819942667178,36465.950527537054,23958.129678831923
36,94,2012-10-19,31026.34,False,A,39910,74.06,3.57,29.01,0.0,0.0,0.0,632.1,222.0951719,6.228,31026.34,36569.35,33042.94688735582,30695.477995582143,27543.90627043574,36669.5377052873,22024.48106425241
36,94,2012-10-26,27246.98,False,A,39910,74.39,3.494,463.05,1.74,0.0,0.0,795.76,222.1136566,6.228,27246.98,36440.48,33042.94688735582,30509.643281352044,24338.586616091878,36864.278762306734,21005.826718904424
37,38,2012-08-10,60962.83,False,C,39910,84.41,3.494,509.88,0.0,23.22,25.74,3183.91,220.6404663,6.623,60962.83,52102.8,66173.74643041815,66230.63299639562,60511.65545649102,67323.33317993428,64344.10288741518
37,38,2012-08-17,56927.85,False,C,39910,85.89,3.571,170.08,0.0,13.16,0.0,792.21,220.7199609,6.623,56927.85,61538.19,66173.74643041815,66228.83686998462,52118.334092211604,66527.14892263111,66794.09090517745
37,38,2012-08-24,68021.54,False,C,39910,81.26,3.62,247.17,0.0,23.9,0.0,2285.83,220.8526787,6.623,68021.54,64626.08,66173.74643041815,66227.12176076122,57470.95281238354,66418.71321647627,69247.27826501308
37,38,2012-08-31,65366.86,False,C,39910,84.79,3.638,0.0,0.0,12.12,0.0,540.98,220.9853964,6.623,65366.86,59925.12,66173.74643041815,66225.4840143141,59330.184737188596,66403.94489838729,68297.58422438304
37,38,2012-09-07,53163.57,True,C,39910,84.19,3.73,319.93,0.0,251.31,354.73,2145.98,221.1181142,6.623,53163.57,58841.04,66173.74643041815,66223.9201410701,61224.08902143153,66401.93353859712,68373.8072833203
37,38,2012-09-14,62676.3,False,C,39910,78.16,3.717,740.77,0.0,32.02,123.04,1617.03,221.2601207,6.623,62676.3,63453.96,66173.74643041815,66222.42680885886,55748.032293619995,66401.6596029884,68270.83857943006
37,38,2012-09-21,58797.7,False,C,39910,75.98,3.721,241.47,0.0,0.0,0.0,2143.91,221.4578604,6.623,58797.7,56605.84,66173.74643041815,66221.00083581297,55279.60163679966,66401.62229453762,65343.488313080044
37,38,2012-09-28,64168.19,False,C,39910,79.49,3.666,59.61,0.0,0.0,0.0,722.92,221.6556,6.623,64168.19,66742.61,66173.74643041815,66219.63918358833,74338.2889709341,66401.6172133417,76163.709050395
37,38,2012-10-05,65711.91,False,C,39910,73.57,3.617,126.94,0.0,2.02,0.0,1451.99,221.8533396,6.228,65711.91,59272.7,66173.74643041815,66218.33895089019,65611.82700801938,66401.6165213121,70063.39625778631
37,38,2012-10-12,60415.44,False,C,39910,71.28,3.601,32.97,0.0,4.92,0.0,2083.7,222.0510793,6.228,60415.44,60444.26,66173.74643041815,66217.09736729147,58797.71719491169,66401.61642706166,68118.87036129716
37,38,2012-10-19,62762.01,False,C,39910,74.06,3.594,121.25,0.0,6.6,0.0,888.9,222.0951719,6.228,62762.01,62900.2,66173.74643041815,66215.91178732965,55669.4705039883,66401.6164142253,67924.75688750105
37,38,2012-10-26,62209.94,False,C,39910,74.39,3.506,19.54,5.22,1.55,0.0,1891.77,222.1136566,6.228,62209.94,54884.68,66173.74643041815,66214.7796848701,63430.9822818328,66401.61641247706,67415.28232459941
37,90,2012-08-10,42837.17,False,C,39910,84.41,3.494,509.88,0.0,23.22,25.74,3183.91,220.6404663,6.623,42837.17,45986.96,43459.57916249866,43168.51280697542,43656.61385059357,43566.53562122545,43959.34885013696
37,90,2012-08-17,44889.93,False,C,39910,85.89,3.571,170.08,0.0,13.16,0.0,792.21,220.7199609,6.623,44889.93,45913.68,43459.57916249866,43159.90696508111,43999.74393573385,43571.5150970635,43847.747195215576
37,90,2012-08-24,44834.09,False,C,39910,81.26,3.62,247.17,0.0,23.9,0.0,2285.83,220.8526787,6.623,44834.09,46718.52,43459.57916249866,43152.460994557834,45211.9544990716,43571.78890866444,44615.52296245181
37,90,2012-08-31,46167.75,False,C,39910,84.79,3.638,0.0,0.0,12.12,0.0,540.98,220.9853964,6.623,46167.75,48524.16,43459.57916249866,43146.01857117679,44874.680451165375,43571.80396502685,46570.72238579086
37,90,2012-09-07,46173.08,True,C,39910,84.19,3.73,319.93,0.0,251.31,354.73,2145.98,221.1181142,6.623,46173.08,45955.53,43459.57916249866,43140.44443965278,45197.4332178847,43571.804792946656,43786.514537393654
37,90,2012-09-14,44355.64,False,C,39910,78.16,3.717,740.77,0.0,32.02,123.04,1617.03,221.2601207,6.623,44355.64,46600.05,43459.57916249866,43135.62157403076,45330.02851204686,43571.804838472344,44464.4776866019
37,90,2012-09-21,44551.64,False,C,39910,75.98,3.721,241.47,0.0,0.0,0.0,2143.91,221.4578604,6.623,44551.64,47313.18,43459.57916249866,43131.44872078754,44060.70058305351,43571.80484097571,45318.60595436459
37,90,2012-09-28,45316.04,False,C,39910,79.49,3.666,59.61,0.0,0.0,0.0,722.92,221.6556,6.623,45316.04,46976.31,43459.57916249866,43127.83827306743,45398.145071798644,43571.804841113364,44852.046704690445
37,90,2012-10-05,47698.47,False,C,39910,73.57,3.617,126.94,0.0,2.02,0.0,1451.99,221.8533396,6.228,47698.47,47820.64,43459.57916249866,43124.71443142243,44791.36828474931,43571.80484112093,45797.802173424236
37,90,2012-10-12,46149.46,False,C,39910,71.28,3.601,32.97,0.0,4.92,0.0,2083.7,222.0510793,6.228,46149.46,46317.26,43459.57916249866,43122.011612442744,44194.67379432193,43571.804841121346,44223.88975459374
37,90,2012-10-19,47606.94,False,C,39910,74.06,3.594,121.25,0.0,6.6,0.0,888.9,222.0951719,6.228,47606.94,46910.93,43459.57916249866,43119.67307186768,44725.55899722297,43571.80484112137,44816.86552631943
37,90,2012-10-26,46478.88,False,C,39910,74.39,3.506,19.54,5.22,1.55,0.0,1891.77,222.1136566,6.228,46478.88,48275.29,43459.57916249866,43117.649713269726,44290.86391266775,43571.80484112137,46306.9073997205
37,92,2012-08-10,57353.97,False,C,39910,84.41,3.494,509.88,0.0,23.22,25.74,3183.91,220.6404663,6.623,57353.97,57180.13,57298.922650190914,57166.81923878013,56408.27289887914,57221.5921328296,56597.73586792301
37,92,2012-08-17,59876.55,False,C,39910,85.89,3.571,170.08,0.0,13.16,0.0,792.21,220.7199609,6.623,59876.55,57338.74,57298.922650190914,57171.23266644792,57981.250006427115,57248.93150864558,56642.51817113738
37,92,2012-08-24,59740.8,False,C,39910,81.26,3.62,247.17,0.0,23.9,0.0,2285.83,220.8526787,6.623,59740.8,59810.41,57298.922650190914,57174.86853093472,60868.73312591632,57253.082297878,59076.63104521181
37,92,2012-08-31,60785.61,False,C,39910,84.79,3.638,0.0,0.0,12.12,0.0,540.98,220.9853964,6.623,60785.61,60999.98,57298.922650190914,57177.863824289794,60793.11293722607,57253.7124897071,60361.059955472425
37,92,2012-09-07,60568.66,True,C,39910,84.19,3.73,319.93,0.0,251.31,354.73,2145.98,221.1181142,6.623,60568.66,58414.26,57298.922650190914,57180.33140313259,59928.25749853739,57253.80816831645,57649.70547914147
37,92,2012-09-14,59303.18,False,C,39910,78.16,3.717,740.77,0.0,32.02,123.04,1617.03,221.2601207,6.623,59303.18,58958.08,57298.922650190914,57182.36424086287,60756.701720095734,57253.82269468107,58171.05626088738
37,92,2012-09-21,61434.64,False,C,39910,75.98,3.721,241.47,0.0,0.0,0.0,2143.91,221.4578604,6.623,61434.64,60771.55,57298.922650190914,57184.03893071106,60917.93040016478,57253.824900140266,60106.21969945875
37,92,2012-09-28,62272.84,False,C,39910,79.49,3.666,59.61,0.0,0.0,0.0,722.92,221.6556,6.623,62272.84,59060.91,57298.922650190914,57185.4185716169,61677.29908031167,57253.82523498318,58209.896592747275
37,92,2012-10-05,64988.77,False,C,39910,73.57,3.617,126.94,0.0,2.02,0.0,1451.99,221.8533396,6.228,64988.77,62890.19,57298.922650190914,57186.555145670376,62598.12204071611,57253.82528582057,62253.70942911255
37,92,2012-10-12,61525.48,False,C,39910,71.28,3.601,32.97,0.0,4.92,0.0,2083.7,222.0510793,6.228,61525.48,61863.67,57298.922650190914,57187.491476692136,60882.20734544971,57253.82529353893,61279.69579325403
37,92,2012-10-19,65263.03,False,C,39910,74.06,3.594,121.25,0.0,6.6,0.0,888.9,222.0951719,6.228,65263.03,62134.18,57298.922650190914,57188.2628437488,62302.358287161056,57253.82529471077,61458.29907823914
37,92,2012-10-26,62498.77,False,C,39910,74.39,3.506,19.54,5.22,1.55,0.0,1891.77,222.1136566,6.228,62498.77,61816.77,57298.922650190914,57188.89831039711,60293.11555582027,57253.82529488868,61269.98446208873
37,95,2012-08-10,50645.6,False,C,39910,84.41,3.494,509.88,0.0,23.22,25.74,3183.91,220.6404663,6.623,50645.6,52171.71,51138.33635820479,51146.06050617627,52784.9604639773,51601.09885697803,53476.4607023588
37,95,2012-08-17,52480.25,False,C,39910,85.89,3.571,170.08,0.0,13.16,0.0,792.21,220.7199609,6.623,52480.25,51238.77,51138.33635820479,51149.13436827223,53138.53654945667,51530.107595242494,52564.742354114525
37,95,2012-08-24,53038.61,False,C,39910,81.26,3.62,247.17,0.0,23.9,0.0,2285.83,220.8526787,6.623,53038.61,54922.69,51138.33635820479,51152.180503685726,56301.06960507746,51514.05797612929,56239.3235541491
37,95,2012-08-31,57816.44,False,C,39910,84.79,3.638,0.0,0.0,12.12,0.0,540.98,220.9853964,6.623,57816.44,56167.71,51138.33635820479,51155.19916251547,54737.83811887156,51510.42949753373,57437.78404645385
37,95,2012-09-07,56488.76,True,C,39910,84.19,3.73,319.93,0.0,251.31,354.73,2145.98,221.1181142,6.623,56488.76,51455.97,51138.33635820479,51158.19059260424,52366.58274269838,51509.609175454716,52765.62630138908
37,95,2012-09-14,53244.65,False,C,39910,78.16,3.717,740.77,0.0,32.02,123.04,1617.03,221.2601207,6.623,53244.65,54815.09,51138.33635820479,51161.15503955923,54960.38567397232,51509.42371802522,56111.54316014479
37,95,2012-09-21,53713.13,False,C,39910,75.98,3.721,241.47,0.0,0.0,0.0,2143.91,221.4578604,6.623,53713.13,53378.13,51138.33635820479,51164.09274677222,53128.39625298118,51509.381790032494,54668.6040269653
37,95,2012-09-28,54923.51,False,C,39910,79.49,3.666,59.61,0.0,0.0,0.0,722.92,221.6556,6.623,54923.51,53584.05,51138.33635820479,51167.00395543957,55273.50698649349,51509.372311002306,54907.01903643093
37,95,2012-10-05,54066.22,False,C,39910,73.57,3.617,126.94,0.0,2.02,0.0,1451.99,221.8533396,6.228,54066.22,54573.57,51138.33635820479,51169.88890458201,54161.22625028925,51509.37016799455,55862.101373970574
37,95,2012-10-12,52435.16,False,C,39910,71.28,3.601,32.97,0.0,4.92,0.0,2083.7,222.0510793,6.228,52435.16,52329.09,51138.33635820479,51172.74783106427,52683.6207222028,51509.36968350594,53631.43031395499
37,95,2012-10-19,56374.09,False,C,39910,74.06,3.594,121.25,0.0,6.6,0.0,888.9,222.0951719,6.228,56374.09,53365.68,51138.33635820479,51175.580969614515,54591.86698310569,51509.36957397334,54682.71091120632
37,95,2012-10-26,54142.93,False,C,39910,74.39,3.506,19.54,5.22,1.55,0.0,1891.77,222.1136566,6.228,54142.93,52654.95,51138.33635820479,51178.388552843644,53189.30287833382,51509.369549210336,53960.40685753
38,38,2012-08-10,77593.1,False,C,39690,95.91,3.811,193.46,0.0,4.78,45.18,1781.51,130.7561613,10.926,77593.1,54356.16,75360.2852156365,76713.54228625081,76493.92350025779,75007.57546626109,73070.06207289043
38,38,2012-08-17,69756.14,False,C,39690,94.87,4.002,244.09,0.0,5.14,11.22,2519.9,130.7909677,10.926,69756.14,46119.51,75360.2852156365,76765.08226278758,71995.70223504597,75574.74516645323,69570.47407706348
38,38,2012-08-24,59152.71,False,C,39690,85.32,4.055,301.06,0.0,40.0,0.78,1424.7,130.8381613,10.926,59152.71,53119.68,75360.2852156365,76815.24892640191,78424.84710056998,75530.77086230501,74557.1936275715
38,38,2012-08-31,78433.16,False,C,39690,89.78,4.093,489.03,0.0,28.64,334.12,1760.26,130.8853548,10.926,78433.16,53546.34,75360.2852156365,76864.07886982261,77386.10472230866,75534.18031704963,74516.30184380626
38,38,2012-09-07,88714.7,True,C,39690,88.52,4.124,524.4,0.0,147.32,5.88,2457.97,130.9325484,10.926,88714.7,51304.25,75360.2852156365,76911.60771074372,66358.7120058752,75533.91597218094,68681.12069356676
38,38,2012-09-14,79254.99,False,C,39690,83.64,4.133,1047.05,0.0,15.47,0.0,2276.08,130.9776667,10.926,79254.99,74547.99,75360.2852156365,76957.87011780492,84779.01837377709,75533.93646760171,85749.17675567782
38,38,2012-09-21,63480.95,False,C,39690,82.97,4.125,192.78,0.0,0.0,1.5,2251.8,131.0103333,10.926,63480.95,67477.61,75360.2852156365,77002.89983587967,77838.92215139586,75533.93487853257,80098.9970828507
38,38,2012-09-28,61080.17,False,C,39690,81.22,3.966,201.62,0.0,0.0,29.21,802.5,131.043,10.926,61080.17,44301.57,75360.2852156365,77046.72971068943,75358.73771663319,75533.93500173769,70536.4757138387
38,38,2012-10-05,66776.54,False,C,39690,81.61,3.966,266.02,0.0,6.0,0.0,1830.67,131.0756667,10.199,66776.54,59311.5,75360.2852156365,77089.39171276215,73574.3046079571,75533.93499218524,75360.16525865464
38,38,2012-10-12,83007.86,False,C,39690,71.74,4.468,202.43,0.0,8.66,0.22,700.92,131.1083333,10.199,83007.86,61039.01,75360.2852156365,77130.91696075232,76847.4939922844,75533.93499292588,77586.0328917284
38,38,2012-10-19,79090.67,False,C,39690,68.66,4.449,314.73,0.0,9.24,0.0,388.28,131.1499677,10.199,79090.67,69247.49,75360.2852156365,77171.33574413961,83446.54360142048,75533.93499286845,83756.8265996408
38,38,2012-10-26,66530.78,False,C,39690,65.95,4.301,148.32,6.73,3.05,0.0,344.78,131.1930968,10.199,66530.78,49155.64,75360.2852156365,77210.6775453227,75039.87580872772,75533.9349928729,72653.65353384521
38,92,2012-08-10,47371.2,False,C,39690,95.91,3.811,193.46,0.0,4.78,45.18,1781.51,130.7561613,10.926,47371.2,42456.45,48113.171295370375,47356.57222291075,48786.96222339581,48030.68143249034,45253.43871788742
38,92,2012-08-17,44369.92,False,C,39690,94.87,4.002,244.09,0.0,5.14,11.22,2519.9,130.7909677,10.926,44369.92,40670.17,48113.171295370375,47358.98682134507,46255.793375721165,48093.775871882484,43286.06067415282
38,92,2012-08-24,44840.83,False,C,39690,85.32,4.055,301.06,0.0,40.0,0.78,1424.7,130.8381613,10.926,44840.83,40034.91,48113.171295370375,47361.10524099225,45028.059680357575,48093.211079752116,42737.13528033529
38,92,2012-08-31,44872.39,False,C,39690,89.78,4.093,489.03,0.0,28.64,334.12,1760.26,130.8853548,10.926,44872.39,50415.25,48113.171295370375,47362.96381165054,55216.139565377,48093.216135509065,53082.640679086166
38,92,2012-09-07,58261.62,True,C,39690,88.52,4.124,524.4,0.0,147.32,5.88,2457.97,130.9325484,10.926,58261.62,47209.17,48113.171295370375,47364.594406842785,49143.590097606204,48093.216090252274,50058.0600654379
38,92,2012-09-14,47456.22,False,C,39690,83.64,4.133,1047.05,0.0,15.47,0.0,2276.08,130.9776667,10.926,47456.22,43475.11,48113.171295370375,47366.02499043083,46418.411386179665,48093.21609065739,46271.31213604548
38,92,2012-09-21,46074.34,False,C,39690,82.97,4.125,192.78,0.0,0.0,1.5,2251.8,131.0103333,10.926,46074.34,43378.75,48113.171295370375,47367.280096181246,46486.68938840769,48093.21609065377,46161.386513292484
38,92,2012-09-28,45711.17,False,C,39690,81.22,3.966,201.62,0.0,0.0,29.21,802.5,131.043,10.926,45711.17,41937.52,48113.171295370375,47368.381248506696,50904.102699125724,48093.2160906538,44373.448238019635
38,92,2012-10-05,57297.25,False,C,39690,81.61,3.966,266.02,0.0,6.0,0.0,1830.67,131.0756667,10.199,57297.25,59879.94,48113.171295370375,47369.34733159845,52565.902079377156,48093.2160906538,63229.322578887026
38,92,2012-10-12,50316.92,False,C,39690,71.74,4.468,202.43,0.0,8.66,0.22,700.92,131.1083333,10.199,50316.92,47249.95,48113.171295370375,47370.19491328049,47966.91963065856,48093.2160906538,50152.74562784237
38,92,2012-10-19,50073.87,False,C,39690,68.66,4.449,314.73,0.0,9.24,0.0,388.28,131.1499677,10.199,50073.87,44290.41,48113.171295370375,47370.93852913904,48106.49543814565,48093.2160906538,47013.820011853124
38,92,2012-10-26,48608.39,False,C,39690,65.95,4.301,148.32,6.73,3.05,0.0,344.78,131.1930968,10.199,48608.39,44396.38,48113.171295370375,47371.590931800434,48742.20794194147,48093.2160906538,47087.66867794709
39,2,2012-08-10,79582.36,False,A,184109,83.47,3.494,13884.35,122.0,112.9,4259.15,10223.2,220.6404663,6.623,79582.36,72699.49,77647.01845355106,77430.26436131315,79954.12721277298,79151.34122034445,78725.99530003841
39,2,2012-08-17,83258.05,False,A,184109,84.72,3.571,2549.92,133.06,2.33,4623.71,4609.77,220.7199609,6.623,83258.05,82908.47,77647.01845355106,77430.36457178644,87125.30007947805,78923.41117336242,89077.99568213416
39,2,2012-08-24,82745.69,False,A,184109,80.49,3.62,6741.36,81.74,0.02,4657.6,13783.29,220.8526787,6.623,82745.69,79547.18,77647.01845355106,77430.4580877042,82704.13639014638,78906.02436620077,85605.97225706262
39,2,2012-08-31,83509.96,False,A,184109,83.72,3.638,24675.17,73.5,63.4,12048.3,15590.53,220.9853964,6.623,83509.96,72688.81,77647.01845355106,77430.54535629584,77032.38431749945,78904.69807742367,78837.90633812529
39,2,2012-09-07,78341.66,True,A,184109,83.71,3.73,22865.19,31.76,197.48,1883.05,10351.49,221.1181142,6.623,78341.66,66293.36,77647.01845355106,77430.62679491368,71923.12542123752,78904.59690635161,72513.32359132399
39,2,2012-09-14,71500.65,False,A,184109,76.71,3.717,9997.12,4.0,67.58,1208.44,18054.35,221.2601207,6.623,71500.65,64849.08,77647.01845355106,77430.70279302883,71183.02279358987,78904.58918888766,71105.56393187688
39,2,2012-09-21,72339.69,False,A,184109,73.58,3.721,11644.3,112.91,6.7,3300.92,13244.99,221.4578604,6.623,72339.69,64750.3,77647.01845355106,77430.77371409378,71001.56183677535,78904.58860018925,71001.30834262971
39,2,2012-09-28,70975.06,False,A,184109,78.04,3.666,4472.55,50.82,4.25,2331.3,10273.98,221.6556,6.623,70975.06,64770.73,77647.01845355106,77430.83989728062,70415.09352217497,78904.58855528255,70990.68813228872
39,2,2012-10-05,72146.23,False,A,184109,72.05,3.617,6657.7,0.0,47.01,5234.34,6313.88,221.8533396,6.228,72146.23,68603.24,77647.01845355106,77430.90165910304,74663.11001210121,78904.58855185701,74837.07119202234
39,2,2012-10-12,67371.38,False,A,184109,69.88,3.601,2360.14,0.0,22.59,579.21,15387.94,222.0510793,6.228,67371.38,66950.58,77647.01845355106,77430.95929493007,71277.75244266381,78904.5885515957,73104.79851746754
39,2,2012-10-19,71893.26,False,A,184109,71.45,3.594,2139.7,0.0,1.6,99.01,11831.06,222.0951719,6.228,71893.26,68939.59,77647.01845355106,77431.01308039862,73948.90864277507,78904.58855157577,75128.30939516751
39,2,2012-10-26,71474.75,False,A,184109,72.9,3.506,6057.96,99.85,159.0,602.37,3392.16,222.1136566,6.228,71474.75,67426.17,77647.01845355106,77431.06327273171,71979.26524016596,78904.58855157426,73598.53418491411
39,4,2012-08-10,54866.84,False,A,184109,83.47,3.494,13884.35,122.0,112.9,4259.15,10223.2,220.6404663,6.623,54866.84,49456.92,52553.05085335799,52685.45029364398,54316.97711620782,52852.17120191784,52894.11806455292
39,4,2012-08-17,58798.23,False,A,184109,84.72,3.571,2549.92,133.06,2.33,4623.71,4609.77,220.7199609,6.623,58798.23,57010.14,52553.05085335799,52771.246932499635,59990.02824466495,54169.614360278465,60636.07058810477
39,4,2012-08-24,58889.54,False,A,184109,80.49,3.62,6741.36,81.74,0.02,4657.6,13783.29,220.8526787,6.623,58889.54,54628.48,52553.05085335799,52856.61458816101,57214.12809015763,53315.19150367,58261.21902893248
39,4,2012-08-31,56458.69,False,A,184109,83.72,3.638,24675.17,73.5,63.4,12048.3,15590.53,220.9853964,6.623,56458.69,47885.07,52553.05085335799,52941.55540554407,52276.55718171752,53869.32426701699,51419.03190625045
39,4,2012-09-07,50235.94,True,A,184109,83.71,3.73,22865.19,31.76,197.48,1883.05,10351.49,221.1181142,6.623,50235.94,45366.54,52553.05085335799,53026.071518840225,50044.75385501507,53509.943525924195,48889.32891379313
39,4,2012-09-14,44187.86,False,A,184109,76.71,3.717,9997.12,4.0,67.58,1208.44,18054.35,221.2601207,6.623,44187.86,43105.89,52553.05085335799,53110.1650515699,48055.63719647743,53743.018567884006,46618.210268949304
39,4,2012-09-21,49809.83,False,A,184109,73.58,3.721,11644.3,112.91,6.7,3300.92,13244.99,221.4578604,6.623,49809.83,40742.54,52553.05085335799,53193.83811663592,46728.50163519027,53591.85861696571,44197.490472994934
39,4,2012-09-28,46218.71,False,A,184109,78.04,3.666,4472.55,50.82,4.25,2331.3,10273.98,221.6556,6.623,46218.71,41813.84,52553.05085335799,53277.092816376615,46941.65502653037,53689.89284049086,45320.93475694929
39,4,2012-10-05,49691.01,False,A,184109,72.05,3.617,6657.7,0.0,47.01,5234.34,6313.88,221.8533396,6.228,49691.01,45756.22,52553.05085335799,53359.9312426186,49713.79629487084,53626.31310972359,49327.85183512928
39,4,2012-10-12,46065.96,False,A,184109,69.88,3.601,2360.14,0.0,22.59,579.21,15387.94,222.0510793,6.228,46065.96,43904.12,52553.05085335799,53442.35547672938,48213.597285984935,53667.54750745819,47453.0410714002
39,4,2012-10-19,48402.86,False,A,184109,71.45,3.594,2139.7,0.0,1.6,99.01,11831.06,222.0951719,6.228,48402.86,46248.24,52553.05085335799,53524.36758966961,50278.57083312525,53640.80509228882,49809.58909603127
39,4,2012-10-26,47179.95,False,A,184109,72.9,3.506,6057.96,99.85,159.0,602.37,3392.16,222.1136566,6.228,47179.95,42993.98,52553.05085335799,53605.96964204513,48362.78847796809,53658.14878610712,46475.390872282165
39,13,2012-08-10,63678.6,False,A,184109,83.47,3.494,13884.35,122.0,112.9,4259.15,10223.2,220.6404663,6.623,63678.6,58822.57,61683.556174039826,61788.21711326233,62861.83065520117,62474.688328635326,62759.16466142629
39,13,2012-08-17,66143.57,False,A,184109,84.72,3.571,2549.92,133.06,2.33,4623.71,4609.77,220.7199609,6.623,66143.57,64682.46,61683.556174039826,61865.5702246726,67288.56154567622,63746.36479067726,68614.02152656669
39,13,2012-08-24,65943.73,False,A,184109,80.49,3.62,6741.36,81.74,0.02,4657.6,13783.29,220.8526787,6.623,65943.73,62338.88,61683.556174039826,61942.536570525815,66368.28315576623,62880.35560305278,66300.4618836161
39,13,2012-08-31,67169.36,False,A,184109,83.72,3.638,24675.17,73.5,63.4,12048.3,15590.53,220.9853964,6.623,67169.36,61922.02,61683.556174039826,62019.11808464976,66694.20847754393,63470.10616888914,65900.24015250755
39,13,2012-09-07,66691.68,True,A,184109,83.71,3.73,22865.19,31.76,197.48,1883.05,10351.49,221.1181142,6.623,66691.68,58203.56,61683.556174039826,62095.316691203094,63300.36213099864,63068.48718507864,62187.75439506113
39,13,2012-09-14,57351.04,False,A,184109,76.71,3.717,9997.12,4.0,67.58,1208.44,18054.35,221.2601207,6.623,57351.04,55018.9,61683.556174039826,62171.13430472366,60430.80423229807,63341.98892886796,59010.386847833804
39,13,2012-09-21,64181.79,False,A,184109,73.58,3.721,11644.3,112.91,6.7,3300.92,13244.99,221.4578604,6.623,64181.79,54357.34,61683.556174039826,62246.572830176614,59852.94504769613,63155.73477537632,58351.93245737394
39,13,2012-09-28,61837.07,False,A,184109,78.04,3.666,4472.55,50.82,4.25,2331.3,10273.98,221.6556,6.623,61837.07,53272.28,61683.556174039826,62321.63416300231,58559.09584139104,63282.5734902315,57265.61950649514
39,13,2012-10-05,62517.41,False,A,184109,72.05,3.617,6657.7,0.0,47.01,5234.34,6313.88,221.8533396,6.228,62517.41,59265.11,61683.556174039826,62396.32018916388,61833.520190330244,63196.19657307547,63194.18595036787
39,13,2012-10-12,57577.34,False,A,184109,69.88,3.601,2360.14,0.0,22.59,579.21,15387.94,222.0510793,6.228,57577.34,57074.6,61683.556174039826,62470.63278519464,60015.22205945442,63255.01908500251,61019.328102117935
39,13,2012-10-19,59933.35,False,A,184109,71.45,3.594,2139.7,0.0,1.6,99.01,11831.06,222.0951719,6.228,59933.35,59874.77,61683.556174039826,62544.57381824524,61312.92511798782,63214.96106923475,63783.21367604574
39,13,2012-10-26,59603.9,False,A,184109,72.9,3.506,6057.96,99.85,159.0,602.37,3392.16,222.1136566,6.228,59603.9,57119.98,61683.556174039826,62618.1451461306,60190.14025514665,63242.24049975687,61069.583942932535
39,38,2012-08-10,56359.88,False,A,184109,83.47,3.494,13884.35,122.0,112.9,4259.15,10223.2,220.6404663,6.623,56359.88,43916.31,49162.888249821655,49548.30006766428,50283.00671468923,48927.71667008898,48130.57849132061
39,38,2012-08-17,49446.69,False,A,184109,84.72,3.571,2549.92,133.06,2.33,4623.71,4609.77,220.7199609,6.623,49446.69,50151.86,49162.888249821655,49597.871973754896,57291.29486422785,49079.006295448125,52274.45255636352
39,38,2012-08-24,47354.99,False,A,184109,80.49,3.62,6741.36,81.74,0.02,4657.6,13783.29,220.8526787,6.623,47354.99,47934.29,49162.888249821655,49647.19602031506,51491.710552786084,49089.58948705429,49584.76173341931
39,38,2012-08-31,38648.01,False,A,184109,83.72,3.638,24675.17,73.5,63.4,12048.3,15590.53,220.9853964,6.623,38648.01,44652.44,49162.888249821655,49696.27344664243,54626.36738758049,49090.329815046425,49386.858065953995
39,38,2012-09-07,44812.74,True,A,184109,83.71,3.73,22865.19,31.76,197.48,1883.05,10351.49,221.1181142,6.623,44812.74,39154.16,49162.888249821655,49745.105485838154,51677.40045734908,49090.38160334965,46180.80067256173
39,38,2012-09-14,39304.29,False,A,184109,76.71,3.717,9997.12,4.0,67.58,1208.44,18054.35,221.2601207,6.623,39304.29,54512.48,49162.888249821655,49793.693364837905,55748.10176399636,49090.38522610656,53467.22373816118
39,38,2012-09-21,46520.25,False,A,184109,73.58,3.721,11644.3,112.91,6.7,3300.92,13244.99,221.4578604,6.623,46520.25,41322.25,49162.888249821655,49842.038304442656,49712.33729252473,49090.385479529956,46186.32145368189
39,38,2012-09-28,47827.98,False,A,184109,78.04,3.666,4472.55,50.82,4.25,2331.3,10273.98,221.6556,6.623,47827.98,44157.41,49162.888249821655,49890.14151934938,55697.05973944738,49090.38549725773,49558.66902160205
39,38,2012-10-05,46183.2,False,A,184109,72.05,3.617,6657.7,0.0,47.01,5234.34,6313.88,221.8533396,6.228,46183.2,43154.16,49162.888249821655,49938.00421818157,53628.39671602969,49090.385498497846,48326.77844473108
39,38,2012-10-12,53903.45,False,A,184109,69.88,3.601,2360.14,0.0,22.59,579.21,15387.94,222.0510793,6.228,53903.45,45739.51,49162.888249821655,49985.627603519606,57808.92873940872,49090.3854985846,50915.80223973599
39,38,2012-10-19,56451.51,False,A,184109,71.45,3.594,2139.7,0.0,1.6,99.01,11831.06,222.0951719,6.228,56451.51,44311.9,49162.888249821655,50033.01287193095,54250.59093841088,49090.385498590666,48935.650162470076
39,38,2012-10-26,42768.81,False,A,184109,72.9,3.506,6057.96,99.85,159.0,602.37,3392.16,222.1136566,6.228,42768.81,44432.89,49162.888249821655,50080.16121400023,54186.57643698415,49090.38549859109,48915.00821022464
39,40,2012-08-10,67448.84,False,A,184109,83.47,3.494,13884.35,122.0,112.9,4259.15,10223.2,220.6404663,6.623,67448.84,57446.71,65215.86505823959,65496.75792902435,63833.235715292816,65581.40946294193,64817.19323358591
39,40,2012-08-17,69381.58,False,A,184109,84.72,3.571,2549.92,133.06,2.33,4623.71,4609.77,220.7199609,6.623,69381.58,57731.58,65215.86505823959,65559.58774809286,66603.39220151938,66022.36337459966,65933.79385522733
39,40,2012-08-24,68172.68,False,A,184109,80.49,3.62,6741.36,81.74,0.02,4657.6,13783.29,220.8526787,6.623,68172.68,57360.84,65215.86505823959,65622.10341806602,65937.30923883444,65896.54056123564,65436.89671295673
39,40,2012-08-31,71875.62,False,A,184109,83.72,3.638,24675.17,73.5,63.4,12048.3,15590.53,220.9853964,6.623,71875.62,60708.73,65215.86505823959,65684.30650968933,67861.40575854447,65932.44313505186,68491.7685813357
39,40,2012-09-07,70831.06,True,A,184109,83.71,3.73,22865.19,31.76,197.48,1883.05,10351.49,221.1181142,6.623,70831.06,57549.06,65215.86505823959,65746.19858585451,65408.461310092694,65922.19861124759,65534.252217096495
39,40,2012-09-14,67174.93,False,A,184109,76.71,3.717,9997.12,4.0,67.58,1208.44,18054.35,221.2601207,6.623,67174.93,59142.5,65215.86505823959,65807.78120163886,65565.99072646981,65925.12180746504,66840.8945077221
39,40,2012-09-21,72768.04,False,A,184109,73.58,3.721,11644.3,112.91,6.7,3300.92,13244.99,221.4578604,6.623,72768.04,56133.44,65215.86505823959,65869.05590434429,64485.68241524958,65924.28769586659,64269.64188634852
39,40,2012-09-28,68332.45,False,A,184109,78.04,3.666,4472.55,50.82,4.25,2331.3,10273.98,221.6556,6.623,68332.45,57213.92,65215.86505823959,65930.0242335362,63217.035333909414,65924.52570320749,64903.243042680166
39,40,2012-10-05,73437.56,False,A,184109,72.05,3.617,6657.7,0.0,47.01,5234.34,6313.88,221.8533396,6.228,73437.56,60957.39,65215.86505823959,65990.68772108214,68103.99625041231,65924.45778964002,68813.11711008707
39,40,2012-10-12,70043.32,False,A,184109,69.88,3.601,2360.14,0.0,22.59,579.21,15387.94,222.0510793,6.228,70043.32,61671.75,65215.86505823959,66051.04789119036,67736.11653833644,65924.4771682551,69331.50733727173
39,40,2012-10-19,69278.61,False,A,184109,71.45,3.594,2139.7,0.0,1.6,99.01,11831.06,222.0951719,6.228,69278.61,63041.14,65215.86505823959,66111.10626044804,67898.67641665917,65924.47163871607,70467.96660477886
39,40,2012-10-26,67754.17,False,A,184109,72.9,3.506,6057.96,99.85,159.0,602.37,3392.16,222.1136566,6.228,67754.17,60712.3,65215.86505823959,66170.86433785943,67182.64075225985,65924.4732165276,68503.48392591688
39,72,2012-08-10,58171.83,False,A,184109,83.47,3.494,13884.35,122.0,112.9,4259.15,10223.2,220.6404663,6.623,58171.83,49384.27,54840.026385601224,54492.81213471072,52407.71033726,53766.51308021789,54618.91577789154
39,72,2012-08-17,54232.69,False,A,184109,84.72,3.571,2549.92,133.06,2.33,4623.71,4609.77,220.7199609,6.623,54232.69,57796.52,54840.026385601224,54492.81213471025,65442.096516456884,54306.50070991809,63596.8504465931
39,72,2012-08-24,63815.63,False,A,184109,80.49,3.62,6741.36,81.74,0.02,4657.6,13783.29,220.8526787,6.623,63815.63,52134.79,54840.026385601224,54492.81213470988,55143.167335418475,54365.324118332144,57729.22595397614
39,72,2012-08-31,60917.78,False,A,184109,83.72,3.638,24675.17,73.5,63.4,12048.3,15590.53,220.9853964,6.623,60917.78,46899.09,54840.026385601224,54492.81213470958,58075.949770336316,54371.73203063815,52612.34677748226
39,72,2012-09-07,61198.25,True,A,184109,83.71,3.73,22865.19,31.76,197.48,1883.05,10351.49,221.1181142,6.623,61198.25,51370.62,54840.026385601224,54492.81213470934,46372.62904730561,54372.43007485606,56930.725291770665
39,72,2012-09-14,52149.41,False,A,184109,76.71,3.717,9997.12,4.0,67.58,1208.44,18054.35,221.2601207,6.623,52149.41,48850.16,54840.026385601224,54492.812134709144,42745.35893149058,54372.506116116754,54405.21578540936
39,72,2012-09-21,60152.17,False,A,184109,73.58,3.721,11644.3,112.91,6.7,3300.92,13244.99,221.4578604,6.623,60152.17,48938.46,54840.026385601224,54492.81213470899,39471.662801688,54372.514399651205,54463.688171853784
39,72,2012-09-28,48853.31,False,A,184109,78.04,3.666,4472.55,50.82,4.25,2331.3,10273.98,221.6556,6.623,48853.31,40845.73,54840.026385601224,54492.81213470887,38920.14440528236,54372.51530201582,46433.979812212456
39,72,2012-10-05,60418.88,False,A,184109,72.05,3.617,6657.7,0.0,47.01,5234.34,6313.88,221.8533396,6.228,60418.88,42425.99,54840.026385601224,54492.81213470877,38229.22232652571,54372.51540031467,47994.812646556835
39,72,2012-10-12,45733.56,False,A,184109,69.88,3.601,2360.14,0.0,22.59,579.21,15387.94,222.0510793,6.228,45733.56,40114.98,54840.026385601224,54492.81213470869,36232.2592649191,54372.515411022825,45686.40636427914
39,72,2012-10-19,53838.43,False,A,184109,71.45,3.594,2139.7,0.0,1.6,99.01,11831.06,222.0951719,6.228,53838.43,61460.36,54840.026385601224,54492.81213470863,37914.551309394126,54372.515412189314,66868.46524085407
39,72,2012-10-26,51833.63,False,A,184109,72.9,3.506,6057.96,99.85,159.0,602.37,3392.16,222.1136566,6.228,51833.63,57188.22,54840.026385601224,54492.812134708576,32766.80311791065,54372.51541231639,62589.77885211064
39,90,2012-08-10,83719.84,False,A,184109,83.47,3.494,13884.35,122.0,112.9,4259.15,10223.2,220.6404663,6.623,83719.84,83138.9,82724.40324518907,83024.74114841109,82901.91268835707,83187.40698733655,84999.52007814692
39,90,2012-08-17,87924.64,False,A,184109,84.72,3.571,2549.92,133.06,2.33,4623.71,4609.77,220.7199609,6.623,87924.64,90484.9,82724.40324518907,83083.11907473207,87159.68224048408,83011.26014542306,92311.75523069821
39,90,2012-08-24,85907.25,False,A,184109,80.49,3.62,6741.36,81.74,0.02,4657.6,13783.29,220.8526787,6.623,85907.25,90941.53,82724.40324518907,83140.86105500872,88157.78490150227,82983.86824497589,92779.41455957598
39,90,2012-08-31,92563.7,False,A,184109,83.72,3.638,24675.17,73.5,63.4,12048.3,15590.53,220.9853964,6.623,92563.7,88695.87,82724.40324518907,83197.97401698575,87461.81006162956,82979.60863860455,90554.89528726847
39,90,2012-09-07,89539.32,True,A,184109,83.71,3.73,22865.19,31.76,197.48,1883.05,10351.49,221.1181142,6.623,89539.32,86821.62,82724.40324518907,83254.46481293981,86349.22697463928,82978.94624402284,88690.46146937384
39,90,2012-09-14,82919.16,False,A,184109,76.71,3.717,9997.12,4.0,67.58,1208.44,18054.35,221.2601207,6.623,82919.16,84217.2,82724.40324518907,83310.3402205015,84227.37265295725,82978.84323765473,86092.16739479569
39,90,2012-09-21,85436.62,False,A,184109,73.58,3.721,11644.3,112.91,6.7,3300.92,13244.99,221.4578604,6.623,85436.62,82448.41,82724.40324518907,83365.6069434686,82707.26113877907,82978.8272195408,84326.26471430474
39,90,2012-09-28,82028.77,False,A,184109,78.04,3.666,4472.55,50.82,4.25,2331.3,10273.98,221.6556,6.623,82028.77,81183.19,82724.40324518907,83420.27161261044,82959.45035213146,82978.8247286271,83078.30473485179
39,90,2012-10-05,87517.19,False,A,184109,72.05,3.617,6657.7,0.0,47.01,5234.34,6313.88,221.8533396,6.228,87517.19,87458.25,82724.40324518907,83474.34078646326,85183.90409950202,82978.82434127494,89302.99590525302
39,90,2012-10-12,83090.36,False,A,184109,69.88,3.601,2360.14,0.0,22.59,579.21,15387.94,222.0510793,6.228,83090.36,84761.48,82724.40324518907,83527.82095211727,83857.26616872527,82978.82428103934,86625.3590524059
39,90,2012-10-19,88184.36,False,A,184109,71.45,3.594,2139.7,0.0,1.6,99.01,11831.06,222.0951719,6.228,88184.36,84980.07,82724.40324518907,83580.71852599489,83397.34369712276,82978.82427167235,86837.48667024459
39,90,2012-10-26,87632.95,False,A,184109,72.9,3.506,6057.96,99.85,159.0,602.37,3392.16,222.1136566,6.228,87632.95,84323.78,82724.40324518907,83633.03985462054,84498.75687385313,82978.82427021571,86204.28962713368
39,91,2012-08-10,65319.7,False,A,184109,83.47,3.494,13884.35,122.0,112.9,4259.15,10223.2,220.6404663,6.623,65319.7,63712.75,63345.512153768,63471.18986353061,63953.298604875454,64041.50683560573,64337.41944043657
39,91,2012-08-17,66977.0,False,A,184109,84.72,3.571,2549.92,133.06,2.33,4623.71,4609.77,220.7199609,6.623,66977.0,67050.23,63345.512153768,63506.27150018037,66860.58547978995,64336.26106595946,66680.15923830157
39,91,2012-08-24,65613.53,False,A,184109,80.49,3.62,6741.36,81.74,0.02,4657.6,13783.29,220.8526787,6.623,65613.53,65193.16,63345.512153768,63541.17772864689,67113.98276405814,64271.8746187313,66324.0289052168
39,91,2012-08-31,68239.71,False,A,184109,83.72,3.638,24675.17,73.5,63.4,12048.3,15590.53,220.9853964,6.623,68239.71,63002.69,63345.512153768,63575.90942597108,67334.49989945367,64285.939267037415,65903.02320108944
39,91,2012-09-07,65326.82,True,A,184109,83.71,3.73,22865.19,31.76,197.48,1883.05,10351.49,221.1181142,6.623,65326.82,65059.31,63345.512153768,63610.46746480864,65904.18592774491,64282.86696936468,65709.11417982972
39,91,2012-09-14,62945.27,False,A,184109,76.71,3.717,9997.12,4.0,67.58,1208.44,18054.35,221.2601207,6.623,62945.27,63414.41,63345.512153768,63644.852713452005,63984.73095322327,64283.538085540815,64465.62764569356
39,91,2012-09-21,65698.35,False,A,184109,73.58,3.721,11644.3,112.91,6.7,3300.92,13244.99,221.4578604,6.623,65698.35,62527.01,63345.512153768,63679.06603585216,62654.12793063624,64283.391486164765,63658.50522962639
39,91,2012-09-28,61663.58,False,A,184109,78.04,3.666,4472.55,50.82,4.25,2331.3,10273.98,221.6556,6.623,61663.58,60976.35,63345.512153768,63713.10829164032,63041.71929041193,64283.42350949816,63476.424887842986
39,91,2012-10-05,67084.9,False,A,184109,72.05,3.617,6657.7,0.0,47.01,5234.34,6313.88,221.8533396,6.228,67084.9,67269.29,63345.512153768,63746.980336149536,66258.29570574878,64283.41651428502,66396.09487401994
39,91,2012-10-12,63869.5,False,A,184109,69.88,3.601,2360.14,0.0,22.59,579.21,15387.94,222.0510793,6.228,63869.5,61514.23,63345.512153768,63780.683020436205,63184.43468896844,64283.418042327285,63698.06388051459
39,91,2012-10-19,67145.56,False,A,184109,71.45,3.594,2139.7,0.0,1.6,99.01,11831.06,222.0951719,6.228,67145.56,63440.55,63345.512153768,63814.21719130144,63410.750067106186,64283.41770854001,64225.65708563677
39,91,2012-10-26,63392.5,False,A,184109,72.9,3.506,6057.96,99.85,159.0,602.37,3392.16,222.1136566,6.228,63392.5,58473.12,63345.512153768,63847.58369131235,61766.076696872005,64283.41778145288,62316.00221026274
39,92,2012-08-10,123513.56,False,A,184109,83.47,3.494,13884.35,122.0,112.9,4259.15,10223.2,220.6404663,6.623,123513.56,107983.59,119427.21552163891,119836.3646406023,120055.83734448312,119591.87647347912,120864.65430106477
39,92,2012-08-17,128051.28,False,A,184109,84.72,3.571,2549.92,133.06,2.33,4623.71,4609.77,220.7199609,6.623,128051.28,117002.47,119427.21552163891,119947.01534405613,125221.13061322655,119514.52704132158,130483.98124086978
39,92,2012-08-24,125898.93,False,A,184109,80.49,3.62,6741.36,81.74,0.02,4657.6,13783.29,220.8526787,6.623,125898.93,118527.99,119427.21552163891,120057.11279399267,127540.10436734119,119509.65070977976,131773.18150453278
39,92,2012-08-31,134475.75,False,A,184109,83.72,3.638,24675.17,73.5,63.4,12048.3,15590.53,220.9853964,6.623,134475.75,112160.74,119427.21552163891,120166.65975667952,126429.98179858374,119509.34329175945,124424.88541315057
39,92,2012-09-07,127792.37,True,A,184109,83.71,3.73,22865.19,31.76,197.48,1883.05,10351.49,221.1181142,6.623,127792.37,114296.19,119427.21552163891,120275.65898455297,125552.74667706726,119509.32391123982,127149.09200078093
39,92,2012-09-14,118513.4,False,A,184109,76.71,3.717,9997.12,4.0,67.58,1208.44,18054.35,221.2601207,6.623,118513.4,110099.34,119427.21552163891,120384.11321628702,121647.25896783837,119509.3226894359,122949.9030120596
39,92,2012-09-21,129678.58,False,A,184109,73.58,3.721,11644.3,112.91,6.7,3300.92,13244.99,221.4578604,6.623,129678.58,106565.23,119427.21552163891,120492.02517686241,118312.24195753572,119509.32261240984,119432.91903804247
39,92,2012-09-28,119555.01,False,A,184109,78.04,3.666,4472.55,50.82,4.25,2331.3,10273.98,221.6556,6.623,119555.01,104725.7,119427.21552163891,120599.39757763493,118706.75479703433,119509.3226075539,117184.91232242426
39,92,2012-10-05,132529.56,False,A,184109,72.05,3.617,6657.7,0.0,47.01,5234.34,6313.88,221.8533396,6.228,132529.56,120557.54,119427.21552163891,120706.23311640359,126279.79167583173,119509.32260724777,134439.39824355175
39,92,2012-10-12,123327.7,False,A,184109,69.88,3.601,2360.14,0.0,22.59,579.21,15387.94,222.0510793,6.228,123327.7,112510.78,119427.21552163891,120812.53447747839,121737.70947714247,119509.32260722847,125762.68638385918
39,92,2012-10-19,130357.54,False,A,184109,71.45,3.594,2139.7,0.0,1.6,99.01,11831.06,222.0951719,6.228,130357.54,118241.45,119427.21552163891,120918.30433174783,123839.57195303228,119509.32260722725,132093.57403906522
39,92,2012-10-26,125396.21,False,A,184109,72.9,3.506,6057.96,99.85,159.0,602.37,3392.16,222.1136566,6.228,125396.21,113759.37,119427.21552163891,121023.54533674591,122327.21194943647,119509.32260722718,127025.2562414153
39,94,2012-08-10,67070.14,False,A,184109,83.47,3.494,13884.35,122.0,112.9,4259.15,10223.2,220.6404663,6.623,67070.14,66884.93,66633.41885206403,66655.32909064401,66668.21172588498,67490.98402221056,67540.35933557338
39,94,2012-08-17,67670.11,False,A,184109,84.72,3.571,2549.92,133.06,2.33,4623.71,4609.77,220.7199609,6.623,67670.11,69026.06,66633.41885206403,66684.82514469186,67526.75614879509,67834.34204031766,69214.15753440575
39,94,2012-08-24,67278.84,False,A,184109,80.49,3.62,6741.36,81.74,0.02,4657.6,13783.29,220.8526787,6.623,67278.84,70232.92,66633.41885206403,66709.66981100202,68971.15167953962,67752.73569369671,70430.09932690872
39,94,2012-08-31,71537.5,False,A,184109,83.72,3.638,24675.17,73.5,63.4,12048.3,15590.53,220.9853964,6.623,71537.5,68719.06,66633.41885206403,66730.59659134563,67772.17986596187,67772.13118020823,69158.84577727751
39,94,2012-09-07,69463.66,True,A,184109,83.71,3.73,22865.19,31.76,197.48,1883.05,10351.49,221.1181142,6.623,69463.66,66737.07,66633.41885206403,66748.22331774571,66032.07459030078,67767.52142970971,67420.86035503166
39,94,2012-09-14,63957.51,False,A,184109,76.71,3.717,9997.12,4.0,67.58,1208.44,18054.35,221.2601207,6.623,63957.51,62137.82,66633.41885206403,66763.07039304735,60170.208563442255,67768.6170351046,62835.52698259947
39,94,2012-09-21,66400.04,False,A,184109,73.58,3.721,11644.3,112.91,6.7,3300.92,13244.99,221.4578604,6.623,66400.04,58574.19,66633.41885206403,66775.57615503685,58361.1721653945,67768.35664114582,60083.598862772415
39,94,2012-09-28,63788.84,False,A,184109,78.04,3.666,4472.55,50.82,4.25,2331.3,10273.98,221.6556,6.623,63788.84,58832.51,66633.41885206403,66786.10981771183,58907.438602737166,67768.41852931658,60390.449207118676
39,94,2012-10-05,66824.44,False,A,184109,72.05,3.617,6657.7,0.0,47.01,5234.34,6313.88,221.8533396,6.228,66824.44,62169.82,66633.41885206403,66794.98237177478,61486.64619791761,67768.40382027456,63223.04851205916
39,94,2012-10-12,63904.95,False,A,184109,69.88,3.601,2360.14,0.0,22.59,579.21,15387.94,222.0510793,6.228,63904.95,59075.55,66633.41885206403,66802.45576617036,60316.43904944547,67768.4073161917,60941.47208244844
39,94,2012-10-19,69228.78,False,A,184109,71.45,3.594,2139.7,0.0,1.6,99.01,11831.06,222.0951719,6.228,69228.78,58104.09,66633.41885206403,66808.75064173782,59117.618530769745,67768.40648531253,59986.099284542506
39,94,2012-10-26,69672.5,False,A,184109,72.9,3.506,6057.96,99.85,159.0,602.37,3392.16,222.1136566,6.228,69672.5,60564.86,66633.41885206403,66814.05284530322,62015.977856659316,67768.40668278867,62393.96365812663
39,95,2012-08-10,114345.83,False,A,184109,83.47,3.494,13884.35,122.0,112.9,4259.15,10223.2,220.6404663,6.623,114345.83,107373.22,109755.3743727915,109869.88811517181,111694.7549555422,110710.82384950247,112924.72416206078
39,95,2012-08-17,119343.17,False,A,184109,84.72,3.571,2549.92,133.06,2.33,4623.71,4609.77,220.7199609,6.623,119343.17,115743.3,109755.3743727915,109869.89386419098,116166.62466623334,110433.64565253416,121326.73442418998
39,95,2012-08-24,116506.74,False,A,184109,80.49,3.62,6741.36,81.74,0.02,4657.6,13783.29,220.8526787,6.623,116506.74,121243.2,109755.3743727915,109869.89909130255,120693.48821749008,110372.58965095282,126829.06592765506
39,95,2012-08-31,132120.7,False,A,184109,83.72,3.638,24675.17,73.5,63.4,12048.3,15590.53,220.9853964,6.623,132120.7,116670.51,109755.3743727915,109869.90384388634,116048.11806528854,110359.14041371168,122255.33897269338
39,95,2012-09-07,120421.13,True,A,184109,83.71,3.73,22865.19,31.76,197.48,1883.05,10351.49,221.1181142,6.623,120421.13,112496.32,109755.3743727915,109869.90816502096,111828.8131776772,110356.17785511492,118080.46210714604
39,95,2012-09-14,111668.96,False,A,184109,76.71,3.717,9997.12,4.0,67.58,1208.44,18054.35,221.2601207,6.623,111668.96,109171.19,109755.3743727915,109869.91209387423,109141.45592553563,110355.52527138233,114751.60857746884
39,95,2012-09-21,117354.13,False,A,184109,73.58,3.721,11644.3,112.91,6.7,3300.92,13244.99,221.4578604,6.623,117354.13,105794.3,109755.3743727915,109869.91566605824,106170.86787180982,110355.38152214864,111372.6769100043
39,95,2012-09-28,112176.91,False,A,184109,78.04,3.666,4472.55,50.82,4.25,2331.3,10273.98,221.6556,6.623,112176.91,105032.04,109755.3743727915,109869.91891395216,107912.23092452406,110355.34985748839,110598.45618669031
39,95,2012-10-05,117713.63,False,A,184109,72.05,3.617,6657.7,0.0,47.01,5234.34,6313.88,221.8533396,6.228,117713.63,113653.51,109755.3743727915,109869.92186699569,109401.38213014451,110355.34288248974,119256.51427295036
39,95,2012-10-12,110760.02,False,A,184109,69.88,3.601,2360.14,0.0,22.59,579.21,15387.94,222.0510793,6.228,110760.02,105552.43,109755.3743727915,109869.92455195595,104930.57098073717,110355.34134605747,111135.44200647846
39,95,2012-10-19,116744.89,False,A,184109,71.45,3.594,2139.7,0.0,1.6,99.01,11831.06,222.0951719,6.228,116744.89,108053.71,109755.3743727915,109869.92699317008,107512.91858273817,110355.34100761666,113636.14009158722
39,95,2012-10-26,114734.96,False,A,184109,72.9,3.506,6057.96,99.85,159.0,602.37,3392.16,222.1136566,6.228,114734.96,104274.62,109755.3743727915,109869.92921276586,109022.60619931939,110355.34093306592,109830.88046067361
40,90,2012-08-10,63456.86,False,A,155083,70.09,3.772,10965.65,130.69,0.32,4849.39,2266.63,138.1437742,4.156,63456.86,60991.74,61385.14584600568,61000.71541934203,59349.72898819315,61599.86653632198,59655.53943173453
40,90,2012-08-17,60970.9,False,A,155083,69.41,3.84,3810.18,27.3,1.02,181.12,6417.42,138.1857097,4.156,60970.9,62827.78,61385.14584600568,60999.882143713585,60264.41926896724,61312.54898366044,61181.47292080029
40,90,2012-08-24,58222.82,False,A,155083,63.91,3.874,6243.66,18.3,48.06,2649.7,6021.47,138.2814516,4.156,58222.82,62895.24,61385.14584600568,60999.188492496614,58619.03244734108,61297.44783709625,60973.95175496594
40,90,2012-08-31,63471.03,False,A,155083,66.11,3.884,10904.29,38.81,23.95,2684.17,2912.76,138.3771935,4.156,63471.03,63201.65,61385.14584600568,60998.611070099534,64690.5619998528,61296.65413470863,62381.99678076697
40,90,2012-09-07,72042.1,True,A,155083,65.06,3.921,5494.1,0.0,39.66,925.8,3268.99,138.4729355,4.156,72042.1,69447.46,61385.14584600568,60998.13040111707,65526.51515448691,61296.61241844044,67480.30923300103
40,90,2012-09-14,59483.14,False,A,155083,59.38,3.988,5593.11,0.0,62.88,290.65,7375.04,138.5673,4.156,59483.14,61973.12,61385.14584600568,60997.730273460314,59641.18552878522,61296.610225871715,60466.26338754026
40,90,2012-09-21,60056.63,False,A,155083,54.12,4.056,3688.63,7.64,0.0,693.23,4870.36,138.6534,4.156,60056.63,59462.05,61385.14584600568,60997.3971915525,57800.647523229,61296.61011063232,58146.09423777669
40,90,2012-09-28,60334.34,False,A,155083,50.98,4.018,3579.04,0.0,0.0,709.97,4706.12,138.7395,4.156,60334.34,60442.51,61385.14584600568,60997.11992114783,61198.799939888435,61296.61010457544,59579.49321295197
40,90,2012-10-05,73764.42,False,A,155083,57.21,4.027,4298.34,0.0,12.03,1754.05,2273.79,138.8256,4.145,73764.42,75313.15,61385.14584600568,60996.88911042078,69734.9735199797,61296.610104257095,72944.70000170868
40,90,2012-10-12,65884.49,False,A,155083,47.35,4.029,1686.43,0.0,13.85,589.97,6365.02,138.9117,4.145,65884.49,62245.7,61385.14584600568,60996.69697454612,60581.6347727299,61296.61010424036,60900.49127281434
40,90,2012-10-19,60902.1,False,A,155083,46.33,4.0,412.06,0.0,6.1,38.76,2850.1,138.8336129,4.145,60902.1,61044.55,61385.14584600568,60996.5370331309,58790.412903939585,61296.61010423948,59622.847114778604
40,90,2012-10-26,61155.87,False,A,155083,49.65,3.917,3605.71,55.98,0.28,486.81,1389.06,138.7281613,4.145,61155.87,60677.25,61385.14584600568,60996.40389164263,58575.65940346295,61296.61010423944,59310.922939719465
40,91,2012-08-10,45436.08,False,A,155083,70.09,3.772,10965.65,130.69,0.32,4849.39,2266.63,138.1437742,4.156,45436.08,43563.58,43282.18655540806,42982.386417607406,38774.095936255566,43560.95897107419,42220.66451694443
40,91,2012-08-17,40924.32,False,A,155083,69.41,3.84,3810.18,27.3,1.02,181.12,6417.42,138.1857097,4.156,40924.32,39611.06,43282.18655540806,42982.38641760502,37218.08637093815,43053.14384526091,37869.39967765454
40,91,2012-08-24,37457.96,False,A,155083,63.91,3.874,6243.66,18.3,48.06,2649.7,6021.47,138.2814516,4.156,37457.96,37901.31,43282.18655540806,42982.386417603084,36049.534462825985,42989.950681001385,36442.65771778901
40,91,2012-08-31,39621.37,False,A,155083,66.11,3.884,10904.29,38.81,23.95,2684.17,2912.76,138.3771935,4.156,39621.37,42631.91,43282.18655540806,42982.38641760151,43962.90114279409,42982.086842753684,41246.44444870315
40,91,2012-09-07,52693.38,True,A,155083,65.06,3.921,5494.1,0.0,39.66,925.8,3268.99,138.4729355,4.156,52693.38,47666.31,43282.18655540806,42982.38641760023,44535.705448463166,42981.10825665643,46030.21685643652
40,91,2012-09-14,40527.97,False,A,155083,59.38,3.988,5593.11,0.0,62.88,290.65,7375.04,138.5673,4.156,40527.97,39371.23,43282.18655540806,42982.38641759919,38812.47089660904,42980.9864801499,37908.10070384006
40,91,2012-09-21,40028.49,False,A,155083,54.12,4.056,3688.63,7.64,0.0,693.23,4870.36,138.6534,4.156,40028.49,38170.89,43282.18655540806,42982.38641759835,37163.32615029358,42980.97132612555,36692.798663339025
40,91,2012-09-28,38111.07,False,A,155083,50.98,4.018,3579.04,0.0,0.0,709.97,4706.12,138.7395,4.156,38111.07,38961.96,43282.18655540806,42982.386417597656,43725.374526571526,42980.969440339366,37831.205780989156
40,91,2012-10-05,50725.5,False,A,155083,57.21,4.027,4298.34,0.0,12.03,1754.05,2273.79,138.8256,4.145,50725.5,52085.62,43282.18655540806,42982.386417597096,48070.79348636169,42980.96920566972,50361.53348755906
40,91,2012-10-12,43370.19,False,A,155083,47.35,4.029,1686.43,0.0,13.85,589.97,6365.02,138.9117,4.145,43370.19,41003.95,43282.18655540806,42982.386417596645,40059.59954336397,42980.96917646712,39516.527988993235
40,91,2012-10-19,39822.46,False,A,155083,46.33,4.0,412.06,0.0,6.1,38.76,2850.1,138.8336129,4.145,39822.46,40017.46,43282.18655540806,42982.38641759627,41485.866974389166,42980.969172833116,38683.2625139967
40,91,2012-10-26,39716.14,False,A,155083,49.65,3.917,3605.71,55.98,0.28,486.81,1389.06,138.7281613,4.145,39716.14,39242.65,43282.18655540806,42982.386417595975,38002.7426276528,42980.969172380894,37745.094941408
40,92,2012-08-10,107759.96,False,A,155083,70.09,3.772,10965.65,130.69,0.32,4849.39,2266.63,138.1437742,4.156,107759.96,93733.6,100404.85733735401,100294.29575358654,98519.87587910882,100024.55651763466,97744.61001219976
40,92,2012-08-17,97097.0,False,A,155083,69.41,3.84,3810.18,27.3,1.02,181.12,6417.42,138.1857097,4.156,97097.0,94179.77,100404.85733735401,100332.39680797278,97429.29311086496,100550.15786048606,97873.09547302652
40,92,2012-08-24,96446.13,False,A,155083,63.91,3.874,6243.66,18.3,48.06,2649.7,6021.47,138.2814516,4.156,96446.13,95804.5,100404.85733735401,100362.87765148177,100046.65454076348,100534.0890243912,99645.5192283473
40,92,2012-08-31,98664.32,False,A,155083,66.11,3.884,10904.29,38.81,23.95,2684.17,2912.76,138.3771935,4.156,98664.32,102510.95,100404.85733735401,100387.26232628897,113541.43806033306,100534.58028549042,106818.30995502735
40,92,2012-09-07,126029.36,True,A,155083,65.06,3.921,5494.1,0.0,39.66,925.8,3268.99,138.4729355,4.156,126029.36,108882.13,100404.85733735401,100406.77006613472,111785.79209188651,100534.56526651417,112486.07897796459
40,92,2012-09-14,94191.46,False,A,155083,59.38,3.988,5593.11,0.0,62.88,290.65,7375.04,138.5673,4.156,94191.46,92812.99,100404.85733735401,100422.37625801133,97752.2534585106,100534.56572567865,96694.5882626764
40,92,2012-09-21,92341.35,False,A,155083,54.12,4.056,3688.63,7.64,0.0,693.23,4870.36,138.6534,4.156,92341.35,88285.96,100404.85733735401,100434.86121151262,93970.60767868448,100534.56571164094,92263.08955959296
40,92,2012-09-28,94857.6,False,A,155083,50.98,4.018,3579.04,0.0,0.0,709.97,4706.12,138.7395,4.156,94857.6,93184.35,100404.85733735401,100444.84917431364,102792.66188922308,100534.5657120701,97431.58561875169
40,92,2012-10-05,125146.85,False,A,155083,57.21,4.027,4298.34,0.0,12.03,1754.05,2273.79,138.8256,4.145,125146.85,124071.92,100404.85733735401,100452.83954455446,117385.89727212915,100534.56571205698,126760.42242786004
40,92,2012-10-12,103001.39,False,A,155083,47.35,4.029,1686.43,0.0,13.85,589.97,6365.02,138.9117,4.145,103001.39,96725.6,100404.85733735401,100459.23184074712,98564.11687321523,100534.56571205739,100314.58881369178
40,92,2012-10-19,93142.06,False,A,155083,46.33,4.0,412.06,0.0,6.1,38.76,2850.1,138.8336129,4.145,93142.06,96173.68,100404.85733735401,100464.34567770125,98638.81345537548,100534.56571205737,99826.26687210724
40,92,2012-10-26,91275.7,False,A,155083,49.65,3.917,3605.71,55.98,0.28,486.81,1389.06,138.7281613,4.145,91275.7,93591.71,100404.85733735401,100468.43674726455,98406.9705038375,100534.56571205737,97463.75858991961
40,95,2012-08-10,79432.56,False,A,155083,70.09,3.772,10965.65,130.69,0.32,4849.39,2266.63,138.1437742,4.156,79432.56,71436.92,78792.0329815992,78952.69092686684,71064.64545032634,79944.14345897478,71681.88941785236
40,95,2012-08-17,71647.37,False,A,155083,69.41,3.84,3810.18,27.3,1.02,181.12,6417.42,138.1857097,4.156,71647.37,69014.84,78792.0329815992,79006.49945517343,70934.48819931528,79544.74459903488,69752.18768416399
40,95,2012-08-24,69838.19,False,A,155083,63.91,3.874,6243.66,18.3,48.06,2649.7,6021.47,138.2814516,4.156,69838.19,74499.95,78792.0329815992,79060.0389408385,66430.80924423061,79507.04906600768,72923.83991854731
40,95,2012-08-31,72622.86,False,A,155083,66.11,3.884,10904.29,38.81,23.95,2684.17,2912.76,138.3771935,4.156,72622.86,74803.57,78792.0329815992,79113.31072907522,81494.4950561008,79503.49133624746,76187.39837473334
40,95,2012-09-07,82847.86,True,A,155083,65.06,3.921,5494.1,0.0,39.66,925.8,3268.99,138.4729355,4.156,82847.86,73115.74,78792.0329815992,79166.31615837078,73815.72080037811,79503.15555531986,73389.60942737409
40,95,2012-09-14,66283.43,False,A,155083,59.38,3.988,5593.11,0.0,62.88,290.65,7375.04,138.5673,4.156,66283.43,63490.47,78792.0329815992,79219.05656051986,62600.49907308522,79503.12386409007,64039.424429472725
40,95,2012-09-21,62514.78,False,A,155083,54.12,4.056,3688.63,7.64,0.0,693.23,4870.36,138.6534,4.156,62514.78,59157.08,78792.0329815992,79271.5332606582,62258.86215022212,79503.12087305049,60779.29310381252
40,95,2012-09-28,60797.59,False,A,155083,50.98,4.018,3579.04,0.0,0.0,709.97,4706.12,138.7395,4.156,60797.59,61276.78,78792.0329815992,79323.74757729583,63961.830516965216,79503.12059075416,62656.22542048069
40,95,2012-10-05,73723.94,False,A,155083,57.21,4.027,4298.34,0.0,12.03,1754.05,2273.79,138.8256,4.145,73723.94,75385.83,78792.0329815992,79375.70082235028,70707.45371525707,79503.12056411084,74326.44012305299
40,95,2012-10-12,66124.19,False,A,155083,47.35,4.029,1686.43,0.0,13.85,589.97,6365.02,138.9117,4.145,66124.19,64011.55,78792.0329815992,79427.39430117946,62130.700897703166,79503.12056159622,64258.47121286383
40,95,2012-10-19,59278.67,False,A,155083,46.33,4.0,412.06,0.0,6.1,38.76,2850.1,138.8336129,4.145,59278.67,61029.91,78792.0329815992,79478.8293126145,57350.1885962711,79503.1205613589,61085.453058619234
40,95,2012-10-26,61950.15,False,A,155083,49.65,3.917,3605.71,55.98,0.28,486.81,1389.06,138.7281613,4.145,61950.15,59863.02,78792.0329815992,79530.00714899236,58934.77065471784,79503.1205613365,60539.642279984335
41,2,2012-08-10,57499.47,False,A,196321,71.73,3.509,11523.22,78.18,6.43,5132.4,2667.3,198.0795651,6.432,57499.47,55204.41,53757.488073586406,53417.08124999566,56859.99732975419,54690.874093375416,56300.38598004573
41,2,2012-08-17,60134.75,False,A,196321,65.77,3.545,1661.07,41.94,1.95,2391.72,3474.47,198.1001057,6.432,60134.75,57626.46,53757.488073586406,53438.84617423236,62244.253105444084,54844.60230930516,59115.449624466804
41,2,2012-08-24,57707.04,False,A,196321,69.07,3.558,6068.27,-20.0,85.74,3710.05,2287.85,198.0984199,6.432,57707.04,52556.78,53757.488073586406,53460.222136342076,54203.7433841641,54832.589818432,53635.299065215644
41,2,2012-08-31,52799.71,False,A,196321,71.56,3.556,17423.04,14.94,58.91,4700.3,6180.92,198.0967341,6.432,52799.71,52848.69,53757.488073586406,53481.21608748781,54576.349324467454,54833.528487602816,53936.17886767752
41,2,2012-09-07,55011.21,True,A,196321,67.41,3.596,10220.45,22.8,145.19,4361.36,3187.05,198.0950484,6.432,55011.21,48609.06,53757.488073586406,53501.834854607965,52182.48400399698,54833.4551389675,50214.8314970252
41,2,2012-09-14,48614.49,False,A,196321,59.39,3.659,10525.1,0.0,11.14,1373.26,6742.72,198.1267184,6.432,48614.49,46976.12,53757.488073586406,53522.085142636366,49992.58479429822,54833.46087051006,48512.499008763756
41,2,2012-09-21,49781.71,False,A,196321,59.81,3.765,11062.12,72.64,6.0,1125.21,7962.34,198.358523,6.432,49781.71,46590.76,53757.488073586406,53541.97353668259,50734.116143232226,54833.46042264106,48371.900433796014
41,2,2012-09-28,49820.35,False,A,196321,56.08,3.789,4578.46,51.73,3.0,1902.88,14423.97,198.5903276,6.432,49820.35,47174.92,53757.488073586406,53561.50650417339,50510.78776897357,54833.46045763803,48777.93036035255
41,2,2012-10-05,51858.01,False,A,196321,50.14,3.779,6094.23,0.0,33.94,2887.65,3853.33,198.8221322,6.195,51858.01,50500.24,53757.488073586406,53580.690396955775,51889.37936914712,54833.460454903325,51621.14066714167
41,2,2012-10-12,50735.34,False,A,196321,39.38,3.76,1570.23,0.0,26.31,834.8,14421.12,199.0539368,6.195,50735.34,46809.45,53757.488073586406,53599.53145336256,48223.60505655436,54833.46045511702,48082.07174300891
41,2,2012-10-19,49272.79,False,A,196321,49.56,3.75,3138.86,0.0,6.17,129.04,8206.1,199.1481963,6.195,49272.79,46644.24,53757.488073586406,53618.03580024097,49852.967421618014,54833.46045510032,48300.20392687769
41,2,2012-10-26,47645.15,False,A,196321,41.8,3.686,4864.3,101.34,250.6,47.24,1524.43,199.2195317,6.195,47645.15,45338.63,53757.488073586406,53636.209454945034,48108.57526329638,54833.460455101624,46947.099724299595
41,38,2012-08-10,51726.75,False,A,196321,71.73,3.509,11523.22,78.18,6.43,5132.4,2667.3,198.0795651,6.432,51726.75,40907.77,52688.73567810861,55006.03333352769,44443.70954917639,52819.525874999985,44583.94228741249
41,38,2012-08-17,46959.96,False,A,196321,65.77,3.545,1661.07,41.94,1.95,2391.72,3474.47,198.1001057,6.432,46959.96,50712.95,52688.73567810861,55106.92475218068,56122.12804858173,52658.567416029364,52200.74129329333
41,38,2012-08-24,43447.63,False,A,196321,69.07,3.558,6068.27,-20.0,85.74,3710.05,2287.85,198.0984199,6.432,43447.63,49276.11,52688.73567810861,55207.19111510524,52692.75790743234,52671.93084546061,50585.99208012482
41,38,2012-08-31,56231.4,False,A,196321,71.56,3.556,17423.04,14.94,58.91,4700.3,6180.92,198.0967341,6.432,56231.4,51510.91,52688.73567810861,55306.83629472845,51701.53311119112,52670.82135890547,50988.57103366039
41,38,2012-09-07,44539.19,True,A,196321,67.41,3.596,10220.45,22.8,145.19,4361.36,3187.05,198.0950484,6.432,44539.19,46327.28,52688.73567810861,55405.864139486446,52658.66888772778,52670.91347301603,49678.151081590055
41,38,2012-09-14,61117.98,False,A,196321,59.39,3.659,10525.1,0.0,11.14,1373.26,6742.72,198.1267184,6.432,61117.98,49482.14,52688.73567810861,55504.278473973034,54886.50517839499,52670.90582532591,51632.24936688786
41,38,2012-09-21,58690.19,False,A,196321,59.81,3.765,11062.12,72.64,6.0,1125.21,7962.34,198.358523,6.432,58690.19,48938.94,52688.73567810861,55602.08309908737,52358.230853220644,52670.906460268416,50522.03971786218
41,38,2012-09-28,60204.61,False,A,196321,56.08,3.789,4578.46,51.73,3.0,1902.88,14423.97,198.5903276,6.432,60204.61,52911.24,52688.73567810861,55699.28179218082,57349.71140935691,52670.906407552895,53886.86653229492
41,38,2012-10-05,62339.74,False,A,196321,50.14,3.779,6094.23,0.0,33.94,2887.65,3853.33,198.8221322,6.195,62339.74,55211.43,52688.73567810861,55795.87830720276,53490.04107386826,52670.90641192955,53261.83162328875
41,38,2012-10-12,47896.42,False,A,196321,39.38,3.76,1570.23,0.0,26.31,834.8,14421.12,199.0539368,6.195,47896.42,45733.23,52688.73567810861,55891.87637484565,52416.87877906457,52670.90641156618,49630.50373837432
41,38,2012-10-19,45844.47,False,A,196321,49.56,3.75,3138.86,0.0,6.17,129.04,8206.1,199.1481963,6.195,45844.47,46768.15,52688.73567810861,55987.279702689055,53816.93233659275,52670.90641159635,50546.63151047713
41,38,2012-10-26,52724.84,False,A,196321,41.8,3.686,4864.3,101.34,250.6,47.24,1524.43,199.2195317,6.195,52724.84,49635.5,52688.73567810861,56082.09197534286,53551.40209806358,52670.906411593845,51465.544974056895
41,40,2012-08-10,62548.29,False,A,196321,71.73,3.509,11523.22,78.18,6.43,5132.4,2667.3,198.0795651,6.432,62548.29,53591.12,57907.244728337006,57879.31326842129,57807.441755538865,58865.054167393086,57067.142172475134
41,40,2012-08-17,65827.99,False,A,196321,65.77,3.545,1661.07,41.94,1.95,2391.72,3474.47,198.1001057,6.432,65827.99,55702.95,57907.244728337006,57881.10328937209,63570.23857354921,59231.27974172881,60148.97882508699
41,40,2012-08-24,64456.77,False,A,196321,69.07,3.558,6068.27,-20.0,85.74,3710.05,2287.85,198.0984199,6.432,64456.77,55168.15,57907.244728337006,57882.535306132726,59689.07576219534,59092.343863241265,58344.445372696675
41,40,2012-08-31,61320.13,False,A,196321,71.56,3.556,17423.04,14.94,58.91,4700.3,6180.92,198.0967341,6.432,61320.13,55671.3,57907.244728337006,57883.680919541235,62318.166469687305,59145.05230220302,59591.33456427612
41,40,2012-09-07,64811.85,True,A,196321,67.41,3.596,10220.45,22.8,145.19,4361.36,3187.05,198.0950484,6.432,64811.85,53523.39,57907.244728337006,57884.59741026805,61454.87124949447,59125.056174723,58657.667509124134
41,40,2012-09-14,60784.12,False,A,196321,59.39,3.659,10525.1,0.0,11.14,1373.26,6742.72,198.1267184,6.432,60784.12,57082.97,57907.244728337006,57885.33060284949,59884.791490692485,59132.64215378201,58951.81750799477
41,40,2012-09-21,62137.53,False,A,196321,59.81,3.765,11062.12,72.64,6.0,1125.21,7962.34,198.358523,6.432,62137.53,55459.87,57907.244728337006,57885.91715691465,58810.3286575477,59129.764242629404,58130.76042160478
41,40,2012-09-28,60839.99,False,A,196321,56.08,3.789,4578.46,51.73,3.0,1902.88,14423.97,198.5903276,6.432,60839.99,53165.3,57907.244728337006,57886.386400166775,58752.90683987781,59130.856042717154,57546.199845827214
41,40,2012-10-05,61917.7,False,A,196321,50.14,3.779,6094.23,0.0,33.94,2887.65,3853.33,198.8221322,6.195,61917.7,55472.87,57907.244728337006,57886.76179476848,58856.88023444156,59130.441843887376,58235.29403999337
41,40,2012-10-12,65366.36,False,A,196321,39.38,3.76,1570.23,0.0,26.31,834.8,14421.12,199.0539368,6.195,65366.36,52866.82,57907.244728337006,57887.062110449835,58173.61211983084,59130.598979495364,57282.745015000626
41,40,2012-10-19,58983.61,False,A,196321,49.56,3.75,3138.86,0.0,6.17,129.04,8206.1,199.1481963,6.195,58983.61,50810.16,57907.244728337006,57887.302362994924,56551.26823915543,59130.53936658117,56062.465504521875
41,40,2012-10-26,58540.86,False,A,196321,41.8,3.686,4864.3,101.34,250.6,47.24,1524.43,199.2195317,6.195,58540.86,52408.07,57907.244728337006,57887.494565031,57478.4976332985,59130.561982076055,56892.85179476532
41,72,2012-08-10,53641.86,False,A,196321,71.73,3.509,11523.22,78.18,6.43,5132.4,2667.3,198.0795651,6.432,53641.86,55130.93,47973.5881129911,47986.61290840859,57212.59211730229,48502.77707968328,52648.89468731823
41,72,2012-08-17,71806.08,False,A,196321,65.77,3.545,1661.07,41.94,1.95,2391.72,3474.47,198.1001057,6.432,71806.08,62751.23,47973.5881129911,47986.61290840766,69968.4343272708,48206.35061898891,61150.991603357914
41,72,2012-08-24,60055.05,False,A,196321,69.07,3.558,6068.27,-20.0,85.74,3710.05,2287.85,198.0984199,6.432,60055.05,60360.38,47973.5881129911,47986.61290840691,62659.88239397024,48194.618676500126,57913.72157416019
41,72,2012-08-31,52256.08,False,A,196321,71.56,3.556,17423.04,14.94,58.91,4700.3,6180.92,198.0967341,6.432,52256.08,57478.63,47973.5881129911,47986.612908406314,59390.6048752673,48194.15435062909,55076.2545991156
41,72,2012-09-07,56423.48,True,A,196321,67.41,3.596,10220.45,22.8,145.19,4361.36,3187.05,198.0950484,6.432,56423.48,52392.44,47973.5881129911,47986.612908405834,51188.80648595562,48194.135973577315,49600.127674657
41,72,2012-09-14,53979.95,False,A,196321,59.39,3.659,10525.1,0.0,11.14,1373.26,6742.72,198.1267184,6.432,53979.95,50896.75,47973.5881129911,47986.612908405456,49325.40023101735,48194.13524625185,48107.72724202637
41,72,2012-09-21,55290.82,False,A,196321,59.81,3.765,11062.12,72.64,6.0,1125.21,7962.34,198.358523,6.432,55290.82,48760.22,47973.5881129911,47986.61290840515,53915.40470579949,48194.13521746582,47208.490831344025
41,72,2012-09-28,56369.19,False,A,196321,56.08,3.789,4578.46,51.73,3.0,1902.88,14423.97,198.5903276,6.432,56369.19,51005.99,47973.5881129911,47986.6129084049,55036.70822361761,48194.135216326526,49201.483294564365
41,72,2012-10-05,60175.89,False,A,196321,50.14,3.779,6094.23,0.0,33.94,2887.65,3853.33,198.8221322,6.195,60175.89,43819.99,47973.5881129911,47986.612908404706,52077.07851630257,48194.13521628144,42937.94825798694
41,72,2012-10-12,44523.14,False,A,196321,39.38,3.76,1570.23,0.0,26.31,834.8,14421.12,199.0539368,6.195,44523.14,53944.87,47973.5881129911,47986.61290840455,45277.23112655798,48194.135216279654,49873.06909143253
41,72,2012-10-19,45777.19,False,A,196321,49.56,3.75,3138.86,0.0,6.17,129.04,8206.1,199.1481963,6.195,45777.19,47848.64,47973.5881129911,47986.61290840443,48877.281366852476,48194.13521627958,45636.08699258122
41,72,2012-10-26,43156.7,False,A,196321,41.8,3.686,4864.3,101.34,250.6,47.24,1524.43,199.2195317,6.195,43156.7,47585.6,47973.5881129911,47986.61290840433,47845.94992359709,48194.13521627958,45282.0271739395
41,90,2012-08-10,77682.86,False,A,196321,71.73,3.509,11523.22,78.18,6.43,5132.4,2667.3,198.0795651,6.432,77682.86,73354.84,73223.68405725728,73098.8979706024,76019.29736627755,73637.92888454958,75128.27657491247
41,90,2012-08-17,80633.59,False,A,196321,65.77,3.545,1661.07,41.94,1.95,2391.72,3474.47,198.1001057,6.432,80633.59,74367.1,73223.68405725728,73167.59676986132,78066.17224131599,73647.56150372818,76168.91471655495
41,90,2012-08-24,80056.38,False,A,196321,69.07,3.558,6068.27,-20.0,85.74,3710.05,2287.85,198.0984199,6.432,80056.38,76016.85,73223.68405725728,73222.95344690728,75393.23480669607,73647.5300486943,77302.4589225131
41,90,2012-08-31,78130.4,False,A,196321,71.56,3.556,17423.04,14.94,58.91,4700.3,6180.92,198.0967341,6.432,78130.4,77072.03,73223.68405725728,73267.5592002338,79846.94659864159,73647.53015140978,78799.26818568107
41,90,2012-09-07,81806.39,True,A,196321,67.41,3.596,10220.45,22.8,145.19,4361.36,3187.05,198.0950484,6.432,81806.39,77534.79,73223.68405725728,73303.50198683157,78999.33241135383,73647.53015107436,79111.30868126698
41,90,2012-09-14,76421.46,False,A,196321,59.39,3.659,10525.1,0.0,11.14,1373.26,6742.72,198.1267184,6.432,76421.46,71624.58,73223.68405725728,73332.46425766146,74706.28822277112,73647.53015107545,73462.88548729722
41,90,2012-09-21,74441.27,False,A,196321,59.81,3.765,11062.12,72.64,6.0,1125.21,7962.34,198.358523,6.432,74441.27,71760.2,73223.68405725728,73355.80171173843,72441.34315250878,73647.53015107545,73315.1228124591
41,90,2012-09-28,77106.4,False,A,196321,56.08,3.789,4578.46,51.73,3.0,1902.88,14423.97,198.5903276,6.432,77106.4,71739.98,73223.68405725728,73374.60675523772,73074.23854210548,73647.53015107545,73402.78009437314
41,90,2012-10-05,83101.67,False,A,196321,50.14,3.779,6094.23,0.0,33.94,2887.65,3853.33,198.8221322,6.195,83101.67,80415.27,73223.68405725728,73389.75963608944,77987.79717494115,73647.53015107545,81572.28380613182
41,90,2012-10-12,84336.84,False,A,196321,39.38,3.76,1570.23,0.0,26.31,834.8,14421.12,199.0539368,6.195,84336.84,77596.94,73223.68405725728,73401.9696476278,76834.3210281579,73647.53015107545,79009.60646392075
41,90,2012-10-19,80713.86,False,A,196321,49.56,3.75,3138.86,0.0,6.17,129.04,8206.1,199.1481963,6.195,80713.86,71825.63,73223.68405725728,73411.80833000288,74418.8168375145,73647.53015107545,73716.56733424531
41,90,2012-10-26,79524.89,False,A,196321,41.8,3.686,4864.3,101.34,250.6,47.24,1524.43,199.2195317,6.195,79524.89,76286.72,73223.68405725728,73419.73622348384,75616.39573555328,73647.53015107545,77749.63830278831
41,91,2012-08-10,57904.97,False,A,196321,71.73,3.509,11523.22,78.18,6.43,5132.4,2667.3,198.0795651,6.432,57904.97,54532.21,54477.6007964709,54609.143444869864,57354.85944593289,55301.544470348876,58169.19408269888
41,91,2012-08-17,58966.14,False,A,196321,65.77,3.545,1661.07,41.94,1.95,2391.72,3474.47,198.1001057,6.432,58966.14,53808.06,54477.6007964709,54627.862222364434,57282.57389187897,55103.33961447577,57454.72639394693
41,91,2012-08-24,57772.77,False,A,196321,69.07,3.558,6068.27,-20.0,85.74,3710.05,2287.85,198.0984199,6.432,57772.77,53275.58,54477.6007964709,54642.8372443601,54216.897033731766,55081.85875988486,56357.344238982994
41,91,2012-08-31,52476.8,False,A,196321,71.56,3.556,17423.04,14.94,58.91,4700.3,6180.92,198.0967341,6.432,52476.8,54134.03,54477.6007964709,54654.81726195662,57420.01716240389,55079.530728556245,57781.7861800746
41,91,2012-09-07,57585.09,True,A,196321,67.41,3.596,10220.45,22.8,145.19,4361.36,3187.05,198.0950484,6.432,57585.09,53203.46,54477.6007964709,54664.401276033845,56520.59123674612,55079.278423423595,56881.05490216808
41,91,2012-09-14,54716.31,False,A,196321,59.39,3.659,10525.1,0.0,11.14,1373.26,6742.72,198.1267184,6.432,54716.31,51481.85,54477.6007964709,54672.06848729562,55207.68398272046,55079.25107934142,55298.705450468624
41,91,2012-09-21,54974.79,False,A,196321,59.81,3.765,11062.12,72.64,6.0,1125.21,7962.34,198.358523,6.432,54974.79,50048.95,54477.6007964709,54678.20225630504,54290.65687336384,55079.24811587087,54032.6679695387
41,91,2012-09-28,53214.44,False,A,196321,56.08,3.789,4578.46,51.73,3.0,1902.88,14423.97,198.5903276,6.432,53214.44,48219.38,54477.6007964709,54683.10927151258,53662.09243281074,55079.24779469872,52565.65411590491
41,91,2012-10-05,58190.58,False,A,196321,50.14,3.779,6094.23,0.0,33.94,2887.65,3853.33,198.8221322,6.195,58190.58,56748.99,54477.6007964709,54687.03488367861,59559.61432366943,55079.247759891034,60262.180707445215
41,91,2012-10-12,58498.39,False,A,196321,39.38,3.76,1570.23,0.0,26.31,834.8,14421.12,199.0539368,6.195,58498.39,54499.41,54477.6007964709,54690.17537341143,56057.63422507021,55079.24775611868,57796.22701103629
41,91,2012-10-19,56503.49,False,A,196321,49.56,3.75,3138.86,0.0,6.17,129.04,8206.1,199.1481963,6.195,56503.49,49715.58,54477.6007964709,54692.68776519769,54235.66886145348,55079.24775570985,53904.16449673553
41,91,2012-10-26,55571.18,False,A,196321,41.8,3.686,4864.3,101.34,250.6,47.24,1524.43,199.2195317,6.195,55571.18,51354.17,54477.6007964709,54694.6976786267,52827.16947597265,55079.247755665536,54763.86301312542
41,92,2012-08-10,131511.03,False,A,196321,71.73,3.509,11523.22,78.18,6.43,5132.4,2667.3,198.0795651,6.432,131511.03,113990.03,120867.62680532204,120646.48231552025,125113.19261092016,121118.43522318407,128897.60758698736
41,92,2012-08-17,135835.21,False,A,196321,65.77,3.545,1661.07,41.94,1.95,2391.72,3474.47,198.1001057,6.432,135835.21,117489.04,120867.62680532204,120856.759661286,131946.90254820086,121666.67659981805,132282.94366418273
41,92,2012-08-24,131715.15,False,A,196321,69.07,3.558,6068.27,-20.0,85.74,3710.05,2287.85,198.0984199,6.432,131715.15,116548.34,120867.62680532204,121024.98153789864,123724.0036249163,121627.15932157893,130971.74426453415
41,92,2012-08-31,125172.64,False,A,196321,71.56,3.556,17423.04,14.94,58.91,4700.3,6180.92,198.0967341,6.432,125172.64,116588.44,120867.62680532204,121159.55903918872,130958.6642628207,121630.00772986401,131449.11839691486
41,92,2012-09-07,131134.62,True,A,196321,67.41,3.596,10220.45,22.8,145.19,4361.36,3187.05,198.0950484,6.432,131134.62,121848.21,120867.62680532204,121267.2210402208,132662.02281718928,121629.80241638797,136479.71862888665
41,92,2012-09-14,127597.71,False,A,196321,59.39,3.659,10525.1,0.0,11.14,1373.26,6742.72,198.1267184,6.432,127597.71,113450.37,120867.62680532204,121353.35064104646,125151.47219254069,121629.81721539823,128168.85990636988
41,92,2012-09-21,122478.71,False,A,196321,59.81,3.765,11062.12,72.64,6.0,1125.21,7962.34,198.358523,6.432,122478.71,109822.69,120867.62680532204,121422.25432170699,123706.7402783242,121629.81614868449,124692.872056902
41,92,2012-09-28,128422.98,False,A,196321,56.08,3.789,4578.46,51.73,3.0,1902.88,14423.97,198.5903276,6.432,128422.98,109491.0,120867.62680532204,121477.37726623542,125294.58759779145,121629.81622557329,124479.45042309584
41,92,2012-10-05,142134.06,False,A,196321,50.14,3.779,6094.23,0.0,33.94,2887.65,3853.33,198.8221322,6.195,142134.06,127610.29,120867.62680532204,121521.47562185815,136422.37764577803,121629.81622003113,142109.00588057662
41,92,2012-10-12,145984.9,False,A,196321,39.38,3.76,1570.23,0.0,26.31,834.8,14421.12,199.0539368,6.195,145984.9,128878.7,120867.62680532204,121556.75430635635,132709.48241171235,121629.81622043061,143082.29625619468
41,92,2012-10-19,132903.53,False,A,196321,49.56,3.75,3138.86,0.0,6.17,129.04,8206.1,199.1481963,6.195,132903.53,116378.08,120867.62680532204,121584.9772539549,131968.54457998578,121629.81622040182,131374.09413170922
41,92,2012-10-26,131128.24,False,A,196321,41.8,3.686,4864.3,101.34,250.6,47.24,1524.43,199.2195317,6.195,131128.24,124829.83,120867.62680532204,121607.55561203374,131296.00745712878,121629.8162204039,139232.7075872214
41,94,2012-08-10,56685.55,False,A,196321,71.73,3.509,11523.22,78.18,6.43,5132.4,2667.3,198.0795651,6.432,56685.55,50658.52,55640.00999656961,55885.10023765492,54555.968380998835,55323.98144567605,54007.04467628671
41,94,2012-08-17,55666.65,False,A,196321,65.77,3.545,1661.07,41.94,1.95,2391.72,3474.47,198.1001057,6.432,55666.65,48953.08,55640.00999656961,55960.996225071256,52761.126129996075,55312.70980567401,52249.143109050834
41,94,2012-08-24,54971.4,False,A,196321,69.07,3.558,6068.27,-20.0,85.74,3710.05,2287.85,198.0984199,6.432,54971.4,50329.06,55640.00999656961,56036.5127325505,52715.92416574708,55313.57161969132,52976.54200312775
41,94,2012-08-31,52838.18,False,A,196321,71.56,3.556,17423.04,14.94,58.91,4700.3,6180.92,198.0967341,6.432,52838.18,48805.31,55640.00999656961,56111.65165749236,52377.88179038445,55313.505726582574,52050.844233374075
41,94,2012-09-07,55183.04,True,A,196321,67.41,3.596,10220.45,22.8,145.19,4361.36,3187.05,198.0950484,6.432,55183.04,48961.88,55640.00999656961,56186.4148878095,52753.79155728237,55313.510764678605,52222.59295257589
41,94,2012-09-14,49362.5,False,A,196321,59.39,3.659,10525.1,0.0,11.14,1373.26,6742.72,198.1267184,6.432,49362.5,43588.17,55640.00999656961,56260.80430197506,48421.81141300176,55313.51037947275,47624.42037422971
41,94,2012-09-21,49262.02,False,A,196321,59.81,3.765,11062.12,72.64,6.0,1125.21,7962.34,198.358523,6.432,49262.02,41842.77,55640.00999656961,56334.82176906979,47047.28881495207,55313.51040892505,46108.531294210465
41,94,2012-09-28,49303.84,False,A,196321,56.08,3.789,4578.46,51.73,3.0,1902.88,14423.97,198.5903276,6.432,49303.84,43124.78,55640.00999656961,56408.46914882905,47692.61353658569,55313.51040667317,46984.43219520607
41,94,2012-10-05,53301.17,False,A,196321,50.14,3.779,6094.23,0.0,33.94,2887.65,3853.33,198.8221322,6.195,53301.17,45187.2,55640.00999656961,56481.74829168951,50063.12495996395,55313.51040684535,48979.55604329449
41,94,2012-10-12,53945.47,False,A,196321,39.38,3.76,1570.23,0.0,26.31,834.8,14421.12,199.0539368,6.195,53945.47,43148.7,55640.00999656961,56554.661038835664,48753.150936959086,55313.51040683219,47359.32278033993
41,94,2012-10-19,52341.74,False,A,196321,49.56,3.75,3138.86,0.0,6.17,129.04,8206.1,199.1481963,6.195,52341.74,43424.68,55640.00999656961,56627.20922224609,49309.2418131724,55313.51040683319,47705.088651607424
41,94,2012-10-26,52291.69,False,A,196321,41.8,3.686,4864.3,101.34,250.6,47.24,1524.43,199.2195317,6.195,52291.69,47931.83,55640.00999656961,56699.39466473947,53177.06124164858,55313.51040683311,51573.969162556925
41,95,2012-08-10,109798.93,False,A,196321,71.73,3.509,11523.22,78.18,6.43,5132.4,2667.3,198.0795651,6.432,109798.93,100499.22,106380.12091646923,106725.31815572115,105665.22751427868,107037.2012710318,106624.29207773479
41,95,2012-08-17,108726.52,False,A,196321,65.77,3.545,1661.07,41.94,1.95,2391.72,3474.47,198.1001057,6.432,108726.52,100763.15,106380.12091646923,106885.50231421026,109068.45257352677,106912.94630007325,106945.59645211621
41,95,2012-08-24,106329.16,False,A,196321,69.07,3.558,6068.27,-20.0,85.74,3710.05,2287.85,198.0984199,6.432,106329.16,101662.79,106380.12091646923,107044.88555190692,102237.29592036353,106904.0440224395,107262.12434170353
41,95,2012-08-31,107680.91,False,A,196321,71.56,3.556,17423.04,14.94,58.91,4700.3,6180.92,198.0967341,6.432,107680.91,99686.53,106380.12091646923,107203.4718734151,106608.39712073051,106903.40621659192,105821.79573912933
41,95,2012-09-07,106074.92,True,A,196321,67.41,3.596,10220.45,22.8,145.19,4361.36,3187.05,198.0950484,6.432,106074.92,97193.69,106380.12091646923,107361.26526331574,100919.24721856472,106903.36052083675,103092.01211889379
41,95,2012-09-14,97410.83,False,A,196321,59.39,3.659,10525.1,0.0,11.14,1373.26,6742.72,198.1267184,6.432,97410.83,87327.19,106380.12091646923,107518.26968626687,96430.7953574202,106903.35724695325,93731.17453470307
41,95,2012-09-21,93304.4,False,A,196321,59.81,3.765,11062.12,72.64,6.0,1125.21,7962.34,198.358523,6.432,93304.4,86644.94,106380.12091646923,107674.48908710325,93037.2833018138,106903.35701239508,92831.61601842346
41,95,2012-09-28,91593.26,False,A,196321,56.08,3.789,4578.46,51.73,3.0,1902.88,14423.97,198.5903276,6.432,91593.26,86400.23,106380.12091646923,107829.92739093545,92861.56568790802,106903.3569955901,92599.4580620996
41,95,2012-10-05,96956.12,False,A,196321,50.14,3.779,6094.23,0.0,33.94,2887.65,3853.33,198.8221322,6.195,96956.12,94053.96,106380.12091646923,107984.58850324848,96251.73699687273,106903.35699438611,99866.97651853692
41,95,2012-10-12,97542.45,False,A,196321,39.38,3.76,1570.23,0.0,26.31,834.8,14421.12,199.0539368,6.195,97542.45,88560.65,106380.12091646923,108138.47630999995,92204.9773283605,106903.35699429984,94536.68098854281
41,95,2012-10-19,94011.14,False,A,196321,49.56,3.75,3138.86,0.0,6.17,129.04,8206.1,199.1481963,6.195,94011.14,85017.96,106380.12091646923,108291.59467771767,92483.23821767015,106903.35699429366,91335.99629242056
41,95,2012-10-26,90219.27,False,A,196321,41.8,3.686,4864.3,101.34,250.6,47.24,1524.43,199.2195317,6.195,90219.27,84850.96,106380.12091646923,108443.9474535968,88212.9432173858,106903.35699429322,90833.45687886422
42,90,2012-08-10,56020.87,False,C,39690,90.78,3.811,69.32,0.0,18.08,0.0,353.19,130.7561613,7.17,56020.87,61152.63,54106.41910599729,53608.799371595676,58670.54776506469,54107.29784843612,58221.56685460777
42,90,2012-08-17,54129.36,False,C,39690,88.83,4.002,246.98,0.0,24.22,13.23,3098.22,130.7909677,7.17,54129.36,51963.07,54106.41910599729,53542.00617642155,50165.35057363271,53993.30381639336,48984.99080498084
42,90,2012-08-24,49654.23,False,C,39690,82.5,4.055,548.62,0.0,54.43,57.18,2628.1,130.8381613,7.17,49654.23,49689.22,54106.41910599729,53483.58892722172,48080.74547772321,53969.368748254004,46668.74829062673
42,90,2012-08-31,48009.03,False,C,39690,86.97,3.886,285.66,0.0,18.65,141.64,906.18,130.8853548,7.17,48009.03,53505.87,54106.41910599729,53432.49727042676,51606.56535804463,53964.34315632985,50433.300628495854
42,90,2012-09-07,62244.42,True,C,39690,83.07,4.124,341.05,0.0,220.6,72.7,1629.72,130.9325484,7.17,62244.42,64469.56,54106.41910599729,53387.81256805187,60395.39895529188,53963.28794420173,61649.25431566632
42,90,2012-09-14,58700.14,False,C,39690,78.47,3.966,745.27,0.0,46.65,0.0,945.84,130.9776667,7.17,58700.14,60318.41,54106.41910599729,53348.7313804062,54642.26943111921,53963.06638370654,57933.08579870392
42,90,2012-09-21,50504.69,False,C,39690,81.93,4.125,0.0,0.0,0.0,0.0,164.08,131.0103333,7.17,50504.69,54829.82,54106.41910599729,53314.55102008999,49444.776805391135,53963.01986315231,52453.880727566095
42,90,2012-09-28,48830.76,False,C,39690,82.52,3.966,123.87,0.0,0.0,0.0,548.02,131.043,7.17,48830.76,51832.74,54106.41910599729,53284.65691753768,48571.204193049096,53963.01009533714,48980.95937164146
42,90,2012-10-05,56931.81,False,C,39690,80.88,4.132,479.07,0.0,6.0,10.64,2565.13,131.0756667,6.943,56931.81,66687.37,54106.41910599729,53258.51157093686,61451.87323864281,53963.00804441116,63974.24094095842
42,90,2012-10-12,60918.89,False,C,39690,76.03,4.468,49.38,0.0,10.87,0.0,970.72,131.1083333,6.943,60918.89,62770.1,54106.41910599729,53235.64488184055,56967.848223942216,53963.00761378289,60250.51969710007
42,90,2012-10-19,52912.17,False,C,39690,72.71,4.449,56.03,0.0,8.69,0.0,455.38,131.1499677,6.943,52912.17,55148.66,54106.41910599729,53215.64570270513,50923.33176329067,53963.007523364846,52387.01109231037
42,90,2012-10-26,48793.79,False,C,39690,70.5,4.301,0.0,0.75,2.0,0.0,1034.55,131.1930968,6.943,48793.79,50780.84,54106.41910599729,53198.15444437709,47710.378523447005,53963.00750437997,47817.00931119544
42,91,2012-08-10,45780.61,False,C,39690,90.78,3.811,69.32,0.0,18.08,0.0,353.19,130.7561613,7.17,45780.61,52204.13,42988.374280602424,43603.87740909669,52306.711460583596,43244.08271316036,46874.65639302695
42,91,2012-08-17,45503.0,False,C,39690,88.83,4.002,246.98,0.0,24.22,13.23,3098.22,130.7909677,7.17,45503.0,41716.92,42988.374280602424,43607.07666074665,41148.66722443766,43543.01312905181,36487.73827767267
42,91,2012-08-24,38093.84,False,C,39690,82.5,4.055,548.62,0.0,54.43,57.18,2628.1,130.8381613,7.17,38093.84,36867.95,42988.374280602424,43610.25991613837,36269.42740387398,43607.883233473585,31687.072246231164
42,91,2012-08-31,34813.89,False,C,39690,86.97,3.886,285.66,0.0,18.65,141.64,906.18,130.8853548,7.17,34813.89,40351.09,42988.374280602424,43613.427255253126,40952.78089233187,43621.960524454975,34982.14327254386
42,91,2012-09-07,47899.97,True,C,39690,83.07,4.124,341.05,0.0,220.6,72.7,1629.72,130.9325484,7.17,47899.97,51703.25,42988.374280602424,43616.5787576723,51527.71194591801,43625.01540039731,46331.34723492763
42,91,2012-09-14,50084.66,False,C,39690,78.47,3.966,745.27,0.0,46.65,0.0,945.84,130.9776667,7.17,50084.66,49019.51,42988.374280602424,43619.71450257939,45698.284962961,43625.678331002026,44065.537028515166
42,91,2012-09-21,38289.76,False,C,39690,81.93,4.125,0.0,0.0,0.0,0.0,164.08,131.0103333,7.17,38289.76,39309.11,42988.374280602424,43622.83456876194,39097.55481535254,43625.82219183139,34028.62516223777
42,91,2012-09-28,35553.67,False,C,39690,82.52,3.966,123.87,0.0,0.0,0.0,548.02,131.043,7.17,35553.67,35720.73,42988.374280602424,43625.93903461358,37329.072651665796,43625.85341069212,30239.290249321664
42,91,2012-10-05,45544.83,False,C,39690,80.88,4.132,479.07,0.0,6.0,10.64,2565.13,131.0756667,6.943,45544.83,54271.79,42988.374280602424,43629.02797813596,53926.49857240448,43625.86018541509,48872.46824249267
42,91,2012-10-12,49206.09,False,C,39690,76.03,4.468,49.38,0.0,10.87,0.0,970.72,131.1083333,6.943,49206.09,50445.33,42988.374280602424,43632.10147694073,48811.602155065804,43625.86165557993,45236.05606798262
42,91,2012-10-19,39779.63,False,C,39690,72.71,4.449,56.03,0.0,8.69,0.0,455.38,131.1499677,6.943,39779.63,41294.58,42988.374280602424,43635.159608251466,39194.75377950194,43625.86197461654,36216.68309134749
42,91,2012-10-26,34567.83,False,C,39690,70.5,4.301,0.0,0.75,2.0,0.0,1034.55,131.1930968,6.943,34567.83,36170.0,42988.374280602424,43638.20244890566,33570.34852144283,43625.86204384984,31196.39968879401
42,92,2012-08-10,92905.5,False,C,39690,90.78,3.811,69.32,0.0,18.08,0.0,353.19,130.7561613,7.17,92905.5,98615.59,85476.5909406286,84751.1422666419,102090.67267920084,84911.30472005368,94453.27132196412
42,92,2012-08-17,87109.82,False,C,39690,88.83,4.002,246.98,0.0,24.22,13.23,3098.22,130.7909677,7.17,87109.82,75353.7,85476.5909406286,84676.93112495617,78466.13817216898,85317.8277881974,71419.28211231831
42,92,2012-08-24,73751.23,False,C,39690,82.5,4.055,548.62,0.0,54.43,57.18,2628.1,130.8381613,7.17,73751.23,68055.14,85476.5909406286,84617.5622116076,73040.95020263229,85394.31609880745,63978.56140070903
42,92,2012-08-31,70828.79,False,C,39690,86.97,3.886,285.66,0.0,18.65,141.64,906.18,130.8853548,7.17,70828.79,74851.44,85476.5909406286,84570.06708092874,83898.10880833514,85408.70756172416,70238.37114668514
42,92,2012-09-07,98189.06,True,C,39690,83.07,4.124,341.05,0.0,220.6,72.7,1629.72,130.9325484,7.17,98189.06,99402.76,85476.5909406286,84532.07097638566,103094.23927136748,85411.41535070828,95156.74628847929
42,92,2012-09-14,94309.85,False,C,39690,78.47,3.966,745.27,0.0,46.65,0.0,945.84,130.9776667,7.17,94309.85,92561.26,85476.5909406286,84501.67409275119,87262.66613591209,85411.92482783545,89415.26185672004
42,92,2012-09-21,75693.8,False,C,39690,81.93,4.125,0.0,0.0,0.0,0.0,164.08,131.0103333,7.17,75693.8,74920.17,85476.5909406286,84477.35658584362,76861.4801544254,85412.02068720433,71110.98955906948
42,92,2012-09-28,72357.48,False,C,39690,82.52,3.966,123.87,0.0,0.0,0.0,548.02,131.043,7.17,72357.48,69302.01,85476.5909406286,84457.90258031756,74909.97233025485,85412.0387233793,65124.04143161634
42,92,2012-10-05,93815.9,False,C,39690,80.88,4.132,479.07,0.0,6.0,10.64,2565.13,131.0756667,6.943,93815.9,107328.27,85476.5909406286,84442.3393758967,106158.27165796729,85412.04211692978,103532.32581424632
42,92,2012-10-12,102591.83,False,C,39690,76.03,4.468,49.38,0.0,10.87,0.0,970.72,131.1083333,6.943,102591.83,101798.34,85476.5909406286,84429.88881236003,95087.24710930097,85412.04275543461,98675.16196148758
42,92,2012-10-19,78692.97,False,C,39690,72.71,4.449,56.03,0.0,8.69,0.0,455.38,131.1499677,6.943,78692.97,80124.1,85476.5909406286,84419.92836153068,81709.46940558912,85412.04287557086,76251.21827460664
42,92,2012-10-26,74357.33,False,C,39690,70.5,4.301,0.0,0.75,2.0,0.0,1034.55,131.1930968,6.943,74357.33,72510.15,85476.5909406286,84411.96000086721,73366.86154453529,85412.04289817478,68796.32843378035
42,95,2012-08-10,65706.53,False,C,39690,90.78,3.811,69.32,0.0,18.08,0.0,353.19,130.7561613,7.17,65706.53,70559.94,63520.786843276306,63704.056142264984,70731.95594125558,62576.89502297071,68584.22885175394
42,95,2012-08-17,65285.3,False,C,39690,88.83,4.002,246.98,0.0,24.22,13.23,3098.22,130.7909677,7.17,65285.3,61978.12,63520.786843276306,63704.05614750435,60134.72636417151,62876.6081385215,59920.93633664863
42,95,2012-08-24,58439.06,False,C,39690,82.5,4.055,548.62,0.0,54.43,57.18,2628.1,130.8381613,7.17,58439.06,59188.81,63520.786843276306,63704.05615203059,55721.468343700704,62973.994749747966,57234.59251243933
42,95,2012-08-31,58487.93,False,C,39690,86.97,3.886,285.66,0.0,18.65,141.64,906.18,130.8853548,7.17,58487.93,61796.83,63520.786843276306,63704.056155940765,59376.981628973066,63005.638850569994,59760.92361710549
42,95,2012-09-07,69966.1,True,C,39690,83.07,4.124,341.05,0.0,220.6,72.7,1629.72,130.9325484,7.17,69966.1,68831.07,63520.786843276306,63704.05615931872,67093.62627582625,63015.921055733765,66737.93488019078
42,95,2012-09-14,64664.88,False,C,39690,78.47,3.966,745.27,0.0,46.65,0.0,945.84,130.9776667,7.17,64664.88,64589.24,63520.786843276306,63704.05616223691,61259.57645654083,63019.262081083936,62577.47649077392
42,95,2012-09-21,58844.03,False,C,39690,81.93,4.125,0.0,0.0,0.0,0.0,164.08,131.0103333,7.17,58844.03,59733.64,63520.786843276306,63704.0561647579,56925.01288806724,63020.34768968761,57685.67713990159
42,95,2012-09-28,55986.52,False,C,39690,82.52,3.966,123.87,0.0,0.0,0.0,548.02,131.043,7.17,55986.52,54677.39,63520.786843276306,63704.05616693576,53074.76701070583,63020.70043949249,52556.52964075238
42,95,2012-10-05,65349.06,False,C,39690,80.88,4.132,479.07,0.0,6.0,10.64,2565.13,131.0756667,6.943,65349.06,73951.34,63520.786843276306,63704.056168817195,69038.36818065336,63020.815059461806,71979.78386798344
42,95,2012-10-12,67550.78,False,C,39690,76.03,4.468,49.38,0.0,10.87,0.0,970.72,131.1083333,6.943,67550.78,67257.71,63520.786843276306,63704.05617044255,62953.68598233179,63020.852303245316,65246.933897305054
42,95,2012-10-19,58191.16,False,C,39690,72.71,4.449,56.03,0.0,8.69,0.0,455.38,131.1499677,6.943,58191.16,61666.32,63520.786843276306,63704.05617184667,56491.91085189571,63020.86440497085,59700.65114077395
42,95,2012-10-26,54892.79,False,C,39690,70.5,4.301,0.0,0.75,2.0,0.0,1034.55,131.1930968,6.943,54892.79,56349.06,63520.786843276306,63704.05617305968,50123.640476010085,63020.86833721799,54442.45906777906
43,38,2012-08-10,51300.36,False,C,41062,86.36,3.494,173.95,0.0,9.33,0.0,1073.06,213.3473641,9.285,51300.36,52353.83,60322.326395358905,60596.99632328578,63035.48109135927,60673.929130776116,63702.363212484044
43,38,2012-08-17,59189.31,False,C,41062,85.66,3.571,254.74,0.0,11.9,0.0,792.66,213.4226959,9.285,59189.31,52462.0,60322.326395358905,60633.41211643082,68727.34242299065,60319.96765516868,66542.87878138297
43,38,2012-08-24,60375.97,False,C,41062,81.65,3.62,364.02,0.0,13.07,0.0,1309.22,213.5481636,9.285,60375.97,42879.9,60322.326395358905,60669.64583061014,54479.661132656765,60302.44870335415,56987.41516022498
43,38,2012-08-31,66250.94,False,C,41062,81.12,3.638,699.48,0.0,12.39,615.93,1122.02,213.6736313,9.285,66250.94,60360.18,60322.326395358905,60705.69837621856,68022.71438636167,60301.58162121717,69267.98299447978
43,38,2012-09-07,61015.87,True,C,41062,84.99,3.73,610.93,0.0,18.29,50.5,516.76,213.7990991,9.285,61015.87,60491.0,60322.326395358905,60741.57065909894,67882.19010689702,60301.53870589665,69262.59417659155
43,38,2012-09-14,67210.8,False,C,41062,73.03,3.717,1601.72,0.0,18.56,0.0,1219.44,213.9332167,9.285,67210.8,54595.74,60322.326395358905,60777.263580564926,64752.587889499155,60301.5365818479,65716.08368995304
43,38,2012-09-21,50898.86,False,C,41062,75.87,3.721,259.57,0.0,0.0,0.0,1792.73,214.1192333,9.285,50898.86,49589.84,60322.326395358905,60812.77803742357,60661.12015443448,60301.536476720335,62108.937494326325
43,38,2012-09-28,63382.44,False,C,41062,77.55,3.666,343.99,0.0,0.0,0.0,1087.72,214.30525,9.285,63382.44,54009.69,60322.326395358905,60848.11492199793,60751.19492786624,60301.53647151716,63959.903623081365
43,38,2012-10-05,65998.94,False,C,41062,74.09,3.617,183.84,0.0,0.01,0.0,3093.39,214.4912667,8.839,65998.94,71520.64,60322.326395358905,60883.27512214941,68543.09750904546,60301.536471259635,74056.57407479765
43,38,2012-10-12,55398.94,False,C,41062,71.14,3.601,90.11,0.0,14.56,0.0,911.55,214.6772833,8.839,55398.94,48834.55,60322.326395358905,60918.25952130013,59887.57147206626,60301.53647124689,61668.91216646681
43,38,2012-10-19,54682.76,False,C,41062,71.25,3.594,121.84,0.0,11.14,0.0,964.01,214.7212488,8.839,54682.76,55441.98,60322.326395358905,60953.068998455106,60499.16857709869,60301.536471246254,64563.71780686434
43,38,2012-10-26,67135.51,False,C,41062,69.17,3.506,23.68,7.24,6.0,0.0,815.05,214.7415392,8.839,67135.51,55119.29,60322.326395358905,60987.70442822431,62554.18673027971,60301.536471246225,65244.209976719576
43,90,2012-08-10,64402.15,False,C,41062,86.36,3.494,173.95,0.0,9.33,0.0,1073.06,213.3473641,9.285,64402.15,63482.2,59162.04352249922,59026.36205764698,61277.87333312063,59139.12388048679,61037.795888958826
43,90,2012-08-17,62130.57,False,C,41062,85.66,3.571,254.74,0.0,11.9,0.0,792.66,213.4226959,9.285,62130.57,60779.41,59162.04352249922,58991.482486554625,61407.29039754204,59071.74529198903,57948.18259698107
43,90,2012-08-24,58310.8,False,C,41062,81.65,3.62,364.02,0.0,13.07,0.0,1309.22,213.5481636,9.285,58310.8,60076.93,59162.04352249922,58963.578829680744,60028.50891444552,59047.21022175575,57416.77178900752
43,90,2012-08-31,58728.58,False,C,41062,81.12,3.638,699.48,0.0,12.39,615.93,1122.02,213.6736313,9.285,58728.58,62050.1,59162.04352249922,58941.255904181635,61348.199585988434,59038.27608281379,59468.39287320662
43,90,2012-09-07,65327.6,True,C,41062,84.99,3.73,610.93,0.0,18.29,50.5,516.76,213.7990991,9.285,65327.6,66807.69,59162.04352249922,58923.39756378235,65898.71495865035,59035.02282786586,64210.708751379556
43,90,2012-09-14,62187.67,False,C,41062,73.03,3.717,1601.72,0.0,18.56,0.0,1219.44,213.9332167,9.285,62187.67,66242.18,59162.04352249922,58909.11089146292,66109.36513927538,59033.838195768134,63512.66868518983
43,90,2012-09-21,59627.41,False,C,41062,75.87,3.721,259.57,0.0,0.0,0.0,1792.73,214.1192333,9.285,59627.41,63898.68,59162.04352249922,58897.68155360738,61292.05038686504,59033.40682680707,61563.43997416987
43,90,2012-09-28,58026.16,False,C,41062,77.55,3.666,343.99,0.0,0.0,0.0,1087.72,214.30525,9.285,58026.16,61597.32,59162.04352249922,58888.53808332294,60583.143666395816,59033.24974919544,58975.35168729414
43,90,2012-10-05,67509.35,False,C,41062,74.09,3.617,183.84,0.0,0.01,0.0,3093.39,214.4912667,8.839,67509.35,69259.21,59162.04352249922,58881.223307095395,66658.57733165509,59033.192551347885,66844.98471272353
43,90,2012-10-12,67600.72,False,C,41062,71.14,3.601,90.11,0.0,14.56,0.0,911.55,214.6772833,8.839,67600.72,66451.07,59162.04352249922,58875.37148611336,65550.47533666133,59033.17172346712,63722.24482593119
43,90,2012-10-19,64572.09,False,C,41062,71.25,3.594,121.84,0.0,11.14,0.0,964.01,214.7212488,8.839,64572.09,64436.27,59162.04352249922,58870.69002932773,62764.63176681229,59033.164139254855,61780.30698737804
43,90,2012-10-26,58738.96,False,C,41062,69.17,3.506,23.68,7.24,6.0,0.0,815.05,214.7415392,8.839,58738.96,61107.08,59162.04352249922,58866.944863899225,55683.78652723113,59033.16137755882,58908.569003994504
43,92,2012-08-10,88067.64,False,C,41062,86.36,3.494,173.95,0.0,9.33,0.0,1073.06,213.3473641,9.285,88067.64,79637.89,78688.49066464504,78796.08767063652,85249.4484788125,79969.61281632,79024.87057534108
43,92,2012-08-17,85484.97,False,C,41062,85.66,3.571,254.74,0.0,11.9,0.0,792.66,213.4226959,9.285,85484.97,91247.41,78688.49066464504,78795.84615864509,85154.87365123651,81568.18175564567,89818.30070005184
43,92,2012-08-24,76299.42,False,C,41062,81.65,3.62,364.02,0.0,13.07,0.0,1309.22,213.5481636,9.285,76299.42,75894.01,78688.49066464504,78795.61811617397,73511.3244024672,82235.34293008348,74762.24754874328
43,92,2012-08-31,70999.86,False,C,41062,81.12,3.638,699.48,0.0,12.39,615.93,1122.02,213.6736313,9.285,70999.86,72381.16,78688.49066464504,78795.40279200589,74764.1356779111,82513.78198999978,71539.88228306055
43,92,2012-09-07,86821.45,True,C,41062,84.99,3.73,610.93,0.0,18.29,50.5,516.76,213.7990991,9.285,86821.45,101792.33,78688.49066464504,78795.19947682021,89683.04336455707,82629.98825777668,100034.32334245816
43,92,2012-09-14,88447.56,False,C,41062,73.03,3.717,1601.72,0.0,18.56,0.0,1219.44,213.9332167,9.285,88447.56,87362.19,78688.49066464504,78795.00750085627,87059.84112606577,82678.48682933017,86375.70069117972
43,92,2012-09-21,79693.38,False,C,41062,75.87,3.721,259.57,0.0,0.0,0.0,1792.73,214.1192333,9.285,79693.38,77215.19,78688.49066464504,78794.82623170705,73373.95843354327,82698.72766046369,76021.4616017378
43,92,2012-09-28,73678.43,False,C,41062,77.55,3.666,343.99,0.0,0.0,0.0,1087.72,214.30525,9.285,73678.43,70795.15,78688.49066464504,78794.65507223592,72948.4070146689,82707.1751514279,69974.13077519498
43,92,2012-10-05,86067.68,False,C,41062,74.09,3.617,183.84,0.0,0.01,0.0,3093.39,214.4912667,8.839,86067.68,86621.97,78688.49066464504,78794.49345860953,86888.8831756997,82710.70070347267,85647.2609929102
43,92,2012-10-12,86107.92,False,C,41062,71.14,3.601,90.11,0.0,14.56,0.0,911.55,214.6772833,8.839,86107.92,83405.06,78688.49066464504,78794.34085844044,85536.92552876542,82712.17208915074,82554.54751901125
43,92,2012-10-19,84388.67,False,C,41062,71.25,3.594,121.84,0.0,11.14,0.0,964.01,214.7212488,8.839,84388.67,79208.99,78688.49066464504,78794.19676903335,79130.38218753066,82712.78617051619,78238.70361959247
43,92,2012-10-26,75010.86,False,C,41062,69.17,3.506,23.68,7.24,6.0,0.0,815.05,214.7415392,8.839,75010.86,75542.2,78688.49066464504,78794.06071572908,68511.14648914685,82713.04245677004,74186.30731515514
43,94,2012-08-10,52074.76,False,C,41062,86.36,3.494,173.95,0.0,9.33,0.0,1073.06,213.3473641,9.285,52074.76,52799.99,49712.267490510276,49715.692480613005,53666.30161923083,50109.95975287094,49906.58723184824
43,94,2012-08-17,54903.47,False,C,41062,85.66,3.571,254.74,0.0,11.9,0.0,792.66,213.4226959,9.285,54903.47,50799.75,49712.267490510276,49715.69396172249,53063.77776347892,50019.984129970595,47968.24123150461
43,94,2012-08-24,49311.46,False,C,41062,81.65,3.62,364.02,0.0,13.07,0.0,1309.22,213.5481636,9.285,49311.46,48493.24,49712.267490510276,49715.69530288712,51860.152156328586,49991.29462105326,45735.16673506292
43,94,2012-08-31,50773.91,False,C,41062,81.12,3.638,699.48,0.0,12.39,615.93,1122.02,213.6736313,9.285,50773.91,50535.45,49712.267490510276,49715.6965173298,52359.1664379739,49982.14672192919,47614.28272967862
43,94,2012-09-07,53709.47,True,C,41062,84.99,3.73,610.93,0.0,18.29,50.5,516.76,213.7990991,9.285,53709.47,49216.94,49712.267490510276,49715.69761702404,53455.35368889649,49979.22983483205,46521.06708556782
43,94,2012-09-14,49013.23,False,C,41062,73.03,3.717,1601.72,0.0,18.56,0.0,1219.44,213.9332167,9.285,49013.23,48902.46,49712.267490510276,49715.69861281202,53515.02510350431,49978.29976004416,46236.50623110889
43,94,2012-09-21,47803.59,False,C,41062,75.87,3.721,259.57,0.0,0.0,0.0,1792.73,214.1192333,9.285,47803.59,48237.2,49712.267490510276,49715.69951451147,49997.08657477271,49978.00319761913,45333.538500398005
43,94,2012-09-28,46763.39,False,C,41062,77.55,3.666,343.99,0.0,0.0,0.0,1087.72,214.30525,9.285,46763.39,44716.27,49712.267490510276,49715.70033101251,45444.58547446484,49977.908636113876,41772.471277442004
43,94,2012-10-05,48784.82,False,C,41062,74.09,3.617,183.84,0.0,0.01,0.0,3093.39,214.4912667,8.839,48784.82,46609.82,49712.267490510276,49715.70107036521,47130.24757177134,49977.87848435654,43675.05130628839
43,94,2012-10-12,48155.44,False,C,41062,71.14,3.601,90.11,0.0,14.56,0.0,911.55,214.6772833,8.839,48155.44,45661.72,49712.267490510276,49715.70173985906,44660.541998326735,49977.8688702068,42622.035364477975
43,94,2012-10-19,48948.18,False,C,41062,71.25,3.594,121.84,0.0,11.14,0.0,964.01,214.7212488,8.839,48948.18,46337.27,49712.267490510276,49715.70234609479,45738.110326099755,49977.86580465165,43367.643457711885
43,94,2012-10-26,45399.62,False,C,41062,69.17,3.506,23.68,7.24,6.0,0.0,815.05,214.7415392,8.839,45399.62,41965.88,49712.267490510276,49715.70289504942,40268.30148794471,49977.86482717276,38941.99502320665
43,95,2012-08-10,75850.99,False,C,41062,86.36,3.494,173.95,0.0,9.33,0.0,1073.06,213.3473641,9.285,75850.99,78691.35,69071.16635857531,69219.6628446416,75670.59552680895,67987.99081773394,72263.84065425511
43,95,2012-08-17,76151.04,False,C,41062,85.66,3.571,254.74,0.0,11.9,0.0,792.66,213.4226959,9.285,76151.04,78561.9,69071.16635857531,69219.6630165693,75801.77183487813,68137.23101449537,70122.86640350764
43,95,2012-08-24,68251.42,False,C,41062,81.65,3.62,364.02,0.0,13.07,0.0,1309.22,213.5481636,9.285,68251.42,65480.98,69071.16635857531,69219.66316905846,65361.30135775414,68168.48862556684,62517.608277181935
43,95,2012-08-31,66600.98,False,C,41062,81.12,3.638,699.48,0.0,12.39,615.93,1122.02,213.6736313,9.285,66600.98,71211.58,69071.16635857531,69219.66330430683,68038.22158665652,68175.03537551155,64606.64731276324
43,95,2012-09-07,78383.09,True,C,41062,84.99,3.73,610.93,0.0,18.29,50.5,516.76,213.7990991,9.285,78383.09,73479.3,69071.16635857531,69219.66342426372,70754.62965931353,68176.40655946865,66812.30670497885
43,95,2012-09-14,69161.88,False,C,41062,73.03,3.717,1601.72,0.0,18.56,0.0,1219.44,213.9332167,9.285,69161.88,72176.04,69071.16635857531,69219.663530658,69824.68480764807,68176.69374707474,65992.84179099085
43,95,2012-09-21,69968.62,False,C,41062,75.87,3.721,259.57,0.0,0.0,0.0,1792.73,214.1192333,9.285,69968.62,68598.29,69071.16635857531,69219.6636250231,63053.82526800791,68176.75389707916,61690.093215886416
43,95,2012-09-28,65725.48,False,C,41062,77.55,3.666,343.99,0.0,0.0,0.0,1087.72,214.30525,9.285,65725.48,63105.83,69071.16635857531,69219.66370871905,62515.489884609,68176.76649519606,60428.214359390135
43,95,2012-10-05,72310.81,False,C,41062,74.09,3.617,183.84,0.0,0.01,0.0,3093.39,214.4912667,8.839,72310.81,71738.43,69071.16635857531,69219.66378295215,69122.67865350637,68176.76913380848,65819.79924096596
43,95,2012-10-12,71177.31,False,C,41062,71.14,3.601,90.11,0.0,14.56,0.0,911.55,214.6772833,8.839,71177.31,67461.08,69071.16635857531,69219.66384879229,67630.85579724696,68176.76968645264,64270.11284624361
43,95,2012-10-19,74508.67,False,C,41062,71.25,3.594,121.84,0.0,11.14,0.0,964.01,214.7212488,8.839,74508.67,67588.36,69071.16635857531,69219.66390718838,64722.76383156117,68176.76980220119,62797.099405350265
43,95,2012-10-26,64937.96,False,C,41062,69.17,3.506,23.68,7.24,6.0,0.0,815.05,214.7415392,8.839,64937.96,65971.32,69071.16635857531,69219.66395898208,57647.88152294211,68176.76982644414,58871.04259549376
44,38,2012-08-10,47101.55,False,C,39910,81.69,3.509,84.25,0.0,6.99,4.41,831.23,130.7561613,5.407,47101.55,42012.39,50367.631161197656,50448.3296259991,52207.6884824106,50914.54385356691,55005.23480665833
44,38,2012-08-17,47910.08,False,C,39910,79.4,3.545,411.11,0.0,9.77,0.0,689.16,130.7909677,5.407,47910.08,36880.94,50367.631161197656,50469.245347913406,49487.161554666985,50503.20681528259,55205.40338629729
44,38,2012-08-24,44629.63,False,C,39910,77.37,3.582,73.93,0.0,87.77,89.76,624.58,130.8381613,5.407,44629.63,54219.52,50367.631161197656,50487.00529824257,52123.22012710733,50488.877139983175,59690.061832601066
44,38,2012-08-31,48006.49,False,C,39910,79.18,3.624,356.47,0.0,39.11,0.0,795.72,130.8853548,5.407,48006.49,43435.79,50367.631161197656,50502.085620929334,51898.225812154014,50488.37793963146,57209.6476064021
44,38,2012-09-07,50360.84,True,C,39910,70.65,3.689,282.57,0.0,106.31,0.0,406.52,130.9325484,5.407,50360.84,40721.88,50367.631161197656,50514.89061914848,44095.18870127926,50488.36054907752,53100.450455086924
44,38,2012-09-14,57506.45,False,C,39910,68.55,3.749,1020.44,0.0,22.15,0.0,752.67,130.9776667,5.407,57506.45,44539.94,50367.631161197656,50525.76359466751,49936.708127395694,50488.35994324589,56549.9988485899
44,38,2012-09-21,47665.62,False,C,39910,67.96,3.821,57.17,0.0,0.0,0.0,854.46,131.0103333,5.407,47665.62,48493.7,50367.631161197656,50534.996051760754,48082.70531068262,50488.35992214064,56777.79618115455
44,38,2012-09-28,65599.95,False,C,39910,64.8,3.821,380.96,0.0,0.0,0.0,2022.03,131.043,5.407,65599.95,49544.83,50367.631161197656,50542.83551243364,60389.19587958814,50488.3599214054,62154.53257419955
44,38,2012-10-05,47446.98,False,C,39910,61.79,3.815,417.9,0.0,0.02,0.0,496.52,131.0756667,5.217,47446.98,44370.82,50367.631161197656,50549.49215248309,49986.7513986995,50488.359921379786,56455.973590219044
44,38,2012-10-12,42451.51,False,C,39910,55.1,3.797,69.96,0.0,3.05,0.0,999.62,131.1083333,5.217,42451.51,45490.07,50367.631161197656,50555.14443630679,46515.12695725258,50488.35992137889,55265.01064758137
44,38,2012-10-19,45255.05,False,C,39910,52.06,3.781,139.57,0.0,3.5,0.0,472.02,131.1499677,5.217,45255.05,46540.09,50367.631161197656,50559.94390153045,46331.811329276316,50488.35992137886,55455.200337590446
44,38,2012-10-26,66629.98,False,C,39910,46.97,3.755,38.65,2.61,0.98,0.0,457.74,131.1930968,5.217,66629.98,39352.58,50367.631161197656,50564.01922172872,49083.30513180033,50488.35992137886,54765.45576044145
45,38,2012-08-10,53978.88,False,B,118221,78.65,3.722,17868.84,50.6,57.66,2593.93,1890.59,191.1626135,8.684,53978.88,47669.13,55601.79410456885,55378.36495959794,53726.52411855777,54365.63637240298,51619.01253851155
45,38,2012-08-17,61005.0,False,B,118221,75.71,3.807,3657.79,6.0,0.3,1630.5,3794.22,191.2284919,8.684,61005.0,53871.2,55601.79410456885,55325.587274619356,57068.26355835947,54518.58929099011,56832.11262754523
45,38,2012-08-24,48014.71,False,B,118221,72.62,3.834,7936.2,58.38,22.0,5518.07,2291.97,191.3448865,8.684,48014.71,53326.71,55601.79410456885,55283.36512663649,55943.601354873885,54486.76612824191,55233.600646528976
45,38,2012-08-31,48218.63,False,B,118221,75.09,3.867,23641.3,6.0,92.93,6988.31,3992.13,191.461281,8.684,48218.63,50895.61,55601.79410456885,55249.5874082502,56816.93151556509,54493.38720939978,55326.23800935915
45,38,2012-09-07,56748.58,True,B,118221,75.7,3.911,11024.45,12.8,52.63,1854.77,2055.7,191.5776756,8.684,56748.58,46278.11,55601.79410456885,55222.565233541165,50603.846751199686,54492.009636842144,50966.18905414154
45,38,2012-09-14,51602.46,False,B,118221,67.87,3.948,11407.95,0.0,4.3,3421.72,5268.92,191.69985,8.684,51602.46,54334.15,55601.79410456885,55200.94749377394,58624.63656845905,54492.2962525936,57116.8698623674
45,38,2012-09-21,58339.44,False,B,118221,65.32,4.038,8452.2,92.28,63.24,2376.38,8670.4,191.8567038,8.684,58339.44,55931.24,55601.79410456885,55183.65330196016,56346.63896375349,54492.236619735406,56650.040764629724
45,38,2012-09-28,53381.46,False,B,118221,64.88,3.997,4556.61,20.64,1.5,1601.01,3288.25,192.0135577,8.684,53381.46,55516.74,55601.79410456885,55169.81794850914,60765.85842867068,54492.24902686153,58432.9854488904
45,38,2012-10-05,53700.57,False,B,118221,64.89,3.985,5046.74,0.0,18.82,2253.43,2340.01,192.1704115,8.667,53700.57,58162.62,55601.79410456885,55158.74966574831,56470.41699897033,54492.24644545284,57519.19348630549
45,38,2012-10-12,54797.38,False,B,118221,54.47,4.0,1956.28,0.0,7.89,599.32,3990.54,192.3272654,8.667,54797.38,53920.56,55601.79410456885,55149.89503953966,55482.25043576286,54492.24698253699,55741.970888134776
45,38,2012-10-19,54427.64,False,B,118221,56.47,3.969,2004.02,0.0,3.18,437.73,1537.49,192.3308542,8.667,54427.64,52476.21,55601.79410456885,55142.811338572734,57062.38323641209,54492.24687079204,55912.45987904352
45,38,2012-10-26,47799.07,False,B,118221,58.85,3.882,4018.91,58.08,100.0,211.94,858.33,192.3088989,8.667,47799.07,60515.42,55601.79410456885,55137.144377799195,56164.52358377171,54492.246894041535,58204.85853839185
45,92,2012-08-10,48459.05,False,B,118221,78.65,3.722,17868.84,50.6,57.66,2593.93,1890.59,191.1626135,8.684,48459.05,47822.87,46673.5861074214,46469.51839653492,48236.72415783023,46698.01208546123,46857.09914623617
45,92,2012-08-17,46063.34,False,B,118221,75.71,3.807,3657.79,6.0,0.3,1630.5,3794.22,191.2284919,8.684,46063.34,46603.92,46673.5861074214,46435.19517256869,45678.766048082,46663.2492472671,44997.7065077129
45,92,2012-08-24,46675.39,False,B,118221,72.62,3.834,7936.2,58.38,22.0,5518.07,2291.97,191.3448865,8.684,46675.39,64307.34,46673.5861074214,46407.7365933957,51659.24339121758,46662.074059463695,62895.21458833712
45,92,2012-08-31,44872.41,False,B,118221,75.09,3.867,23641.3,6.0,92.93,6988.31,3992.13,191.461281,8.684,44872.41,45587.11,46673.5861074214,46385.769730057305,48789.82058891346,46662.034331223855,44168.42958976152
45,92,2012-09-07,51652.12,True,B,118221,75.7,3.911,11024.45,12.8,52.63,1854.77,2055.7,191.5776756,8.684,51652.12,50331.96,46673.5861074214,46368.19623938659,47969.88732470423,46662.032988176354,48928.13660734483
45,92,2012-09-14,49910.99,False,B,118221,67.87,3.948,11407.95,0.0,4.3,3421.72,5268.92,191.69985,8.684,49910.99,48597.97,46673.5861074214,46354.13744685002,49200.93413484276,46662.03294277347,47191.21189674635
45,92,2012-09-21,50977.95,False,B,118221,65.32,4.038,8452.2,92.28,63.24,2376.38,8670.4,191.8567038,8.684,50977.95,47558.2,46673.5861074214,46342.890412820765,47649.1738924602,46662.03294123858,46159.23357959613
45,92,2012-09-28,47372.08,False,B,118221,64.88,3.997,4556.61,20.64,1.5,1601.01,3288.25,192.0135577,8.684,47372.08,46489.21,46673.5861074214,46333.89278559736,45793.511678841816,46662.0329411867,45079.41892521898
45,92,2012-10-05,50301.74,False,B,118221,64.89,3.985,5046.74,0.0,18.82,2253.43,2340.01,192.1704115,8.667,50301.74,52382.13,46673.5861074214,46326.69468381864,52099.109854331575,46662.032941184945,50978.135301714276
45,92,2012-10-12,52360.65,False,B,118221,54.47,4.0,1956.28,0.0,7.89,599.32,3990.54,192.3272654,8.667,52360.65,51860.97,46673.5861074214,46320.93620239566,51071.00195293395,46662.03294118489,50452.544058624815
45,92,2012-10-19,48108.38,False,B,118221,56.47,3.969,2004.02,0.0,3.18,437.73,1537.49,192.3308542,8.667,48108.38,47613.23,46673.5861074214,46316.32941725728,49198.876002723395,46662.03294118489,46223.66025994608
45,92,2012-10-26,54608.75,False,B,118221,58.85,3.882,4018.91,58.08,100.0,211.94,858.33,192.3088989,8.667,54608.75,48290.85,46673.5861074214,46312.64398914657,47641.64299563503,46662.03294118489,46884.342026695325
45,95,2012-08-10,54892.83,False,B,118221,78.65,3.722,17868.84,50.6,57.66,2593.93,1890.59,191.1626135,8.684,54892.83,58100.06,54226.89764001087,54498.19434985487,53481.77958838669,53172.625954576964,53338.84346333084
45,95,2012-08-17,53108.04,False,B,118221,75.71,3.807,3657.79,6.0,0.3,1630.5,3794.22,191.2284919,8.684,53108.04,53804.19,54226.89764001087,54144.16177472136,48398.463881193784,53147.79095889816,49270.77178975288
45,95,2012-08-24,51221.99,False,B,118221,72.62,3.834,7936.2,58.38,22.0,5518.07,2291.97,191.3448865,8.684,51221.99,75204.77,54226.89764001087,53860.93571461454,52352.44394100444,53150.66643042667,62126.95002898543
45,95,2012-08-31,52240.83,False,B,118221,75.09,3.867,23641.3,6.0,92.93,6988.31,3992.13,191.461281,8.684,52240.83,52776.49,54226.89764001087,53634.354866529095,54265.21751086382,53150.333499564986,50867.79065647969
45,95,2012-09-07,52417.47,True,B,118221,75.7,3.911,11024.45,12.8,52.63,1854.77,2055.7,191.5776756,8.684,52417.47,55286.01,54226.89764001087,53453.090188060734,49903.170071021916,53150.37204731535,50776.90778827675
45,95,2012-09-14,53711.96,False,B,118221,67.87,3.948,11407.95,0.0,4.3,3421.72,5268.92,191.69985,8.684,53711.96,55030.29,54226.89764001087,53308.078445286046,49202.791786123555,53150.36758413927,50405.89781122032
45,95,2012-09-21,54160.5,False,B,118221,65.32,4.038,8452.2,92.28,63.24,2376.38,8670.4,191.8567038,8.684,54160.5,48653.62,54226.89764001087,53192.0690510663,45777.24591067073,53150.3681008994,45879.03624783997
45,95,2012-09-28,49380.11,False,B,118221,64.88,3.997,4556.61,20.64,1.5,1601.01,3288.25,192.0135577,8.684,49380.11,52037.83,54226.89764001087,53099.26153569049,45429.526134473585,53150.36804106734,47574.83559152075
45,95,2012-10-05,50241.01,False,B,118221,64.89,3.985,5046.74,0.0,18.82,2253.43,2340.01,192.1704115,8.667,50241.01,53666.0,54226.89764001087,53025.015523389855,46614.85177567028,53150.36804799488,48876.07180004705
45,95,2012-10-12,49334.77,False,B,118221,54.47,4.0,1956.28,0.0,7.89,599.32,3990.54,192.3272654,8.667,49334.77,55638.35,54226.89764001087,52965.61871354934,48585.84527151385,53150.36804719279,50610.79548983122
45,95,2012-10-19,48434.97,False,B,118221,56.47,3.969,2004.02,0.0,3.18,437.73,1537.49,192.3308542,8.667,48434.97,51719.98,54226.89764001087,52918.10126567693,46927.9839060836,53150.36804728566,47976.417751025285
45,95,2012-10-26,56017.47,False,B,118221,58.85,3.882,4018.91,58.08,100.0,211.94,858.33,192.3088989,8.667,56017.47,52619.53,54226.89764001087,52880.087307379,45829.17004254888,53150.368047274904,48083.567049437224
