Store,Dept,Date,Weekly_Sales,IsHoliday,Type,Size,Temperature,Fuel_Price,MarkDown1,MarkDown2,MarkDown3,MarkDown4,MarkDown5,CPI,Unemployment,Weekly_Sales_Original,Seasonal Naive_Pred,Simple Exp Smoothing (SES)_Pred,Holt's Linear Trend_Pred,Holt-Winters_Pred,"ARIMA(1,1,1)_Pred","SARIMA(1,1,0)x(0,1,1,52)_Pred"
1,92,2012-08-10,150012.51,False,A,151315,85.05,3.494,11436.22,245.0,6.85,6964.26,4836.22,221.9584329,6.908,150012.51,139822.31,138289.64876429318,138164.5423087535,149857.52749569563,139844.49949646273,144900.47057167592
1,92,2012-08-17,149962.1,False,A,151315,84.85,3.571,3662.06,137.86,4.84,2752.2,3446.15,222.0384109,6.908,149962.1,132026.43,138289.64876429318,138069.7812573965,138678.69211169195,139409.5468329853,137373.39648000963
1,92,2012-08-24,127017.65,False,A,151315,77.66,3.62,6237.83,260.06,2.97,3463.03,7988.25,222.1719457,6.908,127017.65,117474.47,138289.64876429318,137993.97241631092,129484.18711539864,139291.76779337777,122358.01264378903
1,92,2012-08-31,132574.48,False,A,151315,80.49,3.638,21442.73,102.32,21.7,13209.64,3032.96,222.3054805,6.908,132574.48,131142.28,138289.64876429318,137933.32534344244,144348.53403753898,139259.87489252744,135841.1803441983
1,92,2012-09-07,160693.21,True,A,151315,83.96,3.73,5204.68,35.74,50.94,4120.32,2737.17,222.4390153,6.908,160693.21,144592.43,138289.64876429318,137884.80768514765,151485.51678992884,139251.2387453145,149824.87829940923
1,92,2012-09-14,148861.17,False,A,151315,74.97,3.717,17212.52,7.0,18.79,1523.11,7992.72,222.5820193,6.908,148861.17,143870.73,138289.64876429318,137845.99355851184,147547.09505792716,139248.90019859423,149385.0952769927
1,92,2012-09-21,139354.6,False,A,151315,69.87,3.721,6352.3,7.64,4.69,1010.06,6456.71,222.7818386,6.908,139354.6,122462.32,138289.64876429318,137814.94225720316,127525.16480247771,139248.26695316337,127898.86028432661
1,92,2012-09-28,122434.07,False,A,151315,76.08,3.666,3666.27,7.64,1.65,1417.96,4744.28,222.9816579,6.908,122434.07,120506.66,138289.64876429318,137790.10121615624,132497.89434384886,139248.0954792423,125279.12764095218
1,92,2012-10-05,159459.88,False,A,151315,68.55,3.617,8077.89,0.0,18.22,3617.43,3626.14,223.1814772,6.573,159459.88,155370.71,138289.64876429318,137770.2283833187,157363.95398301084,139248.04904652573,160958.97946382593
1,92,2012-10-12,156944.65,False,A,151315,62.99,3.601,2086.18,0.0,8.11,602.36,5926.45,223.3812965,6.573,156944.65,145457.88,138289.64876429318,137754.33011704867,150171.15360239966,139248.03647320173,150798.86512611652
1,92,2012-10-19,146387.59,False,A,151315,67.97,3.594,950.33,0.0,4.93,80.25,2312.85,223.4257233,6.573,146387.59,134783.19,138289.64876429318,137741.61150403265,134434.14005411023,139248.03306852313,140617.55451432202
1,92,2012-10-26,132155.74,False,A,151315,69.16,3.506,2585.85,31.75,6.0,1057.16,1305.01,223.4442513,6.573,132155.74,125065.14,138289.64876429318,137731.43661361982,131510.7464500153,139248.03214658424,130268.999062107
1,95,2012-08-10,137408.2,False,A,151315,85.05,3.494,11436.22,245.0,6.85,6964.26,4836.22,221.9584329,6.908,137408.2,138567.1,130698.40157868619,131596.34294169463,140984.22501377208,133241.10431254795,135874.68739871442
1,95,2012-08-17,136264.68,False,A,151315,84.85,3.571,3662.06,137.86,4.84,2752.2,3446.15,222.0384109,6.908,136264.68,133260.84,130698.40157868619,131381.89429920426,134456.61163902527,132591.6124479309,130403.38023622139
1,95,2012-08-24,118845.34,False,A,151315,77.66,3.62,6237.83,260.06,2.97,3463.03,7988.25,222.1719457,6.908,118845.34,122721.92,130698.40157868619,131196.05922296472,127107.9430887302,132326.4905051769,119974.58617433632
1,95,2012-08-31,124741.33,False,A,151315,80.49,3.638,21442.73,102.32,21.7,13209.64,3032.96,222.3054805,6.908,124741.33,130446.34,130698.40157868619,131035.01984701015,133617.99415578248,132218.26798791546,127660.60268037213
1,95,2012-09-07,140657.4,True,A,151315,83.96,3.73,5204.68,35.74,50.94,4120.32,2737.17,222.4390153,6.908,140657.4,133762.77,130698.40157868619,130895.46771760262,134768.56559352615,132174.09166240753,130919.72641140438
1,95,2012-09-14,128542.73,False,A,151315,74.97,3.717,17212.52,7.0,18.79,1523.11,7992.72,222.5820193,6.908,128542.73,133939.4,130698.40157868619,130774.5358231095,134145.475964574,132156.05892961987,131077.6507098957
1,95,2012-09-21,119121.35,False,A,151315,69.87,3.721,6352.3,7.64,4.69,1010.06,6456.71,222.7818386,6.908,119121.35,116165.28,130698.40157868619,130669.73969303408,123071.443698199,132148.6979857647,113493.31289021955
1,95,2012-09-28,115326.47,False,A,151315,76.08,3.666,3666.27,7.64,1.65,1417.96,4744.28,222.9816579,6.908,115326.47,115663.78,130698.40157868619,130578.92635611565,121577.97626735481,132145.6932556954,112965.46307666507
1,95,2012-10-05,127009.22,False,A,151315,68.55,3.617,8077.89,0.0,18.22,3617.43,3626.14,223.1814772,6.573,127009.22,132805.42,130698.40157868619,130500.2301088752,130814.3873009203,132144.4667278252,129889.01134605664
1,95,2012-10-12,124559.93,False,A,151315,62.99,3.601,2086.18,0.0,8.11,602.36,5926.45,223.3812965,6.573,124559.93,125954.3,130698.40157868619,130432.03418589866,131915.16780672793,132143.96606035036,123255.51333739716
1,95,2012-10-19,123346.24,False,A,151315,67.97,3.594,950.33,0.0,4.93,80.25,2312.85,223.4257233,6.573,123346.24,116931.34,130698.40157868619,130372.93754439795,119170.45727823928,132143.76168837768,114138.0880276234
1,95,2012-10-26,117375.38,False,A,151315,69.16,3.506,2585.85,31.75,6.0,1057.16,1305.01,223.4442513,6.573,117375.38,108018.21,130698.40157868619,130321.72608065889,114099.70847387034,132143.6782639387,105333.28553054799
2,90,2012-08-10,97053.99,False,A,202307,88.55,3.494,5554.54,142.3,13.43,4187.43,5286.19,221.5954138,6.565,97053.99,99571.64,98571.75648266885,98573.20972151181,102648.03763271682,99501.45181072441,101908.54962067492
2,90,2012-08-17,101366.47,False,A,202307,84.79,3.571,4774.16,330.78,10.53,4253.28,4927.26,221.6751459,6.565,101366.47,97227.21,98571.75648266885,98573.2097214776,100533.25268681646,99052.70511554363,99528.44113550693
2,90,2012-08-24,94870.83,False,A,202307,76.91,3.62,4759.7,211.38,6.62,2972.88,5102.26,221.8083518,6.565,94870.83,94672.23,98571.75648266885,98573.20972144928,97962.88510473497,98916.58008399517,97011.21154224244
2,90,2012-08-31,100564.16,False,A,202307,82.64,3.638,17500.26,73.22,21.38,12878.62,4756.5,221.9415576,6.565,100564.16,99456.28,98571.75648266885,98573.20972142585,104154.12643123417,98875.28724682653,101569.43751056035
2,90,2012-09-07,104556.46,True,A,202307,87.65,3.73,10658.86,149.28,60.97,2920.9,3275.57,222.0747635,6.565,104556.46,98739.15,98571.75648266885,98573.20972140649,103342.80451503528,98862.76127432873,100893.69716449961
2,90,2012-09-14,102206.83,False,A,202307,75.88,3.717,8325.93,0.0,37.32,1808.69,9314.55,222.2174395,6.565,102206.83,98529.83,98571.75648266885,98573.20972139043,102234.08929097738,98858.96158417001,100827.23553786051
2,90,2012-09-21,96837.83,False,A,202307,71.09,3.721,6707.94,3.82,15.55,1001.42,7607.94,222.4169362,6.565,96837.83,93148.32,98571.75648266885,98573.20972137718,95660.59647032333,98857.80896745264,95665.98296477129
2,90,2012-09-28,96590.03,False,A,202307,79.45,3.666,7106.05,1.91,1.65,1549.1,3946.03,222.6164329,6.565,96590.03,91669.76,98571.75648266885,98573.20972136619,97433.7784401261,98857.45932702364,93757.65676274165
2,90,2012-10-05,107403.51,False,A,202307,70.27,3.617,6037.76,0.0,10.04,3027.37,3853.4,222.8159296,6.17,107403.51,102442.77,98571.75648266885,98573.20972135711,99689.6167115919,98857.35326537474,105642.96612266637
2,90,2012-10-12,105762.82,False,A,202307,60.97,3.601,2145.5,0.0,33.31,586.83,10421.01,223.0154263,6.17,105762.82,97912.18,98571.75648266885,98573.2097213496,97736.31159519154,98857.32109211206,100738.05830707322
2,90,2012-10-19,102550.04,False,A,202307,68.08,3.594,4461.89,0.0,1.14,1579.67,2642.29,223.0598077,6.17,102550.04,96819.66,98571.75648266885,98573.20972134337,94669.6333224241,98857.31133251618,99903.96853157177
2,90,2012-10-26,100544.64,False,A,202307,69.79,3.506,6152.59,129.77,200.0,272.29,2924.15,223.0783366,6.17,100544.64,94482.7,98571.75648266885,98573.20972133824,94031.19953868173,98857.30837199233,97318.20213752236
2,92,2012-08-10,170283.67,False,A,202307,88.55,3.494,5554.54,142.3,13.43,4187.43,5286.19,221.5954138,6.565,170283.67,158082.14,165653.46028836173,165705.74328303387,173369.39336975382,166984.50979230445,169257.67484188147
2,92,2012-08-17,173002.07,False,A,202307,84.79,3.571,4774.16,330.78,10.53,4253.28,4927.26,221.6751459,6.565,173002.07,153827.25,165653.46028836173,165718.8517228454,166797.0124309266,166259.89202495987,164980.46941244396
2,92,2012-08-24,157874.84,False,A,202307,76.91,3.62,4759.7,211.38,6.62,2972.88,5102.26,221.8083518,6.565,157874.84,147186.84,165653.46028836173,165729.33847469464,161012.1346918736,166092.45230342238,158372.34292264076
2,92,2012-08-31,169994.15,False,A,202307,82.64,3.638,17500.26,73.22,21.38,12878.62,4756.5,221.9415576,6.565,169994.15,156168.3,165653.46028836173,165737.72787617403,176597.29395866994,166053.76147687627,166835.05019183405
2,92,2012-09-07,182189.34,True,A,202307,87.65,3.73,10658.86,149.28,60.97,2920.9,3275.57,222.0747635,6.565,182189.34,164687.59,165653.46028836173,165744.43939735755,179783.4450736999,166044.8210650966,175770.1771969177
2,92,2012-09-14,179419.94,False,A,202307,75.88,3.717,8325.93,0.0,37.32,1808.69,9314.55,222.2174395,6.565,179419.94,163843.05,165653.46028836173,165749.80861430438,176111.8496429578,166042.75517584258,175169.52709605548
2,92,2012-09-21,169646.36,False,A,202307,71.09,3.721,6707.94,3.82,15.55,1001.42,7607.94,222.4169362,6.565,169646.36,150256.66,165653.46028836173,165754.1039878618,162010.47278784175,166042.27780427234,161692.39128138588
2,92,2012-09-28,159369.52,False,A,202307,79.45,3.666,7106.05,1.91,1.65,1549.1,3946.03,222.6164329,6.565,159369.52,148682.36,165653.46028836173,165757.54028670778,171651.62290643604,166042.16749651232,159289.69975078167
2,92,2012-10-05,192860.85,False,A,202307,70.27,3.617,6037.76,0.0,10.04,3027.37,3853.4,222.8159296,6.17,192860.85,176375.65,165653.46028836173,165760.28932578454,184407.7779965172,166042.142007349,188083.498279106
2,92,2012-10-12,192455.74,False,A,202307,60.97,3.601,2145.5,0.0,33.31,586.83,10421.01,223.0154263,6.17,192455.74,164033.78,165653.46028836173,165762.48855704596,183241.30352488023,166042.13611748733,174928.7985528935
2,92,2012-10-19,175971.97,False,A,202307,68.08,3.594,4461.89,0.0,1.14,1579.67,2642.29,223.0598077,6.17,175971.97,163289.88,165653.46028836173,165764.24794205508,172284.48247885762,166042.13475649836,174996.56555294342
2,92,2012-10-26,169784.13,False,A,202307,69.79,3.506,6152.59,129.77,200.0,272.29,2924.15,223.0783366,6.17,169784.13,158040.78,165653.46028836173,165765.6554500624,172156.4456454764,166042.1344420103,169380.8950117652
2,95,2012-08-10,157227.55,False,A,202307,88.55,3.494,5554.54,142.3,13.43,4187.43,5286.19,221.5954138,6.565,157227.55,150502.78,154556.94729789495,154750.34292706364,160384.25838818823,157947.21826101933,159148.50616533632
2,95,2012-08-17,151758.6,False,A,202307,84.79,3.571,4774.16,330.78,10.53,4253.28,4927.26,221.6751459,6.565,151758.6,146619.44,154556.94729789495,154810.18461181497,155564.42251727654,157242.17477010397,155214.98062729315
2,95,2012-08-24,137902.5,False,A,202307,76.91,3.62,4759.7,211.38,6.62,2972.88,5102.26,221.8083518,6.565,137902.5,147167.55,154556.94729789495,154869.72708814256,151569.85689969588,156967.55232648633,155540.89898517006
2,95,2012-08-31,154732.04,False,A,202307,82.64,3.638,17500.26,73.22,21.38,12878.62,4756.5,221.9415576,6.565,154732.04,145434.71,154556.94729789495,154928.97185208852,152236.24704161653,156860.58376708496,153938.95848390216
2,95,2012-09-07,155701.57,True,A,202307,87.65,3.73,10658.86,149.28,60.97,2920.9,3275.57,222.0747635,6.565,155701.57,144040.98,154556.94729789495,154987.92039221473,151366.59886024904,156818.91829885275,152569.4529381741
2,95,2012-09-14,151208.59,False,A,202307,75.88,3.717,8325.93,0.0,37.32,1808.69,9314.55,222.2174395,6.565,151208.59,142322.71,154556.94729789495,155046.57418964032,152458.9077068199,156802.68912597498,150994.61409951036
2,95,2012-09-21,145469.62,False,A,202307,71.09,3.721,6707.94,3.82,15.55,1001.42,7607.94,222.4169362,6.565,145469.62,135033.36,154556.94729789495,155104.9347180788,144205.32463519688,156796.36767889973,143663.51762709263
2,95,2012-09-28,144370.82,False,A,202307,79.45,3.666,7106.05,1.91,1.65,1549.1,3946.03,222.6164329,6.565,144370.82,135333.7,154556.94729789495,155163.00344387506,142253.0528720182,156793.90540350057,143858.5896731314
2,95,2012-10-05,152482.21,False,A,202307,70.27,3.617,6037.76,0.0,10.04,3027.37,3853.4,222.8159296,6.17,152482.21,148486.25,154556.94729789495,155220.78182604234,150352.94891941056,156792.94631927996,156745.97756872812
2,95,2012-10-12,145394.36,False,A,202307,60.97,3.601,2145.5,0.0,33.31,586.83,10421.01,223.0154263,6.17,145394.36,141333.41,154556.94729789495,155278.27131629878,147094.40853813555,156792.57274508817,149798.2797701719
2,95,2012-10-19,146283.06,False,A,202307,68.08,3.594,4461.89,0.0,1.14,1579.67,2642.29,223.0598077,6.17,146283.06,137866.17,154556.94729789495,155335.47335910395,143458.73581551795,156792.4272336995,146308.47432880322
2,95,2012-10-26,138018.99,False,A,202307,69.79,3.506,6152.59,129.77,200.0,272.29,2924.15,223.0783366,6.17,138018.99,128987.1,154556.94729789495,155392.3893916951,138177.11567267572,156792.37055536173,137602.7577032654
3,38,2012-08-10,80323.73,False,B,37392,85.85,3.494,3375.44,28.4,2.4,1880.43,555.9,225.4735085,6.334,80323.73,106319.37,89066.71814924316,87949.92695057999,85706.44662178218,88526.14340413889,78399.1791265602
3,38,2012-08-17,81180.6,False,B,37392,87.36,3.571,990.08,44.2,0.0,401.46,430.69,225.5558664,6.334,81180.6,93071.53,89066.71814924316,87718.37103706418,80536.86277646795,88710.26486952655,66389.5746436534
3,38,2012-08-24,91993.02,False,B,37392,83.01,3.62,3062.02,26.8,0.0,1004.51,1285.29,225.6925864,6.334,91993.02,100561.19,89066.71814924316,87487.97290311597,90165.61948178723,88727.54437163913,75029.32848141344
3,38,2012-08-31,81614.82,False,B,37392,85.18,3.638,6599.69,27.8,24.7,1743.76,428.74,225.8293063,6.334,81614.82,106769.36,89066.71814924316,87258.72675983749,98033.86405093838,88729.16602500057,80827.40745580063
3,38,2012-09-07,92495.16,True,B,37392,84.99,3.73,2266.83,19.0,8.31,419.87,926.86,225.9660263,6.334,92495.16,107423.91,89066.71814924316,87030.6268472754,94072.93738901729,88729.31821454906,79968.85252336357
3,38,2012-09-14,87895.23,False,B,37392,78.36,3.717,3589.7,0.0,3.72,2080.29,1760.69,226.1122067,6.334,87895.23,114210.61,89066.71814924316,86803.66743427613,97624.9429090453,88729.33249729234,85002.0526130676
3,38,2012-09-21,87729.02,False,B,37392,72.78,3.721,3233.34,1.91,7.69,878.66,1602.11,226.3151496,6.334,87729.02,89773.23,89066.71814924316,86577.84281834184,86672.88115583373,88729.33383770473,67134.99934319987
3,38,2012-09-28,77952.53,False,B,37392,77.46,3.666,2493.82,0.0,1.5,890.65,715.52,226.5180926,6.334,77952.53,105565.46,89066.71814924316,86353.14732548724,94219.19715124575,88729.33396350028,78739.54672158111
3,38,2012-10-05,99091.97,False,B,37392,72.74,3.617,1750.8,0.0,3.01,480.24,646.82,226.7210356,6.034,99091.97,109972.31,89066.71814924316,86129.5753100969,99600.84780403569,88729.33397530598,83031.52159853658
3,38,2012-10-12,95333.35,False,B,37392,70.31,3.601,775.31,0.0,2.78,498.54,328.16,226.9239785,6.034,95333.35,98070.26,89066.71814924316,85907.12115478353,88704.927497851,88729.33397641394,72354.03917275036
3,38,2012-10-19,91827.97,False,B,37392,73.44,3.594,629.25,0.0,7.5,75.11,3010.32,226.9688442,6.034,91827.97,91313.58,89066.71814924316,85685.77927024671,81577.82768163564,88729.33397651791,65918.77696380846
3,38,2012-10-26,83489.04,False,B,37392,74.66,3.506,370.99,6.35,4.0,5.94,180.07,226.9873637,6.034,83489.04,97101.29,89066.71814924316,85465.54409513257,82660.14046283189,88729.33397652768,69574.99749530503
4,2,2012-08-10,96870.0,False,A,205863,83.21,3.476,16996.42,36.6,60.94,4777.2,3937.09,130.7561613,4.077,96870.0,95162.69,100544.14713419328,100598.65177302757,109898.63658513936,100830.40415430024,97613.8829432601
4,2,2012-08-17,112674.99,False,A,205863,81.41,3.552,2531.63,15.04,5.54,1269.13,3528.9,130.7909677,4.077,112674.99,107974.78,100544.14713419328,100605.35173524242,114207.98515584916,101079.97930994701,108042.59708907659
4,2,2012-08-24,101654.79,False,A,205863,75.76,3.61,9983.59,0.0,23.4,8115.89,7158.66,130.8381613,4.077,101654.79,96329.83,100544.14713419328,100610.71170501431,101648.62921963929,101020.22489076636,96863.46945237892
4,2,2012-08-31,101495.5,False,A,205863,76.47,3.646,19617.58,1.02,68.29,7187.73,6428.12,130.8853548,4.077,101495.5,104098.12,100544.14713419328,100614.99968083181,107848.70283834622,101034.53156565299,104085.68130558178
4,2,2012-09-07,100312.06,True,A,205863,82.09,3.709,9082.61,16.0,59.06,7217.88,8026.47,130.9325484,4.077,100312.06,96952.19,100544.14713419328,100618.43006148582,101383.54942797875,101031.10619646493,97323.39384164143
4,2,2012-09-14,96606.57,False,A,205863,68.2,3.706,13802.34,0.0,23.12,3643.77,12517.18,130.9776667,4.077,96606.57,96937.39,100544.14713419328,100621.17436600903,103586.11471904938,101031.92631393929,97679.27346053332
4,2,2012-09-21,95291.41,False,A,205863,68.97,3.721,11214.89,5.73,16.84,6376.86,4417.13,131.0103333,4.077,95291.41,96778.13,100544.14713419328,100623.36980962759,98892.18896782551,101031.72995768253,96833.80922727415
4,2,2012-09-28,94947.88,False,A,205863,71.74,3.666,5333.92,5.73,2.94,1931.02,9753.37,131.043,4.077,94947.88,94264.32,100544.14713419328,100625.12616452244,101851.86547085713,101031.77697019083,95296.78291463452
4,2,2012-10-05,101963.71,False,A,205863,63.07,3.62,5918.34,0.0,126.57,3674.49,6807.07,131.0756667,3.879,101963.71,105441.07,100544.14713419328,100626.53124843833,100566.54506196814,101031.76571424221,104133.57069973768
4,2,2012-10-12,91054.12,False,A,205863,57.11,3.603,4975.39,0.0,61.17,1513.17,5905.53,131.1083333,3.879,91054.12,94631.83,100544.14713419328,100627.65531557103,96193.15893087865,101031.76840919263,94734.95166296029
4,2,2012-10-19,94432.15,False,A,205863,64.46,3.61,6313.84,0.0,15.05,2421.08,5885.12,131.1499677,3.879,94432.15,97077.45,100544.14713419328,100628.5545692772,100008.94232640788,101031.76776395534,97349.51825031747
4,2,2012-10-26,93534.21,False,A,205863,63.64,3.514,1763.13,88.76,66.76,0.0,7577.14,131.1930968,3.879,93534.21,89021.14,100544.14713419328,100629.27397224212,97402.2163041471,101031.767918441,90451.51741114003
4,72,2012-08-10,95228.04,False,A,205863,83.21,3.476,16996.42,36.6,60.94,4777.2,3937.09,130.7561613,4.077,95228.04,90592.72,87500.12397032375,87518.91522573528,90035.76555025262,88034.40272180732,82233.33376490731
4,72,2012-08-17,95062.53,False,A,205863,81.41,3.552,2531.63,15.04,5.54,1269.13,3528.9,130.7909677,4.077,95062.53,94992.81,87500.12397032375,87518.91522472138,92601.41923670523,87819.63363665839,87165.0398447128
4,72,2012-08-24,93412.45,False,A,205863,75.76,3.61,9983.59,0.0,23.4,8115.89,7158.66,130.8381613,4.077,93412.45,88461.13,87500.12397032375,87518.91522387236,92942.85957706101,87790.53436396085,82043.59726831033
4,72,2012-08-31,91616.59,False,A,205863,76.47,3.646,19617.58,1.02,68.29,7187.73,6428.12,130.8853548,4.077,91616.59,90505.96,87500.12397032375,87518.91522316143,93775.85376631022,87786.59167513793,83936.46891048522
4,72,2012-09-07,83037.9,True,A,205863,82.09,3.709,9082.61,16.0,59.06,7217.88,8026.47,130.9325484,4.077,83037.9,98383.13,87500.12397032375,87518.91522256611,91612.66717103204,87786.0574763861,89155.32402390138
4,72,2012-09-14,94456.96,False,A,205863,68.2,3.706,13802.34,0.0,23.12,3643.77,12517.18,130.9776667,4.077,94456.96,87642.97,87500.12397032375,87518.9152220676,90511.26133465176,87785.98509727648,81191.72838282242
4,72,2012-09-21,127832.24,False,A,205863,68.97,3.721,11214.89,5.73,16.84,6376.86,4417.13,131.0103333,4.077,127832.24,84069.95,87500.12397032375,87518.91522165018,81444.72042792596,87785.97529056037,76427.91193940374
4,72,2012-09-28,101735.37,False,A,205863,71.74,3.666,5333.92,5.73,2.94,1931.02,9753.37,131.043,4.077,101735.37,75502.22,87500.12397032375,87518.91522130065,77889.57663140827,87785.97396183884,69480.14329776767
4,72,2012-10-05,115783.96,False,A,205863,63.07,3.62,5918.34,0.0,126.57,3674.49,6807.07,131.0756667,3.879,115783.96,88351.16,87500.12397032375,87518.91522100795,86058.15938287889,87785.97378180907,81146.07471652934
4,72,2012-10-12,99291.1,False,A,205863,57.11,3.603,4975.39,0.0,61.17,1513.17,5905.53,131.1083333,3.879,99291.1,85095.34,87500.12397032375,87518.91522076286,85181.41253486025,87785.97375741665,78940.05305145012
4,72,2012-10-19,91918.26,False,A,205863,64.46,3.61,6313.84,0.0,15.05,2421.08,5885.12,131.1499677,3.879,91918.26,129343.72,87500.12397032375,87518.91522055762,106127.70560930802,87785.97375411169,116769.80415017296
4,72,2012-10-26,90201.62,False,A,205863,63.64,3.514,1763.13,88.76,66.76,0.0,7577.14,131.1930968,3.879,90201.62,112417.58,87500.12397032375,87518.91522038578,93988.42570615909,87785.9737536639,101674.29416623095
4,90,2012-08-10,95927.79,False,A,205863,83.21,3.476,16996.42,36.6,60.94,4777.2,3937.09,130.7561613,4.077,95927.79,94437.29,91642.24825708769,91588.47682931696,95435.07109193924,92072.00298526109,93167.03686424943
4,90,2012-08-17,95538.77,False,A,205863,81.41,3.552,2531.63,15.04,5.54,1269.13,3528.9,130.7909677,4.077,95538.77,99456.38,91642.24825708769,91636.89311326871,97083.84061268435,91803.21737162747,98168.50235337949
4,90,2012-08-24,92170.1,False,A,205863,75.76,3.61,9983.59,0.0,23.4,8115.89,7158.66,130.8381613,4.077,92170.1,92900.93,91642.24825708769,91678.18263760697,91045.26604662229,91768.52750518294,91614.90682116617
4,90,2012-08-31,89339.82,False,A,205863,76.47,3.646,19617.58,1.02,68.29,7187.73,6428.12,130.8853548,4.077,89339.82,94715.58,91642.24825708769,91713.39444406817,93383.37941611224,91764.0503800211,93398.23547698159
4,90,2012-09-07,97357.57,True,A,205863,82.09,3.709,9082.61,16.0,59.06,7217.88,8026.47,130.9325484,4.077,97357.57,99615.69,91642.24825708769,91743.42315798851,97830.35349244645,91763.47255566576,98309.58200578381
4,90,2012-09-14,96233.7,False,A,205863,68.2,3.706,13802.34,0.0,23.12,3643.77,12517.18,130.9776667,4.077,96233.7,99068.39,91642.24825708769,91769.03171802372,98468.49240547277,91763.39798080499,97713.13816895596
4,90,2012-09-21,95530.98,False,A,205863,68.97,3.721,11214.89,5.73,16.84,6376.86,4417.13,131.0103333,4.077,95530.98,95259.77,91642.24825708769,91790.87076010913,93961.80792280697,91763.38835606382,93928.44360406481
4,90,2012-09-28,89488.72,False,A,205863,71.74,3.666,5333.92,5.73,2.94,1931.02,9753.37,131.043,4.077,89488.72,89862.82,91642.24825708769,91809.49514814783,89826.0917258578,91763.38711388057,88481.12489970264
4,90,2012-10-05,99321.85,False,A,205863,63.07,3.62,5918.34,0.0,126.57,3674.49,6807.07,131.0756667,3.879,99321.85,104945.18,91642.24825708769,91825.37807142166,99479.84187999435,91763.38695356257,103752.28520797977
4,90,2012-10-12,100417.17,False,A,205863,57.11,3.603,4975.39,0.0,61.17,1513.17,5905.53,131.1083333,3.879,100417.17,97759.58,91642.24825708769,91838.92306689736,93354.93972818002,91763.3869328717,96522.67408800207
4,90,2012-10-19,98779.24,False,A,205863,64.46,3.61,6313.84,0.0,15.05,2421.08,5885.12,131.1499677,3.879,98779.24,98922.94,91642.24825708769,91850.47427187859,96294.73250115589,91763.3869302013,97612.2604599605
4,90,2012-10-26,94014.08,False,A,205863,63.64,3.514,1763.13,88.76,66.76,0.0,7577.14,131.1930968,3.879,94014.08,95141.39,91642.24825708769,91860.3251674922,90507.5259596229,91763.38692985666,93902.67932526467
4,92,2012-08-10,172350.05,False,A,205863,83.21,3.476,16996.42,36.6,60.94,4777.2,3937.09,130.7561613,4.077,172350.05,159670.68,166227.94134318575,166522.1227693014,177194.96470080747,166293.43579492037,165185.09094190845
4,92,2012-08-17,173825.85,False,A,205863,81.41,3.552,2531.63,15.04,5.54,1269.13,3528.9,130.7909677,4.077,173825.85,171553.94,166227.94134318575,166507.24644310586,174113.23261541102,166296.80907010878,178025.75604250157
4,92,2012-08-24,168317.08,False,A,205863,75.76,3.61,9983.59,0.0,23.4,8115.89,7158.66,130.8381613,4.077,168317.08,152595.4,166227.94134318575,166494.97944498915,159448.23096001433,166297.2486542719,158870.9557139313
4,92,2012-08-31,158089.61,False,A,205863,76.47,3.646,19617.58,1.02,68.29,7187.73,6428.12,130.8853548,4.077,158089.61,152433.05,166227.94134318575,166484.86409521676,169288.68572707952,166297.30593813572,157736.50303214963
4,92,2012-09-07,177978.85,True,A,205863,82.09,3.709,9082.61,16.0,59.06,7217.88,8026.47,130.9325484,4.077,177978.85,168013.66,166227.94134318575,166476.5229917093,176959.9450577313,166297.3134030112,173958.2690647981
4,92,2012-09-14,180938.15,False,A,205863,68.2,3.706,13802.34,0.0,23.12,3643.77,12517.18,130.9776667,4.077,180938.15,168867.79,166227.94134318575,166469.64492923123,179324.99649459298,166297.3143757872,174654.47909273178
4,92,2012-09-21,176024.88,False,A,205863,68.97,3.721,11214.89,5.73,16.84,6376.86,4417.13,131.0103333,4.077,176024.88,163451.54,166227.94134318575,166463.97328837335,171352.68982334455,166297.3145025533,169515.26189413876
4,92,2012-09-28,163451.36,False,A,205863,71.74,3.666,5333.92,5.73,2.94,1931.02,9753.37,131.043,4.077,163451.36,146263.17,166227.94134318575,166459.29646112397,166772.764256619,166297.31451907265,151248.63732869193
4,92,2012-10-05,186274.98,False,A,205863,63.07,3.62,5918.34,0.0,126.57,3674.49,6807.07,131.0756667,3.879,186274.98,178151.02,166227.94134318575,166455.43995580764,180903.58457679526,166297.31452122534,184586.62249970777
4,92,2012-10-12,179526.95,False,A,205863,57.11,3.603,4975.39,0.0,61.17,1513.17,5905.53,131.1083333,3.879,179526.95,166415.23,166227.94134318575,166452.2598868289,173963.51744873347,166297.31452150588,172456.16769254426
4,92,2012-10-19,177406.75,False,A,205863,64.46,3.61,6313.84,0.0,15.05,2421.08,5885.12,131.1499677,3.879,177406.75,171337.35,166227.94134318575,166449.63760632355,179213.8350191734,166297.31452154243,177289.5397803652
4,92,2012-10-26,164891.82,False,A,205863,63.64,3.514,1763.13,88.76,66.76,0.0,7577.14,131.1930968,3.879,164891.82,159591.49,166227.94134318575,166447.4752774261,165097.72161092676,166297.3145215472,165845.64117168522
4,95,2012-08-10,166720.93,False,A,205863,83.21,3.476,16996.42,36.6,60.94,4777.2,3937.09,130.7561613,4.077,166720.93,167571.2,165559.77611239252,166100.04314054688,174740.02135816216,166190.92177060404,175421.21844567516
4,95,2012-08-17,175362.48,False,A,205863,81.41,3.552,2531.63,15.04,5.54,1269.13,3528.9,130.7909677,4.077,175362.48,168722.92,165559.77611239252,166282.12009873043,172953.13492273953,165913.7477064148,176301.1248233645
4,95,2012-08-24,164984.73,False,A,205863,75.76,3.61,9983.59,0.0,23.4,8115.89,7158.66,130.8381613,4.077,164984.73,155105.39,165559.77611239252,166463.28667212307,161446.40975102695,165841.25363685362,163023.23768325194
4,95,2012-08-31,160200.2,False,A,205863,76.47,3.646,19617.58,1.02,68.29,7187.73,6428.12,130.8853548,4.077,160200.2,163045.62,165559.77611239252,166643.54741264874,165095.39245529176,165822.29302400944,170444.8839764693
4,95,2012-09-07,169708.19,True,A,205863,82.09,3.709,9082.61,16.0,59.06,7217.88,8026.47,130.9325484,4.077,169708.19,161286.24,165559.77611239252,166822.90684947176,166777.5595169694,165817.33393091944,169100.08635118115
4,95,2012-09-14,158167.74,False,A,205863,68.2,3.706,13802.34,0.0,23.12,3643.77,12517.18,130.9776667,4.077,158167.74,160298.69,165559.77611239252,167001.3694891107,165970.5667149084,165816.036894559,168139.61592567584
4,95,2012-09-21,155205.17,False,A,205863,68.97,3.721,11214.89,5.73,16.84,6376.86,4417.13,131.0103333,4.077,155205.17,152195.84,165559.77611239252,167178.9398155514,159010.17903362185,165815.69765847494,160216.22788393803
4,95,2012-09-28,150886.81,False,A,205863,71.74,3.666,5333.92,5.73,2.94,1931.02,9753.37,131.043,4.077,150886.81,146715.05,165559.77611239252,167355.62229035993,154838.71537521976,165815.60893226476,154916.08766382703
4,95,2012-10-05,157750.68,False,A,205863,63.07,3.62,5918.34,0.0,126.57,3674.49,6807.07,131.0756667,3.879,157750.68,161042.12,165559.77611239252,167531.4213527944,162707.0969287389,165815.5857261828,168435.17952741648
4,95,2012-10-12,152136.08,False,A,205863,57.11,3.603,4975.39,0.0,61.17,1513.17,5905.53,131.1083333,3.879,152136.08,150298.33,165559.77611239252,167706.34141991672,158932.3056443085,165815.5796566996,158563.3838863012
4,95,2012-10-19,154909.22,False,A,205863,64.46,3.61,6313.84,0.0,15.05,2421.08,5885.12,131.1499677,3.879,154909.22,157955.97,165559.77611239252,167880.3868867034,160418.84495243334,165815.57806924396,165479.43463352753
4,95,2012-10-26,145803.47,False,A,205863,63.64,3.514,1763.13,88.76,66.76,0.0,7577.14,131.1930968,3.879,145803.47,142834.93,165559.77611239252,168053.56212615618,150686.93167365703,165815.57765404956,151067.52352383186
6,92,2012-08-10,104312.39,False,A,202505,87.04,3.494,5750.2,187.04,5.21,3920.14,7505.63,223.5699533,5.668,104312.39,93726.77,102232.50415797604,102246.04484318304,101124.38505906802,103080.48219920244,100234.54271605532
6,92,2012-08-17,102025.59,False,A,202505,87.53,3.571,5433.03,171.64,0.01,4968.35,4940.37,223.6510224,5.668,102025.59,93537.24,102232.50415797604,102246.04484292524,95455.1958010333,102789.28537397883,100292.6152125645
6,92,2012-08-24,92254.28,False,A,202505,79.03,3.62,5492.77,103.36,50.0,5268.21,6277.08,223.7860175,5.668,92254.28,85919.58,102232.50415797604,102246.04484270905,94177.97102522687,102712.71966286287,92441.0265391745
6,92,2012-08-31,97124.59,False,A,202505,83.58,3.638,21801.35,111.57,16.74,15675.98,4002.59,223.9210125,5.668,97124.59,94082.08,102232.50415797604,102246.04484252773,104022.79524149263,102692.58789077302,100535.612012369
6,92,2012-09-07,103544.25,True,A,202505,86.33,3.73,14105.12,47.96,24.6,3040.62,3558.18,224.0560076,5.668,103544.25,93593.54,102232.50415797604,102246.04484237566,101400.18734864252,102687.29455199811,100136.7110015841
6,92,2012-09-14,95487.92,False,A,202505,76.41,3.717,11072.87,22.0,6.01,3871.46,9997.93,224.2004678,5.668,95487.92,89485.75,102232.50415797604,102246.04484224814,97047.11018572643,102685.90275026001,96045.35385324708
6,92,2012-09-21,97524.78,False,A,202505,70.81,3.721,8735.97,3.82,6.15,855.06,9092.57,224.4017192,5.668,97524.78,85229.81,102232.50415797604,102246.04484214119,88997.72374826648,102685.53679747281,91943.1953963481
6,92,2012-09-28,90778.91,False,A,202505,77.82,3.666,4181.54,7.64,1.65,1952.69,2447.92,224.6029706,5.668,90778.91,85760.01,102232.50415797604,102246.0448420515,90259.43766620306,102685.44057583522,92452.10631999448
6,92,2012-10-05,105457.17,False,A,202505,70.84,3.617,9663.09,0.0,40.93,3720.0,5941.24,224.804222,5.329,105457.17,100861.53,102232.50415797604,102246.04484197628,96286.74946459214,102685.41527584061,107893.50009751329
6,92,2012-10-12,107386.22,False,A,202505,65.43,3.601,1905.34,0.0,13.83,559.5,8706.87,225.0054733,5.329,107386.22,99228.65,102232.50415797604,102246.0448419132,102474.76188581077,102685.40862359748,105963.64848632147
6,92,2012-10-19,100390.24,False,A,202505,69.68,3.594,1476.45,0.0,3.1,31.32,4080.57,225.0501013,5.329,100390.24,91903.91,102232.50415797604,102246.04484186029,96207.83040691802,102685.40687449282,98607.66971025204
6,92,2012-10-26,97646.76,False,A,202505,72.34,3.506,6827.59,53.07,0.0,319.25,1881.27,225.0686254,5.329,97646.76,93745.53,102232.50415797604,102246.04484181592,100104.03267616652,102685.40641459274,100365.3271705879
6,95,2012-08-10,107032.93,False,A,202505,87.04,3.494,5750.2,187.04,5.21,3920.14,7505.63,223.5699533,5.668,107032.93,96458.11,101213.60978317425,101250.9887490829,100307.48403151653,101374.23001299232,97332.53524481233
6,95,2012-08-17,96671.07,False,A,202505,87.53,3.571,5433.03,171.64,0.01,4968.35,4940.37,223.6510224,5.668,96671.07,89441.36,101213.60978317425,101250.98965974132,93117.57799854052,101274.3711282308,90559.75078645429
6,95,2012-08-24,88186.98,False,A,202505,79.03,3.62,5492.77,103.36,50.0,5268.21,6277.08,223.7860175,5.668,88186.98,85768.92,101213.60978317425,101250.9904763937,87342.5693154206,101264.3099883118,86448.29221885416
6,95,2012-08-31,94979.3,False,A,202505,83.58,3.638,21801.35,111.57,16.74,15675.98,4002.59,223.9210125,5.668,94979.3,97915.62,101213.60978317425,101250.99120874412,99820.23644890258,101263.29629246778,98184.71008908472
6,95,2012-09-07,106658.54,True,A,202505,86.33,3.73,14105.12,47.96,24.6,3040.62,3558.18,224.0560076,5.668,106658.54,91044.4,101213.60978317425,101250.991865495,89575.27088840648,101263.19415898465,90662.14105430475
6,95,2012-09-14,88081.1,False,A,202505,76.41,3.717,11072.87,22.0,6.01,3871.46,9997.93,224.2004678,5.668,88081.1,85934.23,101213.60978317425,101250.99245445036,82517.99877196552,101263.1838686708,85255.07872151888
6,95,2012-09-21,85753.1,False,A,202505,70.81,3.721,8735.97,3.82,6.15,855.06,9092.57,224.4017192,5.668,85753.1,83548.9,101213.60978317425,101250.99298260864,77381.92668635029,101263.18283188487,82208.73715797688
6,95,2012-09-28,80957.39,False,A,202505,77.82,3.666,4181.54,7.64,1.65,1952.69,2447.92,224.6029706,5.668,80957.39,82056.36,101213.60978317425,101250.99345624585,75609.90968306403,101263.18272742498,80741.65413330263
6,95,2012-10-05,93008.64,False,A,202505,70.84,3.617,9663.09,0.0,40.93,3720.0,5941.24,224.804222,5.329,93008.64,86330.14,101213.60978317425,101250.99388099012,80420.10955639504,101263.18271690028,84986.9213808192
6,95,2012-10-12,83088.99,False,A,202505,65.43,3.601,1905.34,0.0,13.83,559.5,8706.87,225.0054733,5.329,83088.99,81326.12,101213.60978317425,101250.99426188861,78157.9850247215,101263.18271583988,80998.08268885812
6,95,2012-10-19,82656.99,False,A,202505,69.68,3.594,1476.45,0.0,3.1,31.32,4080.57,225.0501013,5.329,82656.99,78442.13,101213.60978317425,101250.99460346746,79245.8992659972,101263.18271573304,79383.89668978921
6,95,2012-10-26,82996.21,False,A,202505,72.34,3.506,6827.59,53.07,0.0,319.25,1881.27,225.0686254,5.329,82996.21,79311.37,101213.60978317425,101250.99490978559,76749.77186850933,101263.18271572227,79172.58018355277
10,2,2012-08-10,112523.39,False,B,126512,90.78,3.811,15282.47,0.0,58.8,5537.01,14827.71,130.7561613,7.17,112523.39,116330.25,107976.96395310173,108892.56324161701,118306.5062940929,111370.30120578237,114465.19662961179
10,2,2012-08-17,113259.2,False,B,126512,88.83,4.002,4407.9,0.0,7.2,3037.56,3717.52,130.7909677,7.17,113259.2,119858.79,107976.96395310173,108892.43880099437,121953.26081917142,110055.96886398942,118100.61053048358
10,2,2012-08-24,106630.07,False,B,126512,82.5,4.055,11322.69,0.0,34.0,6602.59,7256.22,130.8381613,7.17,106630.07,106724.02,107976.96395310173,108892.32240475115,107490.8225732117,109381.22848500614,104895.91649271183
10,2,2012-08-31,95671.5,False,B,126512,86.97,3.886,26218.85,0.0,68.24,12440.51,3544.68,130.8853548,7.17,95671.5,108981.34,107976.96395310173,108892.21353286394,105496.51766811727,109034.83620311994,106898.8273596658
10,2,2012-09-07,106094.76,True,B,126512,83.07,4.124,11848.88,20.0,47.52,3530.47,2552.3,130.9325484,7.17,106094.76,106874.02,107976.96395310173,108892.11169892586,103112.49059784334,108857.0083797264,104780.29597229607
10,2,2012-09-14,99757.84,False,B,126512,78.47,3.966,10389.14,0.0,15.97,4943.53,7618.04,130.9776667,7.17,99757.84,104742.41,107976.96395310173,108892.01644797347,103746.30282825847,108765.71669562567,102814.45306903444
10,2,2012-09-21,105282.5,False,B,126512,81.93,4.125,11273.56,245.91,27.0,2976.5,7950.03,131.0103333,7.17,105282.5,104948.33,107976.96395310173,108891.92735445414,102155.27574496185,108718.85017368944,102913.7573278547
10,2,2012-09-28,101696.68,False,B,126512,82.52,3.966,6091.96,62.82,2.82,3350.88,1751.75,131.043,7.17,101696.68,102264.22,107976.96395310173,108891.84402032479,99304.48558518648,108694.79025081654,100224.8654113811
10,2,2012-10-05,105938.79,False,B,126512,80.88,4.132,8975.95,0.0,46.24,9546.75,7186.77,131.0756667,6.943,105938.79,111280.17,107976.96395310173,108891.76607327357,105026.0998435461,108682.43857920248,109025.16783770696
10,2,2012-10-12,99426.46,False,B,126512,76.03,4.468,2674.51,0.0,10.32,1390.15,8116.13,131.1083333,6.943,99426.46,99815.15,107976.96395310173,108891.69316505647,100806.6296711895,108676.09758665369,98012.13936262888
10,2,2012-10-19,102492.76,False,B,126512,72.71,4.449,3067.64,0.0,53.6,967.02,2705.58,131.1499677,6.943,102492.76,103050.1,107976.96395310173,108891.6249699415,102038.54450519466,108672.84230366365,101120.75375361853
10,2,2012-10-26,101458.77,False,B,126512,70.5,4.301,9657.93,63.3,100.0,1925.87,834.57,131.1930968,6.943,101458.77,102097.86,107976.96395310173,108891.56118325338,98720.82199265799,108671.1711351102,100034.14872115843
10,38,2012-08-10,79456.11,False,B,126512,90.78,3.811,15282.47,0.0,58.8,5537.01,14827.71,130.7561613,7.17,79456.11,83514.5,83794.63005584056,80840.44945800355,97120.29685872445,83220.07465699699,86572.59394163321
10,38,2012-08-17,78532.79,False,B,126512,88.83,4.002,4407.9,0.0,7.2,3037.56,3717.52,130.7909677,7.17,78532.79,79557.55,83794.63005584056,80510.9657371506,96072.34889962476,83632.11823121634,84484.99317406883
10,38,2012-08-24,85112.42,False,B,126512,82.5,4.055,11322.69,0.0,34.0,6602.59,7256.22,130.8381613,7.17,85112.42,70091.05,83794.63005584056,80217.27833434314,78978.77024161545,83706.16239364118,73950.18260580493
10,38,2012-08-31,76349.07,False,B,126512,86.97,3.886,26218.85,0.0,68.24,12440.51,3544.68,130.8853548,7.17,76349.07,98658.34,83794.63005584056,79955.49820649797,95596.9037081729,83719.46811743407,90043.72759535786
10,38,2012-09-07,77247.83,True,B,126512,83.07,4.124,11848.88,20.0,47.52,3530.47,2552.3,130.9325484,7.17,77247.83,74690.39,83794.63005584056,79722.1588304146,89711.20931539383,83721.85915380823,80323.77634011954
10,38,2012-09-14,87518.64,False,B,126512,78.47,3.966,10389.14,0.0,15.97,4943.53,7618.04,130.9776667,7.17,87518.64,84057.42,83794.63005584056,79514.17029866793,93520.66712132047,83722.28882265087,84829.63860738384
10,38,2012-09-21,88964.54,False,B,126512,81.93,4.125,11273.56,245.91,27.0,2976.5,7950.03,131.0103333,7.17,88964.54,83300.23,83794.63005584056,79328.77840269114,85159.81523290009,83722.36603407112,80789.24870268327
10,38,2012-09-28,85036.81,False,B,126512,82.52,3.966,6091.96,62.82,2.82,3350.88,1751.75,131.043,7.17,85036.81,84365.26,83794.63005584056,79163.52816122239,86066.00549849005,83722.37990895062,81560.32091864116
10,38,2012-10-05,81722.12,False,B,126512,80.88,4.132,8975.95,0.0,46.24,9546.75,7186.77,131.0756667,6.943,81722.12,90270.56,83794.63005584056,79016.23131115458,89599.01924649051,83722.38240226418,85017.212579515
10,38,2012-10-12,96191.28,False,B,126512,76.03,4.468,2674.51,0.0,10.32,1390.15,8116.13,131.1083333,6.943,96191.28,78538.35,83794.63005584056,78884.93733029827,90449.57862818589,83722.38285031222,81927.31538953401
10,38,2012-10-19,86841.22,False,B,126512,72.71,4.449,3067.64,0.0,53.6,967.02,2705.58,131.1499677,6.943,86841.22,78613.61,83794.63005584056,78767.90760833774,89856.11274070719,83722.38293082638,81645.10977265237
10,38,2012-10-26,76447.65,False,B,126512,70.5,4.301,9657.93,63.3,100.0,1925.87,834.57,131.1930968,6.943,76447.65,82021.14,83794.63005584056,78663.59242394898,90759.82291046299,83722.38294529477,83078.51815834899
10,40,2012-08-10,98585.78,False,B,126512,90.78,3.811,15282.47,0.0,58.8,5537.01,14827.71,130.7561613,7.17,98585.78,93704.22,94391.77717648969,94381.60438854173,95082.47854505233,94962.92240616509,95998.58597408661
10,40,2012-08-17,98694.38,False,B,126512,88.83,4.002,4407.9,0.0,7.2,3037.56,3717.52,130.7909677,7.17,98694.38,92525.37,94391.77717648969,94381.42504743447,97562.45932279948,94918.60868616457,95054.1998259118
10,40,2012-08-24,98800.09,False,B,126512,82.5,4.055,11322.69,0.0,34.0,6602.59,7256.22,130.8381613,7.17,98800.09,90741.13,94391.77717648969,94381.2574224674,91215.91305580076,94912.00860663927,92924.9445249066
10,40,2012-08-31,92971.95,False,B,126512,86.97,3.886,26218.85,0.0,68.24,12440.51,3544.68,130.8853548,7.17,92971.95,96273.26,94391.77717648969,94381.10074823909,97910.50313842925,94911.02559167822,98509.05317251255
10,40,2012-09-07,97251.53,True,B,126512,83.07,4.124,11848.88,20.0,47.52,3530.47,2552.3,130.9325484,7.17,97251.53,93133.89,94391.77717648969,94380.95430935084,95502.66235553556,94910.8791815615,95442.76772615605
10,40,2012-09-14,95464.9,False,B,126512,78.47,3.966,10389.14,0.0,15.97,4943.53,7618.04,130.9776667,7.17,95464.9,91755.68,94391.77717648969,94380.81743714014,95362.18492766665,94910.8573752583,94167.76632826649
10,40,2012-09-21,91925.86,False,B,126512,81.93,4.125,11273.56,245.91,27.0,2976.5,7950.03,131.0103333,7.17,91925.86,94732.0,94391.77717648969,94380.68950662737,94606.60983594661,94910.85412743043,96824.7483705846
10,40,2012-09-28,94653.7,False,B,126512,82.52,3.966,6091.96,62.82,2.82,3350.88,1751.75,131.043,7.17,94653.7,92255.21,94391.77717648969,94380.5699336621,91308.58814098607,94910.85364369937,94292.02446434318
10,40,2012-10-05,98848.77,False,B,126512,80.88,4.132,8975.95,0.0,46.24,9546.75,7186.77,131.0756667,6.943,98848.77,99169.95,94391.77717648969,94380.45817225573,97643.50568639417,94910.85357165254,101113.93108908365
10,40,2012-10-12,97283.41,False,B,126512,76.03,4.468,2674.51,0.0,10.32,1390.15,8116.13,131.1083333,6.943,97283.41,95710.94,94391.77717648969,94380.35371208847,94429.27338955921,94910.8535609219,97686.74314660183
10,40,2012-10-19,94644.66,False,B,126512,72.71,4.449,3067.64,0.0,53.6,967.02,2705.58,131.1499677,6.943,94644.66,92492.33,94391.77717648969,94380.25607617908,96642.81101291084,94910.85355932367,94908.90701616675
10,40,2012-10-26,95015.0,False,B,126512,70.5,4.301,9657.93,63.3,100.0,1925.87,834.57,131.1930968,6.943,95015.0,93319.55,94391.77717648969,94380.16481870697,95335.32210984366,94910.85355908563,95550.42783342532
10,72,2012-08-10,105458.18,False,B,126512,90.78,3.811,15282.47,0.0,58.8,5537.01,14827.71,130.7561613,7.17,105458.18,129239.0,103920.55702292014,104326.61466178123,114166.71376250706,105595.50023311721,111469.0620866147
10,72,2012-08-17,118339.36,False,B,126512,88.83,4.002,4407.9,0.0,7.2,3037.56,3717.52,130.7909677,7.17,118339.36,152246.75,103920.55702292014,104326.61466165418,140703.84667590834,105353.62200237099,134212.55645256393
10,72,2012-08-24,115171.28,False,B,126512,82.5,4.055,11322.69,0.0,34.0,6602.59,7256.22,130.8381613,7.17,115171.28,125855.98,103920.55702292014,104326.61466154973,106441.31553808278,105335.10937601366,107158.06937280239
10,72,2012-08-31,96347.84,False,B,126512,86.97,3.886,26218.85,0.0,68.24,12440.51,3544.68,130.8853548,7.17,96347.84,139659.53,103920.55702292014,104326.61466146384,105010.96635835893,105333.69247572632,117133.61404633221
10,72,2012-09-07,110519.11,True,B,126512,83.07,4.124,11848.88,20.0,47.52,3530.47,2552.3,130.9325484,7.17,110519.11,123021.88,103920.55702292014,104326.61466139324,96059.6097469251,105333.58403047465,102874.53080509944
10,72,2012-09-14,107830.89,False,B,126512,78.47,3.966,10389.14,0.0,15.97,4943.53,7618.04,130.9776667,7.17,107830.89,113522.35,103920.55702292014,104326.61466133517,96119.37317927921,105333.57573040391,95877.65916735675
10,72,2012-09-21,123513.57,False,B,126512,81.93,4.125,11273.56,245.91,27.0,2976.5,7950.03,131.0103333,7.17,123513.57,116602.04,103920.55702292014,104326.61466128744,93182.21453112832,105333.57509514167,97503.15257597103
10,72,2012-09-28,129930.09,False,B,126512,82.52,3.966,6091.96,62.82,2.82,3350.88,1751.75,131.043,7.17,129930.09,123573.06,103920.55702292014,104326.61466124821,96437.73713797901,105333.57504652062,103555.85051197547
10,72,2012-10-05,121408.81,False,B,126512,80.88,4.132,8975.95,0.0,46.24,9546.75,7186.77,131.0756667,6.943,121408.81,126638.92,103920.55702292014,104326.61466121594,103289.5055574464,105333.57504279932,107726.11719092887
10,72,2012-10-12,113547.32,False,B,126512,76.03,4.468,2674.51,0.0,10.32,1390.15,8116.13,131.1083333,6.943,113547.32,117679.29,103920.55702292014,104326.61466118942,89015.21506469276,105333.5750425145,98133.36309478883
10,72,2012-10-19,101213.23,False,B,126512,72.71,4.449,3067.64,0.0,53.6,967.02,2705.58,131.1499677,6.943,101213.23,145623.07,103920.55702292014,104326.61466116761,98460.99548424411,105333.5750424927,121392.84873459241
10,72,2012-10-26,121126.83,False,B,126512,70.5,4.301,9657.93,63.3,100.0,1925.87,834.57,131.1930968,6.943,121126.83,148579.95,103920.55702292014,104326.61466114968,89785.44369363724,105333.57504249102,121630.8426972691
13,90,2012-08-10,117598.61,False,A,219622,81.69,3.509,6249.06,70.38,51.09,3258.43,7070.04,130.7561613,5.765,117598.61,117293.1,117286.67617914261,116350.56718526423,117368.82641333815,117474.18987039498,118622.26291120642
13,90,2012-08-17,126591.48,False,A,219622,79.4,3.545,5063.08,6.76,40.96,2344.61,5594.85,130.7909677,5.765,126591.48,125182.44,117286.67617914261,116263.23451092996,122352.57283685509,117269.40796731772,126271.77997079925
13,90,2012-08-24,118548.58,False,A,219622,77.37,3.582,9360.8,71.92,179.51,8290.49,6291.99,130.8381613,5.765,118548.58,124570.63,117286.67617914261,116185.77729170129,121505.23782754985,117239.59428745085,125674.26244879112
13,90,2012-08-31,120221.14,False,A,219622,79.18,3.624,21327.53,50.44,88.44,9444.6,3872.19,130.8853548,5.765,120221.14,126932.75,117286.67617914261,116117.07882510361,126470.3340180385,117235.2537891263,128162.33410590905
13,90,2012-09-07,126632.77,True,A,219622,70.65,3.689,17452.15,18.74,69.23,4472.17,5180.78,130.9325484,5.765,126632.77,120231.85,117286.67617914261,116056.14868379633,119360.655495103,117234.62186694195,121454.29829067588
13,90,2012-09-14,121946.64,False,A,219622,68.55,3.749,13208.43,0.0,28.06,1300.16,10484.98,130.9776667,5.765,121946.64,127394.62,117286.67617914261,116002.10843655956,124447.96173447995,117234.52986698774,128504.58738807817
13,90,2012-09-21,124686.64,False,A,219622,67.96,3.821,10671.71,141.83,46.0,2465.37,12372.29,131.0103333,5.765,124686.64,119132.23,117286.67617914261,115954.17898393146,117251.53857388225,117234.51647294685,120313.8127268624
13,90,2012-09-28,120890.02,False,A,219622,64.8,3.821,5197.64,63.1,2.6,3022.73,9779.77,131.043,5.765,120890.02,124090.48,117286.67617914261,115911.6693259137,119803.30958574322,117234.51452294228,125146.31280856066
13,90,2012-10-05,130632.28,False,A,219622,61.79,3.815,6607.14,0.0,50.6,3943.91,7700.91,131.0756667,5.621,130632.28,136150.82,117286.67617914261,115873.96659980899,128891.44855438611,117234.51423904604,137045.90496198036
13,90,2012-10-12,129858.28,False,A,219622,55.1,3.797,1927.15,0.0,9.72,518.97,11269.24,131.1083333,5.621,129858.28,126101.13,117286.67617914261,115840.52724456569,125572.91991795415,117234.5141977143,127354.01660252635
13,90,2012-10-19,130456.3,False,A,219622,52.06,3.781,2753.9,0.0,8.84,775.96,6978.9,131.1499677,5.621,130456.3,129683.06,117286.67617914261,115810.86916424592,124971.53901775806,117234.51419169693,130731.97918626825
13,90,2012-10-26,128116.96,False,A,219622,46.97,3.755,10192.49,364.57,150.0,1714.15,5563.92,131.1930968,5.621,128116.96,125507.96,117286.67617914261,115784.56477763756,125276.84323780508,117234.51419082088,126793.59786739068
13,92,2012-08-10,171785.37,False,A,219622,81.69,3.509,6249.06,70.38,51.09,3258.43,7070.04,130.7561613,5.765,171785.37,159494.55,170320.20098931386,170200.7753537775,171213.78183701346,170478.17319294385,168849.61883553115
13,92,2012-08-17,182031.93,False,A,219622,79.4,3.545,5063.08,6.76,40.96,2344.61,5594.85,130.7909677,5.765,182031.93,165405.33,170320.20098931386,170172.19372734748,178751.82745505727,170318.26738161343,174422.5109146507
13,92,2012-08-24,168512.87,False,A,219622,77.37,3.582,9360.8,71.92,179.51,8290.49,6291.99,130.8381613,5.765,168512.87,158956.09,170320.20098931386,170148.8715313989,171732.2752873514,170295.43768830952,168073.19687688275
13,92,2012-08-31,167187.38,False,A,219622,79.18,3.624,21327.53,50.44,88.44,9444.6,3872.19,130.8853548,5.765,167187.38,160983.38,170320.20098931386,170129.8409550531,182571.82548929658,170292.17830147414,169601.5064785733
13,92,2012-09-07,182296.84,True,A,219622,70.65,3.689,17452.15,18.74,69.23,4472.17,5180.78,130.9325484,5.765,182296.84,159306.23,170320.20098931386,170114.31227855748,172136.54315901166,170291.712960026,168421.33777051204
13,92,2012-09-14,176190.23,False,A,219622,68.55,3.749,13208.43,0.0,28.06,1300.16,10484.98,130.9776667,5.765,176190.23,172475.45,170320.20098931386,170101.64110195596,182574.464740731,170291.64652340024,181706.62097687044
13,92,2012-09-21,179575.44,False,A,219622,67.96,3.821,10671.71,141.83,46.0,2465.37,12372.29,131.0103333,5.765,179575.44,159841.27,170320.20098931386,170091.30160415577,165561.6785488099,170291.63703826786,169345.3207771899
13,92,2012-09-28,169014.0,False,A,219622,64.8,3.821,5197.64,63.1,2.6,3022.73,9779.77,131.043,5.765,169014.0,171956.21,170320.20098931386,170082.8647227104,172663.68277087455,170291.63568407902,181707.03753481223
13,92,2012-10-05,181471.61,False,A,219622,61.79,3.815,6607.14,0.0,50.6,3943.91,7700.91,131.0756667,5.621,181471.61,194865.26,170320.20098931386,170075.98034883663,187838.56147806713,170291.635490742,204983.038550279
13,92,2012-10-12,184760.29,False,A,219622,55.1,3.797,1927.15,0.0,9.72,518.97,11269.24,131.1083333,5.621,184760.29,174861.48,170320.20098931386,170070.36279880465,184807.5243859774,170291.63546313933,184081.52456882483
13,92,2012-10-19,184451.36,False,A,219622,52.06,3.781,2753.9,0.0,8.84,775.96,6978.9,131.1499677,5.621,184451.36,176631.51,170320.20098931386,170065.77895880106,178310.49741850543,170291.6354591985,186294.087325696
13,92,2012-10-26,183483.92,False,A,219622,46.97,3.755,10192.49,364.57,150.0,1714.15,5563.92,131.1930968,5.621,183483.92,165500.6,170320.20098931386,170062.03861130818,180406.12654576363,170291.63545863586,174453.46539915836
13,95,2012-08-10,157892.86,False,A,219622,81.69,3.509,6249.06,70.38,51.09,3258.43,7070.04,130.7561613,5.765,157892.86,148875.78,156583.5147038924,157048.17489942288,152347.49493174916,155845.10259078193,156987.71016692888
13,95,2012-08-17,159904.77,False,A,219622,79.4,3.545,5063.08,6.76,40.96,2344.61,5594.85,130.7909677,5.765,159904.77,147497.03,156583.5147038924,157206.61778000533,155773.90765916512,155876.37990495423,156164.36616206402
13,95,2012-08-24,148855.22,False,A,219622,77.37,3.582,9360.8,71.92,179.51,8290.49,6291.99,130.8381613,5.765,148855.22,146692.13,156583.5147038924,157364.26844618487,147391.0479513329,155883.3351297133,154667.47410345377
13,95,2012-08-31,152271.8,False,A,219622,79.18,3.624,21327.53,50.44,88.44,9444.6,3872.19,130.8853548,5.765,152271.8,151999.7,156583.5147038924,157521.1308590335,152838.3256780665,155884.88178270217,160021.31840310467
13,95,2012-09-07,153517.31,True,A,219622,70.65,3.689,17452.15,18.74,69.23,4472.17,5180.78,130.9325484,5.765,153517.31,140673.12,156583.5147038924,157677.2089598179,140756.55017145144,155885.225716299,148716.07652908287
13,95,2012-09-14,140257.94,False,A,219622,68.55,3.749,13208.43,0.0,28.06,1300.16,10484.98,130.9776667,5.765,140257.94,144877.75,156583.5147038924,157832.50667009834,144364.29567436286,155885.30219778506,152876.52910506655
13,95,2012-09-21,144488.89,False,A,219622,67.96,3.821,10671.71,141.83,46.0,2465.37,12372.29,131.0103333,5.765,144488.89,136196.93,156583.5147038924,157987.0278918274,135230.76155156794,155885.3192051893,144223.68875299604
13,95,2012-09-28,134396.52,False,A,219622,64.8,3.821,5197.64,63.1,2.6,3022.73,9779.77,131.043,5.765,134396.52,136320.32,156583.5147038924,158140.77650744782,135771.69838464237,155885.32298717386,144418.61569518247
13,95,2012-10-05,140831.65,False,A,219622,61.79,3.815,6607.14,0.0,50.6,3943.91,7700.91,131.0756667,5.621,140831.65,146504.82,156583.5147038924,158293.75637999014,141044.37829005596,155885.32382818445,154075.7880765231
13,95,2012-10-12,135555.41,False,A,219622,55.1,3.797,1927.15,0.0,9.72,518.97,11269.24,131.1083333,5.621,135555.41,134564.08,156583.5147038924,158445.97135316973,134801.6277086126,155885.32401520235,142773.56379340662
13,95,2012-10-19,137768.88,False,A,219622,52.06,3.781,2753.9,0.0,8.84,775.96,6978.9,131.1499677,5.621,137768.88,140546.86,156583.5147038924,158597.42525148345,135026.24921224805,155885.32405679004,148129.64314848723
13,95,2012-10-26,127416.33,False,A,219622,46.97,3.755,10192.49,364.57,150.0,1714.15,5563.92,131.1930968,5.621,127416.33,126575.61,156583.5147038924,158748.12188030558,126058.7977475186,155885.324066038,134702.38089671507
14,38,2012-08-10,76610.6,False,A,200898,78.65,3.722,32432.09,23.68,32.44,4309.81,3570.81,191.1626135,8.684,76610.6,104054.18,87446.35758051668,87456.43684900872,80752.12049618494,87363.74308756944,82710.1793292705
14,38,2012-08-17,89901.3,False,A,200898,75.71,3.807,4625.55,62.5,5.84,2100.73,2663.23,191.2284919,8.684,89901.3,99430.06,87446.35758051668,87325.27912603518,77766.6978672479,87326.68994384723,78819.27731706898
14,38,2012-08-24,81688.48,False,A,200898,72.62,3.834,6647.88,34.56,255.31,6931.8,9414.1,191.3448865,8.684,81688.48,99831.45,87446.35758051668,87194.7771916765,80900.06587671528,87333.56310649219,79166.19484939732
14,38,2012-08-31,95512.39,False,A,200898,75.09,3.867,24718.73,9.94,120.98,14110.32,3332.99,191.461281,8.684,95512.39,95701.09,87446.35758051668,87064.92776698964,67862.2069108931,87332.28817108864,74578.61164857908
14,38,2012-09-07,72916.46,True,A,200898,75.7,3.911,6623.84,6.97,34.35,2720.17,5498.39,191.5776756,8.684,72916.46,98712.88,87446.35758051668,86935.72758942618,74209.57814577482,87332.52466487864,77757.5620807696
14,38,2012-09-14,84533.61,False,A,200898,67.87,3.948,11320.02,0.0,28.2,855.45,1743.58,191.69985,8.684,84533.61,90251.35,87446.35758051668,86807.17341275056,89642.81642945098,87332.48079652849,70835.9534691616
14,38,2012-09-21,79170.64,False,A,200898,65.32,4.038,21474.27,98.28,29.88,1924.92,15282.51,191.8567038,8.684,79170.64,117335.68,87446.35758051668,86679.26200695832,79893.25009696088,87332.48893387597,95492.64326114091
14,38,2012-09-28,81150.05,False,A,200898,64.88,3.997,3816.64,38.19,8.16,2545.14,3536.04,192.0135577,8.684,81150.05,104259.74,87446.35758051668,86551.99015819503,81183.15439004087,87332.48742444094,83376.50447214754
14,38,2012-10-05,78208.01,False,A,200898,64.89,3.985,9219.05,0.0,12.04,3592.0,3300.66,192.1704115,8.667,78208.01,92618.97,87446.35758051668,86425.35466867556,83319.12243730662,87332.48770443318,72647.35755112072
14,38,2012-10-12,88187.52,False,A,200898,54.47,4.0,3214.56,0.0,20.28,822.73,7207.7,192.3272654,8.667,88187.52,109905.36,87446.35758051668,86299.35235660369,74165.93210447552,87332.4876524961,88205.85811139867
14,38,2012-10-19,84021.86,False,A,200898,56.47,3.969,4192.74,0.0,17.46,1076.25,3839.99,192.3308542,8.667,84021.86,98842.75,87446.35758051668,86173.98005609217,85048.35270321733,87332.48766213015,78563.64839627185
14,38,2012-10-26,81545.6,False,A,200898,58.85,3.882,9258.41,99.19,117.84,1489.28,1433.31,192.3088989,8.667,81545.6,112181.52,87446.35758051668,86049.23461708322,93864.36366209626,87332.48766034309,91555.50843844582
14,72,2012-08-10,59961.61,False,A,200898,78.65,3.722,32432.09,23.68,32.44,4309.81,3570.81,191.1626135,8.684,59961.61,79826.3,59867.482980069224,60100.613194428806,64302.78054033609,60445.221159107634,55223.60568622148
14,72,2012-08-17,75391.22,False,A,200898,75.71,3.807,4625.55,62.5,5.84,2100.73,2663.23,191.2284919,8.684,75391.22,80726.72,59867.482980069224,60100.61319137717,79620.760749335,60464.862540542825,59429.21149795317
14,72,2012-08-24,65670.59,False,A,200898,72.62,3.834,6647.88,34.56,255.31,6931.8,9414.1,191.3448865,8.684,65670.59,78366.36,59867.482980069224,60100.61318879632,68091.69027832482,60465.83962620535,54997.70469824059
14,72,2012-08-31,72635.27,False,A,200898,75.09,3.867,24718.73,9.94,120.98,14110.32,3332.99,191.461281,8.684,72635.27,74904.03,59867.482980069224,60100.61318661364,83694.60984228185,60465.8882325824,56454.36039802377
14,72,2012-09-07,73279.48,True,A,200898,75.7,3.911,6623.84,6.97,34.35,2720.17,5498.39,191.5776756,8.684,73279.48,82451.13,59867.482980069224,60100.613184767695,81110.71500119161,60465.89065056885,60526.82442451174
14,72,2012-09-14,65689.96,False,A,200898,67.87,3.948,11320.02,0.0,28.2,855.45,1743.58,191.69985,8.684,65689.96,77329.22,59867.482980069224,60100.61318320654,77118.81319036445,60465.89077085468,56244.05443385718
14,72,2012-09-21,79630.3,False,A,200898,65.32,4.038,21474.27,98.28,29.88,1924.92,15282.51,191.8567038,8.684,79630.3,72625.9,59867.482980069224,60100.61318188623,59891.75786249382,60465.89077683845,48973.610974266856
14,72,2012-09-28,90215.88,False,A,200898,64.88,3.997,3816.64,38.19,8.16,2545.14,3536.04,192.0135577,8.684,90215.88,61359.5,59867.482980069224,60100.61318076961,52859.77241713866,60465.89077713613,39967.52108277863
14,72,2012-10-05,89332.43,False,A,200898,64.89,3.985,9219.05,0.0,12.04,3592.0,3300.66,192.1704115,8.667,89332.43,79918.38,59867.482980069224,60100.61317982525,53400.19494805257,60465.89077715093,51970.98120635409
14,72,2012-10-12,72917.39,False,A,200898,54.47,4.0,3214.56,0.0,20.28,822.73,7207.7,192.3272654,8.667,72917.39,77696.13,59867.482980069224,60100.61317902659,77637.21704099393,60465.89077715167,56521.73323143754
14,72,2012-10-19,69389.31,False,A,200898,56.47,3.969,4192.74,0.0,17.46,1076.25,3839.99,192.3308542,8.667,69389.31,139004.32,59867.482980069224,60100.61317835115,68564.05810174416,60465.890777151704,93530.52165088277
14,72,2012-10-26,63071.17,False,A,200898,58.85,3.882,9258.41,99.19,117.84,1489.28,1433.31,192.3088989,8.667,63071.17,118609.56,59867.482980069224,60100.61317777991,59287.39657994182,60465.890777151704,78112.62065305044
14,90,2012-08-10,91686.21,False,A,200898,78.65,3.722,32432.09,23.68,32.44,4309.81,3570.81,191.1626135,8.684,91686.21,107445.6,90205.00720300118,88955.14868231169,86984.12649264192,84293.36950345774,82377.30566071188
14,90,2012-08-17,86483.09,False,A,200898,75.71,3.807,4625.55,62.5,5.84,2100.73,2663.23,191.2284919,8.684,86483.09,107057.98,90205.00720300118,88577.19603923426,84623.38673328715,85178.37583193515,81495.67431215833
14,90,2012-08-24,85339.29,False,A,200898,72.62,3.834,6647.88,34.56,255.31,6931.8,9414.1,191.3448865,8.684,85339.29,138231.7,90205.00720300118,88274.83392477232,82454.31586129928,84981.92933708409,109384.90231262924
14,90,2012-08-31,85460.23,False,A,200898,75.09,3.867,24718.73,9.94,120.98,14110.32,3332.99,191.461281,8.684,85460.23,90563.66,90205.00720300118,88032.94423320275,92738.42953889383,85025.53492960642,67846.07317447398
14,90,2012-09-07,102944.9,True,A,200898,75.7,3.911,6623.84,6.97,34.35,2720.17,5498.39,191.5776756,8.684,102944.9,128470.61,90205.00720300118,87839.43247994712,96026.25926388691,85015.85571542311,102123.20492864771
14,90,2012-09-14,89831.47,False,A,200898,67.87,3.948,11320.02,0.0,28.2,855.45,1743.58,191.69985,8.684,89831.47,111020.47,90205.00720300118,87684.62307734259,83832.03424495198,85018.00422853317,85444.96867807032
14,90,2012-09-21,89765.77,False,A,200898,65.32,4.038,21474.27,98.28,29.88,1924.92,15282.51,191.8567038,8.684,89765.77,110587.89,90205.00720300118,87560.77555525898,79207.61434873292,85017.52731909645,84723.34656887899
14,90,2012-09-28,85001.13,False,A,200898,64.88,3.997,3816.64,38.19,8.16,2545.14,3536.04,192.0135577,8.684,85001.13,105622.09,90205.00720300118,87461.69753759209,77914.44492605863,85017.63317956794,80246.69521727154
14,90,2012-10-05,95863.28,False,A,200898,64.89,3.985,9219.05,0.0,12.04,3592.0,3300.66,192.1704115,8.667,95863.28,126129.76,90205.00720300118,87382.43512345858,89408.79838688862,85017.6096815229,99741.0630668497
14,90,2012-10-12,90327.67,False,A,200898,54.47,4.0,3214.56,0.0,20.28,822.73,7207.7,192.3272654,8.667,90327.67,108236.99,90205.00720300118,87319.02519215178,78151.97497191881,85017.6148974275,82791.25249796342
14,90,2012-10-19,88422.49,False,A,200898,56.47,3.969,4192.74,0.0,17.46,1076.25,3839.99,192.3308542,8.667,88422.49,106148.35,90205.00720300118,87268.29724710633,74579.02816671936,85017.6137396435,80685.05904579643
14,90,2012-10-26,96371.83,False,A,200898,58.85,3.882,9258.41,99.19,117.84,1489.28,1433.31,192.3088989,8.667,96371.83,108059.12,90205.00720300118,87227.71489106996,74540.77810051573,85017.61399663896,82479.193638786
14,91,2012-08-10,80567.08,False,A,200898,78.65,3.722,32432.09,23.68,32.44,4309.81,3570.81,191.1626135,8.684,80567.08,89657.48,76401.28120524704,75631.24255219912,79430.35039692494,72347.81334781132,70654.52470224522
14,91,2012-08-17,71425.91,False,A,200898,75.71,3.807,4625.55,62.5,5.84,2100.73,2663.23,191.2284919,8.684,71425.91,83730.39,76401.28120524704,75341.66886621992,81238.92800038055,72880.51692270434,63104.763063822225
14,91,2012-08-24,68851.29,False,A,200898,72.62,3.834,6647.88,34.56,255.31,6931.8,9414.1,191.3448865,8.684,68851.29,97952.46,76401.28120524704,75110.00991743655,75978.70712420222,72798.35284151303,78468.33027634701
14,91,2012-08-31,66775.09,False,A,200898,75.09,3.867,24718.73,9.94,120.98,14110.32,3332.99,191.461281,8.684,66775.09,68981.8,76401.28120524704,74924.68275840985,84717.0013520184,72811.0258111648,48374.26815227098
14,91,2012-09-07,88988.06,True,A,200898,75.7,3.911,6623.84,6.97,34.35,2720.17,5498.39,191.5776756,8.684,88988.06,101500.47,76401.28120524704,74776.4210311885,89598.39388477599,72809.07113513768,81630.1914272162
14,91,2012-09-14,72625.21,False,A,200898,67.87,3.948,11320.02,0.0,28.2,855.45,1743.58,191.69985,8.684,72625.21,84958.86,76401.28120524704,74657.81164941142,79081.94615231529,72809.37262393438,64867.89545236748
14,91,2012-09-21,71744.71,False,A,200898,65.32,4.038,21474.27,98.28,29.88,1924.92,15282.51,191.8567038,8.684,71744.71,87464.02,76401.28120524704,74562.92414398975,73651.52479657483,72809.32612236927,67583.02858516797
14,91,2012-09-28,66414.24,False,A,200898,64.88,3.997,3816.64,38.19,8.16,2545.14,3536.04,192.0135577,8.684,66414.24,82196.43,76401.28120524704,74487.01413965241,72292.00115061499,72809.33329476035,62212.05453452177
14,91,2012-10-05,81781.84,False,A,200898,64.89,3.985,9219.05,0.0,12.04,3592.0,3300.66,192.1704115,8.667,81781.84,111635.07,76401.28120524704,74426.28613618255,94411.04716814304,72809.33218849234,91795.50690894377
14,91,2012-10-12,76052.46,False,A,200898,54.47,4.0,3214.56,0.0,20.28,822.73,7207.7,192.3272654,8.667,76052.46,93614.42,76401.28120524704,74377.70373340666,79634.19695282134,72809.33235912287,73705.54856203799
14,91,2012-10-19,72196.75,False,A,200898,56.47,3.969,4192.74,0.0,17.46,1076.25,3839.99,192.3308542,8.667,72196.75,88199.47,76401.28120524704,74338.83781118593,77721.41575906241,72809.33233280486,68228.24455993116
14,91,2012-10-26,74168.86,False,A,200898,58.85,3.882,9258.41,99.19,117.84,1489.28,1433.31,192.3088989,8.667,74168.86,85294.8,76401.28120524704,74307.74507340937,75502.01187713767,72809.33233686414,65313.33484992537
14,92,2012-08-10,163284.81,False,A,200898,78.65,3.722,32432.09,23.68,32.44,4309.81,3570.81,191.1626135,8.684,163284.81,174877.08,155562.59554117406,152805.71291724927,147297.47374908853,146195.3527269547,140298.62012279537
14,92,2012-08-17,149472.75,False,A,200898,75.71,3.807,4625.55,62.5,5.84,2100.73,2663.23,191.2284919,8.684,149472.75,170690.98,155562.59554117406,152045.18687961088,144169.361691419,148459.24293548497,132937.7130933196
14,92,2012-08-24,145009.72,False,A,200898,72.62,3.834,6647.88,34.56,255.31,6931.8,9414.1,191.3448865,8.684,145009.72,241120.0,155562.59554117406,151436.76604950015,158521.3222469339,147974.79154487018,203452.15125378108
14,92,2012-08-31,138589.09,False,A,200898,75.09,3.867,24718.73,9.94,120.98,14110.32,3332.99,191.461281,8.684,138589.09,149419.91,155562.59554117406,150950.0293854116,150943.18846953026,148078.45962426037,113326.54171831917
14,92,2012-09-07,190579.72,True,A,200898,75.7,3.911,6623.84,6.97,34.35,2720.17,5498.39,191.5776756,8.684,190579.72,214448.96,155562.59554117406,150560.6400541407,172643.3274755305,148056.27562212382,177571.350418101
14,92,2012-09-14,146630.33,False,A,200898,67.87,3.948,11320.02,0.0,28.2,855.45,1743.58,191.69985,8.684,146630.33,177437.5,155562.59554117406,150249.128589124,143775.7357045292,148061.02279168353,140561.95384841584
14,92,2012-09-21,148417.22,False,A,200898,65.32,4.038,21474.27,98.28,29.88,1924.92,15282.51,191.8567038,8.684,148417.22,178288.71,155562.59554117406,149999.91941711068,137011.9520958691,148060.0069416719,141341.0525370692
14,92,2012-09-28,139707.8,False,A,200898,64.88,3.997,3816.64,38.19,8.16,2545.14,3536.04,192.0135577,8.684,139707.8,172057.5,155562.59554117406,149800.5520795,137763.66324066918,148060.22432410013,135242.83777985277
14,92,2012-10-05,169519.23,False,A,200898,64.89,3.985,9219.05,0.0,12.04,3592.0,3300.66,192.1704115,8.667,169519.23,221834.28,155562.59554117406,149641.05820941145,177628.77373419356,148060.1778062879,184750.09473015746
14,92,2012-10-12,156174.21,False,A,200898,54.47,4.0,3214.56,0.0,20.28,822.73,7207.7,192.3272654,8.667,156174.21,187911.15,155562.59554117406,149513.4631133406,147444.2411105478,148060.18776066587,150938.86328776588
14,92,2012-10-19,152511.55,False,A,200898,56.47,3.969,4192.74,0.0,17.46,1076.25,3839.99,192.3308542,8.667,152511.55,181127.71,155562.59554117406,149411.38703648394,144393.7134641392,148060.18563052182,144281.26121257874
14,92,2012-10-26,164464.02,False,A,200898,58.85,3.882,9258.41,99.19,117.84,1489.28,1433.31,192.3088989,8.667,164464.02,183447.07,155562.59554117406,149329.72617499862,141700.96328254385,148060.1860863528,146449.2202543315
14,95,2012-08-10,126159.0,False,A,200898,78.65,3.722,32432.09,23.68,32.44,4309.81,3570.81,191.1626135,8.684,126159.0,145969.16,121680.360259746,121008.87640373464,113099.98655691285,116188.38401333505,109558.60525813593
14,95,2012-08-17,117213.66,False,A,200898,75.71,3.807,4625.55,62.5,5.84,2100.73,2663.23,191.2284919,8.684,117213.66,142079.44,121680.360259746,120815.24982800281,106750.98040466337,117267.09454191756,104573.14872713073
14,95,2012-08-24,113004.06,False,A,200898,72.62,3.834,6647.88,34.56,255.31,6931.8,9414.1,191.3448865,8.684,113004.06,206433.98,121680.360259746,120622.59138514962,116235.3023105278,117002.23994858822,165536.81579431356
14,95,2012-08-31,107728.92,False,A,200898,75.09,3.867,24718.73,9.94,120.98,14110.32,3332.99,191.461281,8.684,107728.92,126671.85,121680.360259746,120430.8962345107,111329.38207021402,117067.26940157764,90879.5267898961
14,95,2012-09-07,131721.03,True,A,200898,75.7,3.911,6623.84,6.97,34.35,2720.17,5498.39,191.5776756,8.684,131721.03,161246.98,121680.360259746,120240.15955962498,120359.78330615914,117051.30279249245,123770.18249902486
14,95,2012-09-14,110840.96,False,A,200898,67.87,3.948,11320.02,0.0,28.2,855.45,1743.58,191.69985,8.684,110840.96,143460.54,121680.360259746,120050.37656811369,99368.65970653552,117055.2230562185,105748.28018110926
14,95,2012-09-21,110174.12,False,A,200898,65.32,4.038,21474.27,98.28,29.88,1924.92,15282.51,191.8567038,8.684,110174.12,137095.63,121680.360259746,119861.54249155996,96800.21626964444,117054.2605182369,99704.17719793957
14,95,2012-09-28,105376.06,False,A,200898,64.88,3.997,3816.64,38.19,8.16,2545.14,3536.04,192.0135577,8.684,105376.06,134772.5,121680.360259746,119673.65258538898,93943.50760523138,117054.4968491143,97341.20129007818
14,95,2012-10-05,118491.68,False,A,200898,64.89,3.985,9219.05,0.0,12.04,3592.0,3300.66,192.1704115,8.667,118491.68,152106.66,121680.360259746,119486.70212874888,111565.67572770495,117054.43882305747,114643.922805485
14,95,2012-10-12,109851.09,False,A,200898,54.47,4.0,3214.56,0.0,20.28,822.73,7207.7,192.3272654,8.667,109851.09,136819.1,121680.360259746,119300.68642439196,93380.24332632871,117054.4530701305,99189.88106245625
14,95,2012-10-19,109526.8,False,A,200898,56.47,3.969,4192.74,0.0,17.46,1076.25,3839.99,192.3308542,8.667,109526.8,133454.08,121680.360259746,119115.60079855683,89148.80730772187,117054.44957206254,95764.05655732556
14,95,2012-10-26,121352.61,False,A,200898,58.85,3.882,9258.41,99.19,117.84,1489.28,1433.31,192.3088989,8.667,121352.61,137222.81,121680.360259746,118931.44060085088,91494.69638362322,117054.45043093927,99398.12756417459
19,92,2012-08-10,118870.4,False,A,203819,74.45,3.863,6196.55,232.43,76.35,3086.53,3417.36,138.1437742,8.193,118870.4,112962.42,106119.41396580922,105020.33183492305,113621.01279045902,107109.37026747811,110277.28705194047
19,92,2012-08-17,109323.61,False,A,203819,69.83,3.963,4512.6,370.35,11.11,2282.3,3764.75,138.1857097,8.193,109323.61,106001.69,106119.41396580922,104828.69268043214,105016.8273968201,106734.15526123195,102641.46550693926
19,92,2012-08-24,116413.39,False,A,203819,66.66,3.997,9087.86,237.03,102.63,5601.12,6738.74,138.2814516,8.193,116413.39,119582.87,106119.41396580922,104663.7259010085,115965.38654392936,106644.91217394343,115873.07154100339
19,92,2012-08-31,114468.21,False,A,203819,71.85,4.026,19970.78,236.96,23.99,7058.25,2595.88,138.3771935,8.193,114468.21,128390.79,106119.41396580922,104521.7192302647,124277.51736191068,106623.68613421633,124496.17148605832
19,92,2012-09-07,125067.37,True,A,203819,72.2,4.076,9053.47,27.41,22.94,1677.12,4844.18,138.4729355,8.193,125067.37,133409.6,106119.41396580922,104399.47707577643,130706.95723571762,106618.637622604,129721.81062197602
19,92,2012-09-14,117189.75,False,A,203819,65.08,4.088,13667.97,0.0,13.57,1166.93,7136.43,138.5673,8.193,117189.75,113103.31,106119.41396580922,104294.24860829908,112310.6610770247,106617.43685836217,109912.7319913846
19,92,2012-09-21,111963.98,False,A,203819,60.62,4.203,11030.97,147.55,13.5,1516.01,9152.78,138.6534,8.193,111963.98,107552.16,106119.41396580922,104203.66585954117,106199.9431689379,106617.15126235384,104343.89398462011
19,92,2012-09-28,110587.33,False,A,203819,56.81,4.158,2992.04,48.46,0.0,2463.88,3732.36,138.7395,8.193,110587.33,110047.61,106119.41396580922,104125.69043550202,109511.47467396971,106617.08333471483,106950.87419062419
19,92,2012-10-05,121725.85,False,A,203819,59.86,4.151,6971.59,0.0,10.96,3640.93,3827.33,138.8256,7.992,121725.85,130941.16,106119.41396580922,104058.5676462573,127786.93970857453,106617.06717845211,127257.9077557248
19,92,2012-10-12,122328.76,False,A,203819,48.29,4.186,2374.5,0.0,7.25,919.32,6101.0,138.9117,7.992,122328.76,116911.62,106119.41396580922,104000.7870199701,113926.23723841863,106617.0633357626,113409.31778497197
19,92,2012-10-19,111288.85,False,A,203819,53.44,4.153,2948.25,0.0,17.4,811.41,2017.49,138.8336129,7.992,111288.85,118840.84,106119.41396580922,103951.04831256972,112725.64774535887,106617.06242179737,114851.71776189929
19,92,2012-10-26,109033.04,False,A,203819,56.49,4.071,5430.75,90.07,0.0,904.34,1665.77,138.7281613,7.992,109033.04,111812.21,106119.41396580922,103908.23224820994,108772.47219928812,106617.06220441512,108374.4298085018
19,95,2012-08-10,103645.21,False,A,203819,74.45,3.863,6196.55,232.43,76.35,3086.53,3417.36,138.1437742,8.193,103645.21,98661.83,98018.34424695236,97956.95013043405,96795.67711980898,96958.76905549616,93777.8562553102
19,95,2012-08-17,92635.23,False,A,203819,69.83,3.963,4512.6,370.35,11.11,2282.3,3764.75,138.1857097,8.193,92635.23,96292.04,98018.34424695236,97942.31561504434,90830.26163181134,97285.30100269275,90455.94920087467
19,95,2012-08-24,99766.11,False,A,203819,66.66,3.997,9087.86,237.03,102.63,5601.12,6738.74,138.2814516,8.193,99766.11,106238.38,98018.34424695236,97927.78787687664,95973.02420093563,97396.27091136701,97747.22767529504
19,95,2012-08-31,107075.96,False,A,203819,71.85,4.026,19970.78,236.96,23.99,7058.25,2595.88,138.3771935,8.193,107075.96,111202.69,98018.34424695236,97913.36613685664,107173.3468677033,97433.98336412056,103799.80796768176
19,95,2012-09-07,108665.87,True,A,203819,72.2,4.076,9053.47,27.41,22.94,1677.12,4844.18,138.4729355,8.193,108665.87,112114.69,98018.34424695236,97899.04962159433,102664.28581930454,97446.79971325232,103036.84581573214
19,95,2012-09-14,97591.4,False,A,203819,65.08,4.088,13667.97,0.0,13.57,1166.93,7136.43,138.5673,8.193,97591.4,97668.88,98018.34424695236,97884.83756334257,89539.86163082397,97451.15527204188,90916.6377450431
19,95,2012-09-21,91865.46,False,A,203819,60.62,4.203,11030.97,147.55,13.5,1516.01,9152.78,138.6534,8.193,91865.46,93558.92,98018.34424695236,97870.72919995594,88927.07677149586,97452.63548237123,88347.098222758
19,95,2012-09-28,88565.27,False,A,203819,56.81,4.158,2992.04,48.46,0.0,2463.88,3732.36,138.7395,8.193,88565.27,93808.72,98018.34424695236,97856.72377484974,87818.22499460103,97453.13852290518,88149.06550628765
19,95,2012-10-05,93610.04,False,A,203819,59.86,4.151,6971.59,0.0,10.96,3640.93,3827.33,138.8256,7.992,93610.04,99676.09,98018.34424695236,97842.82053695961,96220.81168500023,97453.30947819023,93936.61717970797
19,95,2012-10-12,88767.53,False,A,203819,48.29,4.186,2374.5,0.0,7.25,919.32,6101.0,138.9117,7.992,88767.53,94009.81,98018.34424695236,97829.01874070108,85691.16745352617,97453.36757631059,87639.20741973672
19,95,2012-10-19,84269.04,False,A,203819,53.44,4.153,2948.25,0.0,17.4,811.41,2017.49,138.8336129,7.992,84269.04,88808.97,98018.34424695236,97815.31764592968,83814.50395371705,97453.38732060565,84034.2124641929
19,95,2012-10-26,85833.32,False,A,203819,56.49,4.071,5430.75,90.07,0.0,904.34,1665.77,138.7281613,7.992,85833.32,87104.54,98018.34424695236,97801.71651790124,85299.09387009687,97453.39403058498,83397.98035364324
20,38,2012-08-10,109597.15,False,A,203742,75.4,3.722,16845.14,156.18,12.47,6921.28,6346.44,214.7484595,7.28,109597.15,111502.45,117737.96920463223,118333.77987255059,119574.6433802761,119828.98094841941,120818.8784466886
20,38,2012-08-17,111501.24,False,A,203742,69.57,3.807,3008.99,99.68,1.12,2535.66,2831.84,214.825578,7.28,111501.24,97615.05,117737.96920463223,118381.22254966314,123826.91787495227,118679.35353549322,120071.00103242244
20,38,2012-08-24,110673.02,False,A,203742,68.27,3.834,6125.02,53.4,84.62,9638.85,8710.31,214.9567044,7.28,110673.02,96664.86,117737.96920463223,118423.87218010513,123229.66704842263,118572.97452200687,118490.1496215739
20,38,2012-08-31,109884.25,False,A,203742,72.66,3.867,19058.96,32.04,125.49,9015.83,4449.08,215.0878309,7.28,109884.25,119415.86,117737.96920463223,118462.21299659238,123255.30079172555,118563.1309027759,125682.89480220969
20,38,2012-09-07,128804.6,True,A,203742,76.36,3.911,11783.56,-0.99,83.85,1938.4,3708.67,215.2189573,7.28,128804.6,98443.51,117737.96920463223,118496.68031069747,130963.40838300764,118562.22003853314,122314.64039340221
20,38,2012-09-14,121817.83,False,A,203742,64.84,3.948,10404.97,0.0,40.11,1481.31,8655.59,215.3583757,7.28,121817.83,107274.55,117737.96920463223,118527.66545526302,115605.64219884084,118562.13575310424,118195.88927901795
20,38,2012-09-21,107513.38,False,A,203742,60.94,4.038,8475.15,168.56,49.78,1727.92,9072.77,215.5475459,7.28,107513.38,106211.34,117737.96920463223,118555.52022749219,128390.35893389203,118562.12795388106,123306.18855363531
20,38,2012-09-28,114014.23,False,A,203742,58.65,3.997,6245.6,52.64,21.5,3301.81,7195.56,215.7367162,7.28,114014.23,119614.15,117737.96920463223,118580.56088316177,124752.59648845746,118562.12723219188,125774.648858506
20,38,2012-10-05,124166.0,False,A,203742,60.77,3.985,5800.66,0.0,33.68,4286.15,3224.25,215.9258865,7.293,124166.0,111903.17,117737.96920463223,118603.0717273074,128024.64443139306,118562.12716541148,124804.60364538596
20,38,2012-10-12,119799.68,False,A,203742,47.2,4.0,2449.31,0.0,35.08,1019.9,9743.56,216.1150568,7.293,119799.68,95121.0,117737.96920463223,118623.3083421483,115364.56691761564,118562.12715923206,114023.83357909668
20,38,2012-10-19,107033.57,False,A,203742,56.26,3.969,4174.31,0.0,15.84,838.05,3838.56,216.1464699,7.293,107033.57,107221.17,117737.96920463223,118641.50048890074,128093.48586297395,118562.12715866025,123088.34414264039
20,38,2012-10-26,108597.09,False,A,203742,60.04,3.882,10813.19,22.33,102.91,867.39,1671.76,216.1515902,7.293,108597.09,109283.32,117737.96920463223,118657.85471642668,122729.40331869098,118562.12715860734,121240.49808649663
20,72,2012-08-10,71553.95,False,A,203742,75.4,3.722,16845.14,156.18,12.47,6921.28,6346.44,214.7484595,7.28,71553.95,79813.19,60768.5074452523,60791.641189373,60322.322753596905,60549.01143317013,62368.28506701291
20,72,2012-08-17,71556.93,False,A,203742,69.57,3.807,3008.99,99.68,1.12,2535.66,2831.84,214.825578,7.28,71556.93,77725.53,60768.5074452523,60791.641189278605,70014.0518182707,60719.74913532194,57335.426563490786
20,72,2012-08-24,70202.92,False,A,203742,68.27,3.834,6125.02,53.4,84.62,9638.85,8710.31,214.9567044,7.28,70202.92,87295.29,60768.5074452523,60791.641189201124,75616.6417260949,60725.370710925126,67950.97630328857
20,72,2012-08-31,74311.19,False,A,203742,72.66,3.867,19058.96,32.04,125.49,9015.83,4449.08,215.0878309,7.28,74311.19,88257.35,60768.5074452523,60791.641189137525,79735.08344338002,60725.555802512186,68401.88829214564
20,72,2012-09-07,64402.18,True,A,203742,76.36,3.911,11783.56,-0.99,83.85,1938.4,3708.67,215.2189573,7.28,64402.18,61910.75,60768.5074452523,60791.64118908532,56946.151936600116,60725.56189669254,44349.12453420073
20,72,2012-09-14,76073.02,False,A,203742,64.84,3.948,10404.97,0.0,40.11,1481.31,8655.59,215.3583757,7.28,76073.02,72283.68,60768.5074452523,60791.64118904247,70518.34801391674,60725.56209734474,55138.29485823042
20,72,2012-09-21,97082.06,False,A,203742,60.94,4.038,8475.15,168.56,49.78,1727.92,9072.77,215.5475459,7.28,97082.06,69794.36,60768.5074452523,60791.64118900729,57664.36893552847,60725.562103951255,50101.065440253784
20,72,2012-09-28,98375.32,False,A,203742,58.65,3.997,6245.6,52.64,21.5,3301.81,7195.56,215.7367162,7.28,98375.32,65049.92,60768.5074452523,60791.64118897842,54356.0963377663,60725.56210416878,46229.489512461456
20,72,2012-10-05,86466.03,False,A,203742,60.77,3.985,5800.66,0.0,33.68,4286.15,3224.25,215.9258865,7.293,86466.03,75958.98,60768.5074452523,60791.64118895472,59360.532525531744,60725.56210417594,55526.649453266255
20,72,2012-10-12,81175.98,False,A,203742,47.2,4.0,2449.31,0.0,35.08,1019.9,9743.56,216.1150568,7.293,81175.98,61531.15,60768.5074452523,60791.641188935275,52034.21318968566,60725.56210417617,44103.784005557165
20,72,2012-10-19,63571.41,False,A,203742,56.26,3.969,4174.31,0.0,15.84,838.05,3838.56,216.1464699,7.293,63571.41,125223.61,60768.5074452523,60791.641188919304,81285.4520067421,60725.56210417618,96413.01502077382
20,72,2012-10-26,86319.25,False,A,203742,60.04,3.882,10813.19,22.33,102.91,867.39,1671.76,216.1515902,7.293,86319.25,107423.52,60768.5074452523,60791.6411889062,69612.60903444426,60725.56210417618,81120.21542265505
20,90,2012-08-10,100372.02,False,A,203742,75.4,3.722,16845.14,156.18,12.47,6921.28,6346.44,214.7484595,7.28,100372.02,101418.55,93196.79437934882,92382.60287375617,105564.09680569182,93308.49976844716,99262.6672415831
20,90,2012-08-17,96350.87,False,A,203742,69.57,3.807,3008.99,99.68,1.12,2535.66,2831.84,214.825578,7.28,96350.87,94998.98,93196.79437934882,92346.68564801541,96061.30732664594,93425.34899219302,91985.45112975997
20,90,2012-08-24,90545.38,False,A,203742,68.27,3.834,6125.02,53.4,84.62,9638.85,8710.31,214.9567044,7.28,90545.38,93728.36,93196.79437934882,92315.23039363034,93907.96622510461,93445.541464265,90761.5868633571
20,90,2012-08-31,91867.53,False,A,203742,72.66,3.867,19058.96,32.04,125.49,9015.83,4449.08,215.0878309,7.28,91867.53,101540.91,93196.79437934882,92287.68280307947,103829.56885646038,93449.03088349524,98664.79690946196
20,90,2012-09-07,99849.34,True,A,203742,76.36,3.911,11783.56,-0.99,83.85,1938.4,3708.67,215.2189573,7.28,99849.34,107991.82,93196.79437934882,92263.55743006968,106062.09105101816,93449.6338827972,104304.08589138695
20,90,2012-09-14,100422.86,False,A,203742,64.84,3.948,10404.97,0.0,40.11,1481.31,8655.59,215.3583757,7.28,100422.86,102603.8,93196.79437934882,92242.42913495481,101638.77351724675,93449.73808585628,99217.77534524034
20,90,2012-09-21,94987.08,False,A,203742,60.94,4.038,8475.15,168.56,49.78,1727.92,9072.77,215.5475459,7.28,94987.08,95252.02,93196.79437934882,92223.92559288401,91080.81684374044,93449.75609297086,91553.97666760882
20,90,2012-09-28,90889.75,False,A,203742,58.65,3.997,6245.6,52.64,21.5,3301.81,7195.56,215.7367162,7.28,90889.75,93623.38,93196.79437934882,92207.72073265725,96044.25296151545,93449.759204743,91000.95285369274
20,90,2012-10-05,102764.52,False,A,203742,60.77,3.985,5800.66,0.0,33.68,4286.15,3224.25,215.9258865,7.293,102764.52,107425.84,93196.79437934882,92193.52899066731,105501.8479452467,93449.75974248188,103762.59355385006
20,90,2012-10-12,105059.88,False,A,203742,47.2,4.0,2449.31,0.0,35.08,1019.9,9743.56,216.1150568,7.293,105059.88,103722.06,93196.79437934882,92181.10027867039,104492.96577255853,93449.75983540743,100611.6508907562
20,90,2012-10-19,96616.19,False,A,203742,56.26,3.969,4174.31,0.0,15.84,838.05,3838.56,216.1464699,7.293,96616.19,99709.46,93196.79437934882,92170.21557670693,97089.69694471719,93449.7598514657,96207.85495138829
20,90,2012-10-26,93460.57,False,A,203742,60.04,3.882,10813.19,22.33,102.91,867.39,1671.76,216.1515902,7.293,93460.57,95502.73,93196.79437934882,92160.68307351091,95120.0224754188,93449.75985424069,92496.32177196215
20,92,2012-08-10,194032.48,False,A,203742,75.4,3.722,16845.14,156.18,12.47,6921.28,6346.44,214.7484595,7.28,194032.48,173616.04,167731.87356634627,167152.76531459342,196095.40049419377,168755.13052349942,174590.3495519503
20,92,2012-08-17,178603.53,False,A,203742,69.57,3.807,3008.99,99.68,1.12,2535.66,2831.84,214.825578,7.28,178603.53,154544.41,167731.87356634627,167066.18853449085,166473.86685291008,168621.88721392365,154102.06414423016
20,92,2012-08-24,159088.13,False,A,203742,68.27,3.834,6125.02,53.4,84.62,9638.85,8710.31,214.9567044,7.28,159088.13,144088.38,167731.87356634627,166996.92711040878,159996.76524781337,168597.10283727976,144092.4394093151
20,92,2012-08-31,159049.57,False,A,203742,72.66,3.867,19058.96,32.04,125.49,9015.83,4449.08,215.0878309,7.28,159049.57,164320.09,167731.87356634627,166941.51797114316,186006.3520392587,168592.4927346969,164370.26738279275
20,92,2012-09-07,178042.73,True,A,203742,76.36,3.911,11783.56,-0.99,83.85,1938.4,3708.67,215.2189573,7.28,178042.73,177797.45,167731.87356634627,166897.19065973064,190070.7103559869,168591.63521682867,177595.5678373909
20,92,2012-09-14,186759.11,False,A,203742,64.84,3.948,10404.97,0.0,40.11,1481.31,8655.59,215.3583757,7.28,186759.11,174558.24,167731.87356634627,166861.72881060062,184550.6487556914,168591.47571129032,174287.28975687086
20,92,2012-09-21,171529.39,False,A,203742,60.94,4.038,8475.15,168.56,49.78,1727.92,9072.77,215.5475459,7.28,171529.39,153460.19,167731.87356634627,166833.3593312966,158050.00157700246,168591.44604191816,153053.84645807894
20,92,2012-09-28,158539.12,False,A,203742,58.65,3.997,6245.6,52.64,21.5,3301.81,7195.56,215.7367162,7.28,158539.12,150256.26,167731.87356634627,166810.66374785342,169369.74685153505,168591.4405231653,150258.60383051395
20,92,2012-10-05,187027.05,False,A,203742,60.77,3.985,5800.66,0.0,33.68,4286.15,3224.25,215.9258865,7.293,187027.05,187148.37,167731.87356634627,166792.50728109883,198433.82139503016,168591.43949663083,186901.50023372256
20,92,2012-10-12,191136.1,False,A,203742,47.2,4.0,2449.31,0.0,35.08,1019.9,9743.56,216.1150568,7.293,191136.1,182995.14,167731.87356634627,166777.9821076952,189950.25584054374,168591.4393056868,182635.20195380054
20,92,2012-10-19,171537.94,False,A,203742,56.26,3.969,4174.31,0.0,15.84,838.05,3838.56,216.1464699,7.293,171537.94,168519.99,167731.87356634627,166766.36196897228,174128.80566800988,168591.4392701696,168141.35344163733
20,92,2012-10-26,160785.98,False,A,203742,60.04,3.882,10813.19,22.33,102.91,867.39,1671.76,216.1515902,7.293,160785.98,159043.55,167731.87356634627,166757.06585799393,165265.809306139,168591.43926356308,158692.26649840176
20,95,2012-08-10,174529.94,False,A,203742,75.4,3.722,16845.14,156.18,12.47,6921.28,6346.44,214.7484595,7.28,174529.94,162233.26,159250.2257222625,159420.8599560904,175897.63925858142,158024.3356434765,157752.24263462095
20,95,2012-08-17,158188.87,False,A,203742,69.57,3.807,3008.99,99.68,1.12,2535.66,2831.84,214.825578,7.28,158188.87,150600.59,159250.2257222625,159463.11252319798,156441.97014450727,158230.99618603438,144652.58836209067
20,95,2012-08-24,151040.06,False,A,203742,68.27,3.834,6125.02,53.4,84.62,9638.85,8710.31,214.9567044,7.28,151040.06,141664.52,159250.2257222625,159505.15382747006,144913.1056260248,158290.0981293931,135551.51710240453
20,95,2012-08-31,153289.15,False,A,203742,72.66,3.867,19058.96,32.04,125.49,9015.83,4449.08,215.0878309,7.28,153289.15,154018.64,159250.2257222625,159546.98492522075,163426.3553465239,158307.00043529796,148685.59164596026
20,95,2012-09-07,158419.86,True,A,203742,76.36,3.911,11783.56,-0.99,83.85,1938.4,3708.67,215.2189573,7.28,158419.86,157060.82,159250.2257222625,159588.6068674827,155191.7243851698,158311.83425172878,149810.17829670064
20,95,2012-09-14,158569.31,False,A,203742,64.84,3.948,10404.97,0.0,40.11,1481.31,8655.59,215.3583757,7.28,158569.31,153382.54,159250.2257222625,159630.02070003335,152481.40123187512,158313.21665371693,146373.4156655219
20,95,2012-09-21,147852.54,False,A,203742,60.94,4.038,8475.15,168.56,49.78,1727.92,9072.77,215.5475459,7.28,147852.54,137080.9,159250.2257222625,159671.2274634212,139743.22000446045,158313.61200080637,130976.73285749965
20,95,2012-09-28,136009.73,False,A,203742,58.65,3.997,6245.6,52.64,21.5,3301.81,7195.56,215.7367162,7.28,136009.73,137190.69,159250.2257222625,159712.22819299216,139492.60580325272,158313.7250643888,130997.41694373902
20,95,2012-10-05,154324.26,False,A,203742,60.77,3.985,5800.66,0.0,33.68,4286.15,3224.25,215.9258865,7.293,154324.26,148157.0,159250.2257222625,159753.02391891525,150107.58681007047,158313.7573989475,141686.90293758927
20,95,2012-10-12,154962.77,False,A,203742,47.2,4.0,2449.31,0.0,35.08,1019.9,9743.56,216.1150568,7.293,154962.77,154192.98,159250.2257222625,159793.61566620873,150190.4512917348,158313.7666461663,146588.3704615904
20,95,2012-10-19,146373.83,False,A,203742,56.26,3.969,4174.31,0.0,15.84,838.05,3838.56,216.1464699,7.293,146373.83,142458.53,159250.2257222625,159834.00445476573,139900.8880662735,158313.7692907379,135269.27235440028
20,95,2012-10-26,141644.44,False,A,203742,60.04,3.882,10813.19,22.33,102.91,867.39,1671.76,216.1515902,7.293,141644.44,133484.29,159250.2257222625,159874.19129937998,138930.66484978565,158313.77004704735,127735.1573338202
24,92,2012-08-10,147557.68,False,A,203819,75.53,3.863,37938.11,798.52,178.81,12823.7,5682.73,138.1437742,8.953,147557.68,130071.33,123628.19546831958,123789.15827161027,129199.70529883425,124624.51235192527,133168.30701385383
24,92,2012-08-17,120974.69,False,A,203819,72.87,3.963,4703.02,262.05,9.3,4744.01,1858.94,138.1857097,8.953,120974.69,117698.15,123628.19546831958,123803.92646693003,117228.85576864137,124038.64922325067,120728.08005521107
24,92,2012-08-24,114312.22,False,A,203819,68.13,3.997,8778.19,280.89,91.01,8868.81,3798.51,138.2814516,8.953,114312.22,128637.75,123628.19546831958,123815.74102318585,119453.7549700138,123994.9737789372,131035.0863439762
24,92,2012-08-31,114999.79,False,A,203819,71.18,4.026,34000.98,79.5,69.24,8772.12,4937.68,138.3771935,8.953,114999.79,107542.08,123628.19546831958,123825.1926681905,125182.95125738501,123991.71782316423,111963.01526334892
24,92,2012-09-07,148160.88,True,A,203819,72.81,4.076,15092.87,60.92,89.01,2756.36,4563.61,138.4729355,8.953,148160.88,148125.22,123628.19546831958,123832.75398419423,145118.9425508309,123991.47509528448,150828.64490123416
24,92,2012-09-14,127620.98,False,A,203819,64.28,4.088,8179.55,1.0,30.77,1838.92,3353.34,138.5673,8.953,127620.98,113548.16,123628.19546831958,123838.80303699721,122602.216111276,123991.45700019113,117319.74684904164
24,92,2012-09-21,122230.72,False,A,203819,61.25,4.203,11768.07,1.91,56.98,873.12,6190.47,138.6534,8.953,122230.72,116314.19,123628.19546831958,123843.64227923959,112936.18891864471,123991.45565122206,119182.03999727729
24,92,2012-09-28,123594.9,False,A,203819,58.86,4.158,11941.13,15.28,21.76,984.11,7013.13,138.7395,8.953,123594.9,116140.3,123628.19546831958,123847.51367303349,118443.42035731442,123991.45555065792,119406.64383627618
24,92,2012-10-05,150026.37,False,A,203819,60.35,4.151,10349.0,0.0,16.05,5824.86,2770.76,138.8256,8.693,150026.37,147637.35,123628.19546831958,123850.61078806862,146842.4426858877,123991.45554316098,150496.1238342812
24,92,2012-10-12,146764.4,False,A,203819,51.64,4.186,5138.51,0.0,141.88,407.81,3284.69,138.9117,8.693,146764.4,128260.15,123628.19546831958,123853.08848009672,124547.60224492912,123991.45554260208,131035.95031463222
24,92,2012-10-19,126124.97,False,A,203819,52.59,4.153,3446.7,0.0,101.0,111.46,5963.01,138.8336129,8.693,126124.97,118740.86,123628.19546831958,123855.0706337192,120455.30027843508,123991.45554256042,121970.40944118299
24,92,2012-10-26,134136.75,False,A,203819,55.16,4.071,10844.38,104.16,105.09,1795.68,3059.8,138.7281613,8.693,134136.75,123905.76,123628.19546831958,123856.65635661718,117418.766288186,123991.45554255732,126517.07237408153
24,95,2012-08-10,118515.97,False,A,203819,75.53,3.863,37938.11,798.52,178.81,12823.7,5682.73,138.1437742,8.953,118515.97,110381.64,109749.86239968368,109908.10997378077,107802.48924518569,110832.38514610734,105840.37358221778
24,95,2012-08-17,101827.34,False,A,203819,72.87,3.963,4703.02,262.05,9.3,4744.01,1858.94,138.1857097,8.953,101827.34,95979.25,109749.86239968368,109973.26529642094,98454.5251273848,110499.753961499,95180.17349604965
24,95,2012-08-24,94025.93,False,A,203819,68.13,3.997,8778.19,280.89,91.01,8868.81,3798.51,138.2814516,8.953,94025.93,109276.85,109749.86239968368,110038.09484244791,91045.76310265056,110389.35607569103,100531.8092719944
24,95,2012-08-31,93379.62,False,A,203819,71.18,4.026,34000.98,79.5,69.24,8772.12,4937.68,138.3771935,8.953,93379.62,94955.44,109749.86239968368,110102.60024074475,100317.5236576666,110352.71581538225,95019.51702260668
24,95,2012-09-07,111886.77,True,A,203819,72.81,4.076,15092.87,60.92,89.01,2756.36,4563.61,138.4729355,8.953,111886.77,106204.69,109749.86239968368,110166.7831120501,105517.47928550375,110340.55517783317,103048.02725244751
24,95,2012-09-14,94513.81,False,A,203819,64.28,4.088,8179.55,1.0,30.77,1838.92,3353.34,138.5673,8.953,94513.81,86752.78,109749.86239968368,110230.64506899894,85473.82383949892,110336.51915013157,85782.81135826997
24,95,2012-09-21,90351.01,False,A,203819,61.25,4.203,11768.07,1.91,56.98,873.12,6190.47,138.6534,8.953,90351.01,84505.96,109749.86239968368,110294.18771616303,81858.15357169085,110335.1796217111,83370.23808515757
24,95,2012-09-28,86208.19,False,A,203819,58.86,4.158,11941.13,15.28,21.76,984.11,7013.13,138.7395,8.953,86208.19,88044.7,109749.86239968368,110357.41265009128,83637.23124887014,110334.73504191087,85936.80692902027
24,95,2012-10-05,96309.3,False,A,203819,60.35,4.151,10349.0,0.0,16.05,5824.86,2770.76,138.8256,8.693,96309.3,94804.34,109749.86239968368,110420.32145934991,96100.13005190917,110334.58748908874,93550.32381728226
24,95,2012-10-12,94234.1,False,A,203819,51.64,4.186,5138.51,0.0,141.88,407.81,3284.69,138.9117,8.693,94234.1,91542.0,109749.86239968368,110482.91572456223,88845.37328782569,110334.53851737363,89495.1039026323
24,95,2012-10-19,84716.46,False,A,203819,52.59,4.153,3446.7,0.0,101.0,111.46,5963.01,138.8336129,8.693,84716.46,81165.14,109749.86239968368,110545.1970184485,81153.6459865529,110334.52226401537,81165.46344541541
24,95,2012-10-26,90839.46,False,A,203819,55.16,4.071,10844.38,104.16,105.09,1795.68,3059.8,138.7281613,8.693,90839.46,83318.53,109749.86239968368,110607.16690586534,80180.23752095675,110334.51686964324,82097.17520685337
26,38,2012-08-10,99630.5,False,A,152513,67.01,3.772,5732.23,17.6,6.45,1524.63,2439.95,138.1437742,7.405,99630.5,114178.37,103889.80245904205,103919.18429077209,107909.80939797449,103726.53398097855,118965.73430998357
26,38,2012-08-17,89179.0,False,A,152513,65.54,3.84,2430.95,16.0,5.54,829.7,3038.77,138.1857097,7.405,89179.0,97079.04,103889.80245904205,103919.18429077217,102544.03010205382,103106.81571614802,105077.37242889422
26,38,2012-08-24,100466.97,False,A,152513,62.08,3.874,4507.08,33.6,149.46,1866.46,4685.63,138.2814516,7.405,100466.97,105054.4,103889.80245904205,103919.18429077226,100464.06117418861,103052.69865234155,110728.60505855824
26,38,2012-08-31,101800.54,False,A,152513,63.69,3.884,13118.17,3.4,86.31,2176.09,2555.38,138.3771935,7.405,101800.54,120479.52,103889.80245904205,103919.18429077232,115726.01703739516,103047.97286521982,125644.22877999068
26,38,2012-09-07,92455.36,True,A,152513,61.58,3.921,4133.77,6.0,72.78,526.42,3514.48,138.4729355,7.405,92455.36,93375.52,103889.80245904205,103919.18429077236,102096.76695604326,103047.56018459104,102139.42491003663
26,38,2012-09-14,96869.79,False,A,152513,57.69,3.988,7606.73,0.0,22.66,368.91,9072.93,138.5673,7.405,96869.79,103304.77,103889.80245904205,103919.1842907724,106835.93309650835,103047.52414714437,110679.5536344872
26,38,2012-09-21,97836.24,False,A,152513,52.68,4.056,6916.18,3.82,0.0,228.31,7025.39,138.6534,7.405,97836.24,98813.48,103889.80245904205,103919.18429077243,96139.45822643541,103047.52100016468,105079.66265387638
26,38,2012-09-28,100603.81,False,A,152513,50.66,4.018,2409.15,7.64,0.22,1016.11,2465.17,138.7395,7.405,100603.81,118632.48,103889.80245904205,103919.18429077246,117067.64998588481,103047.52072535382,124501.47813633771
26,38,2012-10-05,116015.32,False,A,152513,54.07,4.027,3140.4,0.0,3.24,1333.43,3283.83,138.8256,7.138,116015.32,116288.16,103889.80245904205,103919.18429077248,112505.0011234597,103047.5207013559,121775.6682451187
26,38,2012-10-12,98631.39,False,A,152513,45.19,4.029,1269.8,0.0,15.38,317.73,7746.76,138.9117,7.138,98631.39,99322.83,103889.80245904205,103919.1842907725,98323.47063259018,103047.52069926028,105906.13831508583
26,38,2012-10-19,110440.94,False,A,152513,43.51,4.0,1697.09,0.0,2.64,106.35,2481.19,138.8336129,7.138,110440.94,104260.7,103889.80245904205,103919.18429077251,104417.8993941521,103047.52069907727,110916.35459500508
26,38,2012-10-26,86813.55,False,A,152513,46.95,3.917,1827.16,35.87,50.0,478.93,2088.65,138.7281613,7.138,86813.55,96023.87,103889.80245904205,103919.18429077252,104382.60307557334,103047.5206990613,104615.45202612453
27,90,2012-08-10,89599.84,False,A,204184,78.44,3.863,5892.89,148.66,14.01,4147.47,5611.07,142.1705634,8.239,89599.84,96813.28,89051.48742996439,88821.93817596238,89794.90905620894,88378.31728914507,89597.07493738654
27,90,2012-08-17,91170.54,False,A,204184,76.51,3.963,4017.25,33.65,6.2,1753.64,6783.58,142.2157385,8.239,91170.54,95210.8,89051.48742996439,88756.42715908341,90672.4508991432,88406.80707825327,89105.55340941821
27,90,2012-08-24,86603.66,False,A,204184,72.93,3.997,4757.01,85.3,371.06,3090.86,8212.53,142.3105933,8.239,86603.66,117142.72,89051.48742996439,88704.01834558025,87739.08581311758,88410.68885064138,100351.4268682801
27,90,2012-08-31,87902.47,False,A,204184,75.0,4.026,25371.97,59.81,276.58,6582.38,5400.13,142.4054482,8.239,87902.47,82235.8,89051.48742996439,88662.0912947777,94070.9424938011,88411.21774739158,83026.90510317398
27,90,2012-09-07,100441.76,True,A,204184,76.0,4.076,18992.1,56.16,118.16,4511.15,7235.18,142.500303,8.239,100441.76,110702.33,89051.48742996439,88628.54965413567,99632.12812923829,88411.2898102908,100393.69883291639
27,90,2012-09-14,88444.38,False,A,204184,68.72,4.088,17121.4,17.82,18.5,2384.18,4270.34,142.5938833,8.239,88444.38,98229.41,89051.48742996439,88601.71634162204,86019.29364570137,88411.2996289585,89551.1052794688
27,90,2012-09-21,91607.15,False,A,204184,66.1,4.203,18287.65,63.82,677.64,6039.37,3359.1,142.6798167,8.239,91607.15,95697.94,89051.48742996439,88580.24969161114,82040.87287555441,88411.30096676528,87012.95302291632
27,90,2012-09-28,88602.1,False,A,204184,64.92,4.158,26306.03,39.82,55.24,11296.93,12954.12,142.76575,8.239,88602.1,95849.49,89051.48742996439,88563.07637160242,79641.33462235946,88411.30114904327,86391.14491998467
27,90,2012-10-05,90132.9,False,A,204184,64.5,4.151,16670.04,0.0,40.02,5385.32,6733.38,142.8516833,8.0,90132.9,98900.7,89051.48742996439,88549.33771559545,91766.33761864976,88411.30117387889,91581.62782001802
27,90,2012-10-12,95178.85,False,A,204184,55.4,4.186,2177.62,0.0,7.22,863.01,7931.82,142.9376167,8.0,95178.85,96036.19,89051.48742996439,88538.34679078986,87967.56667092985,88411.30117726278,88900.34666329059
27,90,2012-10-19,90573.3,False,A,204184,56.53,4.153,2639.32,0.0,4.77,575.48,3147.23,142.8633629,8.0,90573.3,97250.94,89051.48742996439,88529.5540509454,87771.71344044102,88411.30117772384,89528.09780654461
27,90,2012-10-26,97305.99,False,A,204184,58.99,4.071,7756.75,206.45,100.0,731.23,2174.84,142.7624113,8.0,97305.99,98609.22,89051.48742996439,88522.51985906983,86983.04311211723,88411.30117778666,90055.43887239594
27,92,2012-08-10,143905.06,False,A,204184,78.44,3.863,5892.89,148.66,14.01,4147.47,5611.07,142.1705634,8.239,143905.06,147814.84,138788.62248662394,139472.25319907197,147344.53921829254,137553.13209671748,141156.01910768822
27,92,2012-08-17,144627.75,False,A,204184,76.51,3.963,4017.25,33.65,6.2,1753.64,6783.58,142.2157385,8.239,144627.75,138755.26,138788.62248662394,139472.25319907145,146478.9738086037,137948.5871973869,133675.2867336647
27,92,2012-08-24,137088.36,False,A,204184,72.93,3.997,4757.01,85.3,371.06,3090.86,8212.53,142.3105933,8.239,137088.36,182446.24,138788.62248662394,139472.253199071,145758.8044398986,137998.10734710688,164173.6485226112
27,92,2012-08-31,137220.53,False,A,204184,75.0,4.026,25371.97,59.81,276.58,6582.38,5400.13,142.4054482,8.239,137220.53,123234.87,138788.62248662394,139472.2531990707,148929.820737681,138004.30841828824,123767.91198612782
27,92,2012-09-07,159620.82,True,A,204184,76.0,4.076,18992.1,56.16,118.16,4511.15,7235.18,142.500303,8.239,159620.82,163926.04,138788.62248662394,139472.25319907043,162766.57529226638,138005.08493621103,155188.3935728658
27,92,2012-09-14,138774.34,False,A,204184,68.72,4.088,17121.4,17.82,18.5,2384.18,4270.34,142.5938833,8.239,138774.34,139963.06,138788.62248662394,139472.2531990702,137109.16081950528,138005.18217426343,132717.9728208636
27,92,2012-09-21,138999.64,False,A,204184,66.1,4.203,18287.65,63.82,677.64,6039.37,3359.1,142.6798167,8.239,138999.64,138232.2,138788.62248662394,139472.25319907005,131819.5601608552,138005.19435072268,130332.19800959901
27,92,2012-09-28,133645.67,False,A,204184,64.92,4.158,26306.03,39.82,55.24,11296.93,12954.12,142.76575,8.239,133645.67,139742.15,138788.62248662394,139472.2531990699,123734.74563107334,138005.19587549777,129512.34374750606
27,92,2012-10-05,141883.37,False,A,204184,64.5,4.151,16670.04,0.0,40.02,5385.32,6733.38,142.8516833,8.0,141883.37,151824.14,138788.62248662394,139472.2531990698,148851.23725614167,138005.19606643496,143526.5679320628
27,92,2012-10-12,153916.28,False,A,204184,55.4,4.186,2177.62,0.0,7.22,863.01,7931.82,142.9376167,8.0,153916.28,150560.39,138788.62248662394,139472.2531990697,150558.78472686608,138005.19609034472,143008.34167547943
27,92,2012-10-19,141544.19,False,A,204184,56.53,4.153,2639.32,0.0,4.77,575.48,3147.23,142.8633629,8.0,141544.19,143556.43,138788.62248662394,139472.25319906964,145661.6105549624,138005.19609333877,137015.17513014234
27,92,2012-10-26,156059.63,False,A,204184,58.99,4.071,7756.75,206.45,100.0,731.23,2174.84,142.7624113,8.0,156059.63,145362.99,138788.62248662394,139472.2531990696,137274.06483399429,138005.1960937137,136333.37764856167
27,95,2012-08-10,124757.74,False,A,204184,78.44,3.863,5892.89,148.66,14.01,4147.47,5611.07,142.1705634,8.239,124757.74,129059.15,122088.00071611702,122246.55201748268,126980.7934276156,120580.11607477145,119463.2116032201
27,95,2012-08-17,121102.05,False,A,204184,76.51,3.963,4017.25,33.65,6.2,1753.64,6783.58,142.2157385,8.239,121102.05,116561.94,122088.00071611702,122246.57776672157,122917.47703213486,120954.41388177905,112077.11536326542
27,95,2012-08-24,117147.29,False,A,204184,72.93,3.997,4757.01,85.3,371.06,3090.86,8212.53,142.3105933,8.239,117147.29,161572.75,122088.00071611702,122246.6015306092,115558.36495550167,121010.27720417637,131973.8492886321
27,95,2012-08-31,116213.69,False,A,204184,75.0,4.026,25371.97,59.81,276.58,6582.38,5400.13,142.4054482,8.239,116213.69,110474.05,122088.00071611702,122246.62346222268,129156.65856834414,121018.6147117194,111188.91303727496
27,95,2012-09-07,128227.78,True,A,204184,76.0,4.076,18992.1,56.16,118.16,4511.15,7235.18,142.500303,8.239,128227.78,123163.71,122088.00071611702,122246.6437028364,125713.35994810992,121019.85907079163,116395.86614558782
27,95,2012-09-14,107557.38,False,A,204184,68.72,4.088,17121.4,17.82,18.5,2384.18,4270.34,142.5938833,8.239,107557.38,111234.65,122088.00071611702,122246.66238283203,103699.53244071701,121020.04478930435,103717.87825201033
27,95,2012-09-21,107084.92,False,A,204184,66.1,4.203,18287.65,63.82,677.64,6039.37,3359.1,142.6798167,8.239,107084.92,103895.73,122088.00071611702,122246.67962253834,105354.80387173069,121020.07250748211,100603.46731386863
27,95,2012-09-28,99336.62,False,A,204184,64.92,4.158,26306.03,39.82,55.24,11296.93,12954.12,142.76575,8.239,99336.62,107585.34,122088.00071611702,122246.69553300644,101189.19946811665,121020.07664437384,101087.21363537258
27,95,2012-10-05,104679.37,False,A,204184,64.5,4.151,16670.04,0.0,40.02,5385.32,6733.38,142.8516833,8.0,104679.37,112209.96,122088.00071611702,122246.71021672494,106685.22160294325,121020.07726179803,105016.56108167481
27,95,2012-10-12,105135.68,False,A,204184,55.4,4.186,2177.62,0.0,7.22,863.01,7931.82,142.9376167,8.0,105135.68,111124.81,122088.00071611702,122246.72376828031,106777.83419222564,121020.07735394755,104469.40907482071
27,95,2012-10-19,101088.31,False,A,204184,56.53,4.153,2639.32,0.0,4.77,575.48,3147.23,142.8633629,8.0,101088.31,110706.48,122088.00071611702,122246.73627496604,104390.74982019127,121020.07736770071,103458.61086265462
27,95,2012-10-26,113812.81,False,A,204184,58.99,4.071,7756.75,206.45,100.0,731.23,2174.84,142.7624113,8.0,113812.81,109738.87,122088.00071611702,122246.74781734504,102588.72743395176,121020.07736975334,102334.65869703026
28,92,2012-08-10,104383.23,False,A,206302,95.91,3.811,8364.4,69.48,30.01,4158.02,3050.7,130.7561613,10.926,104383.23,91489.98,98621.20666824142,98195.33660509188,93965.3653167479,98242.32414563352,89557.03727593941
28,92,2012-08-17,82794.34,False,A,206302,94.87,4.002,5349.52,1.98,11.24,2542.17,6620.24,130.7909677,10.926,82794.34,83654.31,98621.20666824142,98195.33660509139,86383.0820748522,101652.40807471807,78086.66995555331
28,92,2012-08-24,82585.58,False,A,206302,85.32,4.055,6730.91,10.92,309.93,2779.28,5826.35,130.8381613,10.926,82585.58,74858.22,98621.20666824142,98195.336605091,83917.04891043888,101316.3220535694,70304.83344652352
28,92,2012-08-31,79561.1,False,A,206302,89.78,4.093,25745.2,3.2,115.39,11858.54,4508.04,130.8853548,10.926,79561.1,125699.86,98621.20666824142,98195.33660509069,133577.46455342206,101349.4455238301,119783.39457554999
28,92,2012-09-07,153061.49,True,A,206302,88.52,4.124,7046.94,43.42,66.08,701.38,11100.55,130.9325484,10.926,153061.49,112169.24,98621.20666824142,98195.33660509044,107231.8460000339,101346.18098971363,108528.44596011174
28,92,2012-09-14,87565.69,False,A,206302,83.64,4.133,15676.1,6.98,24.11,2180.72,10483.58,130.9776667,10.926,87565.69,86381.63,98621.20666824142,98195.33660509024,86743.3843514854,101346.50273085106,82213.35818927006
28,92,2012-09-21,79739.46,False,A,206302,82.97,4.125,8790.27,104.0,3.0,1761.3,9638.33,131.0103333,10.926,79739.46,80411.55,98621.20666824142,98195.33660509008,82765.39134184222,101346.47102116268,76141.99590779642
28,92,2012-09-28,80209.05,False,A,206302,81.22,3.966,5977.78,7.91,2.16,2458.5,6671.45,131.043,10.926,80209.05,76359.26,98621.20666824142,98195.33660508995,103190.8031398873,101346.47414635937,68816.75672439045
28,92,2012-10-05,142220.3,False,A,206302,81.61,3.966,4436.17,0.0,28.91,6563.84,8417.76,131.0756667,10.199,142220.3,158418.77,98621.20666824142,98195.33660508985,124426.43126028235,101346.47383835084,157922.18057422334
28,92,2012-10-12,98955.58,False,A,206302,71.74,4.468,1546.44,0.0,13.36,1057.73,6560.97,131.1083333,10.199,98955.58,97516.04,98621.20666824142,98195.33660508977,89611.18960099267,101346.4738687071,94335.97996366203
28,92,2012-10-19,85902.34,False,A,206302,68.66,4.449,2307.28,0.0,4.7,1406.03,4122.2,131.1499677,10.199,85902.34,84089.07,98621.20666824142,98195.3366050897,85428.64311975175,101346.47386571529,79853.17802911406
28,92,2012-10-26,87256.69,False,A,206302,65.95,4.301,6490.13,90.02,0.0,1750.84,1684.36,131.1930968,10.199,87256.69,86429.58,98621.20666824142,98195.33660508964,89441.46959921066,101346.47386601016,81930.25989974652
28,95,2012-08-10,99779.19,False,A,206302,95.91,3.811,8364.4,69.48,30.01,4158.02,3050.7,130.7561613,10.926,99779.19,97792.99,97674.2065285736,97515.348887618,92054.31626359721,99271.79861316583,87704.05896808459
28,95,2012-08-17,89156.94,False,A,206302,94.87,4.002,5349.52,1.98,11.24,2542.17,6620.24,130.7909677,10.926,89156.94,91074.61,97674.2065285736,97500.6367922027,88495.91148416622,96697.87246718496,77445.07911151162
28,95,2012-08-24,82220.55,False,A,206302,85.32,4.055,6730.91,10.92,309.93,2779.28,5826.35,130.8381613,10.926,82220.55,85249.21,97674.2065285736,97486.14853139294,85171.32123934643,96164.90111482306,73247.92464093809
28,95,2012-08-31,80564.57,False,A,206302,89.78,4.093,25745.2,3.2,115.39,11858.54,4508.04,130.8853548,10.926,80564.57,114129.77,97674.2065285736,97471.88069969628,114720.0928389462,96054.5411253253,101461.84280083985
28,95,2012-09-07,119446.82,True,A,206302,88.52,4.124,7046.94,43.42,66.08,701.38,11100.55,130.9325484,10.926,119446.82,106431.49,97674.2065285736,97457.82994343244,92419.23320980305,96031.68937686269,93593.23270662114
28,95,2012-09-14,82436.29,False,A,206302,83.64,4.133,15676.1,6.98,24.11,2180.72,10483.58,130.9776667,10.926,82436.29,84663.92,97674.2065285736,97443.9929599452,77362.84909896506,96026.95756771542,71947.09543465046
28,95,2012-09-21,81457.73,False,A,206302,82.97,4.125,8790.27,104.0,3.0,1761.3,9638.33,131.0103333,10.926,81457.73,87057.83,97674.2065285736,97430.36649682597,76399.37553376835,96025.97777320023,74281.67161875645
28,95,2012-09-28,79008.61,False,A,206302,81.22,3.966,5977.78,7.91,2.16,2458.5,6671.45,131.043,10.926,79008.61,84485.85,97674.2065285736,97416.9473511494,89050.18358105056,96025.77489154077,72172.5659421426
28,95,2012-10-05,112944.1,False,A,206302,81.61,3.966,4436.17,0.0,28.91,6563.84,8417.76,131.0756667,10.199,112944.1,127312.42,97674.2065285736,97403.73236872049,97256.77455918561,96025.73288174474,113864.8386232545
28,95,2012-10-12,87401.67,False,A,206302,71.74,4.468,1546.44,0.0,13.36,1057.73,6560.97,131.1083333,10.199,87401.67,91967.48,97674.2065285736,97390.71844333314,76943.5442704311,96025.72418296454,79030.23129702109
28,95,2012-10-19,80720.84,False,A,206302,68.66,4.449,2307.28,0.0,4.7,1406.03,4122.2,131.1499677,10.199,80720.84,87010.77,97674.2065285736,97377.90251604015,69645.12407247895,96025.7223817471,73997.37046457182
28,95,2012-10-26,82940.07,False,A,206302,65.95,4.301,6490.13,90.02,0.0,1750.84,1684.36,131.1930968,10.199,82940.07,87756.81,97674.2065285736,97365.28157443408,74655.14542672576,96025.72200877707,74872.96858121533
31,92,2012-08-10,137390.58,False,A,203750,89.57,3.494,15098.61,18.96,57.04,4709.17,6169.55,221.5954138,6.565,137390.58,136060.96,125385.1307848117,125352.19473882932,133178.9496295726,125941.68679840486,135095.67878018165
31,92,2012-08-17,134117.33,False,A,203750,85.55,3.571,2920.56,40.96,0.01,3529.36,4049.09,221.6751459,6.565,134117.33,133307.07,125385.1307848117,125223.093394353,130333.1748765763,126268.00573663696,132337.8294252978
31,92,2012-08-24,122904.34,False,A,203750,77.72,3.62,6690.73,25.88,0.01,4768.97,7329.68,221.8083518,6.565,122904.34,120416.08,125385.1307848117,125117.08061128789,122428.56403483491,126377.88768781378,118576.3310829361
31,92,2012-08-31,120239.2,False,A,203750,83.58,3.638,20970.7,27.94,79.4,8977.02,17926.84,221.9415576,6.565,120239.2,119240.08,125385.1307848117,125030.02721754675,124177.12467151493,126414.88843088999,116798.81204435055
31,92,2012-09-07,134890.51,True,A,203750,88.4,3.73,13401.91,61.94,511.63,2215.91,3508.73,222.0747635,6.565,134890.51,134253.15,125385.1307848117,124958.54250464003,136901.2522106792,126427.34775631632,132037.25331126247
31,92,2012-09-14,132705.22,False,A,203750,76.1,3.717,11871.81,11.76,112.13,1166.35,6254.74,222.2174395,6.565,132705.22,134330.44,125385.1307848117,124899.8421604059,133700.1890384242,126431.54320692549,132829.9281756596
31,92,2012-09-21,135088.96,False,A,203750,71.54,3.721,9618.53,65.82,21.48,1203.78,13987.79,222.4169362,6.565,135088.96,127814.62,125385.1307848117,124851.6398207294,123400.23985809702,126432.95594840319,127243.40759609062
31,92,2012-09-28,121930.35,False,A,203750,80.38,3.666,6570.37,16.73,0.15,354.35,7577.57,222.6164329,6.565,121930.35,118423.82,125385.1307848117,124812.05801621695,120592.03679461926,126433.4316633308,116525.08003549937
31,92,2012-10-05,137441.18,False,A,203750,70.28,3.617,3155.26,0.0,25.01,4822.44,7109.64,222.8159296,6.17,137441.18,140423.44,125385.1307848117,124779.55504522061,136641.3009822069,126433.59185165678,139377.27023442645
31,92,2012-10-12,149580.76,False,A,203750,61.53,3.601,7504.95,0.0,9.89,273.21,9095.96,223.0154263,6.17,149580.76,138531.47,125385.1307848117,124752.86492493423,132510.3730441103,126433.6457921541,137959.1737353548
31,92,2012-10-19,141980.02,False,A,203750,68.52,3.594,2432.45,0.0,14.89,1202.44,9394.54,223.0598077,6.17,141980.02,130704.17,125385.1307848117,124730.94808167145,129263.11492655464,126433.66395563283,129201.1289764459
31,92,2012-10-26,124776.52,False,A,203750,70.5,3.506,10768.84,50.54,104.5,345.37,6629.51,223.0783366,6.17,124776.52,123784.72,125385.1307848117,124712.95085972373,125431.71940323059,126433.67007185303,121721.73582351049
31,95,2012-08-10,116725.4,False,A,203750,89.57,3.494,15098.61,18.96,57.04,4709.17,6169.55,221.5954138,6.565,116725.4,122613.5,111654.62585537671,111794.63866211679,114272.31496727654,111698.52734119455,116390.05399564187
31,95,2012-08-17,115947.73,False,A,203750,85.55,3.571,2920.56,40.96,0.01,3529.36,4049.09,221.6751459,6.565,115947.73,121144.88,111654.62585537671,111753.03578818495,111962.48035205093,111655.87484997307,114790.51817794239
31,95,2012-08-24,103831.88,False,A,203750,77.72,3.62,6690.73,25.88,0.01,4768.97,7329.68,221.8083518,6.565,103831.88,115111.02,111654.62585537671,111719.75348903947,105704.02113289923,111638.49129729353,108791.4742159046
31,95,2012-08-31,107851.02,False,A,203750,83.58,3.638,20970.7,27.94,79.4,8977.02,17926.84,221.9415576,6.565,107851.02,115595.95,111654.62585537671,111693.1276497231,107121.44811864836,111631.4064144389,109094.03678080853
31,95,2012-09-07,113292.77,True,A,203750,88.4,3.73,13401.91,61.94,511.63,2215.91,3508.73,222.0747635,6.565,113292.77,120876.79,111654.62585537671,111671.82697827,111069.87566075406,111628.51888241428,114530.11882172494
31,95,2012-09-14,110253.72,False,A,203750,76.1,3.717,11871.81,11.76,112.13,1166.35,6254.74,222.2174395,6.565,110253.72,117320.06,111654.62585537671,111654.78644110751,108907.56398633186,111627.34203286514,110764.25758841682
31,95,2012-09-21,106472.28,False,A,203750,71.54,3.721,9618.53,65.82,21.48,1203.78,13987.79,222.4169362,6.565,106472.28,111325.54,111654.62585537671,111641.15401137753,102509.96960214894,111626.86239321111,104859.98801941675
31,95,2012-09-28,99388.96,False,A,203750,80.38,3.666,6570.37,16.73,0.15,354.35,7577.57,222.6164329,6.565,99388.96,106170.6,111654.62585537671,111630.24806759354,97208.70709962396,111626.66691011142,99741.05615179575
31,95,2012-10-05,103804.95,False,A,203750,70.28,3.617,3155.26,0.0,25.01,4822.44,7109.64,222.8159296,6.17,103804.95,120606.74,111654.62585537671,111621.52331256635,108125.79867626519,111626.58723854562,114623.18768207033
31,95,2012-10-12,103874.17,False,A,203750,61.53,3.601,7504.95,0.0,9.89,273.21,9095.96,223.0154263,6.17,103874.17,115584.14,111654.62585537671,111614.5435085446,107062.3891537751,111626.5547674092,109049.96233527236
31,95,2012-10-19,104460.17,False,A,203750,68.52,3.594,2432.45,0.0,14.89,1202.44,9394.54,223.0598077,6.17,104460.17,110235.18,111654.62585537671,111608.9596653272,102913.96239064517,111626.54153339415,103625.8159262936
31,95,2012-10-26,97478.08,False,A,203750,70.5,3.506,10768.84,50.54,104.5,345.37,6629.51,223.0783366,6.17,97478.08,102863.97,111654.62585537671,111604.49259075327,97381.87967999718,111626.5361397069,96085.52663407954
32,92,2012-08-10,102384.53,False,A,203007,75.93,3.509,9862.83,573.37,61.32,7871.42,4298.69,198.0795651,7.872,102384.53,100054.87,95484.32328717565,94902.75578172326,102319.14674822244,95316.67521374623,97122.88557436253
32,92,2012-08-17,100684.21,False,A,203007,70.75,3.545,7157.73,186.89,3.84,6006.91,1590.2,198.1001057,7.872,100684.21,96749.35,95484.32328717565,94802.33676622009,101271.82602278312,95294.59232072571,93914.95832429297
32,92,2012-08-24,103159.26,False,A,203007,70.12,3.558,5446.99,147.41,127.58,3394.31,5920.55,198.0984199,7.872,103159.26,99469.87,95484.32328717565,94722.00155381755,101285.111799131,95294.23244290447,96405.62717725459
32,92,2012-08-31,97784.62,False,A,203007,76.12,3.556,26651.19,227.72,31.33,6843.52,2907.74,198.0967341,7.872,97784.62,98188.62,95484.32328717565,94657.73338389552,100172.04427096984,95294.2265780911,95140.30165752849
32,92,2012-09-07,97339.26,True,A,203007,72.56,3.596,7271.43,172.04,233.55,916.85,3089.99,198.0950484,7.872,97339.26,102431.0,95484.32328717565,94606.31884795791,100567.80378265839,95294.22648251412,99041.03375161617
32,92,2012-09-14,103412.25,False,A,203007,64.05,3.659,6238.21,77.77,23.41,1404.74,8346.74,198.1267184,7.872,103412.25,102062.47,95484.32328717565,94565.18721920782,100174.65267154877,95294.22648095652,98680.72228911052
32,92,2012-09-21,99077.82,False,A,203007,63.49,3.765,7161.18,88.82,3.0,1011.45,5347.22,198.358523,7.872,99077.82,100090.1,95484.32328717565,94532.28191620774,98673.80450199859,95294.22648093115,96762.15624280968
32,92,2012-09-28,99671.21,False,A,203007,60.62,3.789,5399.48,16.73,0.22,1432.28,5673.51,198.5903276,7.872,99671.21,98649.04,95484.32328717565,94505.95767380767,99725.80608224384,95294.22648093074,95533.97555952975
32,92,2012-10-05,107568.78,False,A,203007,55.34,3.779,4879.58,0.0,27.93,2641.24,5393.9,198.8221322,7.557,107568.78,106090.2,95484.32328717565,94484.89827988762,106352.21915379603,95294.22648093074,102863.24034986267
32,92,2012-10-12,110252.22,False,A,203007,43.49,3.76,2776.24,0.0,17.72,456.08,5687.22,199.0539368,7.557,110252.22,111341.51,95484.32328717565,94468.05076475158,107540.69462999479,95294.22648093074,107756.23173918876
32,92,2012-10-19,107917.37,False,A,203007,53.57,3.75,3331.15,0.0,3.96,120.51,3218.33,199.1481963,7.557,107917.37,106470.01,95484.32328717565,94454.57275264275,105514.76381517442,95294.22648093074,103167.70980110939
32,92,2012-10-26,110741.63,False,A,203007,47.22,3.686,8968.72,104.91,200.0,534.86,1821.85,199.2195317,7.557,110741.63,105649.42,95484.32328717565,94443.79034295569,105142.89658452877,95294.22648093074,102395.77682566691
35,72,2012-08-10,66518.43,False,B,103681,78.44,3.722,9664.78,0.0,63.72,2523.61,2076.6,142.1705634,8.839,66518.43,70933.04,89155.58763169144,85635.37604820455,73077.8410215691,86230.57705440177,81695.45730421784
35,72,2012-08-17,69623.26,False,B,103681,76.51,3.807,3038.67,0.0,0.0,1401.93,2672.55,142.2157385,8.839,69623.26,74008.17,89155.58763169144,85635.37604817476,81292.11292444472,86701.93374168099,84609.05280989945
35,72,2012-08-24,63287.7,False,B,103681,72.93,3.834,5726.77,0.0,57.08,5332.71,4133.91,142.3105933,8.839,63287.7,59676.99,89155.58763169144,85635.37604815052,69427.52492391906,86738.74932098704,70617.52606009017
35,72,2012-08-31,76706.52,False,B,103681,75.0,3.867,17617.15,0.0,94.08,6324.67,3173.73,142.4054482,8.839,76706.52,60990.73,89155.58763169144,85635.37604813078,69809.58176264219,86741.62482252595,71762.78155753414
35,72,2012-09-07,88971.56,True,B,103681,76.0,3.911,11678.32,0.0,53.35,1976.76,8415.89,142.500303,8.839,88971.56,77293.22,89155.58763169144,85635.37604811472,80320.75998183951,86741.84941519177,87469.78955789762
35,72,2012-09-14,84173.15,False,B,103681,68.72,3.948,8915.4,0.0,16.27,1564.94,7400.92,142.5938833,8.839,84173.15,68542.72,89155.58763169144,85635.37604810165,71633.74545315761,86741.86695712832,78815.55660636819
35,72,2012-09-21,74993.81,False,B,103681,66.1,4.038,6982.1,87.37,6.0,2085.94,9129.21,142.6798167,8.839,74993.81,65075.6,89155.58763169144,85635.37604809101,56178.44973215925,86741.86832725116,74288.48723249267
35,72,2012-09-28,90018.51,False,B,103681,64.92,3.997,20867.96,42.64,3.22,5895.05,3810.27,142.76575,8.839,90018.51,74257.53,89155.58763169144,85635.37604808235,69920.64183800883,86741.86843426537,83961.04770566041
35,72,2012-10-05,88776.97,False,B,103681,64.5,3.985,6855.08,0.0,3.66,2468.47,2737.33,142.8516833,8.665,88776.97,67803.58,89155.58763169144,85635.3760480753,64869.594905698556,86741.86844262377,77728.84520154491
35,72,2012-10-12,87449.92,False,B,103681,55.4,4.0,1524.37,0.0,5.33,558.26,6097.45,142.9376167,8.665,87449.92,82828.84,89155.58763169144,85635.37604806956,65149.701526367455,86741.86844327662,91355.95519114049
35,72,2012-10-19,78760.85,False,B,103681,56.53,3.969,2694.71,0.0,4.98,526.09,2051.88,142.8633629,8.665,78760.85,100761.89,89155.58763169144,85635.37604806489,71865.16051319889,86741.8684433276,108257.16985795683
35,72,2012-10-26,78390.69,False,B,103681,58.99,3.882,6221.06,42.48,103.0,273.9,996.79,142.7624113,8.665,78390.69,91000.51,89155.58763169144,85635.3760480611,70613.73922610891,86741.8684433316,99390.77663004545
39,92,2012-08-10,123513.56,False,A,184109,83.47,3.494,13884.35,122.0,112.9,4259.15,10223.2,220.6404663,6.623,123513.56,107983.59,119427.21552163891,119836.3646406023,120055.83734448312,119591.87647347912,120864.65430106477
39,92,2012-08-17,128051.28,False,A,184109,84.72,3.571,2549.92,133.06,2.33,4623.71,4609.77,220.7199609,6.623,128051.28,117002.47,119427.21552163891,119947.01534405613,125221.13061322655,119514.52704132158,130483.98124086978
39,92,2012-08-24,125898.93,False,A,184109,80.49,3.62,6741.36,81.74,0.02,4657.6,13783.29,220.8526787,6.623,125898.93,118527.99,119427.21552163891,120057.11279399267,127540.10436734119,119509.65070977976,131773.18150453278
39,92,2012-08-31,134475.75,False,A,184109,83.72,3.638,24675.17,73.5,63.4,12048.3,15590.53,220.9853964,6.623,134475.75,112160.74,119427.21552163891,120166.65975667952,126429.98179858374,119509.34329175945,124424.88541315057
39,92,2012-09-07,127792.37,True,A,184109,83.71,3.73,22865.19,31.76,197.48,1883.05,10351.49,221.1181142,6.623,127792.37,114296.19,119427.21552163891,120275.65898455297,125552.74667706726,119509.32391123982,127149.09200078093
39,92,2012-09-14,118513.4,False,A,184109,76.71,3.717,9997.12,4.0,67.58,1208.44,18054.35,221.2601207,6.623,118513.4,110099.34,119427.21552163891,120384.11321628702,121647.25896783837,119509.3226894359,122949.9030120596
39,92,2012-09-21,129678.58,False,A,184109,73.58,3.721,11644.3,112.91,6.7,3300.92,13244.99,221.4578604,6.623,129678.58,106565.23,119427.21552163891,120492.02517686241,118312.24195753572,119509.32261240984,119432.91903804247
39,92,2012-09-28,119555.01,False,A,184109,78.04,3.666,4472.55,50.82,4.25,2331.3,10273.98,221.6556,6.623,119555.01,104725.7,119427.21552163891,120599.39757763493,118706.75479703433,119509.3226075539,117184.91232242426
39,92,2012-10-05,132529.56,False,A,184109,72.05,3.617,6657.7,0.0,47.01,5234.34,6313.88,221.8533396,6.228,132529.56,120557.54,119427.21552163891,120706.23311640359,126279.79167583173,119509.32260724777,134439.39824355175
39,92,2012-10-12,123327.7,False,A,184109,69.88,3.601,2360.14,0.0,22.59,579.21,15387.94,222.0510793,6.228,123327.7,112510.78,119427.21552163891,120812.53447747839,121737.70947714247,119509.32260722847,125762.68638385918
39,92,2012-10-19,130357.54,False,A,184109,71.45,3.594,2139.7,0.0,1.6,99.01,11831.06,222.0951719,6.228,130357.54,118241.45,119427.21552163891,120918.30433174783,123839.57195303228,119509.32260722725,132093.57403906522
39,92,2012-10-26,125396.21,False,A,184109,72.9,3.506,6057.96,99.85,159.0,602.37,3392.16,222.1136566,6.228,125396.21,113759.37,119427.21552163891,121023.54533674591,122327.21194943647,119509.32260722718,127025.2562414153
39,95,2012-08-10,114345.83,False,A,184109,83.47,3.494,13884.35,122.0,112.9,4259.15,10223.2,220.6404663,6.623,114345.83,107373.22,109755.3743727915,109869.88811517181,111694.7549555422,110710.82384950247,112924.72416206078
39,95,2012-08-17,119343.17,False,A,184109,84.72,3.571,2549.92,133.06,2.33,4623.71,4609.77,220.7199609,6.623,119343.17,115743.3,109755.3743727915,109869.89386419098,116166.62466623334,110433.64565253416,121326.73442418998
39,95,2012-08-24,116506.74,False,A,184109,80.49,3.62,6741.36,81.74,0.02,4657.6,13783.29,220.8526787,6.623,116506.74,121243.2,109755.3743727915,109869.89909130255,120693.48821749008,110372.58965095282,126829.06592765506
39,95,2012-08-31,132120.7,False,A,184109,83.72,3.638,24675.17,73.5,63.4,12048.3,15590.53,220.9853964,6.623,132120.7,116670.51,109755.3743727915,109869.90384388634,116048.11806528854,110359.14041371168,122255.33897269338
39,95,2012-09-07,120421.13,True,A,184109,83.71,3.73,22865.19,31.76,197.48,1883.05,10351.49,221.1181142,6.623,120421.13,112496.32,109755.3743727915,109869.90816502096,111828.8131776772,110356.17785511492,118080.46210714604
39,95,2012-09-14,111668.96,False,A,184109,76.71,3.717,9997.12,4.0,67.58,1208.44,18054.35,221.2601207,6.623,111668.96,109171.19,109755.3743727915,109869.91209387423,109141.45592553563,110355.52527138233,114751.60857746884
39,95,2012-09-21,117354.13,False,A,184109,73.58,3.721,11644.3,112.91,6.7,3300.92,13244.99,221.4578604,6.623,117354.13,105794.3,109755.3743727915,109869.91566605824,106170.86787180982,110355.38152214864,111372.6769100043
39,95,2012-09-28,112176.91,False,A,184109,78.04,3.666,4472.55,50.82,4.25,2331.3,10273.98,221.6556,6.623,112176.91,105032.04,109755.3743727915,109869.91891395216,107912.23092452406,110355.34985748839,110598.45618669031
39,95,2012-10-05,117713.63,False,A,184109,72.05,3.617,6657.7,0.0,47.01,5234.34,6313.88,221.8533396,6.228,117713.63,113653.51,109755.3743727915,109869.92186699569,109401.38213014451,110355.34288248974,119256.51427295036
39,95,2012-10-12,110760.02,False,A,184109,69.88,3.601,2360.14,0.0,22.59,579.21,15387.94,222.0510793,6.228,110760.02,105552.43,109755.3743727915,109869.92455195595,104930.57098073717,110355.34134605747,111135.44200647846
39,95,2012-10-19,116744.89,False,A,184109,71.45,3.594,2139.7,0.0,1.6,99.01,11831.06,222.0951719,6.228,116744.89,108053.71,109755.3743727915,109869.92699317008,107512.91858273817,110355.34100761666,113636.14009158722
39,95,2012-10-26,114734.96,False,A,184109,72.9,3.506,6057.96,99.85,159.0,602.37,3392.16,222.1136566,6.228,114734.96,104274.62,109755.3743727915,109869.92921276586,109022.60619931939,110355.34093306592,109830.88046067361
40,92,2012-08-10,107759.96,False,A,155083,70.09,3.772,10965.65,130.69,0.32,4849.39,2266.63,138.1437742,4.156,107759.96,93733.6,100404.85733735401,100294.29575358654,98519.87587910882,100024.55651763466,97744.61001219976
40,92,2012-08-17,97097.0,False,A,155083,69.41,3.84,3810.18,27.3,1.02,181.12,6417.42,138.1857097,4.156,97097.0,94179.77,100404.85733735401,100332.39680797278,97429.29311086496,100550.15786048606,97873.09547302652
40,92,2012-08-24,96446.13,False,A,155083,63.91,3.874,6243.66,18.3,48.06,2649.7,6021.47,138.2814516,4.156,96446.13,95804.5,100404.85733735401,100362.87765148177,100046.65454076348,100534.0890243912,99645.5192283473
40,92,2012-08-31,98664.32,False,A,155083,66.11,3.884,10904.29,38.81,23.95,2684.17,2912.76,138.3771935,4.156,98664.32,102510.95,100404.85733735401,100387.26232628897,113541.43806033306,100534.58028549042,106818.30995502735
40,92,2012-09-07,126029.36,True,A,155083,65.06,3.921,5494.1,0.0,39.66,925.8,3268.99,138.4729355,4.156,126029.36,108882.13,100404.85733735401,100406.77006613472,111785.79209188651,100534.56526651417,112486.07897796459
40,92,2012-09-14,94191.46,False,A,155083,59.38,3.988,5593.11,0.0,62.88,290.65,7375.04,138.5673,4.156,94191.46,92812.99,100404.85733735401,100422.37625801133,97752.2534585106,100534.56572567865,96694.5882626764
40,92,2012-09-21,92341.35,False,A,155083,54.12,4.056,3688.63,7.64,0.0,693.23,4870.36,138.6534,4.156,92341.35,88285.96,100404.85733735401,100434.86121151262,93970.60767868448,100534.56571164094,92263.08955959296
40,92,2012-09-28,94857.6,False,A,155083,50.98,4.018,3579.04,0.0,0.0,709.97,4706.12,138.7395,4.156,94857.6,93184.35,100404.85733735401,100444.84917431364,102792.66188922308,100534.5657120701,97431.58561875169
40,92,2012-10-05,125146.85,False,A,155083,57.21,4.027,4298.34,0.0,12.03,1754.05,2273.79,138.8256,4.145,125146.85,124071.92,100404.85733735401,100452.83954455446,117385.89727212915,100534.56571205698,126760.42242786004
40,92,2012-10-12,103001.39,False,A,155083,47.35,4.029,1686.43,0.0,13.85,589.97,6365.02,138.9117,4.145,103001.39,96725.6,100404.85733735401,100459.23184074712,98564.11687321523,100534.56571205739,100314.58881369178
40,92,2012-10-19,93142.06,False,A,155083,46.33,4.0,412.06,0.0,6.1,38.76,2850.1,138.8336129,4.145,93142.06,96173.68,100404.85733735401,100464.34567770125,98638.81345537548,100534.56571205737,99826.26687210724
40,92,2012-10-26,91275.7,False,A,155083,49.65,3.917,3605.71,55.98,0.28,486.81,1389.06,138.7281613,4.145,91275.7,93591.71,100404.85733735401,100468.43674726455,98406.9705038375,100534.56571205737,97463.75858991961
41,92,2012-08-10,131511.03,False,A,196321,71.73,3.509,11523.22,78.18,6.43,5132.4,2667.3,198.0795651,6.432,131511.03,113990.03,120867.62680532204,120646.48231552025,125113.19261092016,121118.43522318407,128897.60758698736
41,92,2012-08-17,135835.21,False,A,196321,65.77,3.545,1661.07,41.94,1.95,2391.72,3474.47,198.1001057,6.432,135835.21,117489.04,120867.62680532204,120856.759661286,131946.90254820086,121666.67659981805,132282.94366418273
41,92,2012-08-24,131715.15,False,A,196321,69.07,3.558,6068.27,-20.0,85.74,3710.05,2287.85,198.0984199,6.432,131715.15,116548.34,120867.62680532204,121024.98153789864,123724.0036249163,121627.15932157893,130971.74426453415
41,92,2012-08-31,125172.64,False,A,196321,71.56,3.556,17423.04,14.94,58.91,4700.3,6180.92,198.0967341,6.432,125172.64,116588.44,120867.62680532204,121159.55903918872,130958.6642628207,121630.00772986401,131449.11839691486
41,92,2012-09-07,131134.62,True,A,196321,67.41,3.596,10220.45,22.8,145.19,4361.36,3187.05,198.0950484,6.432,131134.62,121848.21,120867.62680532204,121267.2210402208,132662.02281718928,121629.80241638797,136479.71862888665
41,92,2012-09-14,127597.71,False,A,196321,59.39,3.659,10525.1,0.0,11.14,1373.26,6742.72,198.1267184,6.432,127597.71,113450.37,120867.62680532204,121353.35064104646,125151.47219254069,121629.81721539823,128168.85990636988
41,92,2012-09-21,122478.71,False,A,196321,59.81,3.765,11062.12,72.64,6.0,1125.21,7962.34,198.358523,6.432,122478.71,109822.69,120867.62680532204,121422.25432170699,123706.7402783242,121629.81614868449,124692.872056902
41,92,2012-09-28,128422.98,False,A,196321,56.08,3.789,4578.46,51.73,3.0,1902.88,14423.97,198.5903276,6.432,128422.98,109491.0,120867.62680532204,121477.37726623542,125294.58759779145,121629.81622557329,124479.45042309584
41,92,2012-10-05,142134.06,False,A,196321,50.14,3.779,6094.23,0.0,33.94,2887.65,3853.33,198.8221322,6.195,142134.06,127610.29,120867.62680532204,121521.47562185815,136422.37764577803,121629.81622003113,142109.00588057662
41,92,2012-10-12,145984.9,False,A,196321,39.38,3.76,1570.23,0.0,26.31,834.8,14421.12,199.0539368,6.195,145984.9,128878.7,120867.62680532204,121556.75430635635,132709.48241171235,121629.81622043061,143082.29625619468
41,92,2012-10-19,132903.53,False,A,196321,49.56,3.75,3138.86,0.0,6.17,129.04,8206.1,199.1481963,6.195,132903.53,116378.08,120867.62680532204,121584.9772539549,131968.54457998578,121629.81622040182,131374.09413170922
41,92,2012-10-26,131128.24,False,A,196321,41.8,3.686,4864.3,101.34,250.6,47.24,1524.43,199.2195317,6.195,131128.24,124829.83,120867.62680532204,121607.55561203374,131296.00745712878,121629.8162204039,139232.7075872214
41,95,2012-08-10,109798.93,False,A,196321,71.73,3.509,11523.22,78.18,6.43,5132.4,2667.3,198.0795651,6.432,109798.93,100499.22,106380.12091646923,106725.31815572115,105665.22751427868,107037.2012710318,106624.29207773479
41,95,2012-08-17,108726.52,False,A,196321,65.77,3.545,1661.07,41.94,1.95,2391.72,3474.47,198.1001057,6.432,108726.52,100763.15,106380.12091646923,106885.50231421026,109068.45257352677,106912.94630007325,106945.59645211621
41,95,2012-08-24,106329.16,False,A,196321,69.07,3.558,6068.27,-20.0,85.74,3710.05,2287.85,198.0984199,6.432,106329.16,101662.79,106380.12091646923,107044.88555190692,102237.29592036353,106904.0440224395,107262.12434170353
41,95,2012-08-31,107680.91,False,A,196321,71.56,3.556,17423.04,14.94,58.91,4700.3,6180.92,198.0967341,6.432,107680.91,99686.53,106380.12091646923,107203.4718734151,106608.39712073051,106903.40621659192,105821.79573912933
41,95,2012-09-07,106074.92,True,A,196321,67.41,3.596,10220.45,22.8,145.19,4361.36,3187.05,198.0950484,6.432,106074.92,97193.69,106380.12091646923,107361.26526331574,100919.24721856472,106903.36052083675,103092.01211889379
41,95,2012-09-14,97410.83,False,A,196321,59.39,3.659,10525.1,0.0,11.14,1373.26,6742.72,198.1267184,6.432,97410.83,87327.19,106380.12091646923,107518.26968626687,96430.7953574202,106903.35724695325,93731.17453470307
41,95,2012-09-21,93304.4,False,A,196321,59.81,3.765,11062.12,72.64,6.0,1125.21,7962.34,198.358523,6.432,93304.4,86644.94,106380.12091646923,107674.48908710325,93037.2833018138,106903.35701239508,92831.61601842346
41,95,2012-09-28,91593.26,False,A,196321,56.08,3.789,4578.46,51.73,3.0,1902.88,14423.97,198.5903276,6.432,91593.26,86400.23,106380.12091646923,107829.92739093545,92861.56568790802,106903.3569955901,92599.4580620996
41,95,2012-10-05,96956.12,False,A,196321,50.14,3.779,6094.23,0.0,33.94,2887.65,3853.33,198.8221322,6.195,96956.12,94053.96,106380.12091646923,107984.58850324848,96251.73699687273,106903.35699438611,99866.97651853692
41,95,2012-10-12,97542.45,False,A,196321,39.38,3.76,1570.23,0.0,26.31,834.8,14421.12,199.0539368,6.195,97542.45,88560.65,106380.12091646923,108138.47630999995,92204.9773283605,106903.35699429984,94536.68098854281
41,95,2012-10-19,94011.14,False,A,196321,49.56,3.75,3138.86,0.0,6.17,129.04,8206.1,199.1481963,6.195,94011.14,85017.96,106380.12091646923,108291.59467771767,92483.23821767015,106903.35699429366,91335.99629242056
41,95,2012-10-26,90219.27,False,A,196321,41.8,3.686,4864.3,101.34,250.6,47.24,1524.43,199.2195317,6.195,90219.27,84850.96,106380.12091646923,108443.9474535968,88212.9432173858,106903.35699429322,90833.45687886422
